office,seat,pollster,end_date,dem_name,rep_name,state,challenger_party,dem,rep,other,und,n,grade,posted,released_late,uri,tag_src,margin,src,pop
governor,MN,TIPP (R),2026-09-02,Klobuchar,Demuth,MN,D,50.0,40.0,3.0,7.0,,1.5,2026-09-08,False,at://did:plc:4bwzn4ayvrvtiukfuwnz2i65/app.bsky.feed.post/3muzmqyehak2k,internal,10.0,usapolling,
governor,MI,Glengariff,2026-09-03,Benson,James,MI,D,50.0,41.0,0.0,9.0,,1.5,2026-09-08,False,at://did:plc:4bwzn4ayvrvtiukfuwnz2i65/app.bsky.feed.post/3muzyj22n7224,,9.0,usapolling,
senate,MI,Glengariff,2026-09-03,El-Sayed,Roger,MI,D,44.0,46.0,0.0,10.0,,1.5,2026-09-08,False,at://did:plc:4bwzn4ayvrvtiukfuwnz2i65/app.bsky.feed.post/3muzy7g4o2c2s,,-2.0,usapolling,
house,NY-21,Impact Research (D),2026-09-02,Gendebien,Constantino,NY,D,44.0,47.0,0.0,9.0,,1.5,2026-09-08,False,at://did:plc:4bwzn4ayvrvtiukfuwnz2i65/app.bsky.feed.post/3muzn2g6ops2k,internal,-3.0,usapolling,
senate,MN,TIPP (R),2026-09-02,Flanagan,Tafoya,MN,D,44.0,43.0,3.0,10.0,,1.5,2026-09-08,False,at://did:plc:4bwzn4ayvrvtiukfuwnz2i65/app.bsky.feed.post/3muzmqyehak2k,internal,1.0,usapolling,
governor,NY,McLaughlin (R),2026-08-31,Hochul,Blakeman,NY,D,50.0,46.0,0.0,4.0,,1.5,2026-09-08,False,at://did:plc:4bwzn4ayvrvtiukfuwnz2i65/app.bsky.feed.post/3muzmum3kbc2k,label,4.0,usapolling,
house,GA-7,20/20 Insights (D),2026-08-26,Kozycki,McCormick,GA,D,43.0,46.0,0.0,11.0,,1.5,2026-09-08,False,at://did:plc:4bwzn4ayvrvtiukfuwnz2i65/app.bsky.feed.post/3muzmxkaffk2k,internal,-3.0,usapolling,
senate,MT,Peak Insights,2026-08-25,Bodnar,Alme,MT,I,22.0,44.0,21.0,13.0,,1.5,2026-09-08,False,at://did:plc:4bwzn4ayvrvtiukfuwnz2i65/app.bsky.feed.post/3muzmrclj2s2k,,-22.0,usapolling,
governor,ME,SSRS,2026-09-06,Pingree,Charles,ME,D,52.0,39.0,0.0,9.0,,1.5,2026-09-09,False,at://did:plc:4bwzn4ayvrvtiukfuwnz2i65/app.bsky.feed.post/3mv3yjrxh3k2d,,13.0,usapolling,
senate,ME,SSRS,2026-09-06,Jackson,Collins,ME,D,48.0,45.0,0.0,7.0,,1.5,2026-09-09,False,at://did:plc:4bwzn4ayvrvtiukfuwnz2i65/app.bsky.feed.post/3mv3yjrxh3k2d,,3.0,usapolling,
governor,MI,SSRS,2026-09-06,Benson,James,MI,D,50.0,41.0,0.0,9.0,,1.5,2026-09-09,False,at://did:plc:4bwzn4ayvrvtiukfuwnz2i65/app.bsky.feed.post/3mv3yk3v5422d,,9.0,usapolling,
senate,MI,SSRS,2026-09-06,El-Sayed,Rogers,MI,D,47.0,44.0,0.0,9.0,,1.5,2026-09-09,False,at://did:plc:4bwzn4ayvrvtiukfuwnz2i65/app.bsky.feed.post/3mv3yk3v5422d,,3.0,usapolling,
senate,IA,GSG (D),2026-08-31,Turek,Hinson,IA,D,46.0,42.0,6.0,6.0,,1.5,2026-09-09,False,at://did:plc:4bwzn4ayvrvtiukfuwnz2i65/app.bsky.feed.post/3mv43u34qzs2u,internal,4.0,usapolling,
governor,TX,YouGov/Univision,2026-09-04,Hinojosa,Abbott,TX,D,47.0,47.0,0.0,6.0,,1.5,2026-09-09,False,at://did:plc:4bwzn4ayvrvtiukfuwnz2i65/app.bsky.feed.post/3mv45d7mfg224,,0.0,usapolling,
senate,TX,YouGov/Univision,2026-09-04,Talarico,Paxton,TX,D,48.0,43.0,0.0,9.0,,1.5,2026-09-09,False,at://did:plc:4bwzn4ayvrvtiukfuwnz2i65/app.bsky.feed.post/3mv45dfdjrc24,,5.0,usapolling,
governor,NV,Emerson,2026-09-08,Ford,Lombardo,NV,D,44.0,42.0,2.0,12.0,,1.5,2026-09-10,False,at://did:plc:4bwzn4ayvrvtiukfuwnz2i65/app.bsky.feed.post/3mv6xmxyty22r,,2.0,usapolling,
senate,TX,InsiderAdvantage (R),2026-09-09,Talarico,Paxton,TX,D,47.0,46.0,2.0,5.0,,1.5,2026-09-10,False,at://did:plc:4bwzn4ayvrvtiukfuwnz2i65/app.bsky.feed.post/3mv6w2e254c2r,label,1.0,usapolling,
senate,OH,InsiderAdvantage (R),2026-09-09,Brown,Husted,OH,D,47.0,42.0,0.0,11.0,,1.5,2026-09-10,False,at://did:plc:4bwzn4ayvrvtiukfuwnz2i65/app.bsky.feed.post/3mv6voljbn22r,label,5.0,usapolling,
senate,SC,InsiderAdvantage (R),2026-09-09,Andrews,Graham,SC,D,43.0,45.0,0.0,12.0,,1.5,2026-09-10,False,at://did:plc:4bwzn4ayvrvtiukfuwnz2i65/app.bsky.feed.post/3mv6v5tljnc2r,label,-2.0,usapolling,
governor,FL,Change Research,2026-09-09,Jolly,Donalds,FL,D,47.0,44.0,0.0,9.0,,1.5,2026-09-10,False,at://did:plc:4bwzn4ayvrvtiukfuwnz2i65/app.bsky.feed.post/3mv6qgmub722p,,3.0,usapolling,
governor,ME,YouGov,2026-09-08,Pingree,Charles,ME,D,47.0,36.0,2.0,15.0,,1.5,2026-09-10,False,at://did:plc:4bwzn4ayvrvtiukfuwnz2i65/app.bsky.feed.post/3mv6jgdgnm22b,,11.0,usapolling,
senate,ME,YouGov,2026-09-08,Jackson,Collins,ME,D,48.0,44.0,0.0,8.0,,1.5,2026-09-10,False,at://did:plc:4bwzn4ayvrvtiukfuwnz2i65/app.bsky.feed.post/3mv6jg2dqz22b,,4.0,usapolling,
senate,TX,Fabrizio Ward/Impact Research,2026-09-01,Talarico,Paxton,TX,D,48.0,44.0,0.0,8.0,,1.5,2026-09-10,False,at://did:plc:4bwzn4ayvrvtiukfuwnz2i65/app.bsky.feed.post/3mv6jfmj6vk2b,,4.0,usapolling,
senate,FL,Change Research,2026-09-09,Nixon,Moody,FL,D,47.0,47.0,0.0,6.0,,1.5,2026-09-10,False,at://did:plc:4bwzn4ayvrvtiukfuwnz2i65/app.bsky.feed.post/3mv6qfjkzhc2p,,0.0,usapolling,
house,TN-9,Hart Research (D),2026-09-03,Pearson,Taylor,TN,D,44.0,48.0,0.0,8.0,,1.5,2026-09-11,False,at://did:plc:4bwzn4ayvrvtiukfuwnz2i65/app.bsky.feed.post/3mv7f4m3edk2p,internal,-4.0,usapolling,
governor,IA,YouGov,2026-09-08,Sand,Lahn,IA,D,51.0,41.0,0.0,8.0,,1.5,2026-09-11,False,at://did:plc:4bwzn4ayvrvtiukfuwnz2i65/app.bsky.feed.post/3mvb24ot5as2z,,10.0,usapolling,
senate,IA,YouGov,2026-09-08,Turek,Hinson,IA,D,47.0,43.0,0.0,10.0,,1.5,2026-09-11,False,at://did:plc:4bwzn4ayvrvtiukfuwnz2i65/app.bsky.feed.post/3mvb24ot5as2z,,4.0,usapolling,
senate,IA,Rasmussen (R),2026-09-10,Turek,Hinson,IA,D,45.0,40.0,0.0,15.0,,1.5,2026-09-11,False,at://did:plc:4bwzn4ayvrvtiukfuwnz2i65/app.bsky.feed.post/3mvbbd57xxs2a,label,5.0,usapolling,
senate,NH,Rasmussen (R),2026-09-10,Pappas,Sununu,NH,D,45.0,34.0,8.0,13.0,,1.5,2026-09-11,False,at://did:plc:4bwzn4ayvrvtiukfuwnz2i65/app.bsky.feed.post/3mvbdgaf4e22z,label,11.0,usapolling,
senate,KS,co/efficient (R),2026-09-10,Hamilton,Marshall,KS,D,44.0,49.0,2.0,5.0,,1.5,2026-09-11,False,at://did:plc:4bwzn4ayvrvtiukfuwnz2i65/app.bsky.feed.post/3mvbgw6jwgc2a,label,-5.0,usapolling,
governor,KS,co/efficient (R),2026-09-10,Holscher,Masterson,KS,D,43.0,51.0,0.0,6.0,,1.5,2026-09-11,False,at://did:plc:4bwzn4ayvrvtiukfuwnz2i65/app.bsky.feed.post/3mvbh7azmdk2a,label,-8.0,usapolling,
senate,MT,Rutgers University,2026-09-07,Bodnar,Alme,MT,I,30.0,38.0,21.0,11.0,,1.5,2026-09-12,False,at://did:plc:4bwzn4ayvrvtiukfuwnz2i65/app.bsky.feed.post/3mvdkbqjigk25,,-8.0,usapolling,
governor,TX,SoCal (R),2026-09-13,Hinojosa,Abbott,TX,D,44.0,52.0,0.0,4.0,,1.5,2026-09-13,False,at://did:plc:4bwzn4ayvrvtiukfuwnz2i65/app.bsky.feed.post/3mvgl3u2gec24,label,-8.0,usapolling,
senate,TX,SoCal (R),2026-09-13,Talarico,Paxton,TX,D,50.0,45.0,0.0,5.0,,1.5,2026-09-13,False,at://did:plc:4bwzn4ayvrvtiukfuwnz2i65/app.bsky.feed.post/3mvgksk7xqs24,label,5.0,usapolling,
governor,NE,SurveyUSA,2026-09-13,Walz,Pillen,NE,D,35.0,43.0,0.0,22.0,,1.5,2026-09-14,False,at://did:plc:4bwzn4ayvrvtiukfuwnz2i65/app.bsky.feed.post/3mvios2563k22,,-8.0,usapolling,
senate,NE,SurveyUSA,2026-09-13,Osborn,Ricketts,NE,I,46.0,42.0,0.0,12.0,,1.5,2026-09-14,False,at://did:plc:4bwzn4ayvrvtiukfuwnz2i65/app.bsky.feed.post/3mviouammvc22,,4.0,usapolling,
house,NE-2,SurveyUSA,2026-09-13,Powell,Harding,NE,D,46.0,42.0,0.0,12.0,,1.5,2026-09-14,False,at://did:plc:4bwzn4ayvrvtiukfuwnz2i65/app.bsky.feed.post/3mviowvmaac22,,4.0,usapolling,
house,NJ-7,StimSight,2026-09-12,Bennett,Kean,NJ,D,47.0,42.0,0.0,11.0,,1.5,2026-09-14,False,at://did:plc:4bwzn4ayvrvtiukfuwnz2i65/app.bsky.feed.post/3mvipb27zg222,,5.0,usapolling,
house,FL-27,Bendixen & Amandi,2026-08-30,Rodriguez,Salazar,FL,D,45.0,45.0,0.0,10.0,,1.5,2026-09-14,False,at://did:plc:4bwzn4ayvrvtiukfuwnz2i65/app.bsky.feed.post/3mvipeynaok22,,0.0,usapolling,
house,NV-2,GBAO (D),2026-09-03,Benitez-Thompson,Flippo,NV,D,38.0,37.0,14.0,11.0,,1.5,2026-09-14,False,at://did:plc:4bwzn4ayvrvtiukfuwnz2i65/app.bsky.feed.post/3mvj43gtx3c2s,internal,1.0,usapolling,
senate,SC,Rasmussen (R),2026-09-14,Andrews,Graham,SC,D,43.0,48.0,0.0,9.0,,1.5,2026-09-15,False,at://did:plc:4bwzn4ayvrvtiukfuwnz2i65/app.bsky.feed.post/3mvlnfyebok2q,label,-5.0,usapolling,
senate,AK,Rasmussen (R),2026-09-14,Peltola,Sullivan,AK,D,39.0,39.0,13.0,9.0,,1.5,2026-09-15,False,at://did:plc:4bwzn4ayvrvtiukfuwnz2i65/app.bsky.feed.post/3mvlldld2mk2q,label,0.0,usapolling,
governor,TX,Mason-Dixon,2026-09-10,Hinojosa,Abbott,TX,D,41.0,48.0,2.0,9.0,,1.5,2026-09-15,False,at://did:plc:4bwzn4ayvrvtiukfuwnz2i65/app.bsky.feed.post/3mvlcczaggc2r,,-7.0,usapolling,
governor,IA,Cygnal (R),2026-09-11,Sand,Lahn,IA,D,48.0,44.0,0.0,8.0,,1.5,2026-09-15,False,at://did:plc:4bwzn4ayvrvtiukfuwnz2i65/app.bsky.feed.post/3mvlbydxpjs2r,label,4.0,usapolling,
senate,TX,Mason-Dixon,2026-09-10,Talarico,Paxton,TX,D,46.0,43.0,3.0,8.0,,1.5,2026-09-15,False,at://did:plc:4bwzn4ayvrvtiukfuwnz2i65/app.bsky.feed.post/3mvl5s5mmfk2r,,3.0,usapolling,
senate,NH,co/efficient (R),2026-09-11,Pappas,Sununu,NH,D,46.0,46.0,0.0,8.0,,1.5,2026-09-15,False,at://did:plc:4bwzn4ayvrvtiukfuwnz2i65/app.bsky.feed.post/3mvjdmotfrk2f,label,0.0,usapolling,
senate,IA,Cygnal (R),2026-09-11,Turek,Hinson,IA,D,43.0,43.0,0.0,14.0,,1.5,2026-09-15,False,at://did:plc:4bwzn4ayvrvtiukfuwnz2i65/app.bsky.feed.post/3mvlbzsufyk2r,label,0.0,usapolling,
governor,MN,SurveyUSA,2026-09-14,Klobuchar,Demuth,MN,D,47.0,40.0,0.0,13.0,,1.5,2026-09-16,False,at://did:plc:4bwzn4ayvrvtiukfuwnz2i65/app.bsky.feed.post/3mvoativp3c27,,7.0,usapolling,
senate,MN,SurveyUSA,2026-09-14,Flanagan,Tafoya,MN,D,42.0,42.0,0.0,16.0,,1.5,2026-09-16,False,at://did:plc:4bwzn4ayvrvtiukfuwnz2i65/app.bsky.feed.post/3mvoativp3c27,,0.0,usapolling,
senate,ME,Quantus (R),2026-09-15,Jackson,Collins,ME,D,47.0,48.0,0.0,5.0,,1.5,2026-09-16,False,at://did:plc:4bwzn4ayvrvtiukfuwnz2i65/app.bsky.feed.post/3mvo3uoy5gk2w,label,-1.0,usapolling,
house,MT-1,PPP (D),2026-09-10,Forstag,Flint,MT,D,45.0,43.0,0.0,12.0,,1.5,2026-09-16,False,at://did:plc:4bwzn4ayvrvtiukfuwnz2i65/app.bsky.feed.post/3mvo3kr42ls2w,label,2.0,usapolling,
house,NY-21,PPP (D),2026-09-10,Gendebien,Constantino,NY,D,43.0,48.0,0.0,9.0,,1.5,2026-09-16,False,at://did:plc:4bwzn4ayvrvtiukfuwnz2i65/app.bsky.feed.post/3mvo3ijgqu22w,label,-5.0,usapolling,
house,NE-1,GSG (D),2026-09-03,Backemeyer,Flood,NE,D,49.0,45.0,0.0,6.0,,1.5,2026-09-16,False,at://did:plc:4bwzn4ayvrvtiukfuwnz2i65/app.bsky.feed.post/3mvo2zxztmc2w,internal,4.0,usapolling,
house,UT-2,Crosby Internal,2026-09-10,Crosby,Moore,UT,D,31.0,32.0,0.0,37.0,,1.5,2026-09-16,False,at://did:plc:4bwzn4ayvrvtiukfuwnz2i65/app.bsky.feed.post/3mvo3c475rc2w,,-1.0,usapolling,
governor,CT,Quinnipiac,2026-09-14,Lamont,Fazio,CT,D,55.0,38.0,0.0,7.0,,1.5,2026-09-16,False,at://did:plc:4bwzn4ayvrvtiukfuwnz2i65/app.bsky.feed.post/3mvo34vrb2k2w,,17.0,usapolling,
governor,IA,co/efficient (R),2026-09-16,Sand,Lahn,IA,D,46.0,42.0,0.0,12.0,,1.5,2026-09-16,False,at://did:plc:4bwzn4ayvrvtiukfuwnz2i65/app.bsky.feed.post/3mvnupelxi22f,label,4.0,usapolling,
house,SC-1,PPP (D),2026-09-10,Lacore,Honeycutt,SC,D,40.0,41.0,0.0,19.0,,1.5,2026-09-16,False,at://did:plc:4bwzn4ayvrvtiukfuwnz2i65/app.bsky.feed.post/3mvo3fn7y2c2w,label,-1.0,usapolling,
governor,OH,YouGov,2026-09-10,Acton,Ramaswamy,OH,D,48.0,45.0,0.0,7.0,,1.5,2026-09-16,False,at://did:plc:4bwzn4ayvrvtiukfuwnz2i65/app.bsky.feed.post/3mvnoci3jec2y,,3.0,usapolling,
senate,IA,co/efficient (R),2026-09-16,Turek,Hinson,IA,D,42.0,46.0,0.0,12.0,,1.5,2026-09-16,False,at://did:plc:4bwzn4ayvrvtiukfuwnz2i65/app.bsky.feed.post/3mvnupelxi22f,label,-4.0,usapolling,
governor,OR,DHM (R),2026-09-11,Kotek,Drazan,OR,D,43.0,45.0,4.0,8.0,,1.5,2026-09-16,False,at://did:plc:4bwzn4ayvrvtiukfuwnz2i65/app.bsky.feed.post/3mvltnqfmu22v,internal,-2.0,usapolling,
house,ME-2,Impact (D),2026-09-12,Dunlap,LePage,ME,D,49.0,49.0,0.0,2.0,,1.5,2026-09-16,False,at://did:plc:4bwzn4ayvrvtiukfuwnz2i65/app.bsky.feed.post/3mvm5duhj6k2v,internal,0.0,usapolling,
house,MT-1,Rutgers,2026-09-07,Forstag,Flint,MT,D,41.0,42.0,5.0,12.0,,1.5,2026-09-16,False,at://did:plc:4bwzn4ayvrvtiukfuwnz2i65/app.bsky.feed.post/3mvm5gnz7dc2v,,-1.0,usapolling,
house,NC-9,Lake Research (D),2026-09-03,Ojeda,Hudson,NC,D,45.5,44.5,0.0,10.0,,1.5,2026-09-16,False,at://did:plc:4bwzn4ayvrvtiukfuwnz2i65/app.bsky.feed.post/3mvm6ajuqt22v,internal,1.0,usapolling,
house,MT-2,Rutgers,2026-09-07,Miller,Downing,MT,D,26.0,48.0,14.0,12.0,,1.5,2026-09-16,False,at://did:plc:4bwzn4ayvrvtiukfuwnz2i65/app.bsky.feed.post/3mvo37pqisc2w,,-22.0,usapolling,
governor,CA,PPIC,2026-09-10,Becerra,Hilton,CA,D,60.0,38.0,0.0,2.0,,1.5,2026-09-16,False,at://did:plc:4bwzn4ayvrvtiukfuwnz2i65/app.bsky.feed.post/3mvmebim2p22s,,22.0,usapolling,
governor,NE,Wedgewood Polls,2026-09-16,Walz,Pillen,NE,D,36.0,53.0,0.0,11.0,,1.5,2026-09-16,False,at://did:plc:4bwzn4ayvrvtiukfuwnz2i65/app.bsky.feed.post/3mvno7fklsk2y,,-17.0,usapolling,
senate,NE,Wedgewood Polls,2026-09-16,Osborn,Ricketts,NE,I,48.0,52.0,0.0,0.0,,1.5,2026-09-16,False,at://did:plc:4bwzn4ayvrvtiukfuwnz2i65/app.bsky.feed.post/3mvno7fklsk2y,,-4.0,usapolling,
senate,OH,YouGov,2026-09-10,Brown,Husted,OH,D,48.0,45.0,0.0,7.0,,1.5,2026-09-16,False,at://did:plc:4bwzn4ayvrvtiukfuwnz2i65/app.bsky.feed.post/3mvnoci3jec2y,,3.0,usapolling,
senate,AK,co/efficient (R),2026-09-17,Peltola,Sullivan,AK,D,46.0,49.0,0.0,5.0,,1.5,2026-09-17,False,at://did:plc:4bwzn4ayvrvtiukfuwnz2i65/app.bsky.feed.post/3mvqb72utus2x,label,-3.0,usapolling,
governor,AK,co/efficient (R),2026-09-17,Kreiss-Tomkins,Wilson,AK,D,43.0,20.0,23.0,14.0,,1.5,2026-09-17,False,at://did:plc:4bwzn4ayvrvtiukfuwnz2i65/app.bsky.feed.post/3mvqb6wxm2s2x,label,23.0,usapolling,
senate,TX,ReaconMR/Siena,2026-09-11,Talarico,Paxton,TX,D,49.0,43.0,0.0,8.0,,1.5,2026-09-17,False,at://did:plc:4bwzn4ayvrvtiukfuwnz2i65/app.bsky.feed.post/3mvq76mqjvk2x,,6.0,usapolling,
governor,TX,ReaconMR/Siena,2026-09-11,Hinojosa,Abbott,TX,D,49.0,45.0,0.0,6.0,,1.5,2026-09-17,False,at://did:plc:4bwzn4ayvrvtiukfuwnz2i65/app.bsky.feed.post/3mvq76mqjvk2x,,4.0,usapolling,
senate,AK,Fabrizio Ward/Impact Research,2026-09-11,Peltola,Sullivan,AK,D,51.5,45.0,3.5,0.0,,1.5,2026-09-17,False,at://did:plc:4bwzn4ayvrvtiukfuwnz2i65/app.bsky.feed.post/3mvq76i5wik2x,,6.5,usapolling,
senate,MI,Emerson,2026-09-14,El-Sayed,Rogers,MI,D,48.0,46.0,0.0,6.0,,1.5,2026-09-17,False,at://did:plc:4bwzn4ayvrvtiukfuwnz2i65/app.bsky.feed.post/3mvq76e6gg22x,,2.0,usapolling,
governor,MI,Emerson,2026-09-14,Benson,James,MI,D,49.0,42.0,0.0,9.0,,1.5,2026-09-17,False,at://did:plc:4bwzn4ayvrvtiukfuwnz2i65/app.bsky.feed.post/3mvq76e6gg22x,,7.0,usapolling,
senate,NC,Harper Polling,2026-09-15,Cooper,Whatley,NC,D,49.0,34.0,0.0,17.0,,1.5,2026-09-17,False,at://did:plc:4bwzn4ayvrvtiukfuwnz2i65/app.bsky.feed.post/3mvq76amjv22x,,15.0,usapolling,
governor,AK,Fabrizio Ward/Impact Research,2026-09-11,Kreiss-Tomkins,Wilson,AK,D,55.0,45.0,0.0,0.0,,1.5,2026-09-17,False,at://did:plc:4bwzn4ayvrvtiukfuwnz2i65/app.bsky.feed.post/3mvq75rx5es2x,,10.0,usapolling,
governor,NV,PPP (D),2026-09-15,Ford,Lombardo,NV,D,45.0,45.0,0.0,10.0,,1.5,2026-09-17,False,at://did:plc:4bwzn4ayvrvtiukfuwnz2i65/app.bsky.feed.post/3mvop2ew3jk2i,label,0.0,usapolling,
senate,GA,Quantus (R),2026-09-16,Ossoff,Collins,GA,D,49.0,45.0,0.0,6.0,,1.5,2026-09-18,False,at://did:plc:4bwzn4ayvrvtiukfuwnz2i65/app.bsky.feed.post/3mvsulorgfs2c,label,4.0,usapolling,
senate,NC,InsiderAdvantage (R),2026-09-17,Cooper,Whatley,NC,D,48.0,43.0,0.0,9.0,,1.5,2026-09-18,False,at://did:plc:4bwzn4ayvrvtiukfuwnz2i65/app.bsky.feed.post/3mvslefhzb22x,label,5.0,usapolling,
senate,NH,InsiderAdvantage (R),2026-09-17,Pappas,Sununu,NH,D,48.0,40.0,0.0,12.0,,1.5,2026-09-18,False,at://did:plc:4bwzn4ayvrvtiukfuwnz2i65/app.bsky.feed.post/3mvsldzy6qs2x,label,8.0,usapolling,
governor,KS,Emerson,2026-09-16,Holscher,Masterson,KS,D,44.0,51.0,0.0,5.0,,1.5,2026-09-18,False,at://did:plc:4bwzn4ayvrvtiukfuwnz2i65/app.bsky.feed.post/3mvsldppbec2x,,-7.0,usapolling,
senate,ID,Advanced Targeting Research,2026-09-16,Achillies,Risch,ID,I,50.0,39.0,0.0,11.0,,1.5,2026-09-18,False,at://did:plc:4bwzn4ayvrvtiukfuwnz2i65/app.bsky.feed.post/3mvra6cybjk2d,,11.0,usapolling,
senate,MI,InsiderAdvantage (R),2026-09-17,El-Sayed,Rogers,MI,D,47.0,45.0,0.0,8.0,,1.5,2026-09-18,False,at://did:plc:4bwzn4ayvrvtiukfuwnz2i65/app.bsky.feed.post/3mvslexnbts2x,label,2.0,usapolling,
house,GA-11,Miller Consulting,2026-09-11,Harden,Cowan,GA,D,42.0,40.0,0.0,18.0,,1.5,2026-09-18,False,at://did:plc:4bwzn4ayvrvtiukfuwnz2i65/app.bsky.feed.post/3mvqwupjg6k2w,,2.0,usapolling,
senate,MI,Washington Post,2026-09-14,El-Sayed,Rogers,MI,D,48.0,45.0,0.0,7.0,,1.5,2026-09-18,False,at://did:plc:4bwzn4ayvrvtiukfuwnz2i65/app.bsky.feed.post/3mvqwzh7yuc2w,,3.0,usapolling,
governor,TN,TargetSmart,2026-09-12,Green,Blackburn,TN,D,36.0,45.0,12.0,7.0,,1.5,2026-09-18,False,at://did:plc:4bwzn4ayvrvtiukfuwnz2i65/app.bsky.feed.post/3mvqunxdrlc27,,-9.0,usapolling,
governor,FL,St. Pete Polls,2026-09-17,Jolly,Donalds,FL,D,43.0,43.0,0.0,14.0,,1.5,2026-09-18,False,at://did:plc:4bwzn4ayvrvtiukfuwnz2i65/app.bsky.feed.post/3mvqwj4b2ck2w,,0.0,usapolling,
senate,KS,Emerson,2026-09-16,Hamilton,Marshall,KS,D,45.0,43.0,4.0,8.0,,1.5,2026-09-18,False,at://did:plc:4bwzn4ayvrvtiukfuwnz2i65/app.bsky.feed.post/3mvslddx67c2x,,2.0,usapolling,
house,FL-27,Tulchin,2026-09-13,Rodriguez,Salazar,FL,D,46.0,47.0,0.0,7.0,,1.5,2026-09-18,False,at://did:plc:4bwzn4ayvrvtiukfuwnz2i65/app.bsky.feed.post/3mvqwpuivu22w,,-1.0,usapolling,
senate,FL,St. Pete Polls,2026-09-17,Nixon,Moody,FL,D,45.0,45.0,0.0,10.0,,1.5,2026-09-18,False,at://did:plc:4bwzn4ayvrvtiukfuwnz2i65/app.bsky.feed.post/3mvqwlw5cds2w,,0.0,usapolling,
house,PA-1,Public Opinion Strategies,2026-09-14,Harvie,Fitzpatrick,PA,D,42.0,51.0,0.0,7.0,,1.5,2026-09-18,False,at://did:plc:4bwzn4ayvrvtiukfuwnz2i65/app.bsky.feed.post/3mvqwrtaizc2w,,-9.0,usapolling,
house,VA-1,DCCC (D),2026-09-17,Taylor,Whittman,VA,D,46.0,47.0,0.0,7.0,,1.5,2026-09-21,False,at://did:plc:4bwzn4ayvrvtiukfuwnz2i65/app.bsky.feed.post/3mw2n5rsths2r,internal,-1.0,usapolling,
house,TX-9,Republican Internal (R),2026-09-15,Rehmet,Wambsganss,TX,D,53.0,39.0,0.0,8.0,,1.5,2026-09-21,False,at://did:plc:4bwzn4ayvrvtiukfuwnz2i65/app.bsky.feed.post/3mw2oyhvav222,committee,14.0,usapolling,
house,TX-9,Republican Internal (R),2026-09-15,Hinojosa,Abbott,TX,D,49.0,40.0,0.0,11.0,,1.5,2026-09-21,False,at://did:plc:4bwzn4ayvrvtiukfuwnz2i65/app.bsky.feed.post/3mw2oyhvav222,committee,9.0,usapolling,
house,TX-9,Republican Internal (R),2026-09-15,Talarico,Paxton,TX,D,52.0,41.0,0.0,7.0,,1.5,2026-09-21,False,at://did:plc:4bwzn4ayvrvtiukfuwnz2i65/app.bsky.feed.post/3mw2oyhvav222,committee,11.0,usapolling,
governor,CT,co/efficient (R),2026-09-17,Lamont,Fazio,CT,D,48.0,41.0,0.0,11.0,,1.5,2026-09-22,False,at://did:plc:4bwzn4ayvrvtiukfuwnz2i65/app.bsky.feed.post/3mw5bh7vtyc2h,label,7.0,usapolling,
senate,MT,Aspect Strategic (I),2026-09-15,Bodnar,Alme,MT,I,32.0,44.0,17.0,7.0,,1.5,2026-09-22,False,at://did:plc:4bwzn4ayvrvtiukfuwnz2i65/app.bsky.feed.post/3mw4sqasjgs2h,internal,-12.0,usapolling,
senate,AK,Alaska Survey Research,2026-09-12,Peltola,Sullivan,AK,D,52.0,48.0,0.0,0.0,,1.5,2026-09-22,False,at://did:plc:4bwzn4ayvrvtiukfuwnz2i65/app.bsky.feed.post/3mw4knodgts2t,,4.0,usapolling,
governor,MI,Suffolk,2026-09-20,Benson,James,MI,D,51.0,34.0,0.0,15.0,,1.5,2026-09-22,False,at://did:plc:4bwzn4ayvrvtiukfuwnz2i65/app.bsky.feed.post/3mw4vyitcck2h,,17.0,usapolling,
senate,MI,Suffolk,2026-09-20,El-Sayed,Rogers,MI,D,47.0,40.0,0.0,13.0,,1.5,2026-09-22,False,at://did:plc:4bwzn4ayvrvtiukfuwnz2i65/app.bsky.feed.post/3mw4jkq5zxk2f,,7.0,usapolling,
governor,TX,TSU,2026-09-19,Hinojosa,Abbott,TX,D,45.0,49.0,0.0,6.0,,1.5,2026-09-22,False,at://did:plc:4bwzn4ayvrvtiukfuwnz2i65/app.bsky.feed.post/3mw4jrcdjrs2f,,-4.0,usapolling,
senate,FL,InsiderAdvantage (R),2026-09-21,Nixon,Moody,FL,D,42.0,49.0,0.0,9.0,,1.5,2026-09-22,False,at://did:plc:4bwzn4ayvrvtiukfuwnz2i65/app.bsky.feed.post/3mw33uiu3a22s,label,-7.0,usapolling,
senate,TX,TSU,2026-09-19,Talarico,Paxton,TX,D,47.0,46.0,0.0,7.0,,1.5,2026-09-22,False,at://did:plc:4bwzn4ayvrvtiukfuwnz2i65/app.bsky.feed.post/3mw4jrcdjrs2f,,1.0,usapolling,
governor,IA,Marist,2026-09-20,Sand,Lahn,IA,D,54.0,42.0,0.0,4.0,,1.5,2026-09-22,False,at://did:plc:4bwzn4ayvrvtiukfuwnz2i65/app.bsky.feed.post/3mw3efvls622f,,12.0,usapolling,
senate,IA,Marist,2026-09-20,Turek,Hinson,IA,D,50.0,42.0,0.0,8.0,,1.5,2026-09-22,False,at://did:plc:4bwzn4ayvrvtiukfuwnz2i65/app.bsky.feed.post/3mw3du3d73k2f,,8.0,usapolling,
senate,LA,Hart Research (D),2026-09-19,Davies,Letlow,LA,D,44.0,48.0,0.0,8.0,,1.5,2026-09-23,False,at://did:plc:4bwzn4ayvrvtiukfuwnz2i65/app.bsky.feed.post/3mw7pmleylk2p,internal,-4.0,usapolling,
senate,TX,Marist,2026-09-20,Talarico,Paxton,TX,D,50.0,44.0,0.0,6.0,,1.5,2026-09-23,False,at://did:plc:4bwzn4ayvrvtiukfuwnz2i65/app.bsky.feed.post/3mw5lcik2rk2q,,6.0,usapolling,
governor,TX,Marist,2026-09-20,Hinojosa,Abbott,TX,D,49.0,46.0,0.0,5.0,,1.5,2026-09-23,False,at://did:plc:4bwzn4ayvrvtiukfuwnz2i65/app.bsky.feed.post/3mw5lert3s22q,,3.0,usapolling,
house,ME-2,DCCC Targeting (D),2026-08-13,Dunlap,LePage,ME,D,48.0,49.0,0.0,3.0,,1.5,2026-09-23,True,at://did:plc:4bwzn4ayvrvtiukfuwnz2i65/app.bsky.feed.post/3mw65kj6ev22o,committee,-1.0,usapolling,
senate,NC,YouGov,2026-09-18,Cooper,Whatley,NC,D,54.0,41.0,0.0,5.0,,1.5,2026-09-23,False,at://did:plc:4bwzn4ayvrvtiukfuwnz2i65/app.bsky.feed.post/3mw72g6uurk2z,,13.0,usapolling,
governor,GA,YouGov,2026-09-17,Bottoms,Jackson,GA,D,44.0,47.0,0.0,9.0,,1.5,2026-09-23,False,at://did:plc:4bwzn4ayvrvtiukfuwnz2i65/app.bsky.feed.post/3mw72oau7oc2z,,-3.0,usapolling,
senate,GA,YouGov,2026-09-17,Ossoff,Collins,GA,D,51.0,43.0,0.0,6.0,,1.5,2026-09-23,False,at://did:plc:4bwzn4ayvrvtiukfuwnz2i65/app.bsky.feed.post/3mw72oau7oc2z,,8.0,usapolling,
governor,NY,Siena,2026-09-17,Hochul,Blakeman,NY,D,50.0,41.0,0.0,9.0,,1.5,2026-09-23,False,at://did:plc:4bwzn4ayvrvtiukfuwnz2i65/app.bsky.feed.post/3mw72v62enk2z,,9.0,usapolling,
governor,NY,Quinnipiac,2026-09-20,Hochul,Blakeman,NY,D,58.0,39.0,0.0,3.0,,1.5,2026-09-23,False,at://did:plc:4bwzn4ayvrvtiukfuwnz2i65/app.bsky.feed.post/3mw7de2pdrk2p,,19.0,usapolling,
senate,NC,Quantus (R),2026-09-22,Cooper,Whatley,NC,D,48.0,43.0,0.0,9.0,,1.5,2026-09-23,False,at://did:plc:4bwzn4ayvrvtiukfuwnz2i65/app.bsky.feed.post/3mw7fwqlbsc2p,label,5.0,usapolling,
senate,MI,Co/efficient (R),2026-09-23,El-Sayed,Rogers,MI,D,50.0,50.0,0.0,0.0,,1.5,2026-09-23,False,at://did:plc:4bwzn4ayvrvtiukfuwnz2i65/app.bsky.feed.post/3mw7p342xbs2y,label,0.0,usapolling,
governor,CA,SurveyUSA,2026-09-20,Becerra,Hilton,CA,D,55.0,33.0,0.0,12.0,,1.5,2026-09-23,False,at://did:plc:4bwzn4ayvrvtiukfuwnz2i65/app.bsky.feed.post/3mw65ndkawc2o,,22.0,usapolling,
governor,MI,Co/efficient (R),2026-09-23,Benson,James,MI,D,47.0,44.0,0.0,9.0,,1.5,2026-09-23,False,at://did:plc:4bwzn4ayvrvtiukfuwnz2i65/app.bsky.feed.post/3mw7pr2nufs2p,label,3.0,usapolling,
house,CO-8,McLaughlin (R),2026-09-17,Rutinel,Evans,CO,D,46.0,48.0,0.0,6.0,,1.5,2026-09-23,False,at://did:plc:4bwzn4ayvrvtiukfuwnz2i65/app.bsky.feed.post/3mw7ubfjbfc2p,label,-2.0,usapolling,
house,OK-5,GBAO,2026-09-20,Nelson,Bice,OK,D,43.0,48.0,0.0,9.0,,1.5,2026-09-24,False,at://did:plc:4bwzn4ayvrvtiukfuwnz2i65/app.bsky.feed.post/3mw7xz2c5ec2p,,-5.0,usapolling,
governor,GA,Big Data (R),2026-09-22,Bottoms,Jackson,GA,D,50.0,50.0,0.0,0.0,,1.5,2026-09-24,False,at://did:plc:4bwzn4ayvrvtiukfuwnz2i65/app.bsky.feed.post/3mwceqypr2s2y,label,0.0,usapolling,
senate,GA,Big Data (R),2026-09-22,Ossoff,Collins,GA,D,55.0,45.0,0.0,0.0,,1.5,2026-09-24,False,at://did:plc:4bwzn4ayvrvtiukfuwnz2i65/app.bsky.feed.post/3mwceqypr2s2y,label,10.0,usapolling,
governor,KS,Wedgewood Polls,2026-09-24,Holscher,Masterson,KS,D,48.0,52.0,0.0,0.0,,1.5,2026-09-24,False,at://did:plc:4bwzn4ayvrvtiukfuwnz2i65/app.bsky.feed.post/3mwc7uhvrms2x,,-4.0,usapolling,
house,NH-2,UNH,2026-09-21,Goodlander,Williams,NH,D,56.0,35.0,3.0,6.0,,1.5,2026-09-24,False,at://did:plc:4bwzn4ayvrvtiukfuwnz2i65/app.bsky.feed.post/3mwc43trs2c2f,,21.0,usapolling,
governor,RI,UNH,2026-09-21,Foulkes,Guckian,RI,D,44.0,17.0,25.0,14.0,,1.5,2026-09-24,False,at://did:plc:4bwzn4ayvrvtiukfuwnz2i65/app.bsky.feed.post/3mwc3ouobrs2f,,27.0,usapolling,
senate,MA,UNH,2026-09-21,Markey,Deaton,MA,D,53.0,30.0,9.0,8.0,,1.5,2026-09-24,False,at://did:plc:4bwzn4ayvrvtiukfuwnz2i65/app.bsky.feed.post/3mwc3lejfzs2f,,23.0,usapolling,
governor,MA,UNH,2026-09-21,Healey,Minogue,MA,D,54.0,38.0,0.0,8.0,,1.5,2026-09-24,False,at://did:plc:4bwzn4ayvrvtiukfuwnz2i65/app.bsky.feed.post/3mwc3lejfzs2f,,16.0,usapolling,
governor,VT,UNH,2026-09-21,Janoo,Scott,VT,D,49.0,43.0,0.0,8.0,,1.5,2026-09-24,False,at://did:plc:4bwzn4ayvrvtiukfuwnz2i65/app.bsky.feed.post/3mwc37lbtyk2f,,6.0,usapolling,
senate,ME,UNH,2026-09-21,Jackson,Collins,ME,D,51.0,47.0,0.0,2.0,,1.5,2026-09-24,False,at://did:plc:4bwzn4ayvrvtiukfuwnz2i65/app.bsky.feed.post/3mwc33jfabk22,,4.0,usapolling,
governor,ME,UNH,2026-09-21,Pingree,Charles,ME,D,48.0,40.0,5.0,7.0,,1.5,2026-09-24,False,at://did:plc:4bwzn4ayvrvtiukfuwnz2i65/app.bsky.feed.post/3mwc33jfabk22,,8.0,usapolling,
house,ME-2,UNH,2026-09-21,Dunlap,LePage,ME,D,51.0,45.0,0.0,4.0,,1.5,2026-09-24,False,at://did:plc:4bwzn4ayvrvtiukfuwnz2i65/app.bsky.feed.post/3mwc33jfabk22,,6.0,usapolling,
governor,NH,UNH,2026-09-21,Warmington,Ayotte,NH,D,43.0,47.0,0.0,10.0,,1.5,2026-09-24,False,at://did:plc:4bwzn4ayvrvtiukfuwnz2i65/app.bsky.feed.post/3mwc2v4oeds22,,-4.0,usapolling,
senate,NC,Rasmussen (R),2026-09-22,Cooper,Whatley,NC,D,48.0,41.0,3.0,8.0,,1.5,2026-09-24,False,at://did:plc:4bwzn4ayvrvtiukfuwnz2i65/app.bsky.feed.post/3mwbyqplam227,label,7.0,usapolling,
senate,NH,UNH,2026-09-21,Pappas,Sununu,NH,D,50.0,42.0,0.0,8.0,,1.5,2026-09-24,False,at://did:plc:4bwzn4ayvrvtiukfuwnz2i65/app.bsky.feed.post/3mwc2v4oeds22,,8.0,usapolling,
governor,ME,YouGov,2026-09-14,Pingree,Charles,ME,D,49.0,38.0,0.0,13.0,,1.5,2026-09-24,False,at://did:plc:4bwzn4ayvrvtiukfuwnz2i65/app.bsky.feed.post/3mwbsst576227,,11.0,usapolling,
senate,MI,Siena,2026-09-22,El-Sayed,Rogers,MI,D,49.0,44.0,0.0,7.0,,1.5,2026-09-24,False,at://did:plc:4bwzn4ayvrvtiukfuwnz2i65/app.bsky.feed.post/3mwbgrqfxic27,,5.0,usapolling,
senate,NH,Siena,2026-09-22,Pappas,Sununu,NH,D,50.0,45.0,0.0,5.0,,1.5,2026-09-24,False,at://did:plc:4bwzn4ayvrvtiukfuwnz2i65/app.bsky.feed.post/3mwbguif4h227,,5.0,usapolling,
senate,ME,Siena,2026-09-22,Jackson,Collins,ME,D,46.0,49.0,0.0,5.0,,1.5,2026-09-24,False,at://did:plc:4bwzn4ayvrvtiukfuwnz2i65/app.bsky.feed.post/3mwbguvr4qc27,,-3.0,usapolling,
senate,NC,High Point,2026-09-16,Cooper,Whatley,NC,D,50.0,42.0,0.0,8.0,,1.5,2026-09-24,False,at://did:plc:4bwzn4ayvrvtiukfuwnz2i65/app.bsky.feed.post/3mwbgyelea227,,8.0,usapolling,
senate,MI,Rasmussen (R),2026-09-22,El-Sayed,Rogers,MI,D,47.0,44.0,0.0,9.0,,1.5,2026-09-24,False,at://did:plc:4bwzn4ayvrvtiukfuwnz2i65/app.bsky.feed.post/3mwbwwooiqc27,label,3.0,usapolling,
senate,ME,YouGov,2026-09-14,Jackson,Collins,ME,D,48.0,43.0,0.0,9.0,,1.5,2026-09-24,False,at://did:plc:4bwzn4ayvrvtiukfuwnz2i65/app.bsky.feed.post/3mwbmsizxec2d,,5.0,usapolling,
governor,PA,Siena,2026-09-22,Shapiro,Garrity,PA,D,58.0,38.0,0.0,4.0,,1.5,2026-09-24,False,at://did:plc:4bwzn4ayvrvtiukfuwnz2i65/app.bsky.feed.post/3mwbh2u2ypk27,,20.0,usapolling,
house,PA-10,Franklin & Marshall,2026-09-20,Stelson,Perry,PA,D,47.0,44.0,0.0,9.0,,1.5,2026-09-24,False,at://did:plc:4bwzn4ayvrvtiukfuwnz2i65/app.bsky.feed.post/3mwbn4lmvds2d,,3.0,usapolling,
house,MI-4,GBAO (D),2026-09-16,McCann,Huizenga,MI,D,47.0,46.0,0.0,7.0,,1.5,2026-09-24,False,at://did:plc:4bwzn4ayvrvtiukfuwnz2i65/app.bsky.feed.post/3mwbpih6tmc2d,internal,1.0,usapolling,
senate,OH,Quantus (R),2026-09-23,Brown,Husted,OH,D,47.0,47.0,2.0,4.0,,1.5,2026-09-24,False,at://did:plc:4bwzn4ayvrvtiukfuwnz2i65/app.bsky.feed.post/3mwbqz4z7jk2d,label,0.0,usapolling,
governor,FL,Stetson U.,2026-09-21,Jolly,Donalds,FL,D,39.0,51.0,0.0,10.0,,1.5,2026-09-24,False,at://did:plc:4bwzn4ayvrvtiukfuwnz2i65/app.bsky.feed.post/3mwbrrqcwqk27,,-12.0,usapolling,
senate,FL,Stetson U.,2026-09-21,Nixon,Moody,FL,D,40.0,51.0,0.0,9.0,,1.5,2026-09-24,False,at://did:plc:4bwzn4ayvrvtiukfuwnz2i65/app.bsky.feed.post/3mwbrtjcm6227,,-11.0,usapolling,
house,PA-7,Franklin & Marshall,2026-09-20,Brooks,Mackenzie,PA,D,45.0,40.0,0.0,15.0,,1.5,2026-09-24,False,at://did:plc:4bwzn4ayvrvtiukfuwnz2i65/app.bsky.feed.post/3mwbn3ciajs2d,,5.0,usapolling,
governor,GA,InsiderAdvantage (R),2026-09-23,Bottoms,Jackson,GA,D,46.0,48.0,0.0,6.0,,1.5,2026-09-25,False,at://did:plc:4bwzn4ayvrvtiukfuwnz2i65/app.bsky.feed.post/3mwedya5jjk2b,label,-2.0,usapolling,
house,MN-2,Impact Research (D),2026-09-13,Little,Pratt,MN,D,52.0,40.0,0.0,8.0,,1.5,2026-09-25,False,at://did:plc:4bwzn4ayvrvtiukfuwnz2i65/app.bsky.feed.post/3mweslfnat22n,internal,12.0,usapolling,
governor,MI,Torchlight Strategies (R),2026-09-19,Benson,James,MI,D,42.0,41.0,0.0,17.0,,1.5,2026-09-25,False,at://did:plc:4bwzn4ayvrvtiukfuwnz2i65/app.bsky.feed.post/3mweipmgjhs2e,internal,1.0,usapolling,
senate,MI,Torchlight Strategies (R),2026-09-19,El-Sayed,Rogers,MI,D,43.0,44.0,0.0,13.0,,1.5,2026-09-25,False,at://did:plc:4bwzn4ayvrvtiukfuwnz2i65/app.bsky.feed.post/3mwei2e74tc2e,internal,-1.0,usapolling,
senate,GA,InsiderAdvantage (R),2026-09-23,Ossoff,Collins,GA,D,50.0,42.0,0.0,8.0,,1.5,2026-09-25,False,at://did:plc:4bwzn4ayvrvtiukfuwnz2i65/app.bsky.feed.post/3mwedztyu5s2b,label,8.0,usapolling,
house,MO-2,Remington Research,2026-09-15,Wellman,Wagner,MO,D,42.0,43.0,0.0,15.0,,1.5,2026-09-25,False,at://did:plc:4bwzn4ayvrvtiukfuwnz2i65/app.bsky.feed.post/3mwe7b2jtqs22,,-1.0,usapolling,
senate,NE,GBAO,2026-09-08,Osborn,Ricketts,NE,I,47.0,46.0,0.0,7.0,,1.5,2026-09-25,False,at://did:plc:4bwzn4ayvrvtiukfuwnz2i65/app.bsky.feed.post/3mwe54swb7222,,1.0,usapolling,
senate,OH,Rasmussen (R),2026-09-23,Brown,Husted,OH,D,46.0,43.0,0.0,11.0,,1.5,2026-09-25,False,at://did:plc:4bwzn4ayvrvtiukfuwnz2i65/app.bsky.feed.post/3mwe6lgbxfk22,label,3.0,usapolling,
governor,MI,Siena,2026-09-22,Benson,James,MI,D,48.0,43.0,0.0,9.0,,1.5,2026-09-25,False,at://did:plc:4bwzn4ayvrvtiukfuwnz2i65/app.bsky.feed.post/3mwe554r7d222,,5.0,usapolling,
governor,TX,TPOR,2026-09-22,Hinojosa,Abbott,TX,D,46.0,50.0,0.0,4.0,,1.5,2026-09-25,False,at://did:plc:4bwzn4ayvrvtiukfuwnz2i65/app.bsky.feed.post/3mwe4rprkcc22,,-4.0,usapolling,
senate,SC,Rasmussen (R),2026-09-24,Andrews,Graham,SC,D,43.0,48.0,0.0,9.0,,1.5,2026-09-25,False,at://did:plc:4bwzn4ayvrvtiukfuwnz2i65/app.bsky.feed.post/3mwe53zygwc22,label,-5.0,usapolling,
senate,TX,TPOR,2026-09-22,Talarico,Paxton,TX,D,49.0,44.0,0.0,7.0,,1.5,2026-09-25,False,at://did:plc:4bwzn4ayvrvtiukfuwnz2i65/app.bsky.feed.post/3mwe4rprkcc22,,5.0,usapolling,
governor,ME,Siena,2026-09-22,Pingree,Charles,ME,D,47.0,34.0,8.0,11.0,,1.5,2026-09-25,False,at://did:plc:4bwzn4ayvrvtiukfuwnz2i65/app.bsky.feed.post/3mwe6wi6xs222,,13.0,usapolling,
senate,ME,InsiderAdvantage (R),2026-09-23,Jackson,Collins,ME,D,46.0,46.0,0.0,8.0,,1.5,2026-09-26,False,at://did:plc:4bwzn4ayvrvtiukfuwnz2i65/app.bsky.feed.post/3mwgujz2i722b,label,0.0,usapolling,
senate,IA,InsiderAdvantage (R),2026-09-23,Turek,Hinson,IA,D,47.0,46.0,0.0,7.0,,1.5,2026-09-26,False,at://did:plc:4bwzn4ayvrvtiukfuwnz2i65/app.bsky.feed.post/3mwgvsyye4k2x,label,1.0,usapolling,
senate,IA,Big Data (R),2026-09-22,Turek,Hinson,IA,D,47.0,42.0,5.0,6.0,,1.5,2026-09-27,False,at://did:plc:4bwzn4ayvrvtiukfuwnz2i65/app.bsky.feed.post/3mwjyufchgs24,label,5.0,usapolling,
senate,TX,Big Data (R),2026-09-26,Talarico,Paxton,TX,D,47.0,45.0,0.0,8.0,,1.5,2026-09-27,False,at://did:plc:4bwzn4ayvrvtiukfuwnz2i65/app.bsky.feed.post/3mwjpnwcj2c2c,label,2.0,usapolling,
governor,TX,Big Data (R),2026-09-26,Hinojosa,Abbott,TX,D,44.0,49.0,0.0,7.0,,1.5,2026-09-27,False,at://did:plc:4bwzn4ayvrvtiukfuwnz2i65/app.bsky.feed.post/3mwjqcoif322c,label,-5.0,usapolling,
governor,FL,Change Research,2026-09-27,Jolly,Donalds,FL,D,48.0,46.0,0.0,6.0,,1.5,2026-09-28,False,at://did:plc:4bwzn4ayvrvtiukfuwnz2i65/app.bsky.feed.post/3mwm54y22hk2x,,2.0,usapolling,
senate,FL,Change Research,2026-09-27,Nixon,Moody,FL,D,47.0,48.0,0.0,5.0,,1.5,2026-09-28,False,at://did:plc:4bwzn4ayvrvtiukfuwnz2i65/app.bsky.feed.post/3mwm54y22hk2x,,-1.0,usapolling,
senate,MT,American Pulse,2026-09-24,Bodnar,Alme,MT,I,26.0,45.0,19.0,10.0,,1.5,2026-09-28,False,at://did:plc:4bwzn4ayvrvtiukfuwnz2i65/app.bsky.feed.post/3mwlwemxwqc25,,-19.0,usapolling,
house,MT-1,American Pulse,2026-09-24,Forstag,Flint,MT,D,45.0,46.0,5.0,4.0,,1.5,2026-09-28,False,at://did:plc:4bwzn4ayvrvtiukfuwnz2i65/app.bsky.feed.post/3mwm2fg7yts26,,-1.0,usapolling,
house,UT-2,Crosby Internal,2026-09-23,Crosby,Moore,UT,D,35.0,32.0,0.0,33.0,,1.5,2026-09-28,False,at://did:plc:4bwzn4ayvrvtiukfuwnz2i65/app.bsky.feed.post/3mwlrjw67os2q,,3.0,usapolling,
senate,TX,Stratus Intelligence (R),2026-09-24,Talarico,Paxton,TX,D,48.0,48.0,0.0,4.0,,1.5,2026-09-28,False,at://did:plc:4bwzn4ayvrvtiukfuwnz2i65/app.bsky.feed.post/3mwljkjwios2m,internal,0.0,usapolling,
senate,NC,Fabrizio Ward/Impact Research,2026-09-20,Cooper,Whatley,NC,D,53.0,42.0,0.0,5.0,,1.5,2026-09-28,False,at://did:plc:4bwzn4ayvrvtiukfuwnz2i65/app.bsky.feed.post/3mwljt2fdmk2m,,11.0,usapolling,
governor,VT,Braun Research,2026-09-20,Janoo,Scott,VT,D,34.0,44.0,0.0,22.0,,1.5,2026-09-28,False,at://did:plc:4bwzn4ayvrvtiukfuwnz2i65/app.bsky.feed.post/3mwljseqmms2m,,-10.0,usapolling,
senate,MI,Big Data (R),2026-09-24,El-Sayed,Rogers,MI,D,47.0,42.0,0.0,11.0,,1.5,2026-09-28,False,at://did:plc:4bwzn4ayvrvtiukfuwnz2i65/app.bsky.feed.post/3mwk5beqzvs25,label,5.0,usapolling,
house,NY-23,PPP (D),2026-09-23,Gies,Langworthy,NY,D,35.0,52.0,0.0,13.0,,1.5,2026-09-28,False,at://did:plc:4bwzn4ayvrvtiukfuwnz2i65/app.bsky.feed.post/3mwlrbpghtk2q,internal,-17.0,usapolling,
governor,RI,Opinion Diagnostics (I),2026-09-25,Foulkes,Guckian,RI,D,41.0,19.0,24.0,16.0,,1.5,2026-09-29,False,at://did:plc:4bwzn4ayvrvtiukfuwnz2i65/app.bsky.feed.post/3mwof4zob222d,internal,22.0,usapolling,
house,OH-9,DCCC (D),2026-09-23,Kaptur,Merrin,OH,D,48.0,48.0,0.0,4.0,,1.5,2026-09-29,False,at://did:plc:4bwzn4ayvrvtiukfuwnz2i65/app.bsky.feed.post/3mwoff4cfxc2d,committee,0.0,usapolling,
senate,MA,MassINC,2026-09-22,Markey,Deaton,MA,D,54.0,28.0,5.0,13.0,,1.5,2026-09-29,False,at://did:plc:4bwzn4ayvrvtiukfuwnz2i65/app.bsky.feed.post/3mwofbt3vgs2d,,26.0,usapolling,
governor,MA,MassINC,2026-09-22,Healey,Minogue,MA,D,54.0,32.0,4.0,10.0,,1.5,2026-09-29,False,at://did:plc:4bwzn4ayvrvtiukfuwnz2i65/app.bsky.feed.post/3mwofbt3vgs2d,,22.0,usapolling,
governor,NE,Lake Research,2026-09-14,Walz,Pillen,NE,D,40.0,40.0,13.0,7.0,,1.5,2026-09-29,False,at://did:plc:4bwzn4ayvrvtiukfuwnz2i65/app.bsky.feed.post/3mwobbuk57s2k,,0.0,usapolling,
senate,OH,Big Data (R),2026-09-26,Brown,Husted,OH,D,47.0,43.0,0.0,10.0,,1.5,2026-09-29,False,at://did:plc:4bwzn4ayvrvtiukfuwnz2i65/app.bsky.feed.post/3mwmk6vka6s2y,label,4.0,usapolling,
senate,MI,Cygnal/Beacon,2026-09-21,El-Sayed,Rogers,MI,D,45.0,40.0,0.0,15.0,,1.5,2026-09-29,False,at://did:plc:4bwzn4ayvrvtiukfuwnz2i65/app.bsky.feed.post/3mwo7atzcac2x,,5.0,usapolling,
governor,MI,Cygnal/Beacon,2026-09-21,Benson,James,MI,D,45.0,38.0,0.0,17.0,,1.5,2026-09-29,False,at://did:plc:4bwzn4ayvrvtiukfuwnz2i65/app.bsky.feed.post/3mwo7atzcac2x,,7.0,usapolling,
senate,OH,Marist,2026-09-27,Brown,Husted,OH,D,51.0,43.0,0.0,6.0,,1.5,2026-09-29,False,at://did:plc:4bwzn4ayvrvtiukfuwnz2i65/app.bsky.feed.post/3mwmxdt4vpc2h,,8.0,usapolling,
governor,OH,Marist,2026-09-27,Acton,Ramaswamy,OH,D,50.0,44.0,0.0,6.0,,1.5,2026-09-29,False,at://did:plc:4bwzn4ayvrvtiukfuwnz2i65/app.bsky.feed.post/3mwmxdt4vpc2h,,6.0,usapolling,
governor,OH,Suffolk,2026-09-27,Acton,Ramaswamy,OH,D,50.0,41.0,0.0,9.0,,1.5,2026-09-29,False,at://did:plc:4bwzn4ayvrvtiukfuwnz2i65/app.bsky.feed.post/3mwo7bfarp22x,,9.0,usapolling,
house,TX-9,PPP (D),2026-09-19,Gutierrez,Mealer,TX,D,39.0,45.0,0.0,16.0,,1.5,2026-09-30,False,at://did:plc:4bwzn4ayvrvtiukfuwnz2i65/app.bsky.feed.post/3mwqxpspjdc2y,internal,-6.0,usapolling,
house,MT-1,Impact,2026-09-23,Forstag,Flint,MT,D,47.0,44.0,2.0,7.0,,1.5,2026-09-30,False,at://did:plc:4bwzn4ayvrvtiukfuwnz2i65/app.bsky.feed.post/3mwqxnig55s2y,,3.0,usapolling,
senate,NC,YouGov,2026-09-15,Cooper,Whatley,NC,D,48.0,37.0,5.0,10.0,,1.5,2026-09-30,False,at://did:plc:4bwzn4ayvrvtiukfuwnz2i65/app.bsky.feed.post/3mwqxldbu6s2y,,11.0,usapolling,
governor,WI,Marquette,2026-09-23,Crowley,Tiffany,WI,D,49.0,46.0,0.0,5.0,,1.5,2026-09-30,False,at://did:plc:4bwzn4ayvrvtiukfuwnz2i65/app.bsky.feed.post/3mwqudx6k5c2x,,3.0,usapolling,
senate,IA,Quantus (R),2026-09-29,Turek,Hinson,IA,D,47.0,49.0,2.0,2.0,,1.5,2026-09-30,False,at://did:plc:4bwzn4ayvrvtiukfuwnz2i65/app.bsky.feed.post/3mwqscngkt22y,label,-2.0,usapolling,
senate,SD,Zenith (I),2026-09-27,Bengs,Rounds,SD,I,38.0,44.0,0.0,18.0,,1.5,2026-09-30,False,at://did:plc:4bwzn4ayvrvtiukfuwnz2i65/app.bsky.feed.post/3mwqscrqyj22y,internal,-6.0,usapolling,
senate,TX,Rasmussen (R),2026-09-29,Talarico,Paxton,TX,D,46.0,45.0,4.0,5.0,,1.5,2026-09-30,False,at://did:plc:4bwzn4ayvrvtiukfuwnz2i65/app.bsky.feed.post/3mwqs7bd4oc2y,label,1.0,usapolling,
senate,OH,Suffolk,2026-09-24,Brown,Husted,OH,D,47.0,44.0,0.0,9.0,,1.5,2026-09-30,False,at://did:plc:4bwzn4ayvrvtiukfuwnz2i65/app.bsky.feed.post/3mwpz2b5gsc2h,,3.0,usapolling,
senate,MI,Marist,2026-09-27,El-Sayed,Rogers,MI,D,51.0,44.0,0.0,5.0,,1.5,2026-09-30,False,at://did:plc:4bwzn4ayvrvtiukfuwnz2i65/app.bsky.feed.post/3mwphvi77l22t,,7.0,usapolling,
governor,MI,Marist,2026-09-27,Benson,James,MI,D,53.0,41.0,0.0,6.0,,1.5,2026-09-30,False,at://did:plc:4bwzn4ayvrvtiukfuwnz2i65/app.bsky.feed.post/3mwphvi77l22t,,12.0,usapolling,
senate,MN,InsiderAdvantage (R),2026-09-29,Flanagan,Tafoya,MN,D,46.0,45.0,0.0,9.0,,1.5,2026-09-30,False,at://did:plc:4bwzn4ayvrvtiukfuwnz2i65/app.bsky.feed.post/3mwp5lu6gss2z,label,1.0,usapolling,
governor,OR,DHM Research,2026-09-27,Kotek,Drazan,OR,D,46.0,47.0,3.0,4.0,,1.5,2026-09-30,False,at://did:plc:4bwzn4ayvrvtiukfuwnz2i65/app.bsky.feed.post/3mwqsbrlaec2y,,-1.0,usapolling,
governor,AK,Cygnal (R),2026-09-27,Kreiss-Tomkins,Wilson,AK,D,44.0,24.0,17.0,15.0,,1.5,2026-10-01,False,at://did:plc:4bwzn4ayvrvtiukfuwnz2i65/app.bsky.feed.post/3mwtdfommkk2f,label,20.0,usapolling,
governor,IA,Beacon Research/Shaw & Company Research,2026-09-28,Sand,Lahn,IA,D,53.0,44.0,0.0,3.0,,1.5,2026-10-01,False,at://did:plc:4bwzn4ayvrvtiukfuwnz2i65/app.bsky.feed.post/3mwtux7unas2j,,9.0,usapolling,
senate,IA,Beacon Research/Shaw & Company Research,2026-09-28,Turek,Hinson,IA,D,49.0,47.0,0.0,4.0,,1.5,2026-10-01,False,at://did:plc:4bwzn4ayvrvtiukfuwnz2i65/app.bsky.feed.post/3mwtux7unas2j,,2.0,usapolling,
senate,TX,Beacon Research/Shaw & Company Research,2026-09-28,Talarico,Paxton,TX,D,51.0,49.0,0.0,0.0,,1.5,2026-10-01,False,at://did:plc:4bwzn4ayvrvtiukfuwnz2i65/app.bsky.feed.post/3mwtulkfzdc2p,,2.0,usapolling,
governor,TX,Beacon Research/Shaw & Company Research,2026-09-28,Hinojosa,Abbott,TX,D,47.0,52.0,0.0,1.0,,1.5,2026-10-01,False,at://did:plc:4bwzn4ayvrvtiukfuwnz2i65/app.bsky.feed.post/3mwtulkfzdc2p,,-5.0,usapolling,
house,WA-3,DHM Research,2026-09-27,Gluesenkamp Perez,Braun,WA,D,47.0,48.0,0.0,5.0,,1.5,2026-10-01,False,at://did:plc:4bwzn4ayvrvtiukfuwnz2i65/app.bsky.feed.post/3mwtgfz45fk2m,,-1.0,usapolling,
governor,KS,GSG (D),2026-09-16,Holscher,Masterson,KS,D,49.0,46.0,0.0,5.0,,1.5,2026-10-01,False,at://did:plc:4bwzn4ayvrvtiukfuwnz2i65/app.bsky.feed.post/3mwtbcakm4c2w,internal,3.0,usapolling,
senate,OH,InsiderAdvantage (R),2026-09-29,Brown,Husted,OH,D,44.0,43.0,6.0,7.0,,1.5,2026-10-01,False,at://did:plc:4bwzn4ayvrvtiukfuwnz2i65/app.bsky.feed.post/3mwtevejnu22m,label,1.0,usapolling,
governor,AL,RMG (R),2026-09-25,Jones,Tuberville,AL,D,37.0,50.0,0.0,13.0,,1.5,2026-10-01,False,at://did:plc:4bwzn4ayvrvtiukfuwnz2i65/app.bsky.feed.post/3mwta7ys3ns2z,label,-13.0,usapolling,
senate,AL,RMG (R),2026-09-25,Wiss,Moore,AL,D,33.0,54.0,0.0,13.0,,1.5,2026-10-01,False,at://did:plc:4bwzn4ayvrvtiukfuwnz2i65/app.bsky.feed.post/3mwta7ys3ns2z,label,-21.0,usapolling,
senate,ME,Fabrizio Ward/Impact Research,2026-09-22,Jackson,Collins,ME,D,50.0,47.0,0.0,3.0,,1.5,2026-10-01,False,at://did:plc:4bwzn4ayvrvtiukfuwnz2i65/app.bsky.feed.post/3mwta4pjgrs2z,,3.0,usapolling,
governor,ME,Fabrizio Ward/Impact Research,2026-09-22,Pingree,Charles,ME,D,52.0,39.0,0.0,9.0,,1.5,2026-10-01,False,at://did:plc:4bwzn4ayvrvtiukfuwnz2i65/app.bsky.feed.post/3mwta4pjgrs2z,,13.0,usapolling,
senate,NC,Big Data (R),2026-09-29,Cooper,Whatley,NC,D,51.0,39.0,0.0,10.0,,1.5,2026-10-01,False,at://did:plc:4bwzn4ayvrvtiukfuwnz2i65/app.bsky.feed.post/3mwrofveqas24,label,12.0,usapolling,
senate,SD,Lake Research,2026-09-30,Bengs,Rounds,SD,I,51.0,42.0,0.0,7.0,,1.5,2026-10-01,False,at://did:plc:4bwzn4ayvrvtiukfuwnz2i65/app.bsky.feed.post/3mwrmxcjobk24,,9.0,usapolling,
governor,SD,Lake Research,2026-09-30,Ahlers,Rhoden,SD,D,44.0,51.0,0.0,5.0,,1.5,2026-10-01,False,at://did:plc:4bwzn4ayvrvtiukfuwnz2i65/app.bsky.feed.post/3mwrmxcjobk24,,-7.0,usapolling,
governor,PA,Bravo,2026-09-22,Shapiro,Garrity,PA,D,55.0,28.0,0.0,17.0,,1.5,2026-10-01,False,at://did:plc:4bwzn4ayvrvtiukfuwnz2i65/app.bsky.feed.post/3mwtb3iexu22t,,27.0,usapolling,
senate,ID,Peak Insights (R),2026-09-30,Achillies,Risch,ID,I,24.0,49.0,5.0,22.0,,1.5,2026-10-02,False,at://did:plc:4bwzn4ayvrvtiukfuwnz2i65/app.bsky.feed.post/3mwweedcj5s2m,internal,-25.0,usapolling,
senate,ME,YouGov,2026-10-01,Jackson,Collins,ME,D,50.0,50.0,0.0,0.0,,1.5,2026-10-02,False,at://did:plc:4bwzn4ayvrvtiukfuwnz2i65/app.bsky.feed.post/3mwwboqwgjk2m,,0.0,usapolling,
senate,NE,co/efficient (R),2026-09-30,Osborn,Ricketts,NE,I,43.0,48.0,0.0,9.0,,1.5,2026-10-02,False,at://did:plc:4bwzn4ayvrvtiukfuwnz2i65/app.bsky.feed.post/3mwwaghkeb22m,label,-5.0,usapolling,
governor,ME,YouGov,2026-10-01,Pingree,Charles,ME,D,56.0,44.0,0.0,0.0,,1.5,2026-10-02,False,at://did:plc:4bwzn4ayvrvtiukfuwnz2i65/app.bsky.feed.post/3mwwbs3xzo22m,,12.0,usapolling,
senate,IA,Rasmussen (R),2026-09-30,Turek,Hinson,IA,D,47.0,43.0,3.0,7.0,,1.5,2026-10-02,False,at://did:plc:4bwzn4ayvrvtiukfuwnz2i65/app.bsky.feed.post/3mwvyr4nzmk2n,label,4.0,usapolling,
house,NY-17,Emerson,2026-09-29,Conley,Lawler,NY,D,48.0,46.0,0.0,6.0,,1.5,2026-10-02,False,at://did:plc:4bwzn4ayvrvtiukfuwnz2i65/app.bsky.feed.post/3mwuasyc7bs2p,,2.0,usapolling,
house,NY-23,Cygnal,2026-09-21,Gies,Langworthy,NY,D,33.0,54.0,0.0,13.0,,1.5,2026-10-02,False,at://did:plc:4bwzn4ayvrvtiukfuwnz2i65/app.bsky.feed.post/3mwu4zi5mcc2p,,-21.0,usapolling,
house,VA-5,Expedition Strategies (D),2026-09-24,Perriello,McGuire,VA,D,45.0,46.0,6.0,3.0,,1.5,2026-10-02,False,at://did:plc:4bwzn4ayvrvtiukfuwnz2i65/app.bsky.feed.post/3mwu4xkeips2p,internal,-1.0,usapolling,
governor,NE,co/efficient (R),2026-09-30,Walz,Pillen,NE,D,43.0,48.0,0.0,9.0,,1.5,2026-10-02,False,at://did:plc:4bwzn4ayvrvtiukfuwnz2i65/app.bsky.feed.post/3mwwaghkeb22m,label,-5.0,usapolling,
senate,GA,Wedgewood Polls,2026-10-03,Ossoff,Collins,GA,D,55.0,45.0,0.0,0.0,,1.5,2026-10-03,False,at://did:plc:4bwzn4ayvrvtiukfuwnz2i65/app.bsky.feed.post/3mwyxryjvf22a,,10.0,usapolling,
governor,GA,Wedgewood Polls,2026-10-03,Bottoms,Jackson,GA,D,49.0,51.0,0.0,0.0,,1.5,2026-10-03,False,at://did:plc:4bwzn4ayvrvtiukfuwnz2i65/app.bsky.feed.post/3mwyxryjvf22a,,-2.0,usapolling,
governor,KS,Siena,2026-09-30,Holscher,Masterson,KS,D,44.0,49.0,0.0,7.0,,1.5,2026-10-03,False,at://did:plc:4bwzn4ayvrvtiukfuwnz2i65/app.bsky.feed.post/3mwy57qep6k2e,,-5.0,usapolling,
senate,KS,Siena,2026-09-30,Hamilton,Marshall,KS,D,45.0,45.0,0.0,10.0,,1.5,2026-10-03,False,at://did:plc:4bwzn4ayvrvtiukfuwnz2i65/app.bsky.feed.post/3mwy55utcjk2e,,0.0,usapolling,
governor,AK,Siena,2026-09-30,Kreiss-Tomkins,Wilson,AK,D,52.0,48.0,0.0,0.0,,1.5,2026-10-03,False,at://did:plc:4bwzn4ayvrvtiukfuwnz2i65/app.bsky.feed.post/3mwy4zoy32c2e,,4.0,usapolling,
governor,IA,Siena,2026-09-30,Sand,Lahn,IA,D,52.0,41.0,0.0,7.0,,1.5,2026-10-03,False,at://did:plc:4bwzn4ayvrvtiukfuwnz2i65/app.bsky.feed.post/3mwy4yvli4k2e,,11.0,usapolling,
senate,TX,Siena,2026-09-30,Talarico,Paxton,TX,D,51.0,45.0,0.0,4.0,,1.5,2026-10-03,False,at://did:plc:4bwzn4ayvrvtiukfuwnz2i65/app.bsky.feed.post/3mwy4opsdms2e,,6.0,usapolling,
governor,TX,Siena,2026-09-30,Hinojosa,Abbott,TX,D,49.0,46.0,0.0,5.0,,1.5,2026-10-03,False,at://did:plc:4bwzn4ayvrvtiukfuwnz2i65/app.bsky.feed.post/3mwy4opsdms2e,,3.0,usapolling,
senate,IA,Siena,2026-10-01,Turek,Hinson,IA,D,47.0,48.0,0.0,5.0,,1.5,2026-10-03,False,at://did:plc:4bwzn4ayvrvtiukfuwnz2i65/app.bsky.feed.post/3mwy4zh2zfc2e,,-1.0,usapolling,
governor,NM,SurveyUSA,2026-09-30,Haaland,Hull,NM,D,47.0,41.0,0.0,12.0,,1.5,2026-10-05,False,at://did:plc:4bwzn4ayvrvtiukfuwnz2i65/app.bsky.feed.post/3mx57gxydkk2k,,6.0,usapolling,
governor,CA,IVC Media,2026-10-02,Becerra,Hilton,CA,D,48.0,38.0,0.0,14.0,,1.5,2026-10-05,False,at://did:plc:4bwzn4ayvrvtiukfuwnz2i65/app.bsky.feed.post/3mx57k5yok22k,,10.0,usapolling,
senate,ME,Maine People's Resource,2026-09-29,Jackson,Collins,ME,D,50.0,47.0,0.0,3.0,,1.5,2026-10-05,False,at://did:plc:4bwzn4ayvrvtiukfuwnz2i65/app.bsky.feed.post/3mx5b4l7dds2a,,3.0,usapolling,
governor,CA,IVC Media,2026-09-28,Xavier Becerra,Steve Hilton,CA,D,48.0,38.0,0.0,14.0,2906,1.5,2026-10-05,False,at://did:plc:3dobmrc6cl62xehkuscyv36p/app.bsky.feed.post/3mx522jcj6p2p,,10.0,pollresults,lv
governor,CA,TrueDot,2026-09-14,Xavier Becerra,Steve Hilton,CA,D,51.0,35.0,0.0,14.0,1983,1.5,2026-09-25,False,at://did:plc:3dobmrc6cl62xehkuscyv36p/app.bsky.feed.post/3mwdy2uonjs2s,,16.0,pollresults,lv
governor,CA,University of California Berkeley Institute of Governmental Studies,2026-09-20,Xavier Becerra,Steve Hilton,CA,D,58.0,33.0,0.0,9.0,4512,1.5,2026-09-24,False,at://did:plc:3dobmrc6cl62xehkuscyv36p/app.bsky.feed.post/3mwb6chwxyl2s,,25.0,pollresults,lv
governor,CT,University of New Hampshire,2026-09-21,Ned Lamont,Ryan Fazio,CT,D,55.0,38.0,0.0,7.0,540,1.5,2026-09-24,False,at://did:plc:3dobmrc6cl62xehkuscyv36p/app.bsky.feed.post/3mwc2p6rjrp2f,,17.0,pollresults,lv
governor,ME,co/efficient,2026-09-30,Hannah Pingree,Bobby Charles,ME,D,47.0,38.0,6.0,9.0,1240,1.5,2026-09-30,False,at://did:plc:3dobmrc6cl62xehkuscyv36p/app.bsky.feed.post/3mwr6ey5nfh2z,,9.0,pollresults,lv
governor,MI,Beacon Research/Shaw & Company Research,2026-09-28,Jocelyn Benson,John James,MI,D,54.5,44.5,0.0,1.0,1203,1.5,2026-10-01,False,at://did:plc:3dobmrc6cl62xehkuscyv36p/app.bsky.feed.post/3mwsuwlfdvh2i,,10.0,pollresults,rv
governor,MI,Michigan State University Institute for Public Policy and Social Research/YouGov,2026-08-20,Jocelyn Benson,John James,MI,D,50.5,41.0,0.0,8.5,913,1.5,2026-09-24,False,at://did:plc:3dobmrc6cl62xehkuscyv36p/app.bsky.feed.post/3mwbfkw6ku42l,,9.5,pollresults,rv
governor,MI,The Washington Post/George Mason University School of Policy and Government,2026-09-14,Jocelyn Benson,John James,MI,D,53.0,41.0,0.0,6.0,803,1.5,2026-09-17,False,at://did:plc:3dobmrc6cl62xehkuscyv36p/app.bsky.feed.post/3mvpx2yi2n42p,,12.0,pollresults,lv
governor,NH,The New York Times/Siena University,2026-09-22,Cinde Warmington,Kelly Ayotte,NH,D,40.8,52.3,0.0,6.8,613,1.5,2026-09-25,False,at://did:plc:3dobmrc6cl62xehkuscyv36p/app.bsky.feed.post/3mwdpw6ej4d2c,,-11.5,pollresults,lv
governor,NH,co/efficient,2026-09-11,Cinde Warmington,Kelly Ayotte,NH,D,34.0,55.0,0.0,11.0,958,1.5,2026-09-15,False,at://did:plc:3dobmrc6cl62xehkuscyv36p/app.bsky.feed.post/3mvkss7i6ak2b,,-21.0,pollresults,lv
governor,NY,Moxie Strategies,2026-07-28,Kathy Hochul,Bruce Blakeman,NY,D,49.0,37.0,0.0,14.0,813,1.5,2026-09-21,False,at://did:plc:3dobmrc6cl62xehkuscyv36p/app.bsky.feed.post/3mw2kjmejlb2c,,12.0,pollresults,a
governor,OH,Big Data Poll,2026-09-27,Amy Acton,Vivek Ramaswamy,OH,D,46.4,47.4,6.2,0.0,735,1.5,2026-09-29,False,at://did:plc:3dobmrc6cl62xehkuscyv36p/app.bsky.feed.post/3mwokj7m3722u,,-1.0,pollresults,rv
governor,OH,The New York Times/Siena University,2026-10-01,Amy Acton,Vivek Ramaswamy,OH,D,49.0,45.0,0.0,6.0,616,1.5,2026-10-03,False,at://did:plc:3dobmrc6cl62xehkuscyv36p/app.bsky.feed.post/3mwxk6g6osp2c,,4.0,pollresults,lv
governor,TX,Emerson College,2026-09-14,Gina Hinojosa,Greg Abbott,TX,D,46.0,49.0,2.0,3.0,1000,1.5,2026-09-17,False,at://did:plc:3dobmrc6cl62xehkuscyv36p/app.bsky.feed.post/3mvpxw4f6wm2b,,-3.0,pollresults,lv
governor,TX,Fabrizio Ward/Impact Research,2026-09-01,Gina Hinojosa,Greg Abbott,TX,D,46.0,49.0,0.0,5.0,895,1.5,2026-09-10,False,at://did:plc:3dobmrc6cl62xehkuscyv36p/app.bsky.feed.post/3mv6hz22gvv25,,-3.0,pollresults,lv
governor,TX,Stratus Intelligence,2026-09-24,Gina Hinojosa,Greg Abbott,TX,D,45.0,50.0,0.0,5.0,865,1.5,2026-09-28,False,at://did:plc:3dobmrc6cl62xehkuscyv36p/app.bsky.feed.post/3mwlg2x6ugn2t,,-5.0,pollresults,lv
house,KY-6,GQR (D),2026-09-30,Zach Dembo,Ralph Alvarado,KY,D,42.0,37.0,0.0,21.0,401,1.5,2026-10-02,False,at://did:plc:3dobmrc6cl62xehkuscyv36p/app.bsky.feed.post/3mwvxddcaje2k,nyt,5.0,pollresults,lv
house,ME-1,University of New Hampshire,2026-09-21,Chellie Pingree,Ronald Russell,ME,D,57.0,35.0,0.0,8.0,657,1.5,2026-09-24,False,at://did:plc:3dobmrc6cl62xehkuscyv36p/app.bsky.feed.post/3mwc2uk4nph2s,,22.0,pollresults,lv
house,ME-2,Tulchin Research (D),2026-09-30,Matt Dunlap,Paul LePage,ME,D,50.0,48.0,0.0,2.0,500,1.5,2026-10-02,False,at://did:plc:3dobmrc6cl62xehkuscyv36p/app.bsky.feed.post/3mwvgmjteay2j,nyt,2.0,pollresults,lv
house,MN-1,GBAO,2026-09-21,Jake Johnson,Brad Finstad,MN,D,47.0,46.0,0.0,7.0,500,1.5,2026-09-24,False,at://did:plc:3dobmrc6cl62xehkuscyv36p/app.bsky.feed.post/3mwbviv7mds2j,,1.0,pollresults,lv
house,NH-1,University of New Hampshire,2026-09-21,Stefany Shaheen,Anthony DiLorenzo,NH,D,46.0,42.0,0.0,12.0,707,1.5,2026-09-24,False,at://did:plc:3dobmrc6cl62xehkuscyv36p/app.bsky.feed.post/3mwc274oqxf2r,,4.0,pollresults,lv
house,NY-17,McLaughlin & Associates (R),2026-09-30,Cait Conley,Mike Lawler,NY,D,47.0,50.0,0.0,3.0,400,1.5,2026-10-02,False,at://did:plc:3dobmrc6cl62xehkuscyv36p/app.bsky.feed.post/3mwvhacoobr2y,nyt,-3.0,pollresults,lv
house,OH-15,Hart Research Associates (D),2026-09-24,Don Leonard,Mike Carey,OH,D,46.0,45.0,0.0,9.0,500,1.5,2026-09-28,False,at://did:plc:3dobmrc6cl62xehkuscyv36p/app.bsky.feed.post/3mwlwjmajxq2z,nyt,1.0,pollresults,lv
house,SC-1,co/efficient,2026-10-01,Nancy Lacore,Jenny Costa Honeycutt,SC,D,40.0,46.0,4.0,10.0,837,1.5,2026-10-02,False,at://did:plc:3dobmrc6cl62xehkuscyv36p/app.bsky.feed.post/3mww4smavsr2j,,-6.0,pollresults,lv
house,SD-1,Lake Research Partners (D),2026-08-30,Nikki Gronli,Marty Jackley,SD,D,43.0,47.0,0.0,10.0,500,1.5,2026-10-01,False,at://did:plc:3dobmrc6cl62xehkuscyv36p/app.bsky.feed.post/3mwtol67fdn2n,nyt,-4.0,pollresults,lv
house,TX-10,Change Research (D),2026-09-22,Caitlin Rourk,Chris Gober,TX,D,41.0,48.0,0.0,11.0,613,1.5,2026-10-01,False,at://did:plc:3dobmrc6cl62xehkuscyv36p/app.bsky.feed.post/3mwswv7pyge2e,nyt,-7.0,pollresults,lv
house,TX-15,"Normington, Petts & Associates (D)",2026-09-28,Bobby Pulido,Monica De La Cruz,TX,D,54.0,41.0,0.0,5.0,400,1.5,2026-10-01,False,at://did:plc:3dobmrc6cl62xehkuscyv36p/app.bsky.feed.post/3mwsyh5o3h42q,nyt,13.0,pollresults,lv
house,UT-1,Lighthouse Research,2026-09-10,Ben McAdams,Riley Owen,UT,D,62.7,21.2,8.0,8.1,515,1.5,2026-10-01,False,at://did:plc:3dobmrc6cl62xehkuscyv36p/app.bsky.feed.post/3mwsx7oowby2d,,41.5,pollresults,rv
house,UT-2,Lighthouse Research,2026-09-24,Peter Crosby,Blake Moore,UT,D,34.0,39.0,13.9,13.1,515,1.5,2026-10-01,False,at://did:plc:3dobmrc6cl62xehkuscyv36p/app.bsky.feed.post/3mwsxipy5qi2f,,-5.0,pollresults,rv
house,UT-4,Lighthouse Research,2026-09-17,Jonny Larsen,Mike Kennedy,UT,D,32.9,41.7,11.0,14.4,513,1.5,2026-10-01,False,at://did:plc:3dobmrc6cl62xehkuscyv36p/app.bsky.feed.post/3mwt3e5t6eg2i,,-8.800000000000004,pollresults,rv
house,VA-1,The Washington Post/George Mason University Schar School of Policy and Government,2026-09-28,Shannon Taylor,Robert Wittman,VA,D,50.0,46.0,0.0,4.0,609,1.5,2026-10-01,False,at://did:plc:3dobmrc6cl62xehkuscyv36p/app.bsky.feed.post/3mwsr2ykb6x2e,,4.0,pollresults,lv
house,VA-5,The Washington Post/George Mason University Schar School of Policy and Government,2026-09-28,Tom Perriello,John McGuire,VA,D,45.0,51.0,0.0,4.0,600,1.5,2026-10-01,False,at://did:plc:3dobmrc6cl62xehkuscyv36p/app.bsky.feed.post/3mwsr2xwbk62q,,-6.0,pollresults,lv
house,VA-6,co/efficient,2026-09-30,Beth Macy,Ben Cline,VA,D,29.0,59.0,0.0,12.0,791,1.5,2026-10-02,False,at://did:plc:3dobmrc6cl62xehkuscyv36p/app.bsky.feed.post/3mww5zv3a3y2c,,-30.0,pollresults,lv
house,VT-1,Braun Research,2026-09-21,Becca Balint,Gerald Malloy,VT,D,45.1,29.3,3.8,21.8,817,1.5,2026-09-28,False,at://did:plc:3dobmrc6cl62xehkuscyv36p/app.bsky.feed.post/3mwlhai46hz2u,,15.8,pollresults,a
house,VT-1,University of New Hampshire,2026-09-21,Becca Balint,Gerald Malloy,VT,D,66.0,30.0,1.0,3.0,830,1.5,2026-09-24,False,at://did:plc:3dobmrc6cl62xehkuscyv36p/app.bsky.feed.post/3mwc2jtd2ca2x,,36.0,pollresults,lv
house,WI-1,DCCC Targeting Team (D),2026-09-23,Mitchell Berman,Bryan Steil,WI,D,48.0,48.0,0.0,4.0,495,1.5,2026-09-29,False,at://did:plc:3dobmrc6cl62xehkuscyv36p/app.bsky.feed.post/3mwo2g7wrve22,nyt,0.0,pollresults,lv
house,WI-1,Impact Research (D),2026-10-01,Mitchell Berman,Bryan Steil,WI,D,48.0,47.0,0.0,5.0,500,1.5,2026-10-04,False,at://did:plc:3dobmrc6cl62xehkuscyv36p/app.bsky.feed.post/3mx2p3urlgz27,nyt,1.0,pollresults,lv
senate,AK,Quantus Insights,2026-09-30,Mary Peltola,Dan Sullivan,AK,D,46.4,46.6,1.6,5.4,758,1.5,2026-10-02,False,at://did:plc:3dobmrc6cl62xehkuscyv36p/app.bsky.feed.post/3mwvli6f2ar2k,,-0.20000000000000284,pollresults,lv
senate,AK,The New York Times/Siena University,2026-10-01,Mary Peltola,Dan Sullivan,AK,D,50.1,43.1,0.0,6.9,504,1.5,2026-10-03,False,at://did:plc:3dobmrc6cl62xehkuscyv36p/app.bsky.feed.post/3mwxkbw7xay27,,7.0,pollresults,lv
senate,AK,Trafalgar Group,2026-09-24,Mary Peltola,Dan Sullivan,AK,D,45.5,46.8,3.5,4.2,1079,1.5,2026-09-26,False,at://did:plc:3dobmrc6cl62xehkuscyv36p/app.bsky.feed.post/3mwghuicu6o2u,,-1.2999999999999972,pollresults,lv
senate,FL,Quantus Insights,2026-09-10,Angie Nixon,Ashley Moody,FL,D,42.7,50.1,0.0,7.2,733,1.5,2026-09-11,False,at://did:plc:3dobmrc6cl62xehkuscyv36p/app.bsky.feed.post/3mvavxlr5mo2c,,-7.399999999999999,pollresults,lv
senate,IA,Trafalgar Group,2026-09-18,Josh Turek,Ashley Hinson,IA,D,42.1,44.0,3.4,10.5,1089,1.5,2026-09-19,False,at://did:plc:3dobmrc6cl62xehkuscyv36p/app.bsky.feed.post/3mvvlasosmv2r,,-1.8999999999999986,pollresults,lv
senate,KS,Global Strategy Group (D),2026-09-16,Adam Hamilton,Roger Marshall,KS,D,48.0,45.0,2.5,4.5,800,1.5,2026-10-02,False,at://did:plc:3dobmrc6cl62xehkuscyv36p/app.bsky.feed.post/3mwvfvlilbn26,nyt,3.0,pollresults,lv
senate,KS,Trafalgar Group (R),2026-10-01,Adam Hamilton,Roger Marshall,KS,D,44.4,43.5,2.0,10.1,1095,1.5,2026-10-02,False,at://did:plc:3dobmrc6cl62xehkuscyv36p/app.bsky.feed.post/3mwwcmk73yu2y,nyt,0.8999999999999986,pollresults,lv
senate,KS,Wedgewood Polls,2026-09-24,Adam Hamilton,Roger Marshall,KS,D,50.0,48.0,2.0,0.0,500,1.5,2026-09-24,False,at://did:plc:3dobmrc6cl62xehkuscyv36p/app.bsky.feed.post/3mwcbfr43qa2n,,2.0,pollresults,lv
senate,ME,Trafalgar Group (R),2026-10-01,Troy Jackson,Susan Collins,ME,D,46.2,45.9,0.0,7.9,1091,1.5,2026-10-02,False,at://did:plc:3dobmrc6cl62xehkuscyv36p/app.bsky.feed.post/3mwwdvmyqfv2a,nyt,0.30000000000000426,pollresults,lv
senate,ME,Wedgewood Polls,2026-10-01,Troy Jackson,Susan Collins,ME,D,52.0,48.0,0.0,0.0,400,1.5,2026-10-01,False,at://did:plc:3dobmrc6cl62xehkuscyv36p/app.bsky.feed.post/3mwtr5ubgq72s,,4.0,pollresults,lv
senate,ME,co/efficient,2026-09-30,Troy Jackson,Susan Collins,ME,D,46.0,48.0,0.0,6.0,1240,1.5,2026-09-30,False,at://did:plc:3dobmrc6cl62xehkuscyv36p/app.bsky.feed.post/3mwr6ddp37d2u,,-2.0,pollresults,lv
senate,MI,Beacon Research/Shaw & Company Research,2026-09-28,Abdul El-Sayed,Mike Rogers,MI,D,50.5,48.5,0.0,1.0,1028,1.5,2026-09-30,False,at://did:plc:3dobmrc6cl62xehkuscyv36p/app.bsky.feed.post/3mwrf222ajw2n,,2.0,pollresults,lv
senate,MI,GBAO,2026-09-22,Abdul El-Sayed,Mike Rogers,MI,D,48.0,44.0,0.0,8.0,800,1.5,2026-09-28,False,at://did:plc:3dobmrc6cl62xehkuscyv36p/app.bsky.feed.post/3mwlfktmvoi27,,4.0,pollresults,lv
senate,MI,Michigan State University Institute for Public Policy and Social Research/YouGov,2026-08-20,Abdul El-Sayed,Mike Rogers,MI,D,49.0,44.5,0.0,6.5,913,1.5,2026-09-24,False,at://did:plc:3dobmrc6cl62xehkuscyv36p/app.bsky.feed.post/3mwbftubwki2c,,4.5,pollresults,rv
senate,MI,Trafalgar Group,2026-09-09,Abdul El-Sayed,Mike Rogers,MI,D,46.3,44.8,2.1,6.8,1079,1.5,2026-09-11,False,at://did:plc:3dobmrc6cl62xehkuscyv36p/app.bsky.feed.post/3mvauc73lqx2y,,1.5,pollresults,lv
senate,MI,Trafalgar Group (R),2026-09-30,Abdul El-Sayed,Mike Rogers,MI,D,46.9,45.1,2.9,5.1,1085,1.5,2026-10-02,False,at://did:plc:3dobmrc6cl62xehkuscyv36p/app.bsky.feed.post/3mwvfbqjfha2j,nyt,1.7999999999999972,pollresults,lv
senate,MN,Big Data Poll,2026-09-30,Peggy Flanagan,Michele Tafoya,MN,D,45.8,43.6,10.6,0.0,622,1.5,2026-10-02,False,at://did:plc:3dobmrc6cl62xehkuscyv36p/app.bsky.feed.post/3mwvt6rkbqe23,,2.1999999999999957,pollresults,lv
senate,MN,Quantus Insights,2026-09-10,Peggy Flanagan,Michele Tafoya,MN,D,48.2,44.4,0.0,7.4,720,1.5,2026-09-11,False,at://did:plc:3dobmrc6cl62xehkuscyv36p/app.bsky.feed.post/3mvavxlaced2y,,3.8000000000000043,pollresults,lv
senate,MT,Quantus Insights,2026-09-15,Seth Bodnar,Kurt Alme,MT,I,24.0,44.0,23.0,9.0,625,1.5,2026-09-18,False,at://did:plc:3dobmrc6cl62xehkuscyv36p/app.bsky.feed.post/3mvsnfxxsnl25,,-20.0,pollresults,lv
senate,NC,East Carolina University,2026-09-03,Roy Cooper,Michael Whatley,NC,D,52.0,44.0,4.0,0.0,675,1.5,2026-09-11,False,at://did:plc:3dobmrc6cl62xehkuscyv36p/app.bsky.feed.post/3mvasmfy3xi2c,,8.0,pollresults,lv
senate,NC,Elon University/YouGov,2026-08-31,Roy Cooper,Michael Whatley,NC,D,49.0,38.0,4.0,9.0,565,1.5,2026-09-10,False,at://did:plc:3dobmrc6cl62xehkuscyv36p/app.bsky.feed.post/3mv6fiit4un2y,,11.0,pollresults,lv
senate,NC,Opinion Diagnostics,2026-09-20,Roy Cooper,Michael Whatley,NC,D,52.0,44.0,0.0,4.0,857,1.5,2026-09-25,False,at://did:plc:3dobmrc6cl62xehkuscyv36p/app.bsky.feed.post/3mweplkgo5s2f,,8.0,pollresults,lv
senate,NE,GBAO,2026-04-20,Dan Osborn,Pete Ricketts,NE,I,46.0,45.0,0.0,9.0,800,1.5,2026-09-28,False,at://did:plc:3dobmrc6cl62xehkuscyv36p/app.bsky.feed.post/3mwlmxx4nlk25,,1.0,pollresults,lv
senate,NE,GBAO,2026-07-26,Dan Osborn,Pete Ricketts,NE,I,47.0,47.0,0.0,6.0,800,1.5,2026-09-28,False,at://did:plc:3dobmrc6cl62xehkuscyv36p/app.bsky.feed.post/3mwlmn7sxuk2s,,0.0,pollresults,lv
senate,NH,Trafalgar Group,2026-09-27,Chris Pappas,John Sununu,NH,D,47.4,40.5,1.1,11.0,1090,1.5,2026-09-28,False,at://did:plc:3dobmrc6cl62xehkuscyv36p/app.bsky.feed.post/3mwl2oobzhp2z,,6.899999999999999,pollresults,lv
senate,OH,The New York Times/Siena University,2026-10-01,Sherrod Brown,Jon Husted,OH,D,48.8,46.1,0.0,5.2,616,1.5,2026-10-03,False,at://did:plc:3dobmrc6cl62xehkuscyv36p/app.bsky.feed.post/3mwxk6fpejh2p,,2.6999999999999957,pollresults,lv
senate,OH,Trafalgar Group,2026-09-16,Sherrod Brown,Jon Husted,OH,D,45.0,42.0,0.0,13.0,1085,1.5,2026-09-18,False,at://did:plc:3dobmrc6cl62xehkuscyv36p/app.bsky.feed.post/3mvsnfww3mc2j,,3.0,pollresults,lv
senate,RI,University of New Hampshire,2026-09-21,Jack Reed,Raymond McKay,RI,D,53.0,33.0,5.0,9.0,595,1.5,2026-09-24,False,at://did:plc:3dobmrc6cl62xehkuscyv36p/app.bsky.feed.post/3mwc2zve4gr2u,,20.0,pollresults,lv
senate,SC,InsiderAdvantage,2026-09-29,Annie Andrews,Darline Graham,SC,D,45.0,46.0,5.0,4.0,1200,1.5,2026-10-02,False,at://did:plc:3dobmrc6cl62xehkuscyv36p/app.bsky.feed.post/3mwvi6yydaf2n,,-1.0,pollresults,lv
senate,SC,Trafalgar Group,2026-09-25,Annie Andrews,Darline Graham,SC,D,42.3,43.4,0.0,14.3,1087,1.5,2026-09-26,False,at://did:plc:3dobmrc6cl62xehkuscyv36p/app.bsky.feed.post/3mwhbsjfnzm2l,,-1.1000000000000014,pollresults,lv
senate,TX,Emerson College,2026-09-14,James Talarico,Ken Paxton,TX,D,47.0,46.0,2.0,5.0,1000,1.5,2026-09-17,False,at://did:plc:3dobmrc6cl62xehkuscyv36p/app.bsky.feed.post/3mvpx2zjiox2s,,1.0,pollresults,lv
senate,TX,Pulse Decision Science (R),2026-09-27,James Talarico,Ken Paxton,TX,D,45.0,48.0,0.0,7.0,800,1.5,2026-09-29,False,at://did:plc:3dobmrc6cl62xehkuscyv36p/app.bsky.feed.post/3mwoskpoael2c,nyt,-3.0,pollresults,lv
governor,AL,yes. every kid. foundation.,2026-07-11,Doug Jones,Tuberville,AL,D,41.0,49.0,0.0,10.0,601.0,1.5,2026-07-11,False,https://yeseverykidfoundation.org/alabama-likely-voters-support-fully-funding-the-choose-act/,,-8.0,pollresults_site,lv
governor,AR,Hendrix College,2026-08-12,F. Love,Sanders,AR,D,40.0,45.0,0.0,15.0,1217.0,1.5,2026-08-12,False,https://talkbusiness.net/2026/08/poll-gov-sanders-holds-lead-over-two-opponents/,,-5.0,pollresults_site,lv
governor,AZ,Fabrizio Ward/Impact Research,2026-07-28,Hobbs,Biggs,AZ,D,52.0,44.0,0.0,4.0,913.0,1.5,2026-07-28,False,https://www.aarp.org/content/dam/aarp/research/topics/voter-opinion-research/politics/2026-midterm-election-poll-arizona.doi.10.26419-2fres.01065.007.pdf,,8.0,pollresults_site,lv
governor,AZ,GrayHouse (R),2026-08-11,Hobbs,Biggs,AZ,D,49.0,45.0,0.0,6.0,600.0,1.5,2026-08-11,False,https://x.com/Garrett_Archer/status/2092290028697506071,,4.0,pollresults_site,lv
governor,AZ,HighGround,2026-08-18,Hobbs,Biggs,AZ,D,49.5,34.3,0.0,16.2,400.0,1.5,2026-08-18,False,https://azhighground.com/hobbs-builds-double-digit-lead-in-arizona/,,15.200000000000003,pollresults_site,lv
governor,AZ,Kreate Strategies (R),2026-08-16,Hobbs,Biggs,AZ,D,45.0,40.0,0.0,15.0,900.0,1.5,2026-08-16,False,https://x.com/AmericanEncore/status/2090601186273731039?s=46,,5.0,pollresults_site,lv
governor,AZ,NextGenP,2026-08-19,Hobbs,Biggs,AZ,D,39.0,37.5,0.0,23.5,1378.0,1.5,2026-08-19,False,https://nxtgenp.com/post/new-blog-post-6092,,1.5,pollresults_site,rv
governor,AZ,Noble Predictive Insights,2026-08-13,Hobbs,Biggs,AZ,D,46.18,32.34,0.0,21.48,1040.0,1.5,2026-08-13,False,https://www.noblepredictiveinsights.com/post/katie-hobbs-leads-andy-biggs-in-the-grand-canyon-state,,13.839999999999996,pollresults_site,rv
governor,AZ,Quantus Insights (R),2026-08-17,Hobbs,Biggs,AZ,D,49.1,43.2,0.0,7.7,780.0,1.5,2026-08-17,False,https://quantusinsights.org/f/arizona-2026-hobbs-holds-the-edge,,5.899999999999999,pollresults_site,lv
governor,AZ,Stealth Analytics,2026-08-13,Hobbs,Biggs,AZ,D,43.0,38.0,0.0,19.0,530.0,1.5,2026-08-13,False,https://www.stealth-analytics.com/dispatches/az-general-lv-statewide-august-2026,,5.0,pollresults_site,lv
governor,AZ,Tarrance Group (R),2026-07-30,Hobbs,Biggs,AZ,D,52.0,48.0,0.0,0.0,600.0,1.5,2026-07-30,False,https://www.democracydefensefoundation.org/news/az/new-poll-arizona-voters-remain-concerned-about-election-integrity-headed-into-general-election,,4.0,pollresults_site,lv
governor,CA,Kreate Strategies (R),2026-06-17,Becerra,Hilton,CA,D,58.0,33.0,0.0,9.0,900.0,1.5,2026-06-17,False,https://kstrat.net/press/california-2026-governor-becerra-leads-hilton-june,,25.0,pollresults_site,rv
governor,CA,Public Policy Institute of California,2026-07-06,Becerra,Hilton,CA,D,61.0,36.0,0.0,3.0,1003.0,1.5,2026-07-06,False,https://www.ppic.org/publication/ppic-statewide-survey-californians-and-the-environment-july-2026/,,25.0,pollresults_site,lv
governor,CA,University of California Berkeley Institute of Governmental Studies,2026-05-24,Becerra,Hilton,CA,D,52.0,31.0,0.0,17.0,8578.0,1.5,2026-05-24,False,https://www.latimes.com/california/story/2026-05-28/poll-shows-bass-raman-pratt-in-tight-race-for-mayor,,21.0,pollresults_site,rv
governor,CA,University of California Berkeley Institute of Governmental Studies,2026-08-09,Becerra,Hilton,CA,D,55.0,37.0,0.0,8.0,2310.0,1.5,2026-08-09,False,https://www.latimes.com/california/story/2026-08-13/becerra-holds-strong-lead-over-hilton-in-race-for-california-governor-poll,,18.0,pollresults_site,lv
governor,CT,GreatBlue Research,2026-09-08,Ned Lamont,Fazio,CT,D,52.2,36.5,0.0,11.3,1000.0,1.5,2026-09-08,False,https://s3.documentcloud.org/documents/28617367/shu-ct-gubernatorial-race-poll-91426.pdf,,15.700000000000003,pollresults_site,rv
governor,CT,University of New Hampshire,2026-06-23,Ned Lamont,Fazio,CT,D,49.0,36.0,0.0,15.0,821.0,1.5,2026-06-23,False,https://scholars.unh.edu/survey_center_polls/972/,,13.0,pollresults_site,lv
governor,CT,University of New Hampshire,2026-08-24,Ned Lamont,Fazio,CT,D,52.0,37.0,0.0,11.0,803.0,1.5,2026-08-24,False,https://scholars.unh.edu/survey_center_polls/994/,,15.0,pollresults_site,lv
governor,FL,Change Research (D),2026-05-16,Jolly,Donalds,FL,D,41.0,43.0,0.0,16.0,2070.0,1.5,2026-05-16,False,https://changeresearch.com/florida-governors-race-may-2026/,,-2.0,pollresults_site,rv
governor,FL,Hart Research Associates (D),2026-08-13,Jolly,Donalds,FL,D,46.0,45.0,0.0,9.0,600.0,1.5,2026-08-13,False,https://democraticgovernors.org/updates/new-poll-shows-david-jolly-leading-congressman-byron-donalds-in-the-florida-governors-race/,,1.0,pollresults_site,lv
governor,FL,Kaplan Strategies,2026-06-09,Jolly,Donalds,FL,D,29.8,34.9,0.0,35.3,668.0,1.5,2026-06-09,False,https://www.prnewswire.com/news-releases/new-poll-shows-frank-j-russo-gaining-meaningful-traction-in-florida-governors-race-302800453.html,,-5.099999999999998,pollresults_site,lv
governor,FL,Targoz Market Research,2026-07-26,Jolly,Donalds,FL,D,38.0,45.0,17.0,0.0,1026.0,1.5,2026-07-26,False,https://jamesmadison.org/wp-content/uploads/JMI-July-2026-Marginals.pdf,,-7.0,pollresults_site,lv
governor,FL,University of North Florida,2026-07-17,Jolly,Donalds,FL,D,41.4,46.1,0.0,12.5,848.0,1.5,2026-07-17,False,https://floridapolitics.com/archives/808426-unf-poll-jolly-donalds/,,-4.700000000000003,pollresults_site,lv
governor,GA,Beacon Research/Shaw & Company Research,2026-06-27,Bottoms,Rick Jackson,GA,D,52.0,47.0,0.0,1.0,1002.0,1.5,2026-06-27,False,https://www.foxnews.com/politics/fox-news-poll-early-look-georgia-senate-race,,5.0,pollresults_site,rv
governor,GA,Concord Public Opinion Partners (D),2026-06-02,Bottoms,Rick Jackson,GA,D,53.0,38.0,0.0,9.0,510.0,1.5,2026-06-02,False,https://acrobat.adobe.com/id/urn:aaid:sc:US:29f66864-4f32-47fe-b5e2-85322b2a761b,,15.0,pollresults_site,lv
governor,GA,Fabrizio Ward/Impact Research,2026-07-16,Bottoms,Rick Jackson,GA,D,48.0,46.0,0.0,6.0,1060.0,1.5,2026-07-16,False,https://www.aarp.org/pri/topics/voter-research/politics/2026-midterm-election-poll-georgia/,,2.0,pollresults_site,lv
governor,GA,InsiderAdvantage (R),2026-08-17,Bottoms,Rick Jackson,GA,D,46.2,46.3,0.0,7.5,800.0,1.5,2026-08-17,False,https://jamesmagazinega.com/2026/08/18/exclusive-jmo-insideradvantage-georgia-survey-ossoff-leads-jackson-lance-bottoms-tied/,,-0.09999999999999432,pollresults_site,lv
governor,GA,Quantus Insights (R),2026-08-01,Bottoms,Rick Jackson,GA,D,46.4,44.9,0.0,8.7,815.0,1.5,2026-08-01,False,https://quantusinsights.org/f/georgia-voters-put-affordability-first-as-2026-races-tighten,,1.5,pollresults_site,lv
governor,GA,State Navigate,2026-07-13,Bottoms,Rick Jackson,GA,D,51.0,44.0,0.0,5.0,448.0,1.5,2026-07-13,False,https://statenavigate.org/wp-content/uploads/2026/07/GA_Statewide_July_StateNav_Briefing_PartyID-1.pdf,,7.0,pollresults_site,lv
governor,GA,Wick,2026-06-30,Bottoms,Rick Jackson,GA,D,42.7,43.2,0.0,14.1,1175.0,1.5,2026-06-30,False,https://wick.io/research-georgia-election-survey-june-2026,,-0.5,pollresults_site,lv
governor,IA,Beacon Research/Shaw & Company Research,2026-06-27,Sand,Lahn,IA,D,53.0,44.0,0.0,3.0,1003.0,1.5,2026-06-27,False,https://www.foxnews.com/politics/fox-news-poll-close-senate-contest-brewing-iowa,,9.0,pollresults_site,rv
governor,IA,Cygnal Political,2026-06-19,Sand,Lahn,IA,D,47.7,43.4,0.0,8.9,600.0,1.5,2026-06-19,False,https://taxrelief.org/itr-foundation-poll-shows-iowans-want-taxpayer-protection/,,4.300000000000004,pollresults_site,lv
governor,IA,Emerson College,2026-08-04,Sand,Lahn,IA,D,48.4,42.69,0.0,8.91,712.0,1.5,2026-08-04,False,https://emersoncollegepolling.com/iowa-2026-poll/,,5.710000000000001,pollresults_site,lv
governor,IA,Emerson College,2026-09-01,Sand,Lahn,IA,D,48.64,45.52,0.0,5.84,750.0,1.5,2026-09-01,False,https://emersoncollegepolling.com/iowa-2026-poll-hinson-leads-turek/,,3.1199999999999974,pollresults_site,lv
governor,IA,Suffolk University,2026-08-23,Sand,Lahn,IA,D,47.8,43.6,0.0,8.6,500.0,1.5,2026-08-23,False,https://www.suffolk.edu/academics/research-at-suffolk/political-research-center/polls/other-states#collapse-August-26-2026-Iowa-Governor-and-US-Senate-General-Election,,4.199999999999996,pollresults_site,lv
governor,IA,The New York Times/Siena University,2026-06-27,Sand,Lahn,IA,D,48.19,46.54,0.0,5.27,600.0,1.5,2026-06-27,False,https://www.nytimes.com/interactive/2026/07/01/polls/times-siena-iowa-poll-crosstabs.html,,1.6499999999999986,pollresults_site,lv
governor,IA,Wedgewood Polls,2026-08-29,Sand,Lahn,IA,D,51.0,46.0,0.0,3.0,600.0,1.5,2026-08-29,False,https://drive.google.com/file/d/1db0gbhfCa_aNzU7yfM3dufl601cW1FbY/view?usp=drivesdk,,5.0,pollresults_site,lv
governor,ID,Change Research (D),2026-07-30,Stegner,Little,ID,I,32.0,47.0,0.0,21.0,1213.0,1.5,2026-07-30,False,https://static1.squarespace.com/static/69781c4082a86d0a267710a0/t/6a74dd64f53c5d50f999296c/1786043748443/Release_Polling+Results_Final_8.6.26.pdf,,-15.0,pollresults_site,lv
governor,KS,Global Strategy Group (D),2026-08-16,Holscher,Masterson,KS,D,47.0,46.0,0.0,7.0,600.0,1.5,2026-08-16,False,https://www.politico.com/newsletters/playbook/2026/08/28/nevada-dems-2028-reality-check-01053864,,1.0,pollresults_site,lv
governor,MA,YouGov,2026-08-12,Healey,Minogue,MA,D,53.0,33.0,0.0,14.0,800.0,1.5,2026-08-12,False,https://www.umass.edu/news/article/experience-trust-drive-bay-state-primary-voters-support-markey-over-moulton-new-umass,,20.0,pollresults_site,rv
governor,MD,Zenith Research (D),2026-08-03,Moore,Dan Cox,MD,D,58.0,31.0,0.0,11.0,800.0,1.5,2026-08-03,False,https://marylandmatters.org/2026/08/12/poll-moore-enjoys-comfortable-early-lead-against-cox-in-governors-rematch/,,27.0,pollresults_site,lv
governor,ME,Beacon Research/Shaw & Company Research,2026-06-27,Hannah Pingree,Bobby Charles,ME,D,53.0,42.0,0.0,5.0,1003.0,1.5,2026-06-27,False,https://www.foxnews.com/politics/fox-news-poll-maine-senate-race-tight-concerns-about-both-candidates,,11.0,pollresults_site,rv
governor,ME,Beacon Research/Shaw & Company Research,2026-08-10,Hannah Pingree,Bobby Charles,ME,D,49.0,38.0,9.0,4.0,1000.0,1.5,2026-08-10,False,https://www.foxnews.com/politics/fox-news-poll-new-matchup-same-result-maine-senate-race-stays-locked,,11.0,pollresults_site,rv
governor,ME,The New York Times/Siena University,2026-06-26,Hannah Pingree,Bobby Charles,ME,D,49.63,36.38,8.06,5.93,608.0,1.5,2026-06-26,False,https://www.nytimes.com/2026/06/29/us/politics/collins-platner-maine-senate-poll.html,,13.25,pollresults_site,lv
governor,ME,University of New Hampshire,2026-07-20,Hannah Pingree,Bobby Charles,ME,D,49.0,35.0,0.0,16.0,1150.0,1.5,2026-07-20,False,https://scholars.unh.edu/survey_center_polls/981/,,14.0,pollresults_site,lv
governor,MI,Beacon Research/Shaw & Company Research,2026-08-10,Benson,James,MI,D,52.0,47.0,0.0,1.0,1006.0,1.5,2026-08-10,False,https://www.foxnews.com/politics/fox-news-poll-senate-battle-looms-michigan,,5.0,pollresults_site,rv
governor,MI,EPIC-MRA,2026-08-28,Benson,James,MI,D,45.0,41.0,0.0,14.0,600.0,1.5,2026-08-28,False,https://talkingpointsmemo.com/edblog/time-to-relax-about-whether-abdul-el-sayed-can-win-michigan,,4.0,pollresults_site,lv
governor,MI,Fabrizio Ward/Impact Research,2026-08-11,Benson,James,MI,D,49.0,44.0,0.0,7.0,877.0,1.5,2026-08-11,False,https://www.aarp.org/pri/topics/voter-research/politics/2026-midterm-election-poll-michigan/?CMP=RDRCT-PRI-POLT,,5.0,pollresults_site,lv
governor,MI,Mitchell Research & Communications,2026-06-13,Benson,James,MI,D,51.0,40.0,0.0,9.0,827.0,1.5,2026-06-13,False,https://www.freep.com/story/news/politics/2026/06/16/john-james-mike-cox-michigan-gop-primary-governor/90569723007/,,11.0,pollresults_site,lv
governor,MI,Mitchell Research & Communications,2026-07-29,Benson,James,MI,D,46.0,44.0,0.0,10.0,672.0,1.5,2026-07-29,False,https://static1.squarespace.com/static/5f14ae6fb2a20e01e9c6d608/t/6a6d26262f442f133d15fa49/1785538087149/MITCHELL+MI+Poll+Nov+Electio+Press+Release+7-31-2026+305PM_A.pdf,,2.0,pollresults_site,lv
governor,MI,TIPP Insights (R),2026-05-23,Benson,James,MI,D,48.93,38.03,0.0,13.04,1163.0,1.5,2026-05-23,False,https://tippinsights.com/league-of-american-workers-survey-michigan/,,10.899999999999999,pollresults_site,lv
governor,MI,TIPP Insights (R),2026-08-10,Benson,James,MI,D,53.02,36.55,0.0,10.43,1215.0,1.5,2026-08-10,False,https://tippinsights.com/league-of-american-workers-survey-michigan-2/,,16.470000000000006,pollresults_site,lv
governor,MN,SurveyUSA,2026-08-17,Klobuchar,Demuth,MN,D,52.0,36.0,0.0,12.0,661.0,1.5,2026-08-17,False,https://kstp.com/kstp-news/top-news/kstp-surveyusa-poll-early-frontrunners-in-governor-and-senate-races-ag-a-toss-up/,,16.0,pollresults_site,lv
governor,MN,co/efficient (R),2026-09-15,Klobuchar,Demuth,MN,D,47.0,45.0,0.0,8.0,833.0,1.5,2026-09-15,False,https://battlegrounds.coefficient.org/mn/,,2.0,pollresults_site,lv
governor,NE,Public Policy Polling,2026-09-02,Lynne Walz,Pillen,NE,D,31.0,32.0,0.0,37.0,559.0,1.5,2026-09-02,False,https://democraticgovernors.org/wp-content/uploads/2026/09/PPP-Sept-2026-Poll-Memo.docx.pdf,,-1.0,pollresults_site,rv
governor,NH,St. Anselm,2026-06-25,Warmington,Ayotte,NH,D,37.0,45.0,0.0,18.0,1614.0,1.5,2026-06-25,False,https://www.anselm.edu/about/anselmian-hub/news/saint-anselm-college-survey-center-june-poll-finds-democrats-expand-generic-ballot-lead,,-8.0,pollresults_site,rv
governor,NH,St. Anselm,2026-08-18,Warmington,Ayotte,NH,D,38.0,49.0,0.0,13.0,1411.0,1.5,2026-08-18,False,https://www.anselm.edu/about/anselmian-hub/news/new-saint-anselm-college-poll-finds-republicans-facing-midterm-headwinds-democratic-lead-widens,,-11.0,pollresults_site,lv
governor,NH,University of New Hampshire,2026-06-23,Warmington,Ayotte,NH,D,39.0,44.0,0.0,17.0,2221.0,1.5,2026-06-23,False,https://scholars.unh.edu/survey_center_polls/974/,,-5.0,pollresults_site,lv
governor,NH,University of New Hampshire,2026-08-24,Warmington,Ayotte,NH,D,39.0,49.0,0.0,12.0,1878.0,1.5,2026-08-24,False,https://scholars.unh.edu/survey_center_polls/988/,,-10.0,pollresults_site,lv
governor,NM,BSP Research,2026-08-07,Haaland,Hull,NM,D,41.0,24.0,0.0,35.0,800.0,1.5,2026-08-07,False,https://bspresearch.substack.com/p/deb-haaland-has-a-commanding-17-advantage,,17.0,pollresults_site,rv
governor,NM,McLaughlin & Associates (R),2026-07-15,Haaland,Hull,NM,D,46.0,45.0,0.0,9.0,400.0,1.5,2026-07-15,False,https://www.santafenewmexican.com/news/elections/hull-campaigns-poll-race-for-governor-of-new-mexico-statistically-tied/article_60922cf5-4d63-46e0-842b-fea10d355c53.html,,1.0,pollresults_site,lv
governor,NM,Research & Polling Inc.,2026-08-28,Haaland,Hull,NM,D,49.0,43.0,0.0,8.0,516.0,1.5,2026-08-28,False,https://www.abqjournal.com/news/journal-poll-haaland-leads-hull-by-closer-than-expected-margin-in-new-mexicos-race-for-governor/3111874,,6.0,pollresults_site,lv
governor,NV,Global Strategy Group (D),2026-05-11,Aaron Ford,Lombardo,NV,I,42.0,45.0,0.0,13.0,700.0,1.5,2026-05-11,False,https://x.com/JacobRubashkin/status/2064704545117135109,,-3.0,pollresults_site,lv
governor,NV,Grassroots Targeting (R),2026-07-16,Aaron Ford,Lombardo,NV,I,40.0,52.0,0.0,8.0,2500.0,1.5,2026-07-16,False,https://thenevadaindependent.com/article/three-gop-polls-show-lombardo-with-sizable-lead-in-nevada-governors-race,,-12.0,pollresults_site,lv
governor,NV,Public Opinion Strategies (R),2026-06-29,Aaron Ford,Lombardo,NV,I,42.0,51.0,0.0,7.0,600.0,1.5,2026-06-29,False,https://thenevadaindependent.com/article/three-gop-polls-show-lombardo-with-sizable-lead-in-nevada-governors-race,,-9.0,pollresults_site,lv
governor,NV,Public Policy Polling,2026-07-16,Aaron Ford,Lombardo,NV,I,44.0,44.0,0.0,12.0,558.0,1.5,2026-07-16,False,https://thenevadaindependent.com/article/lombardo-ford-tied-in-nevada-governors-race-dem-poll-shows,,0.0,pollresults_site,lv
governor,NV,Tarrance Group (R),2026-07-29,Aaron Ford,Lombardo,NV,I,43.0,50.0,0.0,7.0,550.0,1.5,2026-07-29,False,https://thenevadaindependent.com/article/three-gop-polls-show-lombardo-with-sizable-lead-in-nevada-governors-race,,-7.0,pollresults_site,lv
governor,NV,Wedgewood Polls,2026-07-12,Aaron Ford,Lombardo,NV,I,47.0,50.0,0.0,3.0,700.0,1.5,2026-07-12,False,https://x.com/WedgewoodPolls/status/2076798406132212168?s=20,,-3.0,pollresults_site,lv
governor,NY,Concord Public Opinion Partners (D),2026-08-21,Hochul,Blakeman,NY,D,50.0,34.0,0.0,16.0,505.0,1.5,2026-08-21,False,https://www.politico.com/newsletters/new-york-playbook/2026/09/03/mamdani-has-already-endorsed-aoc-for-president-sort-of-01062556,,16.0,pollresults_site,lv
governor,NY,Red Oak Strategic (R),2026-07-12,Hochul,Blakeman,NY,D,47.0,43.0,0.0,10.0,2000.0,1.5,2026-07-12,False,https://nypost.com/2026/07/28/us-news/ny-gop-governor-candidate-bruce-blakeman-trails-hochul-by-just-4-points-in-shocking-new-poll/,,4.0,pollresults_site,rv
governor,NY,Siena University,2026-06-23,Hochul,Blakeman,NY,D,52.0,32.0,0.0,16.0,1120.0,1.5,2026-06-23,False,https://sri.siena.edu/2026/06/25/hochul-favorability-approval-ratings-edge-up-as-does-her-general-election-lead-over-blakeman-now-52-32-from-49-33/,,20.0,pollresults_site,rv
governor,NY,Siena University,2026-08-06,Hochul,Blakeman,NY,D,49.0,39.0,0.0,12.0,811.0,1.5,2026-08-06,False,https://sri.siena.edu/2026/08/12/siena-poll-of-likely-new-york-state-voters-hochul-49-blakeman-39/,,10.0,pollresults_site,lv
governor,NY,co/efficient (R),2026-07-02,Hochul,Blakeman,NY,D,47.0,41.0,0.0,12.0,1085.0,1.5,2026-07-02,False,https://nypost.com/2026/07/06/us-news/nyc-ny-state-politics-live-updates-on-governors-race-more/,,6.0,pollresults_site,lv
governor,OH,Beacon Research/Shaw & Company Research,2026-06-01,Acton,Ramaswamy,OH,D,50.0,49.0,0.0,1.0,1015.0,1.5,2026-06-01,False,https://www.foxnews.com/politics/fox-news-poll-democratic-unity-republican-crossovers-shape-ohio-senate-race,,1.0,pollresults_site,rv
governor,OH,Beacon Research/Shaw & Company Research,2026-08-10,Acton,Ramaswamy,OH,D,48.0,50.0,0.0,2.0,1008.0,1.5,2026-08-10,False,https://www.foxnews.com/politics/fox-news-poll-economic-anxiety-candidate-concerns-define-ohio-senate-race,,-2.0,pollresults_site,rv
governor,OH,Fabrizio Ward/Impact Research,2026-06-16,Acton,Ramaswamy,OH,D,47.0,44.0,0.0,9.0,800.0,1.5,2026-06-16,False,https://www.aarp.org/pri/topics/voter-research/politics/2026-midterm-election-poll-ohio/,,3.0,pollresults_site,lv
governor,OH,The New York Times/Siena University,2026-06-28,Acton,Ramaswamy,OH,D,46.67,46.85,0.0,6.48,601.0,1.5,2026-06-28,False,https://www.nytimes.com/interactive/2026/07/01/polls/times-siena-ohio-poll-crosstabs.html,,-0.17999999999999972,pollresults_site,lv
governor,OH,Tulchin Research (D),2026-06-04,Acton,Ramaswamy,OH,D,47.0,44.0,0.0,9.0,600.0,1.5,2026-06-04,False,https://x.com/PollTracker2024/status/2067244200886665423,,3.0,pollresults_site,lv
governor,OH,Tulchin Research (D),2026-08-04,Acton,Ramaswamy,OH,D,46.0,44.0,0.0,10.0,600.0,1.5,2026-08-04,False,https://www.the-downballot.com/p/morning-digest-sponsored-by-the-michigan-a7b,,2.0,pollresults_site,lv
governor,OH,Wedgewood Polls,2026-08-13,Acton,Ramaswamy,OH,D,47.0,46.0,0.0,7.0,800.0,1.5,2026-08-13,False,https://drive.google.com/file/d/1rP-26-yqNx9jy_gRqoLDmgJgzm5X8a4O/view,,1.0,pollresults_site,lv
governor,OR,Hoffman Research Group (R),2026-05-12,Kotek,Drazan,OR,D,45.0,45.0,0.0,10.0,603.0,1.5,2026-05-12,False,https://www.oregonlive.com/politics/2026/05/how-would-these-republican-candidates-for-governor-fare-against-kotek-in-november-what-new-poll-shows.html,,0.0,pollresults_site,lv
governor,OR,Public Opinion Strategies (R),2026-06-24,Kotek,Drazan,OR,D,44.0,48.0,0.0,8.0,600.0,1.5,2026-06-24,False,https://www.oregonlive.com/politics/2026/07/new-poll-shows-oregon-governors-race-is-far-from-settled.html?utm_campaign=oregonianpol_sf&amp;utm_medium=social&amp;utm_source=twitter,,-4.0,pollresults_site,rv
governor,PA,Bravo Group,2026-05-24,Shapiro,Garrity,PA,D,53.38,28.81,0.0,17.81,684.0,1.5,2026-05-24,False,https://www.pennlive.com/news/2026/06/pa-voters-more-dissatisfied-especially-with-trump-tariffs-jan-6-fund-morning-scrapple-poll.html,,24.570000000000004,pollresults_site,lv
governor,PA,Bravo Group,2026-06-25,Shapiro,Garrity,PA,D,53.67,29.29,0.0,17.04,644.0,1.5,2026-06-25,False,https://bravogroup.us/morning-scrapple/,,24.380000000000003,pollresults_site,lv
governor,PA,Bravo Group,2026-07-24,Shapiro,Garrity,PA,D,53.38,28.11,0.0,18.51,630.0,1.5,2026-07-24,False,https://www.pennlive.com/politics/2026/07/trump-fetterman-in-trouble-with-pa-voters-morning-scrapple-poll.html,,25.270000000000003,pollresults_site,lv
governor,PA,Bravo Group,2026-08-22,Shapiro,Garrity,PA,D,56.38,25.19,0.0,18.43,711.0,1.5,2026-08-22,False,https://www.pennlive.com/politics/2026/08/fettermans-problems-with-pa-democrats-just-keep-getting-worse-morning-scrapple-poll.html,,31.19,pollresults_site,lv
governor,PA,Franklin & Marshall College,2026-06-14,Shapiro,Garrity,PA,D,50.0,28.0,0.0,22.0,546.0,1.5,2026-06-14,False,https://www.fandmpoll.org/franklin-marshall-college-poll-release-june-2026/,,22.0,pollresults_site,rv
governor,PA,Franklin & Marshall College,2026-08-23,Shapiro,Garrity,PA,D,50.0,25.0,0.0,25.0,501.0,1.5,2026-08-23,False,https://www.fandmpoll.org/franklin-marshall-college-poll-release-august-2026/,,25.0,pollresults_site,rv
governor,PA,MAD Global Strategy (D),2026-06-11,Shapiro,Garrity,PA,D,48.0,31.0,0.0,21.0,600.0,1.5,2026-06-11,False,https://www.susqcoindy.com/news/whats-happening/natural-allies-conducts-poll-finds-voters-support-shapiro-s-all-of-the-above-energy-strategy/article_af2d4c99-34b4-47df-8d20-3ea98606d925.html,,17.0,pollresults_site,lv
governor,PA,Quinnipiac University,2026-07-13,Shapiro,Garrity,PA,D,53.0,40.0,0.0,7.0,895.0,1.5,2026-07-13,False,https://poll.qu.edu/poll-release?releaseid=3962,,13.0,pollresults_site,rv
governor,PA,The New York Times/Siena University,2026-08-21,Shapiro,Garrity,PA,D,54.37,37.3,0.0,8.33,760.0,1.5,2026-08-21,False,https://www.nytimes.com/interactive/2026/08/25/polls/times-inquirer-siena-pa-poll-lv-crosstabs.html,,17.07,pollresults_site,rv
governor,SC,Hart Research Associates (D),2026-08-15,Jermaine Johnson,Alan Wilson,SC,D,41.0,48.0,0.0,11.0,600.0,1.5,2026-08-15,False,https://www.washingtonexaminer.com/news/campaigns/state/4702087/poll-south-carolina-governor-race-democrat-jermaine-johnson/,,-7.0,pollresults_site,lv
governor,SC,Public Policy Polling,2026-07-17,Jermaine Johnson,Alan Wilson,SC,D,37.0,45.0,0.0,18.0,577.0,1.5,2026-07-17,False,https://www.instagram.com/p/DbGVaEmyFLs/?hl=en,,-8.0,pollresults_site,rv
governor,TN,Targoz Market Research,2026-08-26,Jerri Green,Blackburn,TN,D,34.0,55.0,7.0,4.0,601.0,1.5,2026-08-26,False,https://tennsight.com/polls/august-2026/,,-21.0,pollresults_site,lv
governor,TX,Barbara Jordan Public Policy Research and Survey Center,2026-07-30,Gina Hinojosa,Abbott,TX,D,43.0,49.0,0.0,8.0,1200.0,1.5,2026-07-30,False,https://static1.squarespace.com/static/67aa7aa3e284b002cd6a420e/t/6a713767d4ed824b91ea090d/1785804647961/Texas+Statewide+August2026.pdf,,-6.0,pollresults_site,lv
governor,TX,Beacon Research/Shaw & Company Research,2026-07-27,Gina Hinojosa,Abbott,TX,D,49.0,50.0,0.0,1.0,1006.0,1.5,2026-07-27,False,https://www.foxnews.com/politics/fox-news-poll-gop-divisions-shape-texas-senate-race,,-1.0,pollresults_site,rv
governor,TX,Emerson College,2026-08-10,Gina Hinojosa,Abbott,TX,D,45.0,48.49,0.0,6.51,1000.0,1.5,2026-08-10,False,https://emersoncollegepolling.com/texas-2026-poll-paxton-and-talarico/,,-3.490000000000002,pollresults_site,lv
governor,TX,GBAO (D),2026-08-09,Gina Hinojosa,Abbott,TX,D,48.0,49.0,0.0,3.0,1000.0,1.5,2026-08-09,False,https://x.com/XochitlHinojosa/status/2087874324963205404?s=20,,-1.0,pollresults_site,lv
governor,TX,Overton Insights (R),2026-08-26,Gina Hinojosa,Abbott,TX,D,48.8,51.2,0.0,0.0,1167.0,1.5,2026-08-26,False,https://overtoninsights.com/wp-content/uploads/2026/08/Overton_Insights_Texas_Public_Policy_Foundation_Toplines_and_Demographics-2.pdf,,-2.4000000000000057,pollresults_site,lv
governor,TX,Public Policy Polling,2026-05-23,Gina Hinojosa,Abbott,TX,D,44.0,48.0,0.0,8.0,643.0,1.5,2026-05-23,False,https://www.politico.com/newsletters/playbook/2026/05/27/paxton-wins-talarico-spins-00937608,,-4.0,pollresults_site,rv
governor,TX,Quantus Insights (R),2026-06-04,Gina Hinojosa,Abbott,TX,D,41.0,49.0,0.0,10.0,800.0,1.5,2026-06-04,False,https://quantusinsights.org/f/texas-republicans-lead-statewide-senate-race-starts-close,,-8.0,pollresults_site,lv
governor,TX,ReconMR/Siena Research Institute,2026-06-04,Gina Hinojosa,Abbott,TX,D,43.0,49.0,0.0,8.0,807.0,1.5,2026-06-04,False,https://reconmr.com/texas-pulse/,,-6.0,pollresults_site,lv
governor,TX,ReconMR/Siena Research Institute,2026-07-30,Gina Hinojosa,Abbott,TX,D,45.0,46.0,0.0,9.0,619.0,1.5,2026-07-30,False,https://reconmr.com/wp-content/uploads/2026/08/Texas-Pulse-August-Release-August-7-2026-Final.pdf,,-1.0,pollresults_site,lv
governor,TX,Slingshot Strategies (D),2026-05-28,Gina Hinojosa,Abbott,TX,D,41.0,46.0,0.0,13.0,1670.0,1.5,2026-05-28,False,https://texaspublicopinionresearch.substack.com/p/new-poll-james-talarico-leads-ken,,-5.0,pollresults_site,lv
governor,TX,Slingshot Strategies (D),2026-07-17,Gina Hinojosa,Abbott,TX,D,42.0,45.0,0.0,13.0,1048.0,1.5,2026-07-17,False,https://texaspublicopinionresearch.substack.com/p/new-poll-james-talaricos-lead-over,,-3.0,pollresults_site,lv
governor,TX,Slingshot Strategies (D),2026-08-24,Gina Hinojosa,Abbott,TX,D,42.0,49.0,0.0,9.0,1000.0,1.5,2026-08-24,False,https://texaspublicopinionresearch.substack.com/p/new-poll-in-texas-general-election,,-7.0,pollresults_site,lv
governor,TX,SoCal Strategies (R),2026-06-21,Gina Hinojosa,Abbott,TX,D,42.21,53.89,0.0,3.9,800.0,1.5,2026-06-21,False,https://socalstrategies.substack.com/p/ken-paxton-leads-narrow-texas-senate,,-11.68,pollresults_site,lv
governor,TX,The New York Times/Siena University,2026-06-27,Gina Hinojosa,Abbott,TX,D,44.23,50.64,0.0,5.13,656.0,1.5,2026-06-27,False,https://www.nytimes.com/2026/06/30/us/politics/texas-senate-poll-talarico-paxton.html,,-6.410000000000004,pollresults_site,lv
governor,TX,Wedgewood Polls,2026-07-31,Gina Hinojosa,Abbott,TX,D,44.0,50.0,0.0,6.0,800.0,1.5,2026-07-31,False,https://drive.google.com/file/d/1t2mC4MFActxiBdx4ef_5crisXjD9xH7a/view,,-6.0,pollresults_site,lv
governor,TX,YouGov,2026-06-12,Gina Hinojosa,Abbott,TX,D,40.0,47.0,0.0,13.0,1200.0,1.5,2026-06-12,False,https://texaspolitics.utexas.edu/blog/june-poll-finds-a-competitive-u-s-senate-race-in-texas-amid-continuing-economic-concerns-data-center-backlash,,-7.0,pollresults_site,rv
governor,TX,YouGov,2026-08-13,Gina Hinojosa,Abbott,TX,D,40.0,45.0,0.0,15.0,1200.0,1.5,2026-08-13,False,https://texaspolitics.utexas.edu/blog/new-ut-texas-politics-project-poll-finds-talarico-leading-paxton-abbott-leading-hinojosa-continued-resistance-to-data-centers-2,,-5.0,pollresults_site,rv
governor,WI,GBAO (D),2026-08-03,David Crowley,Tiffany,WI,D,47.0,44.0,0.0,9.0,800.0,1.5,2026-08-03,False,https://www.politico.com/newsletters/playbook-pm/2026/08/12/trumps-cost-of-living-crunch-01035189?nname=playbook-pm&amp;nid=0000015a-dd3e-d536-a37b-dd7fd8af0000&amp;nrid=4d735b47-a8a7-41f4-9c35-277919f359ed,,3.0,pollresults_site,lv
governor,WI,Marquette University Law School,2026-08-20,David Crowley,Tiffany,WI,D,44.0,44.0,0.0,12.0,891.0,1.5,2026-08-20,False,https://law.marquette.edu/poll/2026/08/26/detailed-results-of-the-marquette-law-school-wisconsin-poll-august-12-20-2026/,,0.0,pollresults_site,rv
governor,WI,Platform Communications,2026-08-13,David Crowley,Tiffany,WI,D,48.0,44.0,0.0,8.0,500.0,1.5,2026-08-13,False,https://www.wpr.org/news/crowley-leading-tiffany-four-points-new-poll,,4.0,pollresults_site,lv
governor,WI,TIPP Insights (R),2026-08-18,David Crowley,Tiffany,WI,D,46.74,43.39,0.0,9.87,1187.0,1.5,2026-08-18,False,https://tippinsights.com/league-of-american-workers-survey-wisconsin-4/,,3.3500000000000014,pollresults_site,lv
house,AL-2,DCCC Targeting Team (D),2026-07-30,Shomari Figures,Marques,AL,D,46.0,46.0,0.0,8.0,421.0,1.5,2026-07-30,False,https://dccc.org/%f0%9f%9a%a8-new-dccc-poll-shows-toss-up-race-in-al-02-as-momentum-builds-behind-shomari-figures/,,0.0,pollresults_site,lv
house,AL-2,Impact Research,2026-06-25,Shomari Figures,Marques,AL,D,44.0,45.0,0.0,11.0,400.0,1.5,2026-06-25,False,https://hub.nationaljournal.com/serving-maine-up-on-a-golden-platner,,-1.0,pollresults_site,lv
house,AL-2,Tulchin Research (D),2026-08-31,Shomari Figures,Marques,AL,D,47.0,47.0,0.0,6.0,,1.5,2026-08-31,False,https://www.thehousemajoritypac.com/news/hmp-poll-shomari-figures-tied-with-rhett-marques-in-al-02,,0.0,pollresults_site,
house,AR-2,2040 Strategy Group (D),2026-05-08,Jones,Hill,AR,D,47.0,41.0,0.0,12.0,,1.5,2026-05-08,False,https://arktimes.com/arkansas-blog/2026/08/05/dems-say-2nd-district-is-in-play,,6.0,pollresults_site,
house,AR-2,Hendrix College,2026-08-12,Jones,Hill,AR,D,48.0,44.0,0.0,8.0,1112.0,1.5,2026-08-12,False,https://talkbusiness.net/2026/08/poll-gov-sanders-holds-lead-over-two-opponents/,,4.0,pollresults_site,lv
house,AZ-2,GBAO (D),2026-06-15,Nez,Crane,AZ,D,41.0,44.0,0.0,15.0,500.0,1.5,2026-06-15,False,https://drive.google.com/file/d/1nYHNj0SrZ2WcXLhQ1feyfeGpF-5SHJgx/view?_hsenc=p2ANqtz-_370ZM_DgL09QvWKjXqErDmW-qDpRcYp2VqC2MXui7ViQOnoWB4mfGluBGCcI23a7Zp4VtCHMDy7BSg4Muyh54L2QT711RO2KTeWpUskkrwaOaZ1Y&amp;_hsmi=2,,-3.0,pollresults_site,lv
house,AZ-2,GBAO (D),2026-08-24,Nez,Crane,AZ,D,44.0,46.0,0.0,10.0,500.0,1.5,2026-08-24,False,https://www.politico.com/newsletters/playbook/2026/09/02/why-trump-wants-to-let-data-reign-01061332,,-2.0,pollresults_site,lv
house,AZ-6,"Normington, Petts & Associates (D)",2026-06-11,JoAnna Mendoza,Ciscomani,AZ,D,47.0,45.0,0.0,8.0,500.0,1.5,2026-06-11,False,https://x.com/cjwarnke/status/2069028347359674463/photo/1,,2.0,pollresults_site,lv
house,CA-22,Tulchin Research (D),2026-06-21,Villegas,Valadao,CA,D,48.0,44.0,0.0,8.0,800.0,1.5,2026-06-21,False,https://www.politico.com/newsletters/playbook/2026/07/21/trump-to-hill-im-not-that-into-you-01005915,,4.0,pollresults_site,lv
house,CA-48,Lake Research Partners (D),2026-07-14,Wilpert,Desmond,CA,D,48.0,46.0,0.0,6.0,500.0,1.5,2026-07-14,False,https://hub.nationaljournal.com/the-dncs-99-problems,,2.0,pollresults_site,lv
house,CA-48,SurveyUSA,2026-09-01,Wilpert,Desmond,CA,D,45.0,42.0,0.0,13.0,522.0,1.5,2026-09-01,False,https://results.surveyusa.com/client/PollReport.aspx?g=0877c725-6e44-47fe-9856-dcf799865671,,3.0,pollresults_site,lv
house,CO-3,"Keating Research, Inc. (D)",2026-07-23,Dwayne Romero,Jeff Hurd,CO,D,45.0,46.0,0.0,9.0,500.0,1.5,2026-07-23,False,https://x.com/RomeroForCO/status/2082843915510817044,,-1.0,pollresults_site,lv
house,CO-5,Global Strategy Group (D),2026-07-21,Killin,Crank,CO,D,44.0,45.0,0.0,11.0,450.0,1.5,2026-07-21,False,https://coloradosun.com/2026/07/28/jessica-killin-jeff-crank-polling/,,-1.0,pollresults_site,lv
house,FL-11,MDW Communications (D),2026-07-30,Pericola,Strada,FL,D,41.8,42.1,0.0,16.1,1044.0,1.5,2026-07-30,False,https://floridapolitics.com/archives/811237-poll-shows-james-pericola-leading-cd-11-dem-field-in-potential-dead-heat-with-joe-strada/,,-0.30000000000000426,pollresults_site,lv
house,FL-13,"Fabrizio, Lee & Associates",2026-08-06,Leela Gray,Paulina Luna,FL,D,41.0,49.0,0.0,10.0,400.0,1.5,2026-08-06,False,https://floridapolitics.com/archives/814114-anna-paulina-luna-leads-leela-gray-in-likely-general-election-matchup-clouding-dems-hope-for-a-flip/,,-8.0,pollresults_site,lv
house,FL-13,GQR (D),2026-08-06,Leela Gray,Paulina Luna,FL,D,44.0,47.0,0.0,9.0,500.0,1.5,2026-08-06,False,https://www.semafor.com/article/08/14/2026/democrats-eye-republican-held-florida-district,,-3.0,pollresults_site,lv
house,FL-13,Public Policy Polling,2026-05-20,Leela Gray,Paulina Luna,FL,D,39.0,41.0,0.0,20.0,616.0,1.5,2026-05-20,False,https://drive.google.com/file/d/1QmLb0R6yalmHpjHvxOF-R-7AKy3eG1ij/view,,-2.0,pollresults_site,rv
house,FL-16,SEA Polling (D),2026-08-29,Kirschner,Gruters,FL,D,40.0,39.0,0.0,21.0,400.0,1.5,2026-08-29,False,https://kellykirschner.com/wp-content/uploads/2026/09/0926-FL-16-Polling-Memo-1.pdf,,1.0,pollresults_site,lv
house,FL-22,Tavern Research (D),2026-08-12,Dandiya,Askar,FL,D,50.0,50.0,0.0,0.0,551.0,1.5,2026-08-12,False,https://242750075.fs1.hubspotusercontent-na2.net/hubfs/242750075/FL-22%20General%20Toplines%20%E2%80%94%20Aug%2019_NEW.pdf,,0.0,pollresults_site,lv
house,FL-8,Public Policy Polling,2026-07-18,Jenkins,Haridopolos,FL,D,35.0,44.0,0.0,21.0,633.0,1.5,2026-07-18,False,https://floridapolitics.com/archives/810254-jennifer-jenkins-poll/,,-9.0,pollresults_site,rv
house,FL-9,SEA Polling (D),2026-08-30,Soto,Dan Green,FL,D,41.0,41.0,0.0,18.0,400.0,1.5,2026-08-30,False,https://floridapolitics.com/archives/818398-internal-poll-shows-darren-soto-tied-with-dan-green-in-battleground-cd-9/,,0.0,pollresults_site,lv
house,IA-1,The Bullfinch Group,2026-07-16,Bohannan,Miller-Meeks,IA,D,40.0,35.0,0.0,25.0,705.0,1.5,2026-07-16,False,https://independentcentervoice.com/insights/july-2026-district-survey-iowa-s-1st-congressional-district,,5.0,pollresults_site,lv
house,IA-2,Global Strategy Group (D),2026-07-19,Lindsay James,Joe Mitchell,IA,D,46.0,45.0,0.0,9.0,,1.5,2026-07-19,False,https://static.notus.org/27/58/c93f2d1946c0814f583fa25c7a31/hmp-ia-02-poll.pdf,,1.0,pollresults_site,
house,ID-1,Change Research (D),2026-07-30,Zabel,Fulcher,ID,I,25.0,46.0,3.0,26.0,,1.5,2026-07-30,False,https://static1.squarespace.com/static/69781c4082a86d0a267710a0/t/6a74dd64f53c5d50f999296c/1786043748443/Release_Polling+Results_Final_8.6.26.pdf,,-21.0,pollresults_site,
house,ID-1,SurveyUSA,2026-07-14,Kaylee Peterson,Fulcher,ID,D,35.0,45.0,0.0,20.0,480.0,1.5,2026-07-14,False,https://www.surveyusa.com/client/PollReport.aspx?g=48a62c75-2dbc-4948-9e01-cbeccf52c3d6,,-10.0,pollresults_site,lv
house,IL-4,The Bullfinch Group,2026-08-03,Patty Garcia,Castillo,IL,D,34.0,15.0,0.0,51.0,653.0,1.5,2026-08-03,False,https://independentcentervoice.com/insights/july-2026-district-survey-illinoiss-4th-congressional-district,,19.0,pollresults_site,rv
house,IN-5,Impact Research,2026-07-20,J.D. Ford,Spartz,IN,D,46.0,48.0,0.0,6.0,,1.5,2026-07-20,False,https://x.com/DanSpehler/status/2085077555984396724?s=20,,-2.0,pollresults_site,
house,KY-6,DCCC Targeting Team (D),2026-07-30,Dembo,Alvarado,KY,D,47.0,47.0,0.0,6.0,474.0,1.5,2026-07-30,False,https://www.kentucky.com/news/politics-government/article316781408.html,,0.0,pollresults_site,lv
house,KY-6,GQR (D),2026-06-28,Dembo,Alvarado,KY,D,39.0,42.0,0.0,19.0,,1.5,2026-06-28,False,https://insideelections.com/kentucky-6-new-poll-fuels-democratic-optimism/,,-3.0,pollresults_site,
house,KY-6,Lake Research Partners (D),2026-08-23,Dembo,Alvarado,KY,D,45.0,44.0,0.0,11.0,,1.5,2026-08-23,False,https://www.ms.now/news/house-democrats-map-trump-midterms-money,,1.0,pollresults_site,
house,MD-1,Z to A Research (D),2026-07-27,Dan Schwartz,Harris,MD,D,39.0,52.0,0.0,9.0,482.0,1.5,2026-07-27,False,https://x.com/Schwartz4_MD1st/status/2091206765144916152,,-13.0,pollresults_site,lv
house,ME-2,Tulchin Research (D),2026-07-16,Dunlap,LePage,ME,D,49.0,48.0,0.0,3.0,600.0,1.5,2026-07-16,False,https://x.com/PatrickSvitek/status/2079151831998230855,,1.0,pollresults_site,lv
house,MI-10,Global Strategy Group (D),2026-08-13,Hines,Bouchard,MI,D,45.0,45.0,0.0,10.0,600.0,1.5,2026-08-13,False,https://www.thehousemajoritypac.com/news/hmp-poll-christina-hines-tied-with-michael-bouchard-junior-in-mi-10,,0.0,pollresults_site,lv
house,MI-4,GBAO (D),2026-06-01,Sean McCann,Huizenga,MI,D,48.0,45.0,0.0,7.0,500.0,1.5,2026-06-01,False,https://www.semafor.com/article/06/08/2026/democrat-mccann-pulls-ahead-in-key-house-race,,3.0,pollresults_site,lv
house,MI-7,Global Strategy Group (D),2026-08-13,William Lawrence,Barrett,MI,D,49.0,47.0,0.0,4.0,,1.5,2026-08-13,False,https://www.thehousemajoritypac.com/news/hmp-poll-william-lawrence-leads-tom-barrett-in-mi-07,,2.0,pollresults_site,
house,MN-2,Harper Polling (R),2026-06-21,Little,"Eric, Minnesota Pratt",MN,D,45.0,40.0,0.0,15.0,415.0,1.5,2026-06-21,False,https://alphanews.org/exclusive-new-poll-shows-republican-eric-pratt-in-close-race-with-dfl-congressional-candidates/,,5.0,pollresults_site,lv
house,MT-1,Impact Research,2026-06-25,Forstag,Flint,MT,D,44.0,44.0,0.0,12.0,500.0,1.5,2026-06-25,False,https://x.com/JacobRubashkin/status/2071693706843799687?s=20,,0.0,pollresults_site,lv
house,NC-1,GBAO (D),2026-09-11,Davis,Buckhout,NC,D,50.0,43.0,0.0,7.0,500.0,1.5,2026-09-11,False,https://x.com/cjwarnke/status/2099621466887041405,,7.0,pollresults_site,lv
house,NC-1,GQR (D),2026-06-28,Davis,Buckhout,NC,D,45.0,41.0,0.0,14.0,500.0,1.5,2026-06-28,False,https://x.com/nicholaswu12/status/2072383841000440013?s=20,,4.0,pollresults_site,lv
house,NC-7,Public Policy Polling,2026-08-20,Kimberly Hardy,Rouzer,NC,D,43.0,49.0,0.0,8.0,517.0,1.5,2026-08-20,False,https://drive.google.com/file/d/1o6PQC-Ya_2KaUtR3MF31t-OCNRQ5t_AB/view,,-6.0,pollresults_site,rv
house,NH-2,St. Anselm,2026-06-25,Goodlander,Lily Tang Williams,NH,D,50.0,31.0,0.0,19.0,802.0,1.5,2026-06-25,False,https://www.anselm.edu/about/anselmian-hub/news/saint-anselm-college-survey-center-june-poll-finds-democrats-expand-generic-ballot-lead,,19.0,pollresults_site,rv
house,NH-2,St. Anselm,2026-08-18,Goodlander,Lily Tang Williams,NH,D,50.0,35.0,0.0,15.0,701.0,1.5,2026-08-18,False,https://www.anselm.edu/about/anselmian-hub/news/new-saint-anselm-college-poll-finds-republicans-facing-midterm-headwinds-democratic-lead-widens,,15.0,pollresults_site,lv
house,NM-2,SurveyUSA,2026-09-02,Vasquez,Cunningham,NM,D,46.0,43.0,0.0,11.0,554.0,1.5,2026-09-02,False,,,3.0,pollresults_site,lv
house,NV-2,Strategies 360,2026-08-26,Benitez-Thompson,Flippo,NV,D,42.0,45.0,7.0,6.0,400.0,1.5,2026-08-26,False,https://drive.google.com/file/d/1OY77MVmFy9kpb6V6EexJ3t147QVbEHi7/view?_hsenc=p2ANqtz-8gRbuXGaMXQfNO0B2xON9n9KUB5PkJYQoLOnlYcCgtshobWJVd0l6mtJl-QWKxcYQXduQY8jM6RcI41b-jqQyeS8vOag0jusmm-And0Ca5UgKw5vc,,-3.0,pollresults_site,lv
house,NV-2,Wedgewood Polls,2026-07-12,Benitez-Thompson,Flippo,NV,D,48.0,46.0,0.0,6.0,350.0,1.5,2026-07-12,False,https://x.com/WedgewoodPolls/status/2076798406132212168?s=20,,2.0,pollresults_site,lv
house,NY-17,FM3 Research (D),2026-07-01,Cait Conley,Mike Lawler,NY,D,51.0,45.0,0.0,4.0,509.0,1.5,2026-07-01,False,https://www.politico.com/newsletters/playbook/2026/07/08/inside-the-battle-for-maine-00989731,,6.0,pollresults_site,lv
house,NY-17,co/efficient (R),2026-07-22,Cait Conley,Mike Lawler,NY,D,45.0,50.0,0.0,5.0,1292.0,1.5,2026-07-22,False,https://coefficient.org/b96b92b3.pdf,,-5.0,pollresults_site,lv
house,NY-21,Impact Research,2026-05-31,Gendebien,Constantino,NY,D,44.0,45.0,0.0,11.0,500.0,1.5,2026-05-31,False,https://www.politico.com/news/2026/06/25/a-district-that-went-20-for-trump-now-in-play-for-democrats-00976934,,-1.0,pollresults_site,lv
house,NY-21,J.L. Partners,2026-08-17,Gendebien,Constantino,NY,D,40.0,53.0,0.0,7.0,500.0,1.5,2026-08-17,False,https://nypost.com/2026/08/19/us-news/anthony-constantino-leads-blake-gendebien-in-ny-race-to-succeed-elise-stefanik-poll/,,-13.0,pollresults_site,lv
house,NY-21,SurveyUSA,2026-08-08,Gendebien,Constantino,NY,D,43.0,39.0,0.0,18.0,612.0,1.5,2026-08-08,False,https://results.surveyusa.com/client/PollReport.aspx?g=7dad7202-08be-4fe4-a687-b52480791639,,4.0,pollresults_site,lv
house,OH-1,Quantus Insights (R),2026-08-24,Landsman,Conroy,OH,D,47.9,44.6,0.0,7.5,509.0,1.5,2026-08-24,False,https://quantusinsights.org/f/new-quantus-insights-survey-ohio%E2%80%99s-1st-district-is-up-for-grabs,,3.299999999999997,pollresults_site,lv
house,OH-10,FM3 Research (D),2026-07-12,Knickerbocker,Turner,OH,D,41.0,48.0,0.0,11.0,,1.5,2026-07-12,False,https://drive.google.com/file/d/1_pK0ssxHljLwr1ZUPFkyb9B70kte7IkI/view,,-7.0,pollresults_site,
house,OH-10,Global Strategy Group (D),2026-07-23,Knickerbocker,Turner,OH,D,42.0,49.0,0.0,9.0,700.0,1.5,2026-07-23,False,https://punchbowl.news/oh-10-knickerbocker-memo-f07-24-26-3/,,-7.0,pollresults_site,lv
house,OH-15,Hart Research Associates (D),2026-06-25,Leonard,Carey,OH,D,40.0,45.0,3.0,12.0,550.0,1.5,2026-06-25,False,https://www.thehousemajoritypac.com/news/hmp-poll-don-leonard-within-striking-distance-of-mike-carey-in-oh-15,,-5.0,pollresults_site,lv
house,OH-15,Hart Research Associates (D),2026-08-09,Leonard,Carey,OH,D,37.0,41.0,10.0,12.0,401.0,1.5,2026-08-09,False,https://www.politico.com/newsletters/weekly-score/2026/08/17/is-it-dans-sullivan-or-dan-sullivans-01038900,,-4.0,pollresults_site,lv
house,OH-7,Bedrock Polling (D),2026-08-10,Poindexter,Max Miller,OH,D,43.0,35.0,0.0,22.0,866.0,1.5,2026-08-10,False,https://www.axios.com/2026/08/11/max-miller-ohio-brian-poindexter-democrats-2026,,8.0,pollresults_site,lv
house,OH-7,GBAO (D),2026-06-20,Poindexter,Max Miller,OH,D,43.0,44.0,0.0,13.0,500.0,1.5,2026-06-20,False,https://www.politico.com/newsletters/playbook/2026/06/23/ny-tests-schumer-ai-and-mamdanis-power-00971436,,-1.0,pollresults_site,lv
house,PA-1,GQR (D),2026-08-23,Harvie,Fitzpatrick,PA,D,48.0,49.0,0.0,3.0,400.0,1.5,2026-08-23,False,https://x.com/cjwarnke/status/2094396860207088039?s=20,,-1.0,pollresults_site,lv
house,PA-1,Global Strategy Group (D),2026-08-09,Harvie,Fitzpatrick,PA,D,43.0,47.0,0.0,10.0,500.0,1.5,2026-08-09,False,https://politicspa.com/internal-pa-01-poll-shows-harvie-within-margin-of-error-against-fitzpatrick/150216/,,-4.0,pollresults_site,lv
house,PA-7,GBAO (D),2026-07-02,Bob Brooks,Mackenzie,PA,D,47.0,43.0,0.0,10.0,,1.5,2026-07-02,False,https://www.notus.org/newsletters/the-maine-vacancy,,4.0,pollresults_site,
house,PA-8,Impact Research,2026-06-11,Cognetti,Bresnahan,PA,D,46.0,45.0,0.0,9.0,500.0,1.5,2026-06-11,False,https://paigeforpa.com/new-poll-shows-paige-cognetti-leading-stock-trading-congressman-rob-bresnahan-in-toss-up-pa-08-race/,,1.0,pollresults_site,lv
house,PA-8,Lake Research Partners (D),2026-06-23,Cognetti,Bresnahan,PA,D,47.0,45.0,0.0,8.0,400.0,1.5,2026-06-23,False,https://www.politico.com/newsletters/playbook/2026/06/26/wes-moores-vision-for-america-00977774,,2.0,pollresults_site,lv
house,SC-1,GQR (D),2026-07-22,Lacore,Honeycutt,SC,D,48.0,50.0,0.0,2.0,,1.5,2026-07-22,False,https://www.thehousemajoritypac.com/news/hmp-poll-nancy-lacore-has-a-clear-path-to-victory-in-sc-01,,-2.0,pollresults_site,
house,SC-7,Blueprint Polling (D),2026-07-28,Vincent,Fry,SC,D,36.7,41.1,0.0,22.2,557.0,1.5,2026-07-28,False,https://holycitysinner.com/politics/new-poll-vincent-and-fry-in-statistical-dead-heat-in-south-c/,,-4.399999999999999,pollresults_site,lv
house,TN-5,Impact Research,2026-08-24,Molder,Hatcher,TN,D,40.0,48.0,0.0,12.0,500.0,1.5,2026-08-24,False,https://drive.google.com/file/d/1uxQx1A1gQ3pEGYDShe130whSBQoEcImW/view?usp=sharing,,-8.0,pollresults_site,lv
house,TX-15,Applecart (D),2026-05-25,Pulido,De La Cruz,TX,D,48.0,46.0,0.0,6.0,802.0,1.5,2026-05-25,False,https://welcome.team/press-releases/Blog%20Post%20Title%20One-3zaa9-zlxng-67tfc-2sf8d,,2.0,pollresults_site,lv
house,TX-15,Barbara Jordan Public Policy Research and Survey Center,2026-08-22,Pulido,De La Cruz,TX,D,50.0,45.0,0.0,5.0,700.0,1.5,2026-08-22,False,https://static1.squarespace.com/static/67aa7aa3e284b002cd6a420e/t/6a8debe648e3721adb0534b6/1787685864204/SouthTexasCDs2026.pdf,,5.0,pollresults_site,lv
house,TX-15,"Normington, Petts & Associates (D)",2026-07-27,Pulido,De La Cruz,TX,D,51.0,45.0,0.0,4.0,,1.5,2026-07-27,False,https://mailchi.mp/thehousemajoritypac.com/hmp-poll-bobby-pulido-leads-monica-de-la-cruz-in-tx-15,,6.0,pollresults_site,
house,TX-28,Barbara Jordan Public Policy Research and Survey Center,2026-08-22,Cuellar,Tijerina,TX,D,45.0,34.0,0.0,21.0,600.0,1.5,2026-08-22,False,https://static1.squarespace.com/static/67aa7aa3e284b002cd6a420e/t/6a8debe648e3721adb0534b6/1787685864204/SouthTexasCDs2026.pdf,,11.0,pollresults_site,lv
house,TX-28,Pulse Decision Science (R),2026-06-23,Cuellar,Tijerina,TX,D,33.0,42.0,0.0,25.0,400.0,1.5,2026-06-23,False,https://x.com/birenbomb/status/2072354489642942795,,-9.0,pollresults_site,lv
house,TX-34,Barbara Jordan Public Policy Research and Survey Center,2026-08-22,Gonzalez,Eric Flores,TX,D,45.0,42.0,0.0,13.0,700.0,1.5,2026-08-22,False,https://static1.squarespace.com/static/67aa7aa3e284b002cd6a420e/t/6a8debe648e3721adb0534b6/1787685864204/SouthTexasCDs2026.pdf,,3.0,pollresults_site,lv
house,TX-34,Ragnar Research Partners (R),2026-06-16,Gonzalez,Eric Flores,TX,D,41.0,44.0,0.0,15.0,400.0,1.5,2026-06-16,False,https://x.com/EricDFloress/status/2073053353924305365/photo/1,,-3.0,pollresults_site,lv
house,TX-35,"Normington, Petts & Associates (D)",2026-08-31,Johnny Garcia,Carlos De La Cruz,TX,D,44.0,45.0,0.0,11.0,,1.5,2026-08-31,False,https://hub.nationaljournal.com/can-democrats-school-ramaswamy-in-ohio,,-1.0,pollresults_site,
house,UT-3,Lighthouse Research,2026-09-15,Udell,Maloy,UT,D,26.4,44.5,0.0,29.1,508.0,1.5,2026-09-15,False,https://utahdebatecommission.org/2026-polling/,,-18.1,pollresults_site,rv
house,VA-2,Tulchin Research (D),2026-07-13,Luria,Kiggans,VA,D,47.0,47.0,0.0,6.0,700.0,1.5,2026-07-13,False,https://www.politico.com/newsletters/playbook/2026/07/24/dinner-with-a-side-of-vicious-01011141?template_id=OT5J0E7B7DD7&amp;is_login_link=true,,0.0,pollresults_site,lv
house,VA-5,Expedition Strategies (D),2026-08-01,Perriello,John McGuire,VA,D,44.0,47.0,0.0,9.0,602.0,1.5,2026-08-01,False,https://www.tomperriello.com/news/new-poll-perriello-moves-virginias-5th-district-into-a-toss-up-race?source=d715b73c-1e5d-4e06-99fb-ef4a95e22fd4,,-3.0,pollresults_site,lv
house,WA-3,Emerson College,2026-07-10,Perez,John Braun,WA,D,42.0,43.0,0.0,15.0,500.0,1.5,2026-07-10,False,https://www.nwprogressive.org/weblog/2026/07/wa-03-is-still-washingtons-tossup-district-marie-gluesenkamp-perez-and-john-braun-are-tied-ahead-of-2026-top-two-election.html,,-1.0,pollresults_site,lv
house,WI-3,FM3 Research (D),2026-06-25,Cooke,Van Orden,WI,D,50.0,46.0,0.0,4.0,535.0,1.5,2026-06-25,False,https://www.thehousemajoritypac.com/news/hmp-poll-rebecca-cooke-leads-derrick-van-orden-in-wi-03,,4.0,pollresults_site,lv
house,WI-3,Impact Research,2026-05-31,Cooke,Van Orden,WI,D,50.0,46.0,0.0,4.0,500.0,1.5,2026-05-31,False,https://drive.google.com/file/d/1dTP7FcvzgV49WVSyQ6MtgpX7W48_1SsR/edit,,4.0,pollresults_site,lv
senate,AK,Alaska Survey Research,2026-05-17,Peltola,Dan Sullivan,AK,D,48.4,43.8,5.1,2.7,1401.0,1.5,2026-05-17,False,https://bsky.app/profile/alaskasurvey.bsky.social/post/3mmeqzp7nuc2l,,4.600000000000001,pollresults_site,lv
senate,AK,Alaska Survey Research,2026-06-07,Peltola,Dan Sullivan,AK,D,49.4,44.2,3.7,2.7,1393.0,1.5,2026-06-07,False,https://bsky.app/profile/alaskasurvey.bsky.social/post/3mo4ifkz3tc25,,5.199999999999996,pollresults_site,lv
senate,AK,Alaska Survey Research,2026-08-05,Peltola,Dan Sullivan,AK,D,50.8,49.2,0.0,0.0,1371.0,1.5,2026-08-05,False,https://bsky.app/profile/alaskasurvey.bsky.social/post/3mstcarsnc32q,,1.5999999999999943,pollresults_site,lv
senate,AK,Alaska Survey Research,2026-08-23,Peltola,Dan Sullivan,AK,D,50.6,49.4,0.0,0.0,1495.0,1.5,2026-08-23,False,https://x.com/the_real_asr/status/2093483993954144564,,1.2000000000000028,pollresults_site,lv
senate,AK,Data for Progress (D),2026-08-04,Peltola,Dan Sullivan,AK,D,53.0,47.0,0.0,0.0,567.0,1.5,2026-08-04,False,https://www.dataforprogress.org/blog/2026/8/17/as-alaskas-affordability-crisis-deepens-peltola-leads-in-senate-race,,6.0,pollresults_site,lv
senate,AK,The New York Times/Siena University,2026-06-29,Peltola,Dan Sullivan,AK,D,45.06,47.47,0.0,7.47,593.0,1.5,2026-06-29,False,https://www.nytimes.com/interactive/2026/07/01/polls/times-siena-alaska-poll-crosstabs.html,,-2.4099999999999966,pollresults_site,lv
senate,AL,yes. every kid. foundation.,2026-07-11,Wess,Barry Moore,AL,D,32.0,47.0,0.0,21.0,601.0,1.5,2026-07-11,False,https://yeseverykidfoundation.org/alabama-likely-voters-support-fully-funding-the-choose-act/,,-15.0,pollresults_site,lv
senate,AR,2040 Strategy Group (D),2026-07-25,Shoffner,Cotton,AR,D,43.0,46.0,0.0,11.0,586.0,1.5,2026-07-25,False,https://arktimes.com/arkansas-blog/2026/08/05/dem-senate-hopeful-shoffner-pulls-promising-poll-numbers-against-unlikeable-cotton,,-3.0,pollresults_site,lv
senate,AR,Hendrix College,2026-08-12,Shoffner,Cotton,AR,D,47.4,44.0,0.0,8.6,1217.0,1.5,2026-08-12,False,https://talkbusiness.net/2026/08/poll-gov-sanders-holds-lead-over-two-opponents/,,3.3999999999999986,pollresults_site,lv
senate,AR,J.L. Partners,2026-08-18,Shoffner,Cotton,AR,D,35.0,51.0,0.0,14.0,803.0,1.5,2026-08-18,False,https://jlpartners.com/arkansas-senate-likely-voter-polling,,-16.0,pollresults_site,lv
senate,FL,University of North Florida,2026-07-17,Angie Nixon,Ashley Moody,FL,D,41.6,50.0,0.0,8.4,848.0,1.5,2026-07-17,False,https://floridapolitics.com/archives/808426-unf-poll-jolly-donalds/,,-8.399999999999999,pollresults_site,lv
senate,GA,Beacon Research/Shaw & Company Research,2026-06-27,Ossoff,Mike Collins,GA,D,56.0,43.0,0.0,1.0,1002.0,1.5,2026-06-27,False,https://www.foxnews.com/politics/fox-news-poll-early-look-georgia-senate-race,,13.0,pollresults_site,rv
senate,GA,Fabrizio Ward/Impact Research,2026-07-16,Ossoff,Mike Collins,GA,D,52.0,43.0,0.0,5.0,1060.0,1.5,2026-07-16,False,https://www.aarp.org/pri/topics/voter-research/politics/2026-midterm-election-poll-georgia/,,9.0,pollresults_site,lv
senate,GA,InsiderAdvantage (R),2026-08-17,Ossoff,Mike Collins,GA,D,50.1,42.6,0.0,7.3,800.0,1.5,2026-08-17,False,https://jamesmagazinega.com/2026/08/18/exclusive-jmo-insideradvantage-georgia-survey-ossoff-leads-jackson-lance-bottoms-tied/,,7.5,pollresults_site,lv
senate,GA,Trafalgar Group (R),2026-09-12,Ossoff,Mike Collins,GA,D,49.4,42.8,0.0,7.8,1091.0,1.5,2026-09-12,False,https://www.thetrafalgargroup.org/wp-content/uploads/2026/09/GA-General-Full-Report-0912.pdf,,6.600000000000001,pollresults_site,lv
senate,GA,Wick,2026-06-30,Ossoff,Mike Collins,GA,D,46.7,42.9,0.0,10.4,1175.0,1.5,2026-06-30,False,https://wick.io/research-georgia-election-survey-june-2026,,3.8000000000000043,pollresults_site,lv
senate,IA,Abacus Data,2026-08-28,Turek,Hinson,IA,D,48.0,41.0,0.0,11.0,323.0,1.5,2026-08-28,False,https://abacusdata.ca/the-trade-war-next-door-what-american-voters-think-about-tariffs-canada-and-the-battle-for-the-u-s-senate/,,7.0,pollresults_site,lv
senate,IA,Beacon Research/Shaw & Company Research,2026-06-27,Turek,Hinson,IA,D,50.0,46.0,0.0,4.0,1003.0,1.5,2026-06-27,False,https://www.foxnews.com/politics/fox-news-poll-close-senate-contest-brewing-iowa,,4.0,pollresults_site,rv
senate,IA,Cygnal Political,2026-06-19,Turek,Hinson,IA,D,44.2,46.0,0.0,9.8,600.0,1.5,2026-06-19,False,https://taxrelief.org/itr-foundation-poll-shows-iowans-want-taxpayer-protection/,,-1.7999999999999972,pollresults_site,lv
senate,IA,Emerson College,2026-08-04,Turek,Hinson,IA,D,44.98,47.52,0.0,7.5,712.0,1.5,2026-08-04,False,https://emersoncollegepolling.com/iowa-2026-poll/,,-2.5400000000000063,pollresults_site,lv
senate,IA,Emerson College,2026-09-01,Turek,Hinson,IA,D,45.05,49.47,0.0,5.48,750.0,1.5,2026-09-01,False,https://emersoncollegepolling.com/iowa-2026-poll-hinson-leads-turek/,,-4.420000000000002,pollresults_site,lv
senate,IA,Global Strategy Group (D),2026-06-11,Turek,Hinson,IA,D,47.0,45.0,0.0,8.0,1000.0,1.5,2026-06-11,False,https://www.politico.com/newsletters/playbook/2026/06/22/the-next-geopolitical-crisis-00969509?,,2.0,pollresults_site,lv
senate,IA,Public Policy Polling,2026-06-04,Turek,Hinson,IA,D,46.0,46.0,0.0,8.0,557.0,1.5,2026-06-04,False,https://www.politico.com/newsletters/playbook/2026/06/08/ron-klain-picks-his-2028-horse-00953194?nname=playbook&amp;nid=0000014f-1646-d88f-a1cf-5f46b7bd0000&amp;nrid=0000014e-f10d-dd93-ad7f-f90de50d0003,,0.0,pollresults_site,rv
senate,IA,Suffolk University,2026-08-23,Turek,Hinson,IA,D,40.8,45.4,0.0,13.8,500.0,1.5,2026-08-23,False,https://www.suffolk.edu/academics/research-at-suffolk/political-research-center/polls/other-states#collapse-August-26-2026-Iowa-Governor-and-US-Senate-General-Election,,-4.600000000000001,pollresults_site,lv
senate,IA,The New York Times/Siena University,2026-06-27,Turek,Hinson,IA,D,46.01,48.48,0.0,5.51,600.0,1.5,2026-06-27,False,https://www.nytimes.com/interactive/2026/07/01/polls/times-siena-iowa-poll-crosstabs.html,,-2.469999999999999,pollresults_site,lv
senate,IA,Wedgewood Polls,2026-08-29,Turek,Hinson,IA,D,48.0,50.0,0.0,2.0,600.0,1.5,2026-08-29,False,https://drive.google.com/file/d/1db0gbhfCa_aNzU7yfM3dufl601cW1FbY/view?usp=drivesdk,,-2.0,pollresults_site,lv
senate,ID,Change Research (D),2026-07-30,Achilles,Risch,ID,I,21.0,43.0,0.0,36.0,,1.5,2026-07-30,False,https://static1.squarespace.com/static/69781c4082a86d0a267710a0/t/6a74dd64f53c5d50f999296c/1786043748443/Release_Polling+Results_Final_8.6.26.pdf,,-22.0,pollresults_site,
senate,ID,Peak Insights (R),2026-08-13,Achilles,Risch,ID,I,18.0,52.0,0.0,30.0,500.0,1.5,2026-08-13,False,https://x.com/JacobRubashkin/status/2088415795764228191/photo/1,,-34.0,pollresults_site,lv
senate,ID,The Bullfinch Group,2026-06-01,Achilles,Risch,ID,I,36.0,40.0,0.0,24.0,774.0,1.5,2026-06-01,False,https://www.thebullfinchgroup.com/post/for-immediate-release-independent-todd-achilles-surges-on-informed-ballot,,-4.0,pollresults_site,rv
senate,ID,The Bullfinch Group,2026-08-07,Achilles,Risch,ID,I,38.0,33.0,0.0,29.0,608.0,1.5,2026-08-07,False,https://www.thebullfinchgroup.com/post/for-immediate-release-independent-todd-achilles-within-4-points-among-likely-voters,,5.0,pollresults_site,lv
senate,KS,GBAO (D),2026-07-13,Hamilton,Marshall,KS,D,43.0,47.0,0.0,10.0,600.0,1.5,2026-07-13,False,https://www.politico.com/newsletters/playbook-pm/2026/08/07/the-gops-new-economic-anchor-01029005,,-4.0,pollresults_site,lv
senate,KS,Global Strategy Group (D),2026-08-16,Hamilton,Marshall,KS,D,44.0,43.0,5.0,8.0,800.0,1.5,2026-08-16,False,https://www.the-downballot.com/p/morning-digest-massachusetts-could,,1.0,pollresults_site,lv
senate,KS,Public Policy Polling,2026-08-08,Hamilton,Marshall,KS,D,45.0,46.0,0.0,9.0,,1.5,2026-08-08,False,https://static01.nyt.com/newsgraphics/documenttools/b727068b48546990/3bda8f92-full.pdf,,-1.0,pollresults_site,
senate,KY,Global Strategy Group (D),2026-08-27,Charles Booker,Barr,KY,D,40.0,49.0,0.0,11.0,600.0,1.5,2026-08-27,False,https://fox56news.com/news/kentucky/new-poll-shows-charles-booker-trailing-just-behind-andy-barr-in-race-for-senate/,,-9.0,pollresults_site,lv
senate,LA,Public Policy Polling,2026-07-22,Jamie Davis,Letlow,LA,D,37.0,41.0,0.0,22.0,518.0,1.5,2026-07-22,False,https://bayouprogressive.com/2026/08/new-poll-puts-jamie-davis-four-points-behind-julia-letlow-as-1-in-5-voters-remain-undecided/,,-4.0,pollresults_site,rv
senate,MA,University of New Hampshire,2026-08-24,Markey,Deaton,MA,D,49.0,30.0,0.0,21.0,906.0,1.5,2026-08-24,False,https://scholars.unh.edu/survey_center_polls/989/,,19.0,pollresults_site,lv
senate,ME,Abacus Data,2026-08-28,Troy Jackson,Susan M. Collins,ME,D,50.0,42.0,0.0,8.0,327.0,1.5,2026-08-28,False,https://abacusdata.ca/the-trade-war-next-door-what-american-voters-think-about-tariffs-canada-and-the-battle-for-the-u-s-senate/,,8.0,pollresults_site,lv
senate,ME,Beacon Research/Shaw & Company Research,2026-08-10,Troy Jackson,Susan M. Collins,ME,D,48.0,46.0,0.0,6.0,1000.0,1.5,2026-08-10,False,https://www.foxnews.com/politics/fox-news-poll-new-matchup-same-result-maine-senate-race-stays-locked,,2.0,pollresults_site,rv
senate,ME,Hart Research Associates (D),2026-08-01,Troy Jackson,Susan M. Collins,ME,D,49.0,45.0,0.0,6.0,802.0,1.5,2026-08-01,False,https://drive.google.com/file/d/1c_Oz7n375ncOkmMWPs8DJTKcBD3Gke4-/view,,4.0,pollresults_site,lv
senate,ME,University of New Hampshire,2026-07-20,Troy Jackson,Susan M. Collins,ME,D,49.0,46.0,0.0,5.0,1178.0,1.5,2026-07-20,False,https://scholars.unh.edu/survey_center_polls/981/,,3.0,pollresults_site,lv
senate,MI,Abacus Data,2026-08-28,El-Sayed,Mike Rogers,MI,D,47.0,42.0,0.0,11.0,332.0,1.5,2026-08-28,False,https://abacusdata.ca/the-trade-war-next-door-what-american-voters-think-about-tariffs-canada-and-the-battle-for-the-u-s-senate/,,5.0,pollresults_site,lv
senate,MI,Beacon Research/Shaw & Company Research,2026-08-10,El-Sayed,Mike Rogers,MI,D,47.0,51.0,0.0,2.0,1006.0,1.5,2026-08-10,False,https://www.foxnews.com/politics/fox-news-poll-senate-battle-looms-michigan,,-4.0,pollresults_site,rv
senate,MI,EPIC-MRA,2026-07-31,El-Sayed,Mike Rogers,MI,D,43.0,46.0,0.0,11.0,600.0,1.5,2026-07-31,False,https://x.com/MIRSnews/status/2083770042475516025,,-3.0,pollresults_site,lv
senate,MI,EPIC-MRA,2026-08-28,El-Sayed,Mike Rogers,MI,D,47.0,43.0,0.0,10.0,600.0,1.5,2026-08-28,False,https://talkingpointsmemo.com/edblog/time-to-relax-about-whether-abdul-el-sayed-can-win-michigan,,4.0,pollresults_site,lv
senate,MI,Fabrizio Ward/Impact Research,2026-08-11,El-Sayed,Mike Rogers,MI,D,48.0,47.0,0.0,5.0,877.0,1.5,2026-08-11,False,https://www.aarp.org/pri/topics/voter-research/politics/2026-midterm-election-poll-michigan/?CMP=RDRCT-PRI-POLT,,1.0,pollresults_site,lv
senate,MI,GBAO (D),2026-08-10,El-Sayed,Mike Rogers,MI,D,50.0,44.0,0.0,6.0,800.0,1.5,2026-08-10,False,https://www.politico.com/newsletters/playbook/2026/08/15/what-burritos-tell-us-about-capitalism-01038859,,6.0,pollresults_site,lv
senate,MI,"Glengariff Group, Inc.",2026-07-24,El-Sayed,Mike Rogers,MI,D,38.7,49.0,0.0,12.3,600.0,1.5,2026-07-24,False,https://mea.org/latest-statewide-poll-7-2026/,,-10.299999999999997,pollresults_site,lv
senate,MI,Mitchell Research & Communications,2026-06-13,El-Sayed,Mike Rogers,MI,D,47.0,42.0,0.0,11.0,827.0,1.5,2026-06-13,False,https://www.freep.com/story/news/politics/2026/06/16/john-james-mike-cox-michigan-gop-primary-governor/90569723007/,,5.0,pollresults_site,lv
senate,MI,Mitchell Research & Communications,2026-07-29,El-Sayed,Mike Rogers,MI,D,45.0,45.0,0.0,10.0,672.0,1.5,2026-07-29,False,https://static1.squarespace.com/static/5f14ae6fb2a20e01e9c6d608/t/6a6d26262f442f133d15fa49/1785538087149/MITCHELL+MI+Poll+Nov+Electio+Press+Release+7-31-2026+305PM_A.pdf,,0.0,pollresults_site,lv
senate,MI,"Susquehanna Polling & Research, Inc. (R)",2026-08-17,El-Sayed,Mike Rogers,MI,D,46.0,39.0,0.0,15.0,800.0,1.5,2026-08-17,False,https://static01.nyt.com/newsgraphics/documenttools/43c767b477fe30ae/4748b92f-full.pdf,,7.0,pollresults_site,rv
senate,MI,TIPP Insights (R),2026-08-10,El-Sayed,Mike Rogers,MI,D,45.44,42.27,0.0,12.29,1215.0,1.5,2026-08-10,False,https://tippinsights.com/league-of-american-workers-survey-michigan-2/,,3.1699999999999946,pollresults_site,lv
senate,MI,Tulchin Research (D),2026-06-04,El-Sayed,Mike Rogers,MI,D,46.0,41.0,0.0,13.0,500.0,1.5,2026-06-04,False,https://drive.google.com/file/d/15KbOIW_L4iGdkgIbMWDr2m80N0ZUr3d3/view,,5.0,pollresults_site,lv
senate,MN,Impact Research,2026-05-28,Peggy Flanagan,Tafoya,MN,D,51.0,44.0,0.0,5.0,808.0,1.5,2026-05-28,False,https://x.com/NenoNicolosio/status/2062572053346111489?s=20,,7.0,pollresults_site,lv
senate,MN,SurveyUSA,2026-08-17,Peggy Flanagan,Tafoya,MN,D,46.0,41.0,0.0,13.0,661.0,1.5,2026-08-17,False,https://kstp.com/kstp-news/top-news/kstp-surveyusa-poll-early-frontrunners-in-governor-and-senate-races-ag-a-toss-up/,,5.0,pollresults_site,lv
senate,MS,Data for Progress (D),2026-08-15,Colom,Hyde-Smith,MS,D,41.0,47.0,0.0,12.0,1018.0,1.5,2026-08-15,False,https://chartingthewayforward.substack.com/p/research-release-fresh-polling-from,,-6.0,pollresults_site,lv
senate,MT,GQR (D),2026-07-26,Bodnar,Alme,MT,I,50.0,44.0,0.0,6.0,500.0,1.5,2026-07-26,False,https://www.gelliottmorris.com/p/2026-07-28-exclusive-independent-leads-democrat-against-republican-montana,,6.0,pollresults_site,lv
senate,MT,GrayHouse (R),2026-06-24,Bankhead,Alme,MT,D,25.0,41.0,17.0,17.0,500.0,1.5,2026-06-24,False,https://www.insideelections.com/news/article/montana-senate-new-poll-confirms-gop-edge,,-16.0,pollresults_site,lv
senate,MT,Hart Research Associates (D),2026-06-24,Bankhead,Alme,MT,D,43.0,49.0,0.0,8.0,800.0,1.5,2026-06-24,False,https://www.mtfreedompac.org/press-releases,,-6.0,pollresults_site,lv
senate,MT,Hart Research Associates (D),2026-08-04,Bankhead,Alme,MT,D,38.0,52.0,0.0,10.0,800.0,1.5,2026-08-04,False,https://forwardmontana.org/results-of-new-polling-on-the-montana-u-s-senate-election/,,-14.0,pollresults_site,lv
senate,MT,Public Opinion Strategies (R),2026-06-11,Bankhead,Alme,MT,D,25.0,44.0,20.0,11.0,500.0,1.5,2026-06-11,False,https://www.semafor.com/article/06/18/2026/divided-montana-senate-field-helps-republicans,,-19.0,pollresults_site,lv
senate,MT,The Bullfinch Group,2026-07-16,Bodnar,Alme,MT,I,24.0,36.0,22.0,18.0,793.0,1.5,2026-07-16,False,https://independentcentervoice.com/insights/july-2026-statewide-survey-montana-s-u-s-senate-race,,-12.0,pollresults_site,lv
senate,NC,Beacon Research/Shaw & Company Research,2026-07-27,Cooper,Whatley,NC,D,53.0,44.0,0.0,3.0,1005.0,1.5,2026-07-27,False,https://www.foxnews.com/politics/fox-news-poll-democratic-enthusiasm-shapes-north-carolina-senate-race,,9.0,pollresults_site,rv
senate,NC,Change Research (D),2026-05-08,Cooper,Whatley,NC,D,49.29,42.42,0.0,8.29,957.0,1.5,2026-05-08,False,https://carolinaforward.org/blog/the-may-2026-carolina-forward-poll/,,6.869999999999997,pollresults_site,lv
senate,NC,Change Research (D),2026-08-01,Cooper,Whatley,NC,D,50.0,41.0,0.0,9.0,967.0,1.5,2026-08-01,False,https://garypearcenc.substack.com/p/cooper-up-by-9-trump-still-slumps,,9.0,pollresults_site,rv
senate,NC,Change Research (D),2026-08-06,Cooper,Whatley,NC,D,50.05,42.93,0.0,7.02,915.0,1.5,2026-08-06,False,https://carolinaforward.org/news/the-august-2026-carolina-forward-poll/,,7.119999999999997,pollresults_site,lv
senate,NC,Harper Polling (R),2026-05-11,Cooper,Whatley,NC,D,49.8,38.7,0.0,11.5,600.0,1.5,2026-05-11,False,https://www.carolinajournal.com/polls/may-2026-coopers-lead-over-whatley-in-senate-race-widens/,,11.099999999999994,pollresults_site,lv
senate,NC,Harper Polling (R),2026-08-10,Cooper,Whatley,NC,D,51.5,39.0,0.0,9.5,600.0,1.5,2026-08-10,False,https://www.carolinajournal.com/polls/august-2026-coopers-lead-over-whatley-grows-to-12-5-points/,,12.5,pollresults_site,lv
senate,NC,High Point University,2026-08-12,Cooper,Whatley,NC,D,48.0,41.0,0.0,11.0,800.0,1.5,2026-08-12,False,https://www.highpoint.edu/blog/2026/08/hpu-poll-126-majority-of-north-carolina-voters-say-country-headed-in-wrong-direction/,,7.0,pollresults_site,rv
senate,NC,Public Policy Polling,2026-07-11,Cooper,Whatley,NC,D,48.0,44.0,0.0,8.0,759.0,1.5,2026-07-11,False,https://www.publicpolicypolling.com/polls/cooper-leads-but-whatley-has-a-path/,,4.0,pollresults_site,rv
senate,NC,The New York Times/Siena University,2026-06-27,Cooper,Whatley,NC,D,50.0,43.19,0.0,6.81,601.0,1.5,2026-06-27,False,https://www.nytimes.com/interactive/2026/07/01/polls/times-siena-north-carolina-poll-crosstabs.html,,6.810000000000002,pollresults_site,lv
senate,NC,Trafalgar Group (R),2026-09-10,Cooper,Whatley,NC,D,48.2,42.3,0.0,9.5,1084.0,1.5,2026-09-10,False,https://www.thetrafalgargroup.org/wp-content/uploads/2026/09/NC-Gen-Sen-Poll-Full-Report-0911.pdf,,5.900000000000006,pollresults_site,lv
senate,NC,YouGov,2026-06-10,Cooper,Whatley,NC,D,47.73,34.03,0.0,18.24,905.0,1.5,2026-06-10,False,https://www.catawba.edu/news/all-news/2026/yougovsurvey27/,,13.699999999999996,pollresults_site,lv
senate,NC,YouGov,2026-07-31,Cooper,Whatley,NC,D,53.0,42.0,0.0,5.0,466.0,1.5,2026-07-31,False,https://eloncdn.blob.core.windows.net/eu3/sites/819/2026/08/Elon-Poll-1-fall-2026-NR-V3-8-12-26.pdf,,11.0,pollresults_site,lv
senate,NE,Impact Research,2026-08-13,Osborn,Ricketts,NE,I,47.0,47.0,0.0,6.0,600.0,1.5,2026-08-13,False,https://omaha.com/news/state-regional/government-politics/article_666083f7-4e07-45ae-a534-adbb42b64734.html#tncms-source=login,,0.0,pollresults_site,lv
senate,NH,"Fabrizio, Lee & Associates",2026-08-30,Pappas,John E. Sununu,NH,D,36.0,37.0,0.0,27.0,600.0,1.5,2026-08-30,False,https://www.unionleader.com/news/politics/voters/national-senate-gop-poll-sununu-vs-pappas-is-a-dead-heat/article_4c03176f-b04f-4a9a-b85f-ce15695fc83c.html,,-1.0,pollresults_site,lv
senate,NH,Peak Insights (R),2026-06-27,Pappas,John E. Sununu,NH,D,43.0,42.0,0.0,15.0,500.0,1.5,2026-06-27,False,https://www.nrsc.org/wp-content/uploads/2026/07/new-hampshire-poll.pdf,,1.0,pollresults_site,lv
senate,NH,St. Anselm,2026-06-25,Pappas,John E. Sununu,NH,D,47.0,41.0,0.0,12.0,1614.0,1.5,2026-06-25,False,https://www.anselm.edu/about/anselmian-hub/news/saint-anselm-college-survey-center-june-poll-finds-democrats-expand-generic-ballot-lead,,6.0,pollresults_site,rv
senate,NH,St. Anselm,2026-08-18,Pappas,John E. Sununu,NH,D,48.0,41.0,0.0,11.0,1411.0,1.5,2026-08-18,False,https://www.anselm.edu/about/anselmian-hub/news/new-saint-anselm-college-poll-finds-republicans-facing-midterm-headwinds-democratic-lead-widens,,7.0,pollresults_site,lv
senate,NH,University of New Hampshire,2026-06-23,Pappas,John E. Sununu,NH,D,47.0,44.0,0.0,9.0,2157.0,1.5,2026-06-23,False,https://scholars.unh.edu/survey_center_polls/974/,,3.0,pollresults_site,lv
senate,OH,Abacus Data,2026-08-28,Brown,Husted,OH,D,46.0,41.0,0.0,13.0,306.0,1.5,2026-08-28,False,https://abacusdata.ca/the-trade-war-next-door-what-american-voters-think-about-tariffs-canada-and-the-battle-for-the-u-s-senate/,,5.0,pollresults_site,lv
senate,OH,Beacon Research/Shaw & Company Research,2026-06-01,Brown,Husted,OH,D,53.0,45.0,0.0,2.0,1015.0,1.5,2026-06-01,False,https://www.foxnews.com/politics/fox-news-poll-democratic-unity-republican-crossovers-shape-ohio-senate-race,,8.0,pollresults_site,rv
senate,OH,Beacon Research/Shaw & Company Research,2026-08-10,Brown,Husted,OH,D,53.0,45.0,0.0,2.0,1008.0,1.5,2026-08-10,False,https://www.foxnews.com/politics/fox-news-poll-economic-anxiety-candidate-concerns-define-ohio-senate-race,,8.0,pollresults_site,rv
senate,OH,Fabrizio Ward/Impact Research,2026-06-16,Brown,Husted,OH,D,48.0,45.0,0.0,7.0,800.0,1.5,2026-06-16,False,https://www.aarp.org/pri/topics/voter-research/politics/2026-midterm-election-poll-ohio/,,3.0,pollresults_site,lv
senate,OH,The New York Times/Siena University,2026-06-28,Brown,Husted,OH,D,47.0,49.8,0.0,3.2,601.0,1.5,2026-06-28,False,https://www.nytimes.com/interactive/2026/07/01/polls/times-siena-ohio-poll-crosstabs.html,,-2.799999999999997,pollresults_site,lv
senate,OH,Tulchin Research (D),2026-06-04,Brown,Husted,OH,D,46.0,42.0,0.0,12.0,600.0,1.5,2026-06-04,False,https://x.com/PollTracker2024/status/2067244200886665423,,4.0,pollresults_site,lv
senate,OH,Tulchin Research (D),2026-08-04,Brown,Husted,OH,D,47.0,43.0,0.0,10.0,600.0,1.5,2026-08-04,False,https://www.the-downballot.com/p/morning-digest-sponsored-by-the-michigan-a7b,,4.0,pollresults_site,lv
senate,OH,Wedgewood Polls,2026-08-13,Brown,Husted,OH,D,48.0,44.0,0.0,8.0,800.0,1.5,2026-08-13,False,https://drive.google.com/file/d/1rP-26-yqNx9jy_gRqoLDmgJgzm5X8a4O/view,,4.0,pollresults_site,lv
senate,RI,University of New Hampshire,2026-06-23,Reed,McKay,RI,D,52.0,35.0,0.0,13.0,627.0,1.5,2026-06-23,False,https://scholars.unh.edu/survey_center_polls/971/,,17.0,pollresults_site,lv
senate,RI,University of New Hampshire,2026-08-24,Reed,McKay,RI,D,51.0,31.0,0.0,18.0,722.0,1.5,2026-08-24,False,https://scholars.unh.edu/survey_center_polls/990/,,20.0,pollresults_site,lv
senate,SC,Abacus Data,2026-08-28,Annie Andrews,Darline Graham,SC,D,38.0,51.0,0.0,11.0,306.0,1.5,2026-08-28,False,https://abacusdata.ca/the-trade-war-next-door-what-american-voters-think-about-tariffs-canada-and-the-battle-for-the-u-s-senate/,,-13.0,pollresults_site,lv
senate,SC,Impact Research,2026-06-22,Annie Andrews,Graham,SC,D,45.0,48.0,0.0,7.0,700.0,1.5,2026-06-22,False,https://314action.org/2026/06/29/icymi-new-poll-puts-dr-annie-andrews-within-margin-of-error-of-lindsey-graham/,,-3.0,pollresults_site,lv
senate,SC,Impact Research,2026-08-24,Annie Andrews,Darline Graham,SC,D,41.0,41.0,0.0,18.0,700.0,1.5,2026-08-24,False,https://drannieandrews.com/wp-content/uploads/2026/08/IMPACT-SC-SEN-POLL-MEMO-AUG-2026.pdf,,0.0,pollresults_site,lv
senate,SD,Impact Research,2026-08-17,Bengs,Mike Rounds,SD,I,44.0,44.0,0.0,12.0,500.0,1.5,2026-08-17,False,https://www.documentcloud.org/documents/28585312-sd-sen-impact-research-for-brian-bengs/,,0.0,pollresults_site,lv
senate,SD,Public Opinion Strategies (R),2026-07-09,Bengs,Mike Rounds,SD,I,33.0,56.0,0.0,11.0,500.0,1.5,2026-07-09,False,https://townhall.com/news/amy-curtis/2026/08/05/democrats-move-to-silence-south-dakota-primary-voters-n2680739,,-23.0,pollresults_site,lv
senate,SD,Public Policy Polling,2026-05-30,Bengs,Mike Rounds,SD,I,23.0,43.0,18.0,16.0,726.0,1.5,2026-05-30,False,https://hub.nationaljournal.com/trump-dusts-off-conspiracy-playbook,,-20.0,pollresults_site,rv
senate,SD,Public Policy Polling,2026-09-09,Bengs,Mike Rounds,SD,I,42.0,45.0,0.0,13.0,629.0,1.5,2026-09-09,False,https://x.com/NenoNicolosio/status/2098189872330678723,,-3.0,pollresults_site,rv
senate,TN,Targoz Market Research,2026-08-26,Bradshaw,Hagerty,TN,D,33.0,58.0,5.0,4.0,607.0,1.5,2026-08-26,False,https://tennsight.com/polls/august-2026/,,-25.0,pollresults_site,lv
senate,TX,A2 Insights,2026-06-28,Talarico,Paxton,TX,D,48.4,46.1,0.0,5.5,618.0,1.5,2026-06-28,False,https://drive.google.com/file/d/16hlQhGNlhHYtjMQsng-0sU06UourCYhQ/view,,2.299999999999997,pollresults_site,lv
senate,TX,Barbara Jordan Public Policy Research and Survey Center,2026-07-30,Talarico,Paxton,TX,D,47.0,45.0,0.0,8.0,1200.0,1.5,2026-07-30,False,https://static1.squarespace.com/static/67aa7aa3e284b002cd6a420e/t/6a713767d4ed824b91ea090d/1785804647961/Texas+Statewide+August2026.pdf,,2.0,pollresults_site,lv
senate,TX,Beacon Research/Shaw & Company Research,2026-07-27,Talarico,Paxton,TX,D,51.0,48.0,0.0,1.0,1006.0,1.5,2026-07-27,False,https://www.foxnews.com/politics/fox-news-poll-gop-divisions-shape-texas-senate-race,,3.0,pollresults_site,rv
senate,TX,Emerson College,2026-08-10,Talarico,Paxton,TX,D,46.25,47.25,0.0,6.5,1000.0,1.5,2026-08-10,False,https://emersoncollegepolling.com/texas-2026-poll-paxton-and-talarico/,,-1.0,pollresults_site,lv
senate,TX,Overton Insights (R),2026-08-26,Talarico,Paxton,TX,D,50.0,50.0,0.0,0.0,1167.0,1.5,2026-08-26,False,https://overtoninsights.com/wp-content/uploads/2026/08/Overton_Insights_Texas_Public_Policy_Foundation_Toplines_and_Demographics-2.pdf,,0.0,pollresults_site,lv
senate,TX,Public Policy Polling,2026-05-23,Talarico,Paxton,TX,D,45.0,38.0,0.0,17.0,643.0,1.5,2026-05-23,False,https://www.politico.com/newsletters/playbook/2026/05/27/paxton-wins-talarico-spins-00937608,,7.0,pollresults_site,rv
senate,TX,Quantus Insights (R),2026-06-04,Talarico,Paxton,TX,D,43.0,45.0,0.0,12.0,800.0,1.5,2026-06-04,False,https://quantusinsights.org/f/texas-republicans-lead-statewide-senate-race-starts-close,,-2.0,pollresults_site,lv
senate,TX,ReconMR/Siena Research Institute,2026-06-04,Talarico,Paxton,TX,D,46.0,46.0,0.0,8.0,807.0,1.5,2026-06-04,False,https://reconmr.com/texas-pulse/,,0.0,pollresults_site,lv
senate,TX,ReconMR/Siena Research Institute,2026-07-30,Talarico,Paxton,TX,D,47.0,43.0,0.0,10.0,619.0,1.5,2026-07-30,False,https://reconmr.com/wp-content/uploads/2026/08/Texas-Pulse-August-Release-August-7-2026-Final.pdf,,4.0,pollresults_site,lv
senate,TX,Slingshot Strategies (D),2026-05-28,Talarico,Paxton,TX,D,47.0,44.0,0.0,9.0,1670.0,1.5,2026-05-28,False,https://texaspublicopinionresearch.substack.com/p/new-poll-james-talarico-leads-ken,,3.0,pollresults_site,lv
senate,TX,Slingshot Strategies (D),2026-07-17,Talarico,Paxton,TX,D,45.0,40.0,0.0,15.0,1048.0,1.5,2026-07-17,False,https://texaspublicopinionresearch.substack.com/p/new-poll-james-talaricos-lead-over,,5.0,pollresults_site,lv
senate,TX,Slingshot Strategies (D),2026-08-24,Talarico,Paxton,TX,D,48.0,42.0,0.0,10.0,1000.0,1.5,2026-08-24,False,https://texaspublicopinionresearch.substack.com/p/new-poll-in-texas-general-election,,6.0,pollresults_site,lv
senate,TX,SoCal Strategies (R),2026-06-21,Talarico,Paxton,TX,D,47.05,48.53,0.0,4.42,800.0,1.5,2026-06-21,False,https://socalstrategies.substack.com/p/ken-paxton-leads-narrow-texas-senate,,-1.480000000000004,pollresults_site,lv
senate,TX,The New York Times/Siena University,2026-06-27,Talarico,Paxton,TX,D,46.57,46.67,0.0,6.76,656.0,1.5,2026-06-27,False,https://www.nytimes.com/2026/06/30/us/politics/texas-senate-poll-talarico-paxton.html,,-0.10000000000000142,pollresults_site,lv
senate,TX,Trafalgar Group (R),2026-09-17,Talarico,Paxton,TX,D,46.4,45.2,0.0,8.4,1079.0,1.5,2026-09-17,False,https://www.thetrafalgargroup.org/news/tx-general-0918/,,1.1999999999999957,pollresults_site,lv
senate,TX,Wedgewood Polls,2026-07-31,Talarico,Paxton,TX,D,48.0,46.0,0.0,6.0,800.0,1.5,2026-07-31,False,https://drive.google.com/file/d/1t2mC4MFActxiBdx4ef_5crisXjD9xH7a/view,,2.0,pollresults_site,lv
senate,TX,YouGov,2026-06-12,Talarico,Paxton,TX,D,42.0,43.0,0.0,15.0,1200.0,1.5,2026-06-12,False,https://texaspolitics.utexas.edu/blog/june-poll-finds-a-competitive-u-s-senate-race-in-texas-amid-continuing-economic-concerns-data-center-backlash,,-1.0,pollresults_site,rv
senate,TX,YouGov,2026-08-13,Talarico,Paxton,TX,D,42.0,39.0,0.0,19.0,1200.0,1.5,2026-08-13,False,https://texaspolitics.utexas.edu/blog/new-ut-texas-politics-project-poll-finds-talarico-leading-paxton-abbott-leading-hinojosa-continued-resistance-to-data-centers-2,,3.0,pollresults_site,rv
senate,TX,YouGov Blue,2026-07-31,Talarico,Paxton,TX,D,48.0,45.0,0.0,7.0,1001.0,1.5,2026-07-31,False,https://254labs.io/news/2026-07-txsen,,3.0,pollresults_site,lv
governor,CA,Wolfson (R),2026-08-16,Becerra,Hilton,CA,D,55.0,45.0,0.0,0.0,,1.5,2026-08-24,False,at://did:plc:4bwzn4ayvrvtiukfuwnz2i65/app.bsky.feed.post/3mttsqjbl522d,internal,10.0,usapolling,
house,TX-15,TSU,2026-07-30,Pulido,De La Cruz,TX,D,50.0,45.0,0.0,5.0,,1.5,2026-08-26,False,at://did:plc:4bwzn4ayvrvtiukfuwnz2i65/app.bsky.feed.post/3mtypwwokpk23,,5.0,usapolling,
house,TX-34,TSU,2026-07-30,Gonzalez,Flores,TX,D,45.0,42.0,5.0,8.0,,1.5,2026-08-26,False,at://did:plc:4bwzn4ayvrvtiukfuwnz2i65/app.bsky.feed.post/3mtyq35t4hc23,,3.0,usapolling,
senate,NH,UNH,2026-08-24,Pappas,J. Sununu,NH,D,43.0,45.0,0.0,12.0,,1.5,2026-08-26,False,at://did:plc:4bwzn4ayvrvtiukfuwnz2i65/app.bsky.feed.post/3mtz67flhhk2s,,-2.0,usapolling,
senate,NH,UNH,2026-08-24,Pappas,Brown,NH,D,45.0,40.0,0.0,15.0,,1.5,2026-08-26,False,at://did:plc:4bwzn4ayvrvtiukfuwnz2i65/app.bsky.feed.post/3mtz67flhhk2s,,5.0,usapolling,
house,TX-28,TSU,2026-07-30,Cuellar,Tijerina,TX,D,45.0,34.0,6.0,15.0,,1.5,2026-08-26,False,at://did:plc:4bwzn4ayvrvtiukfuwnz2i65/app.bsky.feed.post/3mtypz4dktk23,,11.0,usapolling,
governor,MA,UNH,2026-08-24,Healey,Minogue,MA,D,54.0,30.0,0.0,16.0,,1.5,2026-08-28,False,at://did:plc:4bwzn4ayvrvtiukfuwnz2i65/app.bsky.feed.post/3mu4gx6ktvk2p,,24.0,usapolling,
governor,MA,UNH,2026-08-24,Healey,Shortsleeve,MA,D,55.0,28.0,0.0,17.0,,1.5,2026-08-28,False,at://did:plc:4bwzn4ayvrvtiukfuwnz2i65/app.bsky.feed.post/3mu4gx6ktvk2p,,27.0,usapolling,
house,AZ-2,Peak Insights (R),2026-08-20,Nez,Crane,AZ,D,42.0,53.0,0.0,5.0,,1.5,2026-08-28,False,at://did:plc:4bwzn4ayvrvtiukfuwnz2i65/app.bsky.feed.post/3mu4gu2o6wk2p,internal,-11.0,usapolling,
senate,NM,Research & Polling,2026-08-28,Lujan,Marker,NM,D,53.0,38.0,0.0,9.0,,1.5,2026-09-01,False,at://did:plc:4bwzn4ayvrvtiukfuwnz2i65/app.bsky.feed.post/3muhxail4sk2e,,15.0,usapolling,
