district,d,r,state,chamber,src,lean24,lean20,lean24_hat
1,18667.0,4610.0,MI,lower,medsl2024_labels,60.39,73.08,64.453
10,35574.0,16359.0,MI,lower,medsl2024_labels,37.0,38.038,29.412
100,16065.0,35440.0,MI,lower,medsl2024_labels,-37.618,-35.364,-37.652
101,16382.0,36295.0,MI,lower,medsl2024_labels,-37.802,-35.91,-37.906
102,21662.0,32539.0,MI,lower,medsl2024_labels,-20.068,-18.561,-20.385
103,34638.0,29952.0,MI,lower,medsl2024_labels,7.255,4.816,6.44
104,22111.956,37273.722,MI,lower,medsl2024_labels,-25.531,-25.327,-25.121
105,17293.044,39840.278,MI,lower,medsl2024_labels,-39.464,-37.202,-39.277
106,19011.0,38805.0,MI,lower,medsl2024_labels,-34.236,-32.884,-34.153
107,24344.0,33486.0,MI,lower,medsl2024_labels,-15.808,-15.658,-15.873
108,16581.0,33216.0,MI,lower,medsl2024_labels,-33.406,-30.238,-33.343
109,25662.0,25986.0,MI,lower,medsl2024_labels,-0.627,1.772,-0.749
11,27779.279,6715.013,MI,lower,medsl2024_labels,61.066,67.428,59.985
110,19240.0,31552.0,MI,lower,medsl2024_labels,-24.24,-20.619,-24.03
12,31072.0,14946.0,MI,lower,medsl2024_labels,35.043,37.665,31.218
13,24510.0,25488.0,MI,lower,medsl2024_labels,-1.956,1.936,-3.83
14,25777.721,20421.987,MI,lower,medsl2024_labels,11.593,16.463,11.742
15,16736.67,17585.161,MI,lower,medsl2024_labels,-2.472,24.778,16.151
16,37370.425,11795.557,MI,lower,medsl2024_labels,52.017,52.761,44.135
17,31409.0,15231.0,MI,lower,medsl2024_labels,34.687,37.685,29.058
18,41569.036,12166.192,MI,lower,medsl2024_labels,54.718,58.752,55.312
19,37752.431,19054.08,MI,lower,medsl2024_labels,32.916,36.723,33.283
2,22151.0,21478.0,MI,lower,medsl2024_labels,1.543,9.942,1.316
20,31980.356,29023.315,MI,lower,medsl2024_labels,4.847,12.438,8.999
21,27586.249,21482.647,MI,lower,medsl2024_labels,12.439,14.198,10.758
22,31820.575,29705.443,MI,lower,medsl2024_labels,3.438,4.4,-4.227
23,32206.328,18080.147,MI,lower,medsl2024_labels,28.091,31.138,27.572
24,29803.452,21407.619,MI,lower,medsl2024_labels,16.395,23.9,15.273
25,25902.878,19552.22,MI,lower,medsl2024_labels,13.971,19.262,10.635
26,26817.0,15731.0,MI,lower,medsl2024_labels,26.055,31.633,23.006
27,24626.0,29235.0,MI,lower,medsl2024_labels,-8.557,-4.139,-12.765
28,22211.0,28578.0,MI,lower,medsl2024_labels,-12.536,-5.395,-13.168
29,20899.866,26967.253,MI,lower,medsl2024_labels,-12.675,-7.74,-15.353
3,9667.0,11679.0,MI,lower,medsl2024_labels,-9.426,53.623,44.996
30,19926.901,33826.503,MI,lower,medsl2024_labels,-25.858,-21.719,-26.162
31,26657.375,28170.352,MI,lower,medsl2024_labels,-2.76,0.853,-5.196
32,34649.0,10490.0,MI,lower,medsl2024_labels,53.521,56.197,54.426
33,42731.636,13907.409,MI,lower,medsl2024_labels,50.891,52.543,50.772
34,19693.416,30746.971,MI,lower,medsl2024_labels,-21.914,-18.689,-21.805
35,12107.0,34160.0,MI,lower,medsl2024_labels,-47.665,-43.982,-47.627
36,14440.827,29929.885,MI,lower,medsl2024_labels,-34.908,-32.032,-35.147
37,18102.173,29194.115,MI,lower,medsl2024_labels,-23.452,-21.485,-23.103
38,29523.0,24510.0,MI,lower,medsl2024_labels,9.278,9.409,8.478
39,18433.0,29779.0,MI,lower,medsl2024_labels,-23.534,-21.046,-23.41
4,32631.0,2358.0,MI,lower,medsl2024_labels,86.521,91.856,83.229
40,32091.0,22114.0,MI,lower,medsl2024_labels,18.406,18.194,17.117
41,30405.0,9601.0,MI,lower,medsl2024_labels,52.002,53.554,52.477
42,24991.0,29953.0,MI,lower,medsl2024_labels,-9.031,-7.403,-8.618
43,16283.0,39491.0,MI,lower,medsl2024_labels,-41.611,-40.285,-41.971
44,20246.965,21911.233,MI,lower,medsl2024_labels,-3.948,-0.656,-3.604
45,17035.035,35492.767,MI,lower,medsl2024_labels,-35.139,-33.175,-35.69
46,20572.402,21516.744,MI,lower,medsl2024_labels,-2.244,-0.159,-2.339
47,37304.234,22814.728,MI,lower,medsl2024_labels,24.101,25.977,24.038
48,32287.844,28930.892,MI,lower,medsl2024_labels,5.484,5.657,4.122
49,25492.329,31159.862,MI,lower,medsl2024_labels,-10.004,-7.995,-10.23
5,40741.0,5116.0,MI,lower,medsl2024_labels,77.687,82.777,76.104
50,20685.633,40281.816,MI,lower,medsl2024_labels,-32.142,-30.019,-31.307
51,24180.314,36394.823,MI,lower,medsl2024_labels,-20.164,-19.103,-22.543
52,24063.0,33933.0,MI,lower,medsl2024_labels,-17.018,-15.992,-19.431
53,25399.0,13879.0,MI,lower,medsl2024_labels,29.329,35.174,31.734
54,27525.0,28083.0,MI,lower,medsl2024_labels,-1.003,1.989,-1.45
55,27042.0,27427.0,MI,lower,medsl2024_labels,-0.707,2.667,-0.772
56,29502.173,22375.097,MI,lower,medsl2024_labels,13.738,16.385,12.945
57,19292.0,27852.0,MI,lower,medsl2024_labels,-18.157,-7.327,-12.254
58,20899.0,27251.0,MI,lower,medsl2024_labels,-13.192,-5.754,-11.519
59,19414.0,38117.0,MI,lower,medsl2024_labels,-32.509,-28.217,-33.982
6,41225.111,20894.984,MI,lower,medsl2024_labels,32.727,34.306,30.867
60,22086.77,35230.33,MI,lower,medsl2024_labels,-22.931,-17.308,-23.074
61,24408.82,27088.194,MI,lower,medsl2024_labels,-5.203,-0.426,-6.191
62,23736.18,29740.806,MI,lower,medsl2024_labels,-11.228,-6.966,-12.731
63,19256.457,38850.979,MI,lower,medsl2024_labels,-33.721,-30.996,-36.149
64,19066.873,31372.691,MI,lower,medsl2024_labels,-24.397,-19.964,-24.285
65,15098.0,42587.0,MI,lower,medsl2024_labels,-47.654,-43.91,-48.441
66,20706.0,40555.0,MI,lower,medsl2024_labels,-32.401,-30.993,-35.384
67,20231.0,34955.0,MI,lower,medsl2024_labels,-26.681,-21.723,-25.877
68,25096.0,30248.0,MI,lower,medsl2024_labels,-9.309,-6.17,-11.271
69,26514.787,22489.728,MI,lower,medsl2024_labels,8.214,13.935,8.713
7,23158.0,5473.0,MI,lower,medsl2024_labels,61.769,86.618,77.992
70,28360.412,7973.656,MI,lower,medsl2024_labels,56.109,61.45,56.229
71,20872.352,34216.601,MI,lower,medsl2024_labels,-24.223,-21.131,-24.861
72,25305.237,33684.769,MI,lower,medsl2024_labels,-14.205,-11.673,-16.146
73,25262.024,21050.732,MI,lower,medsl2024_labels,9.093,10.417,7.869
74,30576.0,14907.0,MI,lower,medsl2024_labels,34.45,37.492,34.943
75,32207.597,21699.506,MI,lower,medsl2024_labels,19.493,22.512,19.754
76,27071.622,27180.568,MI,lower,medsl2024_labels,-0.201,2.409,0.011
77,31440.336,19737.624,MI,lower,medsl2024_labels,22.867,24.605,21.89
78,17146.0,32639.0,MI,lower,medsl2024_labels,-31.12,-29.536,-31.005
79,20291.398,35968.626,MI,lower,medsl2024_labels,-27.866,-28.487,-29.559
8,38662.0,4718.0,MI,lower,medsl2024_labels,78.248,81.593,74.682
80,31055.828,21460.921,MI,lower,medsl2024_labels,18.27,18.992,18.181
81,32131.656,23860.296,MI,lower,medsl2024_labels,14.772,14.718,13.907
82,31601.602,9895.646,MI,lower,medsl2024_labels,52.307,53.972,53.161
83,21152.602,17779.374,MI,lower,medsl2024_labels,8.664,9.985,9.174
84,28091.0,22350.0,MI,lower,medsl2024_labels,11.382,10.515,9.704
85,18482.0,37508.0,MI,lower,medsl2024_labels,-33.981,-36.096,-34.987
86,24525.0,24681.0,MI,lower,medsl2024_labels,-0.317,-0.338,0.252
87,24849.678,17694.056,MI,lower,medsl2024_labels,16.819,20.049,17.669
88,27247.322,32156.944,MI,lower,medsl2024_labels,-8.265,-9.305,-9.057
89,17178.143,34657.419,MI,lower,medsl2024_labels,-33.721,-34.432,-34.8
9,33385.0,2708.0,MI,lower,medsl2024_labels,84.994,89.448,80.821
90,24290.487,35117.974,MI,lower,medsl2024_labels,-18.225,-19.284,-20.094
91,16232.284,35769.743,MI,lower,medsl2024_labels,-37.571,-36.566,-37.64
92,18587.279,23879.767,MI,lower,medsl2024_labels,-12.463,-7.93,-12.354
93,17281.387,33857.595,MI,lower,medsl2024_labels,-32.414,-29.417,-32.589
94,27676.851,14509.06,MI,lower,medsl2024_labels,31.214,35.309,31.695
95,22381.0,31967.0,MI,lower,medsl2024_labels,-17.638,-16.675,-17.477
96,23115.0,29514.0,MI,lower,medsl2024_labels,-12.159,-9.079,-12.234
97,17962.483,35579.578,MI,lower,medsl2024_labels,-32.903,-30.151,-33.906
98,13977.9,38808.0,MI,lower,medsl2024_labels,-47.039,-44.496,-46.706
99,16323.0,37176.0,MI,lower,medsl2024_labels,-38.978,-35.99,-38.949
10A,7617.0,18305.0,MN,lower,medsl2024_labels,-41.231,-38.822,-41.785
10B,5257.0,20460.0,MN,lower,medsl2024_labels,-59.117,-55.817,-58.953
11A,11516.0,12427.0,MN,lower,medsl2024_labels,-3.805,0.665,-3.458
11B,7287.0,16681.0,MN,lower,medsl2024_labels,-39.194,-35.427,-39.754
12A,7281.0,16022.0,MN,lower,medsl2024_labels,-37.51,-33.281,-37.482
12B,7753.0,17481.0,MN,lower,medsl2024_labels,-38.551,-36.243,-38.912
13A,7414.0,18518.0,MN,lower,medsl2024_labels,-42.82,-39.381,-43.604
13B,8962.0,15485.0,MN,lower,medsl2024_labels,-26.682,-25.331,-29.402
14A,9074.0,10364.0,MN,lower,medsl2024_labels,-6.636,1.635,-2.589
14B,9961.0,10297.0,MN,lower,medsl2024_labels,-1.659,4.211,0.384
15A,7344.0,15055.0,MN,lower,medsl2024_labels,-34.426,-28.778,-34.059
15B,7142.0,15985.0,MN,lower,medsl2024_labels,-38.237,-36.127,-38.365
16A,6797.0,15693.0,MN,lower,medsl2024_labels,-39.555,-36.215,-39.676
16B,7603.0,14531.0,MN,lower,medsl2024_labels,-31.3,-26.019,-31.345
17A,7279.0,16907.0,MN,lower,medsl2024_labels,-39.808,-38.597,-40.077
17B,8054.0,17403.0,MN,lower,medsl2024_labels,-36.725,-36.272,-37.481
18A,11736.0,12054.0,MN,lower,medsl2024_labels,-1.337,2.871,-1.211
18B,11340.0,8881.0,MN,lower,medsl2024_labels,12.161,20.353,14.547
19A,7490.0,13554.0,MN,lower,medsl2024_labels,-28.816,-23.478,-25.726
19B,8636.0,13730.0,MN,lower,medsl2024_labels,-22.776,-21.189,-23.189
1A,6620.0,16344.0,MN,lower,medsl2024_labels,-42.345,-38.422,-42.296
1B,7021.0,13931.0,MN,lower,medsl2024_labels,-32.98,-27.377,-32.608
20A,11017.0,14160.0,MN,lower,medsl2024_labels,-12.484,-10.606,-12.196
20B,8846.0,16824.0,MN,lower,medsl2024_labels,-31.079,-29.515,-31.246
21A,6296.0,16731.0,MN,lower,medsl2024_labels,-45.316,-43.591,-45.764
21B,6040.0,12114.0,MN,lower,medsl2024_labels,-33.458,-28.72,-33.174
22A,7417.0,15253.0,MN,lower,medsl2024_labels,-34.566,-31.939,-35.651
22B,8369.0,17040.0,MN,lower,medsl2024_labels,-34.126,-30.852,-34.102
23A,8346.0,14781.0,MN,lower,medsl2024_labels,-27.825,-23.412,-27.832
23B,8827.0,11074.0,MN,lower,medsl2024_labels,-11.291,-6.202,-10.78
24A,9610.0,15343.0,MN,lower,medsl2024_labels,-22.975,-20.947,-21.694
24B,13276.0,9375.0,MN,lower,medsl2024_labels,17.222,15.946,15.856
25A,13763.0,9892.0,MN,lower,medsl2024_labels,16.364,15.669,15.58
25B,13413.0,7293.0,MN,lower,medsl2024_labels,29.557,28.395,28.305
26A,11542.0,11614.0,MN,lower,medsl2024_labels,-0.311,5.528,0.136
26B,9603.0,15336.0,MN,lower,medsl2024_labels,-22.988,-19.917,-23.142
27A,7388.0,18011.0,MN,lower,medsl2024_labels,-41.824,-39.864,-41.907
27B,6845.0,18837.0,MN,lower,medsl2024_labels,-46.694,-44.781,-47.095
28A,8044.0,18337.0,MN,lower,medsl2024_labels,-39.017,-37.212,-39.445
28B,9308.0,17316.0,MN,lower,medsl2024_labels,-30.078,-27.809,-29.748
29A,8706.0,18475.0,MN,lower,medsl2024_labels,-35.941,-33.821,-34.472
29B,8823.0,15916.0,MN,lower,medsl2024_labels,-28.671,-27.335,-27.94
2A,10378.0,11965.0,MN,lower,medsl2024_labels,-7.103,-4.657,-7.514
2B,8466.0,14341.0,MN,lower,medsl2024_labels,-25.76,-20.526,-24.501
30A,10425.0,17385.0,MN,lower,medsl2024_labels,-25.027,-25.472,-26.077
30B,9812.0,17016.0,MN,lower,medsl2024_labels,-26.853,-27.818,-29.648
31A,10741.0,15312.0,MN,lower,medsl2024_labels,-17.545,-17.243,-19.843
31B,9019.0,18308.0,MN,lower,medsl2024_labels,-33.992,-32.201,-34.786
32A,11942.0,13848.0,MN,lower,medsl2024_labels,-7.39,-6.611,-9.21
32B,11950.0,11692.0,MN,lower,medsl2024_labels,1.091,5.119,2.52
33A,12516.0,14584.0,MN,lower,medsl2024_labels,-7.631,-6.82,-7.183
33B,14549.0,12179.0,MN,lower,medsl2024_labels,8.867,7.675,7.313
34A,14647.0,14397.0,MN,lower,medsl2024_labels,0.861,-3.018,-3.603
34B,14218.0,7959.0,MN,lower,medsl2024_labels,28.223,27.059,26.296
35A,11915.0,11094.0,MN,lower,medsl2024_labels,3.568,4.067,1.467
35B,11778.0,11166.0,MN,lower,medsl2024_labels,2.667,4.437,1.837
36A,14232.0,13647.0,MN,lower,medsl2024_labels,2.098,2.667,0.225
36B,14989.0,10649.0,MN,lower,medsl2024_labels,16.928,17.633,15.568
37A,13987.0,14108.0,MN,lower,medsl2024_labels,-0.431,-2.377,-2.962
37B,15898.0,11142.0,MN,lower,medsl2024_labels,17.589,14.869,14.284
38A,10939.0,5254.0,MN,lower,medsl2024_labels,35.108,39.21,38.625
38B,11256.0,4260.0,MN,lower,medsl2024_labels,45.089,46.705,46.12
39A,12105.0,6918.0,MN,lower,medsl2024_labels,27.267,30.335,27.737
39B,14915.0,5941.0,MN,lower,medsl2024_labels,43.028,45.583,43.534
3A,12106.0,13986.0,MN,lower,medsl2024_labels,-7.205,-5.761,-7.778
3B,13936.0,12809.0,MN,lower,medsl2024_labels,4.214,5.873,4.124
40A,15525.0,8803.0,MN,lower,medsl2024_labels,27.631,26.69,24.565
40B,17409.0,7524.0,MN,lower,medsl2024_labels,39.646,38.46,36.335
41A,15763.0,14467.0,MN,lower,medsl2024_labels,4.287,4.546,4.184
41B,12059.0,12553.0,MN,lower,medsl2024_labels,-2.007,1.421,0.693
42A,15627.0,9367.0,MN,lower,medsl2024_labels,25.046,23.942,23.357
42B,15965.0,8568.0,MN,lower,medsl2024_labels,30.151,27.793,27.208
43A,15190.0,6814.0,MN,lower,medsl2024_labels,38.066,36.068,35.483
43B,19785.0,6044.0,MN,lower,medsl2024_labels,53.2,50.589,50.004
44A,12653.0,7464.0,MN,lower,medsl2024_labels,25.794,29.489,27.365
44B,13310.0,9499.0,MN,lower,medsl2024_labels,16.708,17.998,17.131
45A,14756.0,14257.0,MN,lower,medsl2024_labels,1.72,1.48,0.895
45B,18415.0,9504.0,MN,lower,medsl2024_labels,31.917,31.35,30.765
46A,19540.0,5744.0,MN,lower,medsl2024_labels,54.564,55.269,54.684
46B,17989.0,6786.0,MN,lower,medsl2024_labels,45.219,44.873,44.288
47A,15135.0,8904.0,MN,lower,medsl2024_labels,25.92,26.624,25.843
47B,15793.0,10724.0,MN,lower,medsl2024_labels,19.116,17.987,17.625
48A,12799.0,15449.0,MN,lower,medsl2024_labels,-9.381,-10.119,-10.636
48B,14243.0,11498.0,MN,lower,medsl2024_labels,10.664,11.26,10.743
49A,17710.0,9079.0,MN,lower,medsl2024_labels,32.218,30.939,30.354
49B,15216.0,8709.0,MN,lower,medsl2024_labels,27.197,25.58,24.995
4A,11296.0,8273.0,MN,lower,medsl2024_labels,15.448,18.771,15.073
4B,8744.0,14669.0,MN,lower,medsl2024_labels,-25.306,-20.168,-23.495
50A,18510.0,7717.0,MN,lower,medsl2024_labels,41.152,39.778,39.193
50B,17528.0,9047.0,MN,lower,medsl2024_labels,31.913,30.854,30.269
51A,16247.0,5385.0,MN,lower,medsl2024_labels,50.213,50.885,50.3
51B,13886.0,7480.0,MN,lower,medsl2024_labels,29.982,31.096,30.511
52A,14780.0,8434.0,MN,lower,medsl2024_labels,27.337,27.368,26.23
52B,17414.0,9203.0,MN,lower,medsl2024_labels,30.849,29.815,28.677
53A,15173.0,9907.0,MN,lower,medsl2024_labels,20.997,20.885,19.747
53B,13054.0,9987.0,MN,lower,medsl2024_labels,13.311,16.435,15.524
54A,11671.0,10632.0,MN,lower,medsl2024_labels,4.659,8.494,6.627
54B,11625.0,14901.0,MN,lower,medsl2024_labels,-12.35,-11.8,-13.668
55A,12914.0,10368.0,MN,lower,medsl2024_labels,10.935,13.218,11.529
55B,12433.0,8049.0,MN,lower,medsl2024_labels,21.404,22.738,21.599
56A,14129.0,8781.0,MN,lower,medsl2024_labels,23.344,23.424,22.285
56B,15356.0,11416.0,MN,lower,medsl2024_labels,14.717,15.105,13.967
57A,11390.0,15543.0,MN,lower,medsl2024_labels,-15.42,-15.597,-16.984
57B,13631.0,13073.0,MN,lower,medsl2024_labels,2.09,2.186,1.047
58A,13727.0,12105.0,MN,lower,medsl2024_labels,6.279,6.677,4.465
58B,10236.0,15212.0,MN,lower,medsl2024_labels,-19.554,-14.689,-15.878
59A,12438.0,2584.0,MN,lower,medsl2024_labels,65.597,69.345,68.76
59B,18292.0,3159.0,MN,lower,medsl2024_labels,70.547,73.609,73.024
5A,7867.0,18869.0,MN,lower,medsl2024_labels,-41.151,-38.558,-42.017
5B,5565.0,18183.0,MN,lower,medsl2024_labels,-53.133,-47.796,-52.597
60A,20372.0,3291.0,MN,lower,medsl2024_labels,72.184,73.063,72.477
60B,10931.0,2032.0,MN,lower,medsl2024_labels,68.649,78.407,77.823
61A,20711.0,2713.0,MN,lower,medsl2024_labels,76.836,75.257,74.672
61B,25062.0,2517.0,MN,lower,medsl2024_labels,81.747,78.382,77.797
62A,13629.0,1591.0,MN,lower,medsl2024_labels,79.093,85.393,84.808
62B,15490.0,1735.0,MN,lower,medsl2024_labels,79.855,83.738,83.153
63A,22367.0,2354.0,MN,lower,medsl2024_labels,80.955,80.619,80.034
63B,24207.0,3141.0,MN,lower,medsl2024_labels,77.029,73.04,72.455
64A,21658.0,3362.0,MN,lower,medsl2024_labels,73.125,72.96,70.836
64B,21864.0,4508.0,MN,lower,medsl2024_labels,65.812,64.526,62.401
65A,10752.0,2895.0,MN,lower,medsl2024_labels,57.573,65.256,63.131
65B,15589.0,4489.0,MN,lower,medsl2024_labels,55.284,57.232,55.373
66A,19472.0,3754.0,MN,lower,medsl2024_labels,67.674,68.101,65.977
66B,11362.0,3858.0,MN,lower,medsl2024_labels,49.304,56.154,54.03
67A,8905.0,4247.0,MN,lower,medsl2024_labels,35.417,46.253,44.128
67B,10519.0,4411.0,MN,lower,medsl2024_labels,40.911,48.497,46.372
6A,10050.0,17305.0,MN,lower,medsl2024_labels,-26.522,-24.585,-27.209
6B,9003.0,16097.0,MN,lower,medsl2024_labels,-28.263,-26.868,-28.394
7A,9891.0,14238.0,MN,lower,medsl2024_labels,-18.016,-12.835,-15.836
7B,10997.0,13285.0,MN,lower,medsl2024_labels,-9.423,-4.651,-6.683
8A,15067.0,7106.0,MN,lower,medsl2024_labels,35.904,38.481,36.449
8B,18645.0,7353.0,MN,lower,medsl2024_labels,43.434,43.317,41.285
9A,8125.0,14893.0,MN,lower,medsl2024_labels,-29.403,-27.991,-30.126
9B,8141.0,19333.0,MN,lower,medsl2024_labels,-40.737,-38.617,-40.364
1,13641.0,30275.0,MN,upper,medsl2024_nested,-37.877,-33.098,-37.626
10,12874.0,38765.0,MN,upper,medsl2024_nested,-50.138,-47.2,-50.249
11,18803.0,29108.0,MN,upper,medsl2024_nested,-21.509,-17.194,-21.418
12,15034.0,33503.0,MN,upper,medsl2024_nested,-38.051,-34.798,-38.214
13,16376.0,34003.0,MN,upper,medsl2024_nested,-34.989,-32.632,-36.783
14,19035.0,20661.0,MN,upper,medsl2024_nested,-4.096,2.975,-1.041
15,14486.0,31040.0,MN,upper,medsl2024_nested,-36.362,-32.491,-36.235
16,14400.0,30224.0,MN,upper,medsl2024_nested,-35.461,-31.177,-35.559
17,15333.0,34310.0,MN,upper,medsl2024_nested,-38.227,-37.412,-38.755
18,23076.0,20935.0,MN,upper,medsl2024_nested,4.865,10.905,6.031
19,16126.0,27284.0,MN,upper,medsl2024_nested,-25.704,-22.291,-24.41
2,18844.0,26306.0,MN,upper,medsl2024_nested,-16.527,-12.737,-16.164
20,19863.0,30984.0,MN,upper,medsl2024_nested,-21.871,-20.079,-21.74
21,12336.0,28845.0,MN,upper,medsl2024_nested,-40.089,-36.889,-40.09
22,15786.0,32293.0,MN,upper,medsl2024_nested,-34.333,-31.379,-34.853
23,17173.0,25855.0,MN,upper,medsl2024_nested,-20.178,-15.364,-19.858
24,22886.0,24718.0,MN,upper,medsl2024_nested,-3.848,-3.137,-3.567
25,27176.0,17185.0,MN,upper,medsl2024_nested,22.522,21.812,21.722
26,21145.0,26950.0,MN,upper,medsl2024_nested,-12.07,-7.739,-12.001
27,14233.0,36848.0,MN,upper,medsl2024_nested,-44.273,-42.309,-44.487
28,17352.0,35653.0,MN,upper,medsl2024_nested,-34.527,-32.262,-34.341
29,17529.0,34391.0,MN,upper,medsl2024_nested,-32.477,-30.725,-31.354
3,26042.0,26795.0,MN,upper,medsl2024_nested,-1.425,0.13,-1.751
30,20237.0,34401.0,MN,upper,medsl2024_nested,-25.923,-26.634,-27.846
31,19760.0,33620.0,MN,upper,medsl2024_nested,-25.965,-24.878,-27.47
32,23892.0,25540.0,MN,upper,medsl2024_nested,-3.334,-0.985,-3.585
33,27065.0,26763.0,MN,upper,medsl2024_nested,0.561,0.677,0.314
34,28865.0,22356.0,MN,upper,medsl2024_nested,12.708,11.947,11.273
35,23693.0,22260.0,MN,upper,medsl2024_nested,3.118,4.251,1.651
36,29221.0,24296.0,MN,upper,medsl2024_nested,9.203,9.893,7.633
37,29885.0,25250.0,MN,upper,medsl2024_nested,8.407,6.366,5.781
38,22195.0,9514.0,MN,upper,medsl2024_nested,39.992,43.022,42.437
39,27020.0,12859.0,MN,upper,medsl2024_nested,35.51,38.124,35.807
4,20040.0,22942.0,MN,upper,medsl2024_nested,-6.752,-3.624,-7.109
40,32934.0,16327.0,MN,upper,medsl2024_nested,33.712,32.757,30.632
41,27822.0,27020.0,MN,upper,medsl2024_nested,1.462,2.908,2.354
42,31592.0,17935.0,MN,upper,medsl2024_nested,27.575,25.861,25.276
43,34975.0,12858.0,MN,upper,medsl2024_nested,46.238,43.907,43.322
44,25963.0,16963.0,MN,upper,medsl2024_nested,20.966,23.516,22.045
45,33171.0,23761.0,MN,upper,medsl2024_nested,16.528,16.381,15.796
46,37529.0,12530.0,MN,upper,medsl2024_nested,49.939,50.101,49.516
47,30928.0,19628.0,MN,upper,medsl2024_nested,22.351,22.27,21.7
48,27042.0,26947.0,MN,upper,medsl2024_nested,0.176,1.014,0.497
49,32926.0,17788.0,MN,upper,medsl2024_nested,29.85,28.378,27.793
5,13432.0,37052.0,MN,upper,medsl2024_nested,-46.787,-42.937,-47.033
50,36038.0,16764.0,MN,upper,medsl2024_nested,36.502,35.321,34.736
51,30133.0,12865.0,MN,upper,medsl2024_nested,40.16,40.979,40.394
52,32194.0,17637.0,MN,upper,medsl2024_nested,29.213,28.667,27.529
53,28227.0,19894.0,MN,upper,medsl2024_nested,17.317,18.936,17.897
54,23296.0,25533.0,MN,upper,medsl2024_nested,-4.581,-2.668,-4.535
55,25347.0,18417.0,MN,upper,medsl2024_nested,15.835,17.621,16.186
56,29485.0,20197.0,MN,upper,medsl2024_nested,18.695,19.324,18.185
57,25021.0,28616.0,MN,upper,medsl2024_nested,-6.702,-6.926,-8.192
58,23963.0,27317.0,MN,upper,medsl2024_nested,-6.541,-4.314,-6.0
59,30730.0,5743.0,MN,upper,medsl2024_nested,68.508,71.763,71.178
6,19053.0,33402.0,MN,upper,medsl2024_nested,-27.355,-25.679,-27.777
60,31303.0,5323.0,MN,upper,medsl2024_nested,70.933,74.978,74.393
61,45773.0,5230.0,MN,upper,medsl2024_nested,79.491,76.911,76.326
62,29119.0,3326.0,MN,upper,medsl2024_nested,79.498,84.561,83.976
63,46574.0,5495.0,MN,upper,medsl2024_nested,78.893,76.744,76.159
64,43522.0,7870.0,MN,upper,medsl2024_nested,69.373,68.596,66.472
65,26341.0,7384.0,MN,upper,medsl2024_nested,56.211,60.903,58.923
66,30834.0,7612.0,MN,upper,medsl2024_nested,60.402,63.009,60.885
67,19424.0,8658.0,MN,upper,medsl2024_nested,38.338,47.434,45.309
7,20888.0,27523.0,MN,upper,medsl2024_nested,-13.706,-8.707,-11.219
8,33712.0,14459.0,MN,upper,medsl2024_nested,39.968,41.089,39.057
9,16266.0,34226.0,MN,upper,medsl2024_nested,-35.57,-33.647,-35.576
1,16597.0,22428.0,WI,lower,medsl2024_labels,-14.942,-14.821,-14.754
10,25957.0,4449.0,WI,lower,medsl2024_labels,70.736,71.725,70.469
11,21042.0,2815.0,WI,lower,medsl2024_labels,76.401,77.361,76.104
12,20191.0,4959.0,WI,lower,medsl2024_labels,60.565,58.692,57.435
13,23836.0,15596.0,WI,lower,medsl2024_labels,20.897,15.823,15.628
14,16765.0,13621.0,WI,lower,medsl2024_labels,10.347,10.044,8.788
15,16818.0,21712.0,WI,lower,medsl2024_labels,-12.702,-14.248,-13.113
16,20219.0,3164.0,WI,lower,medsl2024_labels,72.938,80.958,79.701
17,24599.0,4556.0,WI,lower,medsl2024_labels,68.746,69.366,68.109
18,22107.0,4255.0,WI,lower,medsl2024_labels,67.719,68.37,67.113
19,28859.0,6932.0,WI,lower,medsl2024_labels,61.264,62.416,61.159
2,14233.0,23163.0,WI,lower,medsl2024_labels,-23.88,-23.319,-23.533
20,19921.0,13517.0,WI,lower,medsl2024_labels,19.152,18.724,17.468
21,17363.0,15978.0,WI,lower,medsl2024_labels,4.154,4.72,3.464
22,18454.0,22596.0,WI,lower,medsl2024_labels,-10.09,-11.26,-9.64
23,24879.0,13726.0,WI,lower,medsl2024_labels,28.89,27.82,27.565
24,18051.0,22074.0,WI,lower,medsl2024_labels,-10.026,-15.175,-13.801
25,13541.0,18556.0,WI,lower,medsl2024_labels,-15.625,-15.717,-15.805
26,15014.0,14224.0,WI,lower,medsl2024_labels,2.702,3.663,3.317
27,13283.0,24896.0,WI,lower,medsl2024_labels,-30.417,-29.804,-30.386
28,12595.0,23969.0,WI,lower,medsl2024_labels,-31.107,-28.243,-31.568
29,11981.0,21475.0,WI,lower,medsl2024_labels,-28.378,-23.961,-28.224
3,14094.0,22606.0,WI,lower,medsl2024_labels,-23.193,-23.097,-23.358
30,17872.0,19564.0,WI,lower,medsl2024_labels,-4.52,-1.111,-4.612
31,12872.0,20513.0,WI,lower,medsl2024_labels,-22.888,-20.055,-23.085
32,12435.0,23990.0,WI,lower,medsl2024_labels,-31.723,-29.132,-32.248
33,12720.0,23583.0,WI,lower,medsl2024_labels,-29.923,-28.43,-30.926
34,15784.0,23652.0,WI,lower,medsl2024_labels,-19.951,-17.765,-19.928
35,12696.0,24019.0,WI,lower,medsl2024_labels,-30.84,-29.012,-31.059
36,10944.0,24713.0,WI,lower,medsl2024_labels,-38.615,-35.526,-38.676
37,11116.0,20115.0,WI,lower,medsl2024_labels,-28.814,-26.483,-28.463
38,11687.0,22181.0,WI,lower,medsl2024_labels,-30.985,-29.202,-30.704
39,11278.0,22789.0,WI,lower,medsl2024_labels,-33.789,-32.138,-33.757
4,13385.0,24534.0,WI,lower,medsl2024_labels,-29.402,-28.084,-29.03
40,17681.0,16021.0,WI,lower,medsl2024_labels,4.926,7.878,4.571
41,13219.0,18898.0,WI,lower,medsl2024_labels,-17.682,-14.31,-17.462
42,21888.0,16131.0,WI,lower,medsl2024_labels,15.142,16.365,14.272
43,17542.0,15775.0,WI,lower,medsl2024_labels,5.304,9.704,6.06
44,17301.0,13873.0,WI,lower,medsl2024_labels,10.996,14.822,10.857
45,15199.0,13115.0,WI,lower,medsl2024_labels,7.36,11.397,7.431
46,20057.0,17021.0,WI,lower,medsl2024_labels,8.188,9.16,8.077
47,27287.0,10625.0,WI,lower,medsl2024_labels,43.949,44.599,43.549
48,25148.0,11402.0,WI,lower,medsl2024_labels,37.609,36.995,35.911
49,13071.0,18583.0,WI,lower,medsl2024_labels,-17.413,-11.717,-17.704
5,14079.0,21775.0,WI,lower,medsl2024_labels,-21.465,-20.69,-20.931
50,21164.0,15792.0,WI,lower,medsl2024_labels,14.536,16.436,14.24
51,17810.0,16589.0,WI,lower,medsl2024_labels,3.55,8.488,3.241
52,18017.0,13351.0,WI,lower,medsl2024_labels,14.875,12.935,12.712
53,16470.0,15068.0,WI,lower,medsl2024_labels,4.445,4.426,3.713
54,14388.0,12498.0,WI,lower,medsl2024_labels,7.03,8.775,8.027
55,15934.0,22379.0,WI,lower,medsl2024_labels,-16.822,-16.873,-17.573
56,13450.0,23678.0,WI,lower,medsl2024_labels,-27.548,-26.921,-27.358
57,11643.0,24034.0,WI,lower,medsl2024_labels,-34.731,-33.319,-34.546
58,12009.0,26113.0,WI,lower,medsl2024_labels,-36.997,-39.075,-37.153
59,10215.0,29395.0,WI,lower,medsl2024_labels,-48.422,-48.816,-48.217
6,11186.0,22016.0,WI,lower,medsl2024_labels,-32.619,-32.029,-33.065
60,12605.0,16892.0,WI,lower,medsl2024_labels,-14.534,-12.853,-14.978
61,17476.0,16705.0,WI,lower,medsl2024_labels,2.256,1.878,0.622
62,16093.0,10197.0,WI,lower,medsl2024_labels,22.427,25.077,22.958
63,15981.0,21417.0,WI,lower,medsl2024_labels,-14.536,-13.786,-15.412
64,15562.0,13679.0,WI,lower,medsl2024_labels,6.44,10.307,7.166
65,15612.0,13535.0,WI,lower,medsl2024_labels,7.126,9.401,6.261
66,16432.0,13573.0,WI,lower,medsl2024_labels,9.528,11.66,9.542
67,11672.0,21936.0,WI,lower,medsl2024_labels,-30.54,-26.596,-30.04
68,11146.0,24832.0,WI,lower,medsl2024_labels,-38.04,-35.496,-38.138
69,7937.0,19449.0,WI,lower,medsl2024_labels,-42.036,-40.661,-42.285
7,16250.0,12042.0,WI,lower,medsl2024_labels,14.873,17.337,16.081
70,10828.0,18512.0,WI,lower,medsl2024_labels,-26.19,-22.931,-26.145
71,18883.0,16459.0,WI,lower,medsl2024_labels,6.859,8.061,6.436
72,13215.0,21276.0,WI,lower,medsl2024_labels,-23.371,-21.849,-22.943
73,19277.0,14025.0,WI,lower,medsl2024_labels,15.771,18.869,14.688
74,14879.0,23362.0,WI,lower,medsl2024_labels,-22.183,-17.552,-21.408
75,12821.0,24641.0,WI,lower,medsl2024_labels,-31.552,-28.441,-31.646
76,34891.0,3733.0,WI,lower,medsl2024_labels,80.67,81.423,80.374
77,28864.0,5905.0,WI,lower,medsl2024_labels,66.033,74.981,73.931
78,29213.0,6685.0,WI,lower,medsl2024_labels,62.756,62.223,61.174
79,32094.0,4975.0,WI,lower,medsl2024_labels,73.158,72.587,71.538
8,9903.0,3542.0,WI,lower,medsl2024_labels,47.311,58.196,56.939
80,31375.0,10650.0,WI,lower,medsl2024_labels,49.316,48.826,47.777
81,28184.0,12234.0,WI,lower,medsl2024_labels,39.463,39.42,38.37
82,15213.0,17931.0,WI,lower,medsl2024_labels,-8.201,-8.062,-6.927
83,16458.0,23499.0,WI,lower,medsl2024_labels,-17.621,-18.091,-16.955
84,12512.0,28252.0,WI,lower,medsl2024_labels,-38.613,-39.056,-39.035
85,14658.0,14838.0,WI,lower,medsl2024_labels,-0.61,-0.439,-1.011
86,12656.0,22592.0,WI,lower,medsl2024_labels,-28.189,-27.038,-27.714
87,13498.0,23211.0,WI,lower,medsl2024_labels,-26.459,-25.228,-26.033
88,17215.0,17094.0,WI,lower,medsl2024_labels,0.353,-0.593,-0.877
89,15328.0,14713.0,WI,lower,medsl2024_labels,2.047,0.859,0.574
9,12478.0,6075.0,WI,lower,medsl2024_labels,34.512,42.494,41.237
90,13526.0,11023.0,WI,lower,medsl2024_labels,10.196,11.915,11.63
91,18067.0,16478.0,WI,lower,medsl2024_labels,4.6,6.126,5.723
92,15152.0,17459.0,WI,lower,medsl2024_labels,-7.074,-4.896,-7.138
93,19236.0,16249.0,WI,lower,medsl2024_labels,8.418,8.418,7.573
94,17881.0,18675.0,WI,lower,medsl2024_labels,-2.172,0.014,-4.324
95,16489.0,15775.0,WI,lower,medsl2024_labels,2.213,8.605,4.965
96,17673.0,14921.0,WI,lower,medsl2024_labels,8.443,11.115,7.426
97,13909.0,28349.0,WI,lower,medsl2024_labels,-34.171,-34.253,-33.428
98,13278.0,28055.0,WI,lower,medsl2024_labels,-35.751,-37.201,-35.615
99,13863.0,27129.0,WI,lower,medsl2024_labels,-32.362,-33.04,-32.449
1,44924.0,68197.0,WI,upper,medsl2024_nested,-20.574,-20.27,-20.4
10,42448.0,65008.0,WI,upper,medsl2024_nested,-20.995,-17.426,-21.11
11,38027.0,68086.0,WI,upper,medsl2024_nested,-28.327,-26.022,-28.896
12,39424.0,72384.0,WI,upper,medsl2024_nested,-29.479,-27.07,-29.506
13,34081.0,65085.0,WI,upper,medsl2024_nested,-31.265,-29.365,-31.057
14,52788.0,51050.0,WI,upper,medsl2024_nested,1.674,3.984,1.159
15,50042.0,42763.0,WI,upper,medsl2024_nested,7.843,11.953,8.101
16,72492.0,39048.0,WI,upper,medsl2024_nested,29.984,30.352,29.28
17,52045.0,50964.0,WI,upper,medsl2024_nested,1.049,5.247,0.878
18,48875.0,40917.0,WI,upper,medsl2024_nested,8.863,8.711,8.158
19,41027.0,70091.0,WI,upper,medsl2024_nested,-26.156,-25.477,-26.258
2,38650.0,68325.0,WI,upper,medsl2024_nested,-27.74,-26.868,-27.608
20,34829.0,72400.0,WI,upper,medsl2024_nested,-35.038,-35.363,-35.058
21,49550.0,48319.0,WI,upper,medsl2024_nested,1.258,2.343,0.713
22,47606.0,40787.0,WI,upper,medsl2024_nested,7.714,10.46,7.666
23,30755.0,66217.0,WI,upper,medsl2024_nested,-36.569,-33.843,-36.478
24,42926.0,56247.0,WI,upper,medsl2024_nested,-13.432,-11.766,-13.68
25,46977.0,62028.0,WI,upper,medsl2024_nested,-13.808,-9.742,-13.482
26,92968.0,16323.0,WI,upper,medsl2024_nested,70.129,72.971,71.921
27,91653.0,27859.0,WI,upper,medsl2024_nested,53.379,53.481,52.431
28,44183.0,69682.0,WI,upper,medsl2024_nested,-22.394,-22.565,-21.821
29,40812.0,60641.0,WI,upper,medsl2024_nested,-19.545,-18.547,-19.238
3,38631.0,21659.0,WI,upper,medsl2024_nested,28.151,34.275,33.018
30,46069.0,42830.0,WI,upper,medsl2024_nested,3.643,3.354,3.07
31,52455.0,50186.0,WI,upper,medsl2024_nested,2.211,3.443,2.312
32,52043.0,49371.0,WI,upper,medsl2024_nested,2.635,6.367,2.461
33,41050.0,83533.0,WI,upper,medsl2024_nested,-34.1,-34.822,-33.824
4,67190.0,12223.0,WI,upper,medsl2024_nested,69.217,69.313,68.057
5,57419.0,50929.0,WI,upper,medsl2024_nested,5.99,3.502,3.488
6,66925.0,11975.0,WI,upper,medsl2024_nested,69.645,72.309,71.053
7,66143.0,36427.0,WI,upper,medsl2024_nested,28.971,28.935,27.678
8,61384.0,58396.0,WI,upper,medsl2024_nested,2.495,0.544,1.455
9,41838.0,57676.0,WI,upper,medsl2024_nested,-15.915,-15.394,-15.746
1,49097.0,98118.0,AZ,upper,medsl2024_labels,-33.299,-29.604,-33.876
10,46992.0,72132.0,AZ,upper,medsl2024_labels,-21.104,-20.719,-26.419
11,52402.0,22226.0,AZ,upper,medsl2024_labels,40.435,52.512,46.776
12,72941.0,52728.0,AZ,upper,medsl2024_labels,16.084,18.854,13.119
13,59904.0,61356.0,AZ,upper,medsl2024_labels,-1.197,3.119,-2.617
14,53968.0,78463.0,AZ,upper,medsl2024_labels,-18.496,-15.308,-21.043
15,49056.0,92779.0,AZ,upper,medsl2024_labels,-30.827,-27.466,-32.8
16,48386.0,58557.0,AZ,upper,medsl2024_labels,-9.511,-3.853,-8.346
17,74747.0,80868.0,AZ,upper,medsl2024_labels,-3.933,-4.374,-8.072
18,81570.0,49669.0,AZ,upper,medsl2024_labels,24.308,24.481,20.857
19,44742.0,71817.0,AZ,upper,medsl2024_labels,-23.229,-23.318,-27.212
2,50082.0,56026.0,AZ,upper,medsl2024_labels,-5.602,-1.736,-7.471
20,59793.0,23341.0,AZ,upper,medsl2024_labels,43.847,51.44,47.817
21,53594.0,36670.0,AZ,upper,medsl2024_labels,18.749,27.713,21.743
22,44412.0,28782.0,AZ,upper,medsl2024_labels,21.354,35.246,29.511
23,41927.0,40447.0,AZ,upper,medsl2024_labels,1.797,12.961,3.982
24,33059.0,21702.0,AZ,upper,medsl2024_labels,20.739,32.68,26.945
25,43349.0,79879.0,AZ,upper,medsl2024_labels,-29.644,-24.431,-32.942
26,31906.0,17504.0,AZ,upper,medsl2024_labels,29.148,39.406,33.671
27,47172.0,59359.0,AZ,upper,medsl2024_labels,-11.44,-8.212,-13.947
28,55348.0,88955.0,AZ,upper,medsl2024_labels,-23.289,-23.534,-29.27
29,50836.0,73892.0,AZ,upper,medsl2024_labels,-18.485,-13.241,-18.976
3,61006.0,100964.0,AZ,upper,medsl2024_labels,-24.67,-21.108,-26.843
30,27460.0,95920.0,AZ,upper,medsl2024_labels,-55.487,-51.348,-55.64
4,72931.0,78326.0,AZ,upper,medsl2024_labels,-3.567,0.864,-4.871
5,70416.0,32430.0,AZ,upper,medsl2024_labels,36.935,40.154,34.418
6,61890.0,35180.0,AZ,upper,medsl2024_labels,27.516,33.315,24.488
7,44767.0,83448.0,AZ,upper,medsl2024_labels,-30.169,-25.655,-30.889
8,55595.0,37100.0,AZ,upper,medsl2024_labels,19.953,28.936,23.201
9,43327.0,40755.0,AZ,upper,medsl2024_labels,3.059,6.286,0.551
1,49097.0,98118.0,AZ,lower,medsl2024_labels_senate_ld,-33.299,-29.604,-33.876
10,46992.0,72132.0,AZ,lower,medsl2024_labels_senate_ld,-21.104,-20.719,-26.419
11,52402.0,22226.0,AZ,lower,medsl2024_labels_senate_ld,40.435,52.512,46.776
12,72941.0,52728.0,AZ,lower,medsl2024_labels_senate_ld,16.084,18.854,13.119
13,59904.0,61356.0,AZ,lower,medsl2024_labels_senate_ld,-1.197,3.119,-2.617
14,53968.0,78463.0,AZ,lower,medsl2024_labels_senate_ld,-18.496,-15.308,-21.043
15,49056.0,92779.0,AZ,lower,medsl2024_labels_senate_ld,-30.827,-27.466,-32.8
16,48386.0,58557.0,AZ,lower,medsl2024_labels_senate_ld,-9.511,-3.853,-8.346
17,74747.0,80868.0,AZ,lower,medsl2024_labels_senate_ld,-3.933,-4.374,-8.072
18,81570.0,49669.0,AZ,lower,medsl2024_labels_senate_ld,24.308,24.481,20.857
19,44742.0,71817.0,AZ,lower,medsl2024_labels_senate_ld,-23.229,-23.318,-27.212
2,50082.0,56026.0,AZ,lower,medsl2024_labels_senate_ld,-5.602,-1.736,-7.471
20,59793.0,23341.0,AZ,lower,medsl2024_labels_senate_ld,43.847,51.44,47.817
21,53594.0,36670.0,AZ,lower,medsl2024_labels_senate_ld,18.749,27.713,21.743
22,44412.0,28782.0,AZ,lower,medsl2024_labels_senate_ld,21.354,35.246,29.511
23,41927.0,40447.0,AZ,lower,medsl2024_labels_senate_ld,1.797,12.961,3.982
24,33059.0,21702.0,AZ,lower,medsl2024_labels_senate_ld,20.739,32.68,26.945
25,43349.0,79879.0,AZ,lower,medsl2024_labels_senate_ld,-29.644,-24.431,-32.942
26,31906.0,17504.0,AZ,lower,medsl2024_labels_senate_ld,29.148,39.406,33.671
27,47172.0,59359.0,AZ,lower,medsl2024_labels_senate_ld,-11.44,-8.212,-13.947
28,55348.0,88955.0,AZ,lower,medsl2024_labels_senate_ld,-23.289,-23.534,-29.27
29,50836.0,73892.0,AZ,lower,medsl2024_labels_senate_ld,-18.485,-13.241,-18.976
3,61006.0,100964.0,AZ,lower,medsl2024_labels_senate_ld,-24.67,-21.108,-26.843
30,27460.0,95920.0,AZ,lower,medsl2024_labels_senate_ld,-55.487,-51.348,-55.64
4,72931.0,78326.0,AZ,lower,medsl2024_labels_senate_ld,-3.567,0.864,-4.871
5,70416.0,32430.0,AZ,lower,medsl2024_labels_senate_ld,36.935,40.154,34.418
6,61890.0,35180.0,AZ,lower,medsl2024_labels_senate_ld,27.516,33.315,24.488
7,44767.0,83448.0,AZ,lower,medsl2024_labels_senate_ld,-30.169,-25.655,-30.889
8,55595.0,37100.0,AZ,lower,medsl2024_labels_senate_ld,19.953,28.936,23.201
9,43327.0,40755.0,AZ,lower,medsl2024_labels_senate_ld,3.059,6.286,0.551
1,109766.0,26581.0,PA,upper,medsl2024_labels,61.01,61.869,57.374
11,57756.0,55134.0,PA,upper,medsl2024_labels,2.323,7.875,3.857
13,53235.0,70244.0,PA,upper,medsl2024_labels,-13.775,-11.94,-12.3
15,74830.0,58768.0,PA,upper,medsl2024_labels,12.023,15.051,12.391
17,104630.0,45478.0,PA,upper,medsl2024_labels,39.406,43.16,39.807
19,88458.0,61694.0,PA,upper,medsl2024_labels,17.825,21.209,18.514
21,40174.0,100755.0,PA,upper,medsl2024_labels,-42.987,-42.374,-42.51
23,39297.0,96860.0,PA,upper,medsl2024_labels,-42.277,-41.931,-42.327
25,47163.0,87884.0,PA,upper,medsl2024_labels,-30.153,-28.6,-30.361
27,41856.0,91327.0,PA,upper,medsl2024_labels,-37.145,-36.32,-37.642
29,39116.0,88756.0,PA,upper,medsl2024_labels,-38.82,-35.693,-38.312
3,95705.0,10671.0,PA,upper,medsl2024_labels,79.937,85.533,81.037
31,57697.0,77482.0,PA,upper,medsl2024_labels,-14.636,-13.695,-13.777
33,43385.0,99852.0,PA,upper,medsl2024_labels,-39.422,-39.956,-39.493
35,44996.0,91075.0,PA,upper,medsl2024_labels,-33.864,-32.064,-34.092
37,75567.0,77329.0,PA,upper,medsl2024_labels,-1.152,-1.314,-1.523
39,56437.0,101575.0,PA,upper,medsl2024_labels,-28.566,-28.705,-28.642
41,40591.0,96233.0,PA,upper,medsl2024_labels,-40.667,-40.12,-40.665
43,105984.0,29713.0,PA,upper,medsl2024_labels,56.207,56.37,56.161
45,71278.0,61910.0,PA,upper,medsl2024_labels,7.034,7.471,7.262
47,59917.0,92629.0,PA,upper,medsl2024_labels,-21.444,-19.834,-21.745
49,66262.0,65802.0,PA,upper,medsl2024_labels,0.348,2.434,0.351
5,52488.0,53467.0,PA,upper,medsl2024_labels,-0.924,6.551,2.055
7,114197.0,20030.0,PA,upper,medsl2024_labels,70.155,74.387,70.028
9,85332.0,61243.0,PA,upper,medsl2024_labels,16.435,19.011,16.058
1,15680.0,9519.0,PA,lower,medsl2024_labels,24.449,28.125,26.042
10,24835.0,2227.0,PA,lower,medsl2024_labels,83.541,88.502,84.006
100,6725.0,20863.0,PA,lower,medsl2024_labels,-51.247,-49.704,-49.746
101,11723.0,18768.0,PA,lower,medsl2024_labels,-23.105,-21.974,-21.96
102,10123.0,24732.0,PA,lower,medsl2024_labels,-41.914,-42.73,-42.716
103,19869.0,12008.0,PA,lower,medsl2024_labels,24.66,26.959,26.749
104,16444.0,9163.0,PA,lower,medsl2024_labels,28.434,33.399,30.74
105,20990.0,13068.0,PA,lower,medsl2024_labels,23.26,26.675,24.016
106,17021.0,20771.0,PA,lower,medsl2024_labels,-9.923,-8.511,-11.17
107,8238.0,24126.0,PA,lower,medsl2024_labels,-49.092,-47.196,-48.734
108,10965.0,21736.0,PA,lower,medsl2024_labels,-32.938,-32.581,-33.368
109,11083.0,21190.0,PA,lower,medsl2024_labels,-31.317,-31.231,-31.318
11,11604.0,25945.0,PA,lower,medsl2024_labels,-38.193,-37.554,-37.088
110,10107.0,23939.0,PA,lower,medsl2024_labels,-40.627,-38.534,-40.632
111,10612.0,26276.0,PA,lower,medsl2024_labels,-42.464,-39.051,-42.396
112,18345.0,17949.0,PA,lower,medsl2024_labels,1.091,6.713,1.073
113,14857.0,13050.0,PA,lower,medsl2024_labels,6.475,13.469,7.829
114,18335.0,16051.0,PA,lower,medsl2024_labels,6.642,11.661,6.02
115,16167.0,13963.0,PA,lower,medsl2024_labels,7.315,15.263,8.084
116,6989.0,14489.0,PA,lower,medsl2024_labels,-34.919,-27.724,-31.478
117,10299.0,25186.0,PA,lower,medsl2024_labels,-41.953,-39.479,-44.272
118,16850.0,19582.0,PA,lower,medsl2024_labels,-7.499,-2.789,-7.982
119,12323.0,17442.0,PA,lower,medsl2024_labels,-17.198,-13.485,-18.278
12,17726.0,25797.0,PA,lower,medsl2024_labels,-18.544,-20.061,-19.595
120,15056.0,19092.0,PA,lower,medsl2024_labels,-11.819,-8.31,-13.103
121,11200.0,11600.0,PA,lower,medsl2024_labels,-1.754,5.417,0.623
122,11394.0,23708.0,PA,lower,medsl2024_labels,-35.081,-32.451,-35.082
123,10867.0,22132.0,PA,lower,medsl2024_labels,-34.137,-31.846,-33.84
124,10594.0,24141.0,PA,lower,medsl2024_labels,-39.001,-37.224,-40.119
125,14605.0,24591.0,PA,lower,medsl2024_labels,-25.477,-27.746,-30.405
126,13812.0,12606.0,PA,lower,medsl2024_labels,4.565,11.412,7.394
127,10706.0,6987.0,PA,lower,medsl2024_labels,21.02,31.695,27.678
128,15380.0,21857.0,PA,lower,medsl2024_labels,-17.394,-15.303,-19.321
129,15434.0,11873.0,PA,lower,medsl2024_labels,13.041,18.668,14.651
13,16911.0,18602.0,PA,lower,medsl2024_labels,-4.762,-2.335,-5.03
130,13683.0,24193.0,PA,lower,medsl2024_labels,-27.748,-26.291,-30.309
131,18663.0,22931.0,PA,lower,medsl2024_labels,-10.261,-8.619,-12.743
132,19997.0,15684.0,PA,lower,medsl2024_labels,12.088,15.407,10.435
133,17620.0,15121.0,PA,lower,medsl2024_labels,7.633,13.618,8.645
134,14720.0,11331.0,PA,lower,medsl2024_labels,13.009,21.409,16.437
135,20881.0,12256.0,PA,lower,medsl2024_labels,26.028,29.633,27.111
136,17093.0,13565.0,PA,lower,medsl2024_labels,11.508,14.401,11.88
137,19924.0,20309.0,PA,lower,medsl2024_labels,-0.957,0.536,-1.986
138,15723.0,24763.0,PA,lower,medsl2024_labels,-22.329,-19.557,-22.078
139,13438.0,26117.0,PA,lower,medsl2024_labels,-32.054,-27.979,-32.443
14,13496.0,23703.0,PA,lower,medsl2024_labels,-27.439,-24.697,-27.673
140,17099.0,15955.0,PA,lower,medsl2024_labels,3.461,10.515,6.018
141,16884.0,15785.0,PA,lower,medsl2024_labels,3.364,11.496,6.999
142,18850.0,20170.0,PA,lower,medsl2024_labels,-3.383,2.005,-2.492
143,20409.0,22827.0,PA,lower,medsl2024_labels,-5.593,-2.899,-7.396
144,20088.0,20221.0,PA,lower,medsl2024_labels,-0.33,3.341,-1.156
145,16264.0,22323.0,PA,lower,medsl2024_labels,-15.702,-13.228,-17.725
146,19469.0,15888.0,PA,lower,medsl2024_labels,10.128,12.485,8.987
147,18743.0,22816.0,PA,lower,medsl2024_labels,-9.801,-7.392,-10.891
148,31396.0,11315.0,PA,lower,medsl2024_labels,47.016,51.69,48.191
149,26460.0,11806.0,PA,lower,medsl2024_labels,38.295,42.106,38.608
15,12545.0,26054.0,PA,lower,medsl2024_labels,-34.998,-32.673,-35.501
150,22495.0,16243.0,PA,lower,medsl2024_labels,16.139,18.376,14.878
151,25249.0,16278.0,PA,lower,medsl2024_labels,21.603,25.37,21.872
152,21286.0,15024.0,PA,lower,medsl2024_labels,17.246,21.587,18.089
153,26269.0,13633.0,PA,lower,medsl2024_labels,31.668,34.449,30.95
154,31687.0,7911.0,PA,lower,medsl2024_labels,60.043,61.591,58.093
155,23656.0,17159.0,PA,lower,medsl2024_labels,15.918,18.41,15.715
156,23222.0,15826.0,PA,lower,medsl2024_labels,18.941,23.076,20.381
157,25997.0,15535.0,PA,lower,medsl2024_labels,25.19,26.932,24.237
158,22392.0,15623.0,PA,lower,medsl2024_labels,17.806,20.098,17.403
159,18856.0,8667.0,PA,lower,medsl2024_labels,37.02,41.009,37.928
16,16075.0,18698.0,PA,lower,medsl2024_labels,-7.543,-3.619,-6.594
160,22280.0,19987.0,PA,lower,medsl2024_labels,5.425,6.763,3.822
161,21937.0,16925.0,PA,lower,medsl2024_labels,12.897,16.224,13.143
162,19762.0,15826.0,PA,lower,medsl2024_labels,11.06,14.711,11.631
163,21659.0,12199.0,PA,lower,medsl2024_labels,27.94,25.816,22.735
164,20220.0,5597.0,PA,lower,medsl2024_labels,56.641,63.15,60.069
165,24422.0,17179.0,PA,lower,medsl2024_labels,17.411,19.796,16.716
166,26090.0,15934.0,PA,lower,medsl2024_labels,24.167,27.251,24.171
167,24237.0,15630.0,PA,lower,medsl2024_labels,21.589,24.068,21.373
168,23680.0,15669.0,PA,lower,medsl2024_labels,20.359,23.757,20.677
169,12419.0,24455.0,PA,lower,medsl2024_labels,-32.641,-33.02,-33.569
17,9002.0,25340.0,PA,lower,medsl2024_labels,-47.574,-45.865,-48.579
170,11942.0,16070.0,PA,lower,medsl2024_labels,-14.737,-8.597,-13.093
171,10321.0,23070.0,PA,lower,medsl2024_labels,-38.181,-37.861,-38.959
172,13044.0,13269.0,PA,lower,medsl2024_labels,-0.855,7.097,2.601
173,11812.0,10664.0,PA,lower,medsl2024_labels,5.108,11.633,7.137
174,12757.0,11974.0,PA,lower,medsl2024_labels,3.166,11.519,7.023
175,30161.0,5684.0,PA,lower,medsl2024_labels,68.286,68.85,64.354
176,14048.0,20344.0,PA,lower,medsl2024_labels,-18.307,-12.353,-19.532
177,16237.0,9983.0,PA,lower,medsl2024_labels,23.852,28.87,24.374
178,19254.0,24985.0,PA,lower,medsl2024_labels,-12.955,-8.664,-13.161
179,15426.0,3842.0,PA,lower,medsl2024_labels,60.12,70.707,66.211
18,15896.0,16988.0,PA,lower,medsl2024_labels,-3.321,5.13,0.633
180,12726.0,4573.0,PA,lower,medsl2024_labels,47.13,61.778,57.282
181,24209.0,2601.0,PA,lower,medsl2024_labels,80.597,84.475,79.979
182,33684.0,4715.0,PA,lower,medsl2024_labels,75.442,76.845,72.349
183,15655.0,24409.0,PA,lower,medsl2024_labels,-21.85,-20.367,-23.735
184,19105.0,9522.0,PA,lower,medsl2024_labels,33.475,35.586,31.09
185,19585.0,9479.0,PA,lower,medsl2024_labels,34.772,40.959,36.619
186,28764.0,3699.0,PA,lower,medsl2024_labels,77.211,81.208,76.712
187,18113.0,21915.0,PA,lower,medsl2024_labels,-9.498,-8.213,-13.185
188,27670.0,2205.0,PA,lower,medsl2024_labels,85.238,90.882,86.386
189,16117.0,13698.0,PA,lower,medsl2024_labels,8.113,14.976,8.47
19,21849.0,4950.0,PA,lower,medsl2024_labels,63.058,65.188,64.979
190,26452.0,1589.0,PA,lower,medsl2024_labels,88.667,92.098,87.602
191,25338.0,1822.0,PA,lower,medsl2024_labels,86.583,90.932,86.951
192,27937.0,2059.0,PA,lower,medsl2024_labels,86.272,91.284,86.788
193,10607.0,23656.0,PA,lower,medsl2024_labels,-38.085,-39.606,-38.769
194,28935.0,8097.0,PA,lower,medsl2024_labels,56.27,55.245,50.749
195,28376.0,2324.0,PA,lower,medsl2024_labels,84.86,87.067,82.571
196,12293.0,24858.0,PA,lower,medsl2024_labels,-33.821,-34.35,-34.898
197,18357.0,3745.0,PA,lower,medsl2024_labels,66.112,76.705,72.209
198,25365.0,1953.0,PA,lower,medsl2024_labels,85.702,90.673,86.177
199,14598.0,20002.0,PA,lower,medsl2024_labels,-15.618,-17.855,-16.686
2,17652.0,15479.0,PA,lower,medsl2024_labels,6.559,8.818,6.735
20,21453.0,14958.0,PA,lower,medsl2024_labels,17.838,16.335,16.126
200,37437.0,1875.0,PA,lower,medsl2024_labels,90.461,93.431,88.935
201,28779.0,1535.0,PA,lower,medsl2024_labels,89.873,93.431,88.935
202,10392.0,5647.0,PA,lower,medsl2024_labels,29.584,41.885,37.389
203,18022.0,5184.0,PA,lower,medsl2024_labels,55.322,64.99,60.494
21,24218.0,14991.0,PA,lower,medsl2024_labels,23.533,23.278,23.069
22,10727.0,7502.0,PA,lower,medsl2024_labels,17.692,33.985,29.012
23,28427.0,6109.0,PA,lower,medsl2024_labels,64.622,66.86,66.651
24,28070.0,3397.0,PA,lower,medsl2024_labels,78.409,80.178,79.969
25,19616.0,15979.0,PA,lower,medsl2024_labels,10.218,9.007,8.798
26,21766.0,17393.0,PA,lower,medsl2024_labels,11.167,13.292,10.597
27,20164.0,13167.0,PA,lower,medsl2024_labels,20.992,22.007,21.798
28,18884.0,21969.0,PA,lower,medsl2024_labels,-7.551,-8.437,-8.646
29,26200.0,19311.0,PA,lower,medsl2024_labels,15.137,17.167,12.67
3,19809.0,19035.0,PA,lower,medsl2024_labels,1.993,2.22,0.137
30,21779.0,18624.0,PA,lower,medsl2024_labels,7.809,5.841,5.632
31,27487.0,20157.0,PA,lower,medsl2024_labels,15.385,18.101,13.603
32,23828.0,13540.0,PA,lower,medsl2024_labels,27.532,26.234,26.025
33,18939.0,17358.0,PA,lower,medsl2024_labels,4.356,4.072,3.863
34,28557.0,6457.0,PA,lower,medsl2024_labels,63.118,62.354,62.145
35,17756.0,12863.0,PA,lower,medsl2024_labels,15.98,16.291,16.082
36,20162.0,11151.0,PA,lower,medsl2024_labels,28.777,28.341,28.132
37,14704.0,24855.0,PA,lower,medsl2024_labels,-25.66,-28.995,-29.038
38,18734.0,17535.0,PA,lower,medsl2024_labels,3.306,3.753,3.544
39,16158.0,23856.0,PA,lower,medsl2024_labels,-19.238,-17.569,-18.258
4,12726.0,21779.0,PA,lower,medsl2024_labels,-26.237,-24.623,-26.706
40,20500.0,23072.0,PA,lower,medsl2024_labels,-5.903,-7.612,-8.666
41,17229.0,19028.0,PA,lower,medsl2024_labels,-4.962,-4.677,-4.72
42,26578.0,14354.0,PA,lower,medsl2024_labels,29.864,28.683,28.474
43,9899.0,19849.0,PA,lower,medsl2024_labels,-33.448,-34.877,-34.919
44,18654.0,20161.0,PA,lower,medsl2024_labels,-3.883,-3.261,-3.47
45,19036.0,17586.0,PA,lower,medsl2024_labels,3.959,5.37,5.16
46,17369.0,23399.0,PA,lower,medsl2024_labels,-14.791,-13.613,-15.544
47,14392.0,21784.0,PA,lower,medsl2024_labels,-20.433,-20.012,-20.56
48,13781.0,22888.0,PA,lower,medsl2024_labels,-24.836,-21.422,-24.055
49,15941.0,8526.0,PA,lower,medsl2024_labels,30.306,35.685,35.643
5,13152.0,23146.0,PA,lower,medsl2024_labels,-27.533,-26.727,-30.744
50,9986.0,21861.0,PA,lower,medsl2024_labels,-37.288,-33.42,-35.631
51,10386.0,20833.0,PA,lower,medsl2024_labels,-33.464,-29.403,-33.833
52,9162.0,22800.0,PA,lower,medsl2024_labels,-42.669,-37.948,-42.377
53,19750.0,15845.0,PA,lower,medsl2024_labels,10.971,15.367,11.868
54,18833.0,8824.0,PA,lower,medsl2024_labels,36.19,43.561,40.062
55,15266.0,24275.0,PA,lower,medsl2024_labels,-22.784,-22.973,-22.91
56,14632.0,25945.0,PA,lower,medsl2024_labels,-27.88,-29.092,-29.029
57,14830.0,23508.0,PA,lower,medsl2024_labels,-22.636,-24.006,-23.943
58,12259.0,25024.0,PA,lower,medsl2024_labels,-34.238,-31.569,-31.506
59,12517.0,26836.0,PA,lower,medsl2024_labels,-36.386,-36.567,-36.504
6,10770.0,22347.0,PA,lower,medsl2024_labels,-34.958,-33.329,-35.221
60,11081.0,25379.0,PA,lower,medsl2024_labels,-39.216,-38.728,-39.083
61,25600.0,16245.0,PA,lower,medsl2024_labels,22.356,23.305,19.806
62,11136.0,22200.0,PA,lower,medsl2024_labels,-33.189,-31.58,-33.039
63,7434.0,27373.0,PA,lower,medsl2024_labels,-57.284,-56.234,-57.659
64,9013.0,22775.0,PA,lower,medsl2024_labels,-43.293,-42.538,-43.244
65,9224.0,22747.0,PA,lower,medsl2024_labels,-42.298,-41.647,-41.77
66,6268.0,25250.0,PA,lower,medsl2024_labels,-60.226,-60.433,-60.271
67,7328.0,23389.0,PA,lower,medsl2024_labels,-52.287,-51.177,-52.314
68,7663.0,25492.0,PA,lower,medsl2024_labels,-53.775,-52.709,-53.73
69,7264.0,28611.0,PA,lower,medsl2024_labels,-59.504,-59.023,-59.807
7,13998.0,20039.0,PA,lower,medsl2024_labels,-17.748,-12.372,-16.441
70,23722.0,17721.0,PA,lower,medsl2024_labels,14.48,16.787,13.288
71,9344.0,24853.0,PA,lower,medsl2024_labels,-45.352,-43.367,-45.404
72,11177.0,21500.0,PA,lower,medsl2024_labels,-31.591,-29.266,-31.512
73,7428.0,24232.0,PA,lower,medsl2024_labels,-53.076,-50.822,-52.656
74,17565.0,14676.0,PA,lower,medsl2024_labels,8.961,13.016,10.321
75,8690.0,25229.0,PA,lower,medsl2024_labels,-48.76,-47.523,-49.173
76,9781.0,21189.0,PA,lower,medsl2024_labels,-36.836,-34.578,-36.813
77,17788.0,12800.0,PA,lower,medsl2024_labels,16.307,18.81,16.856
78,5438.0,30697.0,PA,lower,medsl2024_labels,-69.902,-69.111,-69.896
79,10180.0,20165.0,PA,lower,medsl2024_labels,-32.905,-33.113,-32.925
8,12160.0,29948.0,PA,lower,medsl2024_labels,-42.244,-41.731,-42.762
80,8302.0,27400.0,PA,lower,medsl2024_labels,-53.493,-53.943,-53.838
81,7702.0,26425.0,PA,lower,medsl2024_labels,-54.863,-52.941,-53.887
82,16283.0,14927.0,PA,lower,medsl2024_labels,4.345,6.76,4.806
83,10229.0,17856.0,PA,lower,medsl2024_labels,-27.157,-27.339,-27.153
84,8563.0,29076.0,PA,lower,medsl2024_labels,-54.499,-54.805,-54.642
85,10156.0,24822.0,PA,lower,medsl2024_labels,-41.929,-42.758,-42.215
86,8249.0,26347.0,PA,lower,medsl2024_labels,-52.312,-53.223,-52.366
87,17895.0,22539.0,PA,lower,medsl2024_labels,-11.485,-12.78,-11.61
88,18766.0,19109.0,PA,lower,medsl2024_labels,-0.906,-1.569,-0.4
89,11825.0,22966.0,PA,lower,medsl2024_labels,-32.023,-32.831,-32.49
9,11756.0,21812.0,PA,lower,medsl2024_labels,-29.957,-25.835,-29.951
90,9029.0,26627.0,PA,lower,medsl2024_labels,-49.355,-50.104,-49.764
91,13629.0,25082.0,PA,lower,medsl2024_labels,-29.586,-29.842,-29.203
92,13131.0,27001.0,PA,lower,medsl2024_labels,-34.561,-34.861,-35.409
93,14399.0,24726.0,PA,lower,medsl2024_labels,-26.395,-27.298,-27.847
94,11433.0,23577.0,PA,lower,medsl2024_labels,-34.687,-33.992,-34.54
95,13859.0,8483.0,PA,lower,medsl2024_labels,24.062,27.639,27.091
96,21816.0,14094.0,PA,lower,medsl2024_labels,21.504,22.533,22.491
97,16476.0,22607.0,PA,lower,medsl2024_labels,-15.687,-17.419,-17.461
98,14662.0,24149.0,PA,lower,medsl2024_labels,-24.444,-25.634,-25.665
99,9216.0,23065.0,PA,lower,medsl2024_labels,-42.901,-41.588,-42.826
1,14476.0,17338.0,NH,upper,medsl2024_labels,-8.996,,
10,21399.0,12914.0,NH,upper,medsl2024_labels,24.728,,
11,19754.0,17466.0,NH,upper,medsl2024_labels,6.147,,
12,18386.0,18128.0,NH,upper,medsl2024_labels,0.707,,
13,15086.0,11448.0,NH,upper,medsl2024_labels,13.711,,
14,15771.0,18820.0,NH,upper,medsl2024_labels,-8.814,,
15,20945.0,12408.0,NH,upper,medsl2024_labels,25.596,,
16,16089.0,17925.0,NH,upper,medsl2024_labels,-5.398,,
17,15323.0,19974.0,NH,upper,medsl2024_labels,-13.177,,
18,13185.0,13553.0,NH,upper,medsl2024_labels,-1.376,,
19,14649.0,19109.0,NH,upper,medsl2024_labels,-13.212,,
2,17020.0,18889.0,NH,upper,medsl2024_labels,-5.205,,
20,13601.0,10972.0,NH,upper,medsl2024_labels,10.699,,
21,24532.0,11028.0,NH,upper,medsl2024_labels,37.975,,
22,14895.0,22379.0,NH,upper,medsl2024_labels,-20.078,,
23,15707.0,21931.0,NH,upper,medsl2024_labels,-16.536,,
24,22649.0,15709.0,NH,upper,medsl2024_labels,18.093,,
3,18233.0,19992.0,NH,upper,medsl2024_labels,-4.602,,
4,20403.0,13190.0,NH,upper,medsl2024_labels,21.472,,
5,25059.0,10906.0,NH,upper,medsl2024_labels,39.352,,
6,14406.0,18087.0,NH,upper,medsl2024_labels,-11.329,,
7,15554.0,17845.0,NH,upper,medsl2024_labels,-6.859,,
8,14484.0,18316.0,NH,upper,medsl2024_labels,-11.683,,
9,16882.0,17196.0,NH,upper,medsl2024_labels,-0.921,,
Belknap 1,1138.0,1317.0,NH,lower,medsl2024_labels,-7.291,,
Belknap 2,2242.0,2355.0,NH,lower,medsl2024_labels,-2.458,,
Belknap 3,1865.0,2463.0,NH,lower,medsl2024_labels,-13.817,,
Belknap 4,1634.0,2626.0,NH,lower,medsl2024_labels,-23.286,,
Belknap 5,3670.0,4408.0,NH,lower,medsl2024_labels,-9.136,,
Belknap 6,4159.0,5058.0,NH,lower,medsl2024_labels,-9.754,,
Belknap 7,2761.0,4538.0,NH,lower,medsl2024_labels,-24.346,,
Belknap 8,3499.0,5089.0,NH,lower,medsl2024_labels,-18.514,,
Carroll 1,3372.0,2529.0,NH,lower,medsl2024_labels,14.286,,
Carroll 2,3044.0,1849.0,NH,lower,medsl2024_labels,24.423,,
Carroll 3,3545.0,3928.0,NH,lower,medsl2024_labels,-5.125,,
Carroll 4,2597.0,3976.0,NH,lower,medsl2024_labels,-20.98,,
Carroll 5,979.0,1693.0,NH,lower,medsl2024_labels,-26.722,,
Carroll 6,3285.0,3451.0,NH,lower,medsl2024_labels,-2.464,,
Carroll 7,4264.0,5144.0,NH,lower,medsl2024_labels,-9.354,,
Carroll 8,6142.0,7904.0,NH,lower,medsl2024_labels,-12.544,,
Cheshire 1,1541.0,810.0,NH,lower,medsl2024_labels,31.093,,
Cheshire 10,2352.0,2574.0,NH,lower,medsl2024_labels,-4.507,,
Cheshire 11,907.0,1141.0,NH,lower,medsl2024_labels,-11.426,,
Cheshire 12,1096.0,1461.0,NH,lower,medsl2024_labels,-14.275,,
Cheshire 13,2208.0,2042.0,NH,lower,medsl2024_labels,3.906,,
Cheshire 14,1380.0,2348.0,NH,lower,medsl2024_labels,-25.966,,
Cheshire 15,11425.0,7018.0,NH,lower,medsl2024_labels,23.895,,
Cheshire 16,5211.0,3499.0,NH,lower,medsl2024_labels,19.656,,
Cheshire 17,4355.0,5176.0,NH,lower,medsl2024_labels,-8.614,,
Cheshire 18,3588.0,4390.0,NH,lower,medsl2024_labels,-10.053,,
Cheshire 2,1649.0,799.0,NH,lower,medsl2024_labels,34.722,,
Cheshire 3,1934.0,900.0,NH,lower,medsl2024_labels,36.486,,
Cheshire 4,1641.0,860.0,NH,lower,medsl2024_labels,31.228,,
Cheshire 5,1716.0,1185.0,NH,lower,medsl2024_labels,18.304,,
Cheshire 6,2944.0,2464.0,NH,lower,medsl2024_labels,8.876,,
Cheshire 7,1776.0,814.0,NH,lower,medsl2024_labels,37.143,,
Cheshire 8,1852.0,1178.0,NH,lower,medsl2024_labels,22.244,,
Cheshire 9,1583.0,1507.0,NH,lower,medsl2024_labels,2.46,,
Coos 1,1612.0,2239.0,NH,lower,medsl2024_labels,-16.281,,
Coos 2,808.0,1584.0,NH,lower,medsl2024_labels,-32.441,,
Coos 3,628.0,1347.0,NH,lower,medsl2024_labels,-36.405,,
Coos 4,1196.0,1458.0,NH,lower,medsl2024_labels,-9.872,,
Coos 5,1921.0,2078.0,NH,lower,medsl2024_labels,-3.926,,
Coos 6,1202.0,1028.0,NH,lower,medsl2024_labels,7.803,,
Coos 7,3117.0,3536.0,NH,lower,medsl2024_labels,-6.298,,
Grafton 1,2912.0,3298.0,NH,lower,medsl2024_labels,-6.216,,
Grafton 10,1357.0,1521.0,NH,lower,medsl2024_labels,-5.698,,
Grafton 11,1163.0,1648.0,NH,lower,medsl2024_labels,-17.254,,
Grafton 12,7099.0,1168.0,NH,lower,medsl2024_labels,71.743,,
Grafton 13,1923.0,605.0,NH,lower,medsl2024_labels,52.136,,
Grafton 14,2112.0,693.0,NH,lower,medsl2024_labels,50.588,,
Grafton 15,2041.0,683.0,NH,lower,medsl2024_labels,49.853,,
Grafton 16,1679.0,1017.0,NH,lower,medsl2024_labels,24.555,,
Grafton 17,6076.0,1981.0,NH,lower,medsl2024_labels,50.825,,
Grafton 18,5583.0,5401.0,NH,lower,medsl2024_labels,1.657,,
Grafton 2,1555.0,891.0,NH,lower,medsl2024_labels,27.146,,
Grafton 3,1111.0,894.0,NH,lower,medsl2024_labels,10.823,,
Grafton 4,1275.0,1028.0,NH,lower,medsl2024_labels,10.725,,
Grafton 5,1566.0,2339.0,NH,lower,medsl2024_labels,-19.795,,
Grafton 6,1183.0,1299.0,NH,lower,medsl2024_labels,-4.674,,
Grafton 7,1094.0,1040.0,NH,lower,medsl2024_labels,2.53,,
Grafton 8,3539.0,2570.0,NH,lower,medsl2024_labels,15.862,,
Grafton 9,1384.0,1215.0,NH,lower,medsl2024_labels,6.503,,
Hillsborough 1,3398.0,5717.0,NH,lower,medsl2024_labels,-25.442,,
Hillsborough 10,3164.0,2486.0,NH,lower,medsl2024_labels,12.0,,
Hillsborough 11,2863.0,1909.0,NH,lower,medsl2024_labels,19.992,,
Hillsborough 12,8890.0,8492.0,NH,lower,medsl2024_labels,2.29,,
Hillsborough 13,6449.0,8045.0,NH,lower,medsl2024_labels,-11.011,,
Hillsborough 14,2421.0,3005.0,NH,lower,medsl2024_labels,-10.763,,
Hillsborough 15,2604.0,2804.0,NH,lower,medsl2024_labels,-3.698,,
Hillsborough 16,2604.0,2630.0,NH,lower,medsl2024_labels,-0.497,,
Hillsborough 17,2978.0,2190.0,NH,lower,medsl2024_labels,15.248,,
Hillsborough 18,2489.0,2047.0,NH,lower,medsl2024_labels,9.744,,
Hillsborough 19,2165.0,2044.0,NH,lower,medsl2024_labels,2.875,,
Hillsborough 2,7444.0,6963.0,NH,lower,medsl2024_labels,3.339,,
Hillsborough 20,2061.0,2036.0,NH,lower,medsl2024_labels,0.61,,
Hillsborough 21,3364.0,2225.0,NH,lower,medsl2024_labels,20.379,,
Hillsborough 22,1902.0,1709.0,NH,lower,medsl2024_labels,5.345,,
Hillsborough 23,2102.0,1338.0,NH,lower,medsl2024_labels,22.209,,
Hillsborough 24,1965.0,1644.0,NH,lower,medsl2024_labels,8.894,,
Hillsborough 25,1471.0,1283.0,NH,lower,medsl2024_labels,6.826,,
Hillsborough 26,2024.0,1795.0,NH,lower,medsl2024_labels,5.996,,
Hillsborough 27,1031.0,1307.0,NH,lower,medsl2024_labels,-11.805,,
Hillsborough 28,2200.0,3451.0,NH,lower,medsl2024_labels,-22.138,,
Hillsborough 29,5037.0,5344.0,NH,lower,medsl2024_labels,-2.957,,
Hillsborough 3,1727.0,1262.0,NH,lower,medsl2024_labels,15.557,,
Hillsborough 30,2669.0,3394.0,NH,lower,medsl2024_labels,-11.958,,
Hillsborough 31,1394.0,972.0,NH,lower,medsl2024_labels,17.836,,
Hillsborough 32,2671.0,4036.0,NH,lower,medsl2024_labels,-20.352,,
Hillsborough 33,3195.0,1469.0,NH,lower,medsl2024_labels,37.007,,
Hillsborough 34,4674.0,3347.0,NH,lower,medsl2024_labels,16.544,,
Hillsborough 35,3230.0,2525.0,NH,lower,medsl2024_labels,12.25,,
Hillsborough 36,2690.0,2892.0,NH,lower,medsl2024_labels,-3.619,,
Hillsborough 37,9586.0,7748.0,NH,lower,medsl2024_labels,10.603,,
Hillsborough 38,8870.0,11050.0,NH,lower,medsl2024_labels,-10.944,,
Hillsborough 39,7269.0,7470.0,NH,lower,medsl2024_labels,-1.364,,
Hillsborough 4,3252.0,2397.0,NH,lower,medsl2024_labels,15.135,,
Hillsborough 40,12022.0,9363.0,NH,lower,medsl2024_labels,12.434,,
Hillsborough 41,8438.0,6912.0,NH,lower,medsl2024_labels,9.941,,
Hillsborough 42,3504.0,3473.0,NH,lower,medsl2024_labels,0.444,,
Hillsborough 43,4912.0,4401.0,NH,lower,medsl2024_labels,5.487,,
Hillsborough 44,7237.0,8795.0,NH,lower,medsl2024_labels,-9.718,,
Hillsborough 45,5920.0,5417.0,NH,lower,medsl2024_labels,4.437,,
Hillsborough 5,3396.0,2685.0,NH,lower,medsl2024_labels,11.692,,
Hillsborough 6,2655.0,1942.0,NH,lower,medsl2024_labels,15.51,,
Hillsborough 7,2277.0,1896.0,NH,lower,medsl2024_labels,9.13,,
Hillsborough 8,2400.0,1953.0,NH,lower,medsl2024_labels,10.269,,
Hillsborough 9,3504.0,2949.0,NH,lower,medsl2024_labels,8.601,,
Merrimack 1,935.0,1213.0,NH,lower,medsl2024_labels,-12.942,,
Merrimack 10,5110.0,5812.0,NH,lower,medsl2024_labels,-6.427,,
Merrimack 11,1151.0,1468.0,NH,lower,medsl2024_labels,-12.104,,
Merrimack 12,2205.0,2250.0,NH,lower,medsl2024_labels,-1.01,,
Merrimack 13,1591.0,2518.0,NH,lower,medsl2024_labels,-22.56,,
Merrimack 14,1146.0,1853.0,NH,lower,medsl2024_labels,-23.575,,
Merrimack 15,1487.0,1050.0,NH,lower,medsl2024_labels,17.225,,
Merrimack 16,1313.0,944.0,NH,lower,medsl2024_labels,16.349,,
Merrimack 17,822.0,535.0,NH,lower,medsl2024_labels,21.15,,
Merrimack 18,1559.0,796.0,NH,lower,medsl2024_labels,32.399,,
Merrimack 19,2077.0,759.0,NH,lower,medsl2024_labels,46.474,,
Merrimack 2,1115.0,1624.0,NH,lower,medsl2024_labels,-18.583,,
Merrimack 20,1316.0,763.0,NH,lower,medsl2024_labels,26.599,,
Merrimack 21,1958.0,938.0,NH,lower,medsl2024_labels,35.221,,
Merrimack 22,1398.0,962.0,NH,lower,medsl2024_labels,18.475,,
Merrimack 23,1383.0,769.0,NH,lower,medsl2024_labels,28.532,,
Merrimack 24,1903.0,1154.0,NH,lower,medsl2024_labels,24.501,,
Merrimack 25,2967.0,4197.0,NH,lower,medsl2024_labels,-17.169,,
Merrimack 26,5580.0,7312.0,NH,lower,medsl2024_labels,-13.435,,
Merrimack 27,7407.0,9133.0,NH,lower,medsl2024_labels,-10.435,,
Merrimack 28,3622.0,2529.0,NH,lower,medsl2024_labels,17.769,,
Merrimack 29,4845.0,2719.0,NH,lower,medsl2024_labels,28.107,,
Merrimack 3,1852.0,2573.0,NH,lower,medsl2024_labels,-16.294,,
Merrimack 30,6749.0,3422.0,NH,lower,medsl2024_labels,32.711,,
Merrimack 4,2377.0,3033.0,NH,lower,medsl2024_labels,-12.126,,
Merrimack 5,2268.0,3066.0,NH,lower,medsl2024_labels,-14.961,,
Merrimack 6,1368.0,1028.0,NH,lower,medsl2024_labels,14.19,,
Merrimack 7,2986.0,1805.0,NH,lower,medsl2024_labels,24.65,,
Merrimack 8,3132.0,2713.0,NH,lower,medsl2024_labels,7.169,,
Merrimack 9,5729.0,3738.0,NH,lower,medsl2024_labels,21.031,,
Rockingham 1,3129.0,3403.0,NH,lower,medsl2024_labels,-4.195,,
Rockingham 10,4635.0,2515.0,NH,lower,medsl2024_labels,29.65,,
Rockingham 11,6782.0,3385.0,NH,lower,medsl2024_labels,33.412,,
Rockingham 12,3302.0,2178.0,NH,lower,medsl2024_labels,20.511,,
Rockingham 13,7851.0,9989.0,NH,lower,medsl2024_labels,-11.984,,
Rockingham 14,2445.0,3329.0,NH,lower,medsl2024_labels,-15.31,,
Rockingham 15,2425.0,3563.0,NH,lower,medsl2024_labels,-19.005,,
Rockingham 16,7655.0,8435.0,NH,lower,medsl2024_labels,-4.848,,
Rockingham 17,4373.0,5557.0,NH,lower,medsl2024_labels,-11.923,,
Rockingham 18,2149.0,2958.0,NH,lower,medsl2024_labels,-15.841,,
Rockingham 19,1605.0,1671.0,NH,lower,medsl2024_labels,-2.015,,
Rockingham 2,4145.0,6113.0,NH,lower,medsl2024_labels,-19.185,,
Rockingham 20,3383.0,4902.0,NH,lower,medsl2024_labels,-18.334,,
Rockingham 21,2353.0,1122.0,NH,lower,medsl2024_labels,35.424,,
Rockingham 22,2730.0,943.0,NH,lower,medsl2024_labels,48.652,,
Rockingham 23,1945.0,1438.0,NH,lower,medsl2024_labels,14.987,,
Rockingham 24,4292.0,2954.0,NH,lower,medsl2024_labels,18.465,,
Rockingham 25,7453.0,10943.0,NH,lower,medsl2024_labels,-18.972,,
Rockingham 26,1980.0,1013.0,NH,lower,medsl2024_labels,32.309,,
Rockingham 27,1640.0,972.0,NH,lower,medsl2024_labels,25.574,,
Rockingham 28,2442.0,736.0,NH,lower,medsl2024_labels,53.682,,
Rockingham 29,5521.0,4843.0,NH,lower,medsl2024_labels,6.542,,
Rockingham 3,1411.0,2065.0,NH,lower,medsl2024_labels,-18.815,,
Rockingham 30,1996.0,3166.0,NH,lower,medsl2024_labels,-22.666,,
Rockingham 31,5556.0,8178.0,NH,lower,medsl2024_labels,-19.091,,
Rockingham 32,3852.0,5135.0,NH,lower,medsl2024_labels,-14.276,,
Rockingham 33,14719.0,8078.0,NH,lower,medsl2024_labels,29.131,,
Rockingham 34,4870.0,6892.0,NH,lower,medsl2024_labels,-17.191,,
Rockingham 35,12028.0,13992.0,NH,lower,medsl2024_labels,-7.548,,
Rockingham 36,4988.0,6573.0,NH,lower,medsl2024_labels,-13.71,,
Rockingham 37,5083.0,2065.0,NH,lower,medsl2024_labels,42.222,,
Rockingham 38,6237.0,4392.0,NH,lower,medsl2024_labels,17.358,,
Rockingham 39,6062.0,2721.0,NH,lower,medsl2024_labels,38.039,,
Rockingham 4,2400.0,3876.0,NH,lower,medsl2024_labels,-23.518,,
Rockingham 40,7517.0,8009.0,NH,lower,medsl2024_labels,-3.169,,
Rockingham 5,2149.0,2719.0,NH,lower,medsl2024_labels,-11.709,,
Rockingham 6,1566.0,1488.0,NH,lower,medsl2024_labels,2.554,,
Rockingham 7,1243.0,1855.0,NH,lower,medsl2024_labels,-19.755,,
Rockingham 8,1043.0,1792.0,NH,lower,medsl2024_labels,-26.42,,
Rockingham 9,1568.0,2616.0,NH,lower,medsl2024_labels,-25.048,,
Strafford 1,1405.0,2232.0,NH,lower,medsl2024_labels,-22.739,,
Strafford 10,6047.0,2270.0,NH,lower,medsl2024_labels,45.413,,
Strafford 11,4947.0,2702.0,NH,lower,medsl2024_labels,29.35,,
Strafford 12,4507.0,3555.0,NH,lower,medsl2024_labels,11.808,,
Strafford 13,1808.0,1241.0,NH,lower,medsl2024_labels,18.596,,
Strafford 14,2333.0,853.0,NH,lower,medsl2024_labels,46.453,,
Strafford 15,2152.0,888.0,NH,lower,medsl2024_labels,41.579,,
Strafford 16,2303.0,1398.0,NH,lower,medsl2024_labels,24.453,,
Strafford 17,1817.0,1025.0,NH,lower,medsl2024_labels,27.868,,
Strafford 18,5768.0,6456.0,NH,lower,medsl2024_labels,-5.628,,
Strafford 19,6904.0,7254.0,NH,lower,medsl2024_labels,-2.472,,
Strafford 2,2382.0,3288.0,NH,lower,medsl2024_labels,-15.979,,
Strafford 20,10994.0,4972.0,NH,lower,medsl2024_labels,37.718,,
Strafford 21,10413.0,5405.0,NH,lower,medsl2024_labels,31.66,,
Strafford 3,1124.0,1920.0,NH,lower,medsl2024_labels,-26.15,,
Strafford 4,4644.0,4536.0,NH,lower,medsl2024_labels,1.176,,
Strafford 5,1495.0,1480.0,NH,lower,medsl2024_labels,0.504,,
Strafford 6,1460.0,1520.0,NH,lower,medsl2024_labels,-2.013,,
Strafford 7,1346.0,1622.0,NH,lower,medsl2024_labels,-9.299,,
Strafford 8,1336.0,1423.0,NH,lower,medsl2024_labels,-3.153,,
Strafford 9,1267.0,1209.0,NH,lower,medsl2024_labels,2.342,,
Sullivan 1,1660.0,768.0,NH,lower,medsl2024_labels,36.738,,
Sullivan 2,1815.0,987.0,NH,lower,medsl2024_labels,29.55,,
Sullivan 3,2735.0,3908.0,NH,lower,medsl2024_labels,-17.658,,
Sullivan 4,1307.0,1786.0,NH,lower,medsl2024_labels,-15.487,,
Sullivan 5,1766.0,1605.0,NH,lower,medsl2024_labels,4.776,,
Sullivan 6,3034.0,3430.0,NH,lower,medsl2024_labels,-6.126,,
Sullivan 7,4550.0,4895.0,NH,lower,medsl2024_labels,-3.653,,
Sullivan 8,6107.0,6821.0,NH,lower,medsl2024_labels,-5.523,,
1,47655.0,64454.0,NC,upper,medsl2024_labels,-14.985,-8.922,-13.157
10,48116.0,74878.0,NC,upper,medsl2024_labels,-21.759,-24.72,-21.758
11,54967.0,58983.0,NC,upper,medsl2024_labels,-3.524,-0.788,-2.889
12,36051.0,58733.0,NC,upper,medsl2024_labels,-23.93,-21.295,-23.936
13,72414.013,58562.33,NC,upper,medsl2024_labels,10.576,1.812,0.821
14,72430.616,30629.411,NC,upper,medsl2024_labels,40.56,52.333,51.342
15,71444.115,34828.567,NC,upper,medsl2024_labels,34.454,38.68,37.69
16,65818.036,33508.302,NC,upper,medsl2024_labels,32.529,36.74,35.75
17,67179.099,38526.928,NC,upper,medsl2024_labels,27.106,30.528,29.538
18,68066.121,58064.461,NC,upper,medsl2024_labels,7.93,-1.799,-3.285
19,57725.0,31946.0,NC,upper,medsl2024_labels,28.748,31.932,28.591
2,47699.0,66912.0,NC,upper,medsl2024_labels,-16.764,-11.868,-14.484
20,91493.669,34754.837,NC,upper,medsl2024_labels,44.942,45.6,45.732
21,42355.0,67527.0,NC,upper,medsl2024_labels,-22.908,-20.99,-23.598
22,81970.331,20604.163,NC,upper,medsl2024_labels,59.826,60.11,59.699
23,78232.0,41760.0,NC,upper,medsl2024_labels,30.395,31.073,30.011
24,35378.0,47961.0,NC,upper,medsl2024_labels,-15.099,-8.124,-15.457
25,45579.431,67921.386,NC,upper,medsl2024_labels,-19.684,-19.797,-19.752
26,62219.203,67293.712,NC,upper,medsl2024_labels,-3.918,-22.503,-24.809
27,69207.101,44440.887,NC,upper,medsl2024_labels,21.792,21.733,20.409
28,55367.696,30789.4,NC,upper,medsl2024_labels,28.527,54.671,53.347
29,32739.569,73194.614,NC,upper,medsl2024_labels,-38.189,-33.63,-36.715
3,43496.0,65080.0,NC,upper,medsl2024_labels,-19.879,-16.603,-20.241
30,31138.0,87357.0,NC,upper,medsl2024_labels,-47.444,-47.7,-47.444
31,49068.0,78871.0,NC,upper,medsl2024_labels,-23.295,-24.414,-25.476
32,69533.0,29491.0,NC,upper,medsl2024_labels,40.437,42.19,41.273
33,32669.0,78325.0,NC,upper,medsl2024_labels,-41.134,-41.031,-40.949
34,51464.85,60081.08,NC,upper,medsl2024_labels,-7.724,-9.958,-8.186
35,49538.15,82595.92,NC,upper,medsl2024_labels,-25.018,-24.431,-25.3
36,23606.0,90220.0,NC,upper,medsl2024_labels,-58.523,-56.535,-58.52
37,48335.257,83341.427,NC,upper,medsl2024_labels,-26.585,-26.768,-27.236
38,78610.626,36061.874,NC,upper,medsl2024_labels,37.105,37.233,34.986
39,71159.446,35470.493,NC,upper,medsl2024_labels,33.47,36.696,34.45
4,45964.0,56295.0,NC,upper,medsl2024_labels,-10.103,-6.12,-10.103
40,65670.81,22180.475,NC,upper,medsl2024_labels,49.504,54.912,52.665
41,80897.304,25682.788,NC,upper,medsl2024_labels,51.806,58.095,55.848
42,68534.557,57840.942,NC,upper,medsl2024_labels,8.462,6.18,3.934
43,42342.0,66690.0,NC,upper,medsl2024_labels,-22.331,-25.429,-22.541
44,33165.0,81975.0,NC,upper,medsl2024_labels,-42.392,-41.488,-42.01
45,33431.172,82937.512,NC,upper,medsl2024_labels,-42.543,-41.622,-42.539
46,36428.0,71010.0,NC,upper,medsl2024_labels,-32.188,-32.676,-31.937
47,42997.143,78302.742,NC,upper,medsl2024_labels,-29.106,-28.891,-29.243
48,43102.0,73060.0,NC,upper,medsl2024_labels,-25.79,-27.977,-25.883
49,81417.0,37656.0,NC,upper,medsl2024_labels,36.751,32.748,36.434
5,60498.0,49759.0,NC,upper,medsl2024_labels,9.74,13.587,9.854
50,44711.685,82439.746,NC,upper,medsl2024_labels,-29.672,-29.537,-29.386
6,25684.0,54960.0,NC,upper,medsl2024_labels,-36.303,-31.008,-38.301
7,59270.592,63452.874,NC,upper,medsl2024_labels,-3.408,-5.277,-8.615
8,59048.408,90150.126,NC,upper,medsl2024_labels,-20.846,-16.216,-18.237
9,38607.0,70539.0,NC,upper,medsl2024_labels,-29.256,-22.648,-29.105
1,17609.615,32549.829,NC,lower,medsl2024_labels,-29.785,-25.38,-28.091
10,17051.274,23830.479,NC,lower,medsl2024_labels,-16.582,-12.43,-17.142
100,23067.608,13538.296,NC,lower,medsl2024_labels,26.032,31.028,28.782
101,28529.447,12744.587,NC,lower,medsl2024_labels,38.244,38.687,36.441
102,33293.588,11493.905,NC,lower,medsl2024_labels,48.674,53.264,51.017
103,26080.02,19031.604,NC,lower,medsl2024_labels,15.624,16.065,13.819
104,30060.637,19862.684,NC,lower,medsl2024_labels,20.427,21.745,19.498
105,28272.384,26747.337,NC,lower,medsl2024_labels,2.772,-2.03,-4.276
106,34818.882,11160.866,NC,lower,medsl2024_labels,51.453,51.073,48.827
107,32955.239,8211.075,NC,lower,medsl2024_labels,60.108,69.735,67.488
108,15985.47,29815.668,NC,lower,medsl2024_labels,-30.196,-33.414,-30.525
109,20950.282,28425.04,NC,lower,medsl2024_labels,-15.139,-18.708,-15.82
11,33815.129,17164.02,NC,lower,medsl2024_labels,32.663,33.163,32.173
110,14715.248,28901.293,NC,lower,medsl2024_labels,-32.524,-31.213,-30.686
111,11285.0,32186.0,NC,lower,medsl2024_labels,-48.08,-46.785,-48.754
112,27837.679,8578.437,NC,lower,medsl2024_labels,52.887,59.425,57.179
113,17953.0,34650.0,NC,lower,medsl2024_labels,-31.742,-32.076,-31.44
114,32597.0,22763.0,NC,lower,medsl2024_labels,17.764,12.263,15.949
115,25124.0,26643.0,NC,lower,medsl2024_labels,-2.934,-8.828,-5.143
116,40941.0,9610.0,NC,lower,medsl2024_labels,61.979,59.712,63.398
117,23436.0,29875.0,NC,lower,medsl2024_labels,-12.078,-16.729,-12.382
118,19003.0,31668.0,NC,lower,medsl2024_labels,-24.995,-26.133,-24.995
119,21361.0,27599.0,NC,lower,medsl2024_labels,-12.741,-13.215,-12.783
12,18144.0,22938.0,NC,lower,medsl2024_labels,-11.669,-7.339,-11.63
120,13099.0,38508.0,NC,lower,medsl2024_labels,-49.236,-48.346,-49.207
13,15181.812,36301.864,NC,lower,medsl2024_labels,-41.023,-40.286,-39.178
14,9084.0,17571.0,NC,lower,medsl2024_labels,-31.84,-25.365,-32.658
15,13089.0,26457.0,NC,lower,medsl2024_labels,-33.804,-28.786,-36.079
16,15971.0,36974.0,NC,lower,medsl2024_labels,-39.669,-35.185,-40.999
17,26620.055,42796.826,NC,lower,medsl2024_labels,-23.304,-22.919,-23.63
18,26005.674,19257.758,NC,lower,medsl2024_labels,14.908,26.393,23.055
19,27976.019,41911.521,NC,lower,medsl2024_labels,-19.94,-21.782,-23.643
2,29447.378,21740.435,NC,lower,medsl2024_labels,15.056,10.73,9.587
20,28769.251,31640.894,NC,lower,medsl2024_labels,-4.754,-9.845,-13.183
21,31408.427,18844.671,NC,lower,medsl2024_labels,25.001,27.45,26.46
22,16417.0,28213.0,NC,lower,medsl2024_labels,-26.431,-19.383,-26.419
23,25541.0,19797.0,NC,lower,medsl2024_labels,12.669,17.653,12.7
24,20744.0,21457.0,NC,lower,medsl2024_labels,-1.69,0.847,-1.631
25,24673.0,24724.0,NC,lower,medsl2024_labels,-0.103,1.889,-0.12
26,24236.434,31152.294,NC,lower,medsl2024_labels,-12.486,-15.189,-12.228
27,25125.0,17659.0,NC,lower,medsl2024_labels,17.45,22.238,17.419
28,14529.703,28446.477,NC,lower,medsl2024_labels,-32.383,-34.913,-31.952
29,44932.494,8359.513,NC,lower,medsl2024_labels,68.628,70.369,69.958
3,19378.188,29426.136,NC,lower,medsl2024_labels,-20.588,-19.377,-22.353
30,38752.81,7164.975,NC,lower,medsl2024_labels,68.792,73.344,72.933
31,39612.319,9096.077,NC,lower,medsl2024_labels,62.651,62.28,61.869
32,22043.365,21848.243,NC,lower,medsl2024_labels,0.445,5.268,1.516
33,31447.436,13872.288,NC,lower,medsl2024_labels,38.78,45.449,44.458
34,32542.039,16736.26,NC,lower,medsl2024_labels,32.075,32.018,31.028
35,34260.299,26922.751,NC,lower,medsl2024_labels,11.993,-5.174,-6.165
36,30614.668,22952.208,NC,lower,medsl2024_labels,14.304,10.89,9.899
37,31358.162,29614.908,NC,lower,medsl2024_labels,2.859,-6.868,-7.858
38,28728.547,7850.585,NC,lower,medsl2024_labels,57.076,66.945,65.954
39,28563.107,17691.135,NC,lower,medsl2024_labels,23.505,25.197,24.206
4,13623.726,22428.521,NC,lower,medsl2024_labels,-24.422,-17.581,-23.607
40,35474.768,20143.431,NC,lower,medsl2024_labels,27.565,27.902,26.912
41,28809.722,14992.468,NC,lower,medsl2024_labels,31.545,36.107,35.117
42,18384.809,6595.709,NC,lower,medsl2024_labels,47.193,52.134,48.793
43,19106.0,24652.0,NC,lower,medsl2024_labels,-12.674,-12.496,-15.837
44,20745.191,13588.291,NC,lower,medsl2024_labels,20.845,25.277,21.936
45,20395.0,15004.0,NC,lower,medsl2024_labels,15.229,17.6,14.259
46,13211.35,27229.092,NC,lower,medsl2024_labels,-34.663,-29.157,-35.85
47,12464.65,20413.908,NC,lower,medsl2024_labels,-24.178,-13.799,-22.894
48,18650.0,18314.0,NC,lower,medsl2024_labels,0.909,5.747,0.71
49,26459.471,11197.954,NC,lower,medsl2024_labels,40.527,45.59,44.599
5,19510.0,22347.0,NC,lower,medsl2024_labels,-6.778,0.2,-5.744
50,29361.7,21380.109,NC,lower,medsl2024_labels,15.73,15.082,13.589
51,15703.578,25427.737,NC,lower,medsl2024_labels,-23.642,-22.261,-24.639
52,16977.072,26554.794,NC,lower,medsl2024_labels,-22.002,-15.178,-19.122
53,17041.864,29763.229,NC,lower,medsl2024_labels,-27.179,-27.722,-27.384
54,30030.0,25322.0,NC,lower,medsl2024_labels,8.506,7.682,8.516
55,14679.0,25011.0,NC,lower,medsl2024_labels,-26.032,-19.238,-21.88
56,40575.3,6870.891,NC,lower,medsl2024_labels,71.037,74.338,74.262
57,30184.551,18213.602,NC,lower,medsl2024_labels,24.734,36.183,34.86
58,22099.602,12462.913,NC,lower,medsl2024_labels,27.882,54.233,52.91
59,33021.969,24195.413,NC,lower,medsl2024_labels,15.426,-11.883,-13.207
6,15780.0,24956.0,NC,lower,medsl2024_labels,-22.526,-19.742,-22.276
60,23976.205,15058.447,NC,lower,medsl2024_labels,22.846,28.872,27.549
61,28334.611,15852.942,NC,lower,medsl2024_labels,28.247,56.082,54.758
62,33501.062,23293.683,NC,lower,medsl2024_labels,17.972,-7.073,-8.396
63,20068.0,23448.0,NC,lower,medsl2024_labels,-7.767,-6.648,-6.386
64,20556.0,24489.0,NC,lower,medsl2024_labels,-8.731,-10.393,-10.131
65,15676.0,33447.0,NC,lower,medsl2024_labels,-36.177,-32.371,-36.177
66,29502.223,18752.32,NC,lower,medsl2024_labels,22.277,28.186,27.196
67,12926.0,36544.0,NC,lower,medsl2024_labels,-47.742,-46.222,-47.601
68,21911.0,33559.0,NC,lower,medsl2024_labels,-20.999,-20.433,-21.454
69,19831.0,33226.0,NC,lower,medsl2024_labels,-25.246,-26.503,-27.524
7,21783.635,28088.757,NC,lower,medsl2024_labels,-12.643,-12.121,-13.199
70,10472.0,34518.0,NC,lower,medsl2024_labels,-53.447,-53.424,-54.139
71,29118.0,12774.0,NC,lower,medsl2024_labels,39.015,39.349,38.432
72,29646.0,9997.0,NC,lower,medsl2024_labels,49.565,53.196,52.278
73,20949.107,23823.388,NC,lower,medsl2024_labels,-6.42,-8.145,-6.372
74,24324.0,28273.0,NC,lower,medsl2024_labels,-7.508,-10.162,-11.079
75,20523.0,26210.0,NC,lower,medsl2024_labels,-12.169,-13.883,-14.801
76,16780.0,27585.0,NC,lower,medsl2024_labels,-24.355,-23.958,-24.02
77,12157.0,40643.0,NC,lower,medsl2024_labels,-53.951,-52.676,-53.557
78,13263.35,39094.468,NC,lower,medsl2024_labels,-49.336,-49.064,-50.412
79,18706.385,33157.171,NC,lower,medsl2024_labels,-27.863,-23.363,-27.099
8,22135.257,14595.206,NC,lower,medsl2024_labels,20.528,31.441,27.89
80,11038.919,33843.92,NC,lower,medsl2024_labels,-50.81,-51.153,-50.577
81,13111.081,34115.08,NC,lower,medsl2024_labels,-44.475,-45.191,-44.615
82,22776.768,27694.123,NC,lower,medsl2024_labels,-9.743,-10.764,-8.994
83,16346.125,30644.488,NC,lower,medsl2024_labels,-30.428,-33.259,-32.422
84,15031.0,32067.0,NC,lower,medsl2024_labels,-36.171,-34.264,-34.358
85,13126.0,36745.0,NC,lower,medsl2024_labels,-47.36,-47.345,-47.385
86,13272.0,32130.0,NC,lower,medsl2024_labels,-41.536,-40.558,-41.536
87,11665.055,34461.747,NC,lower,medsl2024_labels,-49.422,-48.318,-49.731
88,26895.858,12074.55,NC,lower,medsl2024_labels,38.032,44.856,42.609
89,12985.0,38535.0,NC,lower,medsl2024_labels,-49.592,-49.967,-50.604
9,23460.743,25807.794,NC,lower,medsl2024_labels,-4.764,-7.841,-11.393
90,10191.542,36453.075,NC,lower,medsl2024_labels,-56.301,-55.183,-57.165
91,14990.0,31108.0,NC,lower,medsl2024_labels,-34.965,-31.707,-33.022
92,30451.771,13300.268,NC,lower,medsl2024_labels,39.202,40.905,38.658
93,21669.945,30330.253,NC,lower,medsl2024_labels,-16.654,-15.22,-16.221
94,9675.458,37327.925,NC,lower,medsl2024_labels,-58.831,-55.618,-57.961
95,18864.0,33199.0,NC,lower,medsl2024_labels,-27.534,-28.643,-28.737
96,16428.0,28577.0,NC,lower,medsl2024_labels,-26.995,-26.524,-27.285
97,14842.0,40183.0,NC,lower,medsl2024_labels,-46.054,-46.492,-46.054
98,27503.606,25255.75,NC,lower,medsl2024_labels,4.261,1.067,-1.18
99,26702.279,5777.64,NC,lower,medsl2024_labels,64.423,69.417,67.17
1,41700.938,54926.911,GA,upper,medsl2024_labels,-13.688,-13.161,-15.837
10,86514.584,15085.435,GA,upper,medsl2024_labels,70.304,70.648,70.864
11,25899.0,53391.0,GA,upper,medsl2024_labels,-34.673,-29.472,-34.542
12,45065.0,33873.0,GA,upper,medsl2024_labels,14.178,16.321,14.347
13,23669.162,59078.516,GA,upper,medsl2024_labels,-42.792,-40.719,-42.762
14,57066.0,39381.0,GA,upper,medsl2024_labels,18.336,20.223,18.524
15,43404.953,23365.209,GA,upper,medsl2024_labels,30.013,33.702,31.606
16,40975.0,69964.0,GA,upper,medsl2024_labels,-26.131,-28.269,-25.723
17,71856.032,21844.517,GA,upper,medsl2024_labels,53.374,48.908,53.922
18,38991.339,61908.18,GA,upper,medsl2024_labels,-22.713,-21.865,-23.778
19,17849.838,59053.484,GA,upper,medsl2024_labels,-53.578,-49.625,-53.769
2,56324.129,22171.832,GA,upper,medsl2024_labels,43.508,46.091,44.594
20,32329.637,63448.302,GA,upper,medsl2024_labels,-32.49,-31.383,-32.928
21,38408.0,78544.0,GA,upper,medsl2024_labels,-34.318,-32.616,-33.001
22,53787.0,22455.0,GA,upper,medsl2024_labels,41.095,42.446,41.107
23,36945.0,53379.0,GA,upper,medsl2024_labels,-18.194,-14.915,-18.816
24,34983.0,76175.0,GA,upper,medsl2024_labels,-37.057,-34.529,-36.554
25,37867.082,61299.706,GA,upper,medsl2024_labels,-23.63,-24.391,-24.599
26,47678.942,28539.813,GA,upper,medsl2024_labels,25.111,28.676,26.394
27,32499.393,73124.467,GA,upper,medsl2024_labels,-38.462,-38.457,-38.21
28,70246.572,22279.89,GA,upper,medsl2024_labels,51.841,49.22,52.068
29,36532.047,61599.791,GA,upper,medsl2024_labels,-25.545,-24.988,-27.012
3,30350.487,64029.47,GA,upper,medsl2024_labels,-35.684,-31.353,-35.363
30,35610.065,63405.171,GA,upper,medsl2024_labels,-28.072,-29.535,-27.838
31,36046.324,66316.161,GA,upper,medsl2024_labels,-29.571,-33.436,-29.819
32,44881.185,58375.544,GA,upper,medsl2024_labels,-13.069,-13.126,-12.604
33,53950.038,29115.133,GA,upper,medsl2024_labels,29.898,30.529,31.011
34,57555.0,12695.0,GA,upper,medsl2024_labels,63.858,65.434,64.942
35,74466.685,20738.358,GA,upper,medsl2024_labels,56.434,57.963,57.549
36,79619.0,9935.0,GA,upper,medsl2024_labels,77.812,79.235,77.537
37,52272.279,62088.612,GA,upper,medsl2024_labels,-8.584,-10.952,-10.487
38,74666.0,21194.0,GA,upper,medsl2024_labels,55.781,56.967,55.272
39,73513.0,12695.0,GA,upper,medsl2024_labels,70.548,71.918,70.219
4,29038.932,60721.257,GA,upper,medsl2024_labels,-35.297,-33.158,-35.401
40,51795.0,28987.0,GA,upper,medsl2024_labels,28.234,29.81,27.207
41,63965.12,14239.337,GA,upper,medsl2024_labels,63.584,69.598,66.871
42,48156.275,61139.44,GA,upper,medsl2024_labels,-11.879,-17.323,-13.223
43,71352.727,21531.996,GA,upper,medsl2024_labels,53.637,49.462,52.433
44,87746.382,10704.612,GA,upper,medsl2024_labels,78.254,79.834,77.3
45,41199.992,55083.706,GA,upper,medsl2024_labels,-14.42,-17.409,-18.205
46,41324.785,61459.929,GA,upper,medsl2024_labels,-19.59,-18.639,-19.065
47,39309.223,61753.365,GA,upper,medsl2024_labels,-22.208,-18.203,-18.279
48,46455.607,50955.533,GA,upper,medsl2024_labels,-4.62,-3.31,-4.416
49,26709.809,69819.548,GA,upper,medsl2024_labels,-44.66,-44.691,-44.867
5,32984.038,16205.337,GA,upper,medsl2024_labels,34.11,47.131,45.375
50,17992.191,82910.452,GA,upper,medsl2024_labels,-64.338,-62.831,-63.586
51,21096.0,97832.0,GA,upper,medsl2024_labels,-64.523,-64.975,-64.598
52,24186.223,69552.927,GA,upper,medsl2024_labels,-48.397,-47.941,-48.133
53,19184.637,73155.325,GA,upper,medsl2024_labels,-58.448,-58.523,-58.355
54,17800.617,62550.067,GA,upper,medsl2024_labels,-55.693,-53.042,-55.39
55,71400.88,20742.663,GA,upper,medsl2024_labels,54.978,56.639,54.292
56,51918.0,66749.0,GA,upper,medsl2024_labels,-12.498,-12.525,-12.466
6,32428.373,76699.812,GA,upper,medsl2024_labels,-40.568,-41.186,-40.136
7,49237.137,36820.894,GA,upper,medsl2024_labels,14.428,17.129,15.373
8,25737.513,53044.53,GA,upper,medsl2024_labels,-34.661,-30.356,-35.348
9,53463.825,34975.769,GA,upper,medsl2024_labels,20.905,20.712,18.956
1,5778.888,21502.914,GA,lower,medsl2024_labels,-57.636,-58.138,-58.216
10,5923.029,26011.883,GA,lower,medsl2024_labels,-62.906,-63.026,-63.009
100,12781.06,18928.987,GA,lower,medsl2024_labels,-19.388,-20.351,-21.383
101,19474.793,7049.219,GA,lower,medsl2024_labels,46.847,47.842,45.116
102,15422.713,8034.411,GA,lower,medsl2024_labels,31.497,33.634,31.877
103,13260.325,17322.944,GA,lower,medsl2024_labels,-13.284,-13.827,-15.288
104,12074.308,19165.744,GA,lower,medsl2024_labels,-22.7,-27.662,-27.644
105,15714.201,14893.381,GA,lower,medsl2024_labels,2.682,0.318,-1.438
106,14702.159,9786.933,GA,lower,medsl2024_labels,20.071,24.97,23.214
107,15495.522,10870.703,GA,lower,medsl2024_labels,17.541,22.618,20.862
108,15589.053,13055.994,GA,lower,medsl2024_labels,8.843,7.706,5.949
109,10320.0,4847.0,GA,lower,medsl2024_labels,36.085,53.618,51.862
11,7210.085,30516.301,GA,lower,medsl2024_labels,-61.777,-62.22,-61.757
110,22026.869,11504.18,GA,lower,medsl2024_labels,31.382,23.441,21.685
111,13969.303,20732.178,GA,lower,medsl2024_labels,-19.489,-25.766,-24.27
112,10633.0,23809.0,GA,lower,medsl2024_labels,-38.256,-38.266,-35.41
113,20859.704,7834.675,GA,lower,medsl2024_labels,45.392,44.363,48.554
114,11372.0,25263.0,GA,lower,medsl2024_labels,-37.917,-37.263,-36.071
115,28239.357,5948.148,GA,lower,medsl2024_labels,65.203,64.323,67.214
116,24786.108,5244.72,GA,lower,medsl2024_labels,65.071,63.662,67.913
117,21920.0,7316.0,GA,lower,medsl2024_labels,49.952,44.756,53.945
118,11412.296,21579.325,GA,lower,medsl2024_labels,-30.817,-31.231,-30.767
119,9087.877,22485.784,GA,lower,medsl2024_labels,-42.434,-44.998,-41.806
12,5615.604,21257.547,GA,lower,medsl2024_labels,-58.207,-56.851,-57.909
120,14287.671,17965.381,GA,lower,medsl2024_labels,-11.403,-10.418,-11.69
121,14226.274,18246.652,GA,lower,medsl2024_labels,-12.381,-7.268,-10.161
122,14883.657,4934.774,GA,lower,medsl2024_labels,50.2,57.511,53.415
123,9492.507,22518.585,GA,lower,medsl2024_labels,-40.692,-36.107,-40.32
124,13757.112,21804.994,GA,lower,medsl2024_labels,-22.63,-20.501,-23.288
125,12114.03,19809.851,GA,lower,medsl2024_labels,-24.107,-24.951,-25.103
126,16357.0,11146.0,GA,lower,medsl2024_labels,18.947,23.913,19.761
127,11644.0,19678.0,GA,lower,medsl2024_labels,-25.65,-24.493,-24.695
128,13733.97,14991.149,GA,lower,medsl2024_labels,-4.377,0.507,-4.372
129,13967.0,7028.0,GA,lower,medsl2024_labels,33.051,37.956,36.617
13,8722.396,16831.453,GA,lower,medsl2024_labels,-31.733,-30.532,-31.105
130,15826.0,7442.0,GA,lower,medsl2024_labels,36.032,36.907,35.569
131,12253.0,20797.0,GA,lower,medsl2024_labels,-25.852,-26.747,-26.365
132,16020.0,7250.0,GA,lower,medsl2024_labels,37.688,40.439,36.847
133,8251.0,18273.0,GA,lower,medsl2024_labels,-37.785,-33.033,-38.001
134,9393.435,20826.954,GA,lower,medsl2024_labels,-37.834,-36.164,-40.232
135,8578.761,24606.705,GA,lower,medsl2024_labels,-48.298,-46.966,-46.667
136,10728.349,22860.379,GA,lower,medsl2024_labels,-36.119,-30.053,-30.778
137,16347.864,11545.176,GA,lower,medsl2024_labels,17.218,18.727,15.921
138,9809.868,23330.833,GA,lower,medsl2024_labels,-40.799,-39.817,-41.557
139,12315.948,18371.302,GA,lower,medsl2024_labels,-19.732,-21.913,-23.047
14,6685.384,27685.67,GA,lower,medsl2024_labels,-61.099,-61.828,-61.609
140,11344.217,4092.221,GA,lower,medsl2024_labels,46.98,51.609,50.618
141,15686.982,5552.472,GA,lower,medsl2024_labels,47.715,44.18,43.188
142,16000.346,10923.89,GA,lower,medsl2024_labels,18.855,17.305,15.744
143,13760.832,8403.762,GA,lower,medsl2024_labels,24.169,29.408,29.036
144,10187.795,24571.375,GA,lower,medsl2024_labels,-41.381,-39.825,-43.12
145,14580.927,12972.328,GA,lower,medsl2024_labels,5.838,8.978,6.845
146,13473.866,20252.14,GA,lower,medsl2024_labels,-20.098,-22.764,-21.492
147,13790.488,16114.701,GA,lower,medsl2024_labels,-7.772,-9.932,-8.824
148,8712.339,18581.966,GA,lower,medsl2024_labels,-36.16,-34.611,-35.471
149,13714.083,10808.704,GA,lower,medsl2024_labels,11.848,19.329,16.129
15,8439.616,21030.33,GA,lower,medsl2024_labels,-42.724,-42.691,-42.549
150,12466.833,11095.214,GA,lower,medsl2024_labels,5.821,8.589,5.661
151,11498.801,13534.263,GA,lower,medsl2024_labels,-8.131,-2.139,-5.242
152,8927.0,20778.0,GA,lower,medsl2024_labels,-39.896,-39.561,-39.511
153,15371.942,6695.802,GA,lower,medsl2024_labels,39.316,36.772,37.74
154,13515.424,12833.721,GA,lower,medsl2024_labels,2.587,6.652,3.501
155,8886.0,18373.0,GA,lower,medsl2024_labels,-34.803,-30.212,-34.897
156,6170.706,17250.577,GA,lower,medsl2024_labels,-47.307,-40.479,-45.599
157,5298.046,18289.279,GA,lower,medsl2024_labels,-55.077,-49.78,-54.594
158,8531.377,17519.878,GA,lower,medsl2024_labels,-34.503,-29.757,-35.191
159,8746.372,22310.762,GA,lower,medsl2024_labels,-43.676,-39.562,-41.49
16,6608.627,23336.986,GA,lower,medsl2024_labels,-55.862,-55.259,-55.524
160,6987.919,16407.969,GA,lower,medsl2024_labels,-40.264,-36.436,-40.442
161,12705.043,17495.261,GA,lower,medsl2024_labels,-15.861,-18.797,-18.811
162,16270.373,8795.644,GA,lower,medsl2024_labels,29.82,34.808,33.311
163,18196.912,6928.484,GA,lower,medsl2024_labels,44.849,45.815,44.318
164,13659.368,16855.732,GA,lower,medsl2024_labels,-10.475,-15.11,-16.357
165,19453.064,5949.102,GA,lower,medsl2024_labels,53.161,56.383,54.886
166,13958.572,26599.168,GA,lower,medsl2024_labels,-31.167,-27.799,-29.158
167,9355.846,20243.077,GA,lower,medsl2024_labels,-36.783,-34.005,-38.415
168,13239.628,9297.143,GA,lower,medsl2024_labels,17.494,24.572,17.709
169,6214.778,17986.459,GA,lower,medsl2024_labels,-48.641,-45.278,-49.178
17,11862.018,19955.376,GA,lower,medsl2024_labels,-25.437,-29.246,-24.063
170,6688.413,17845.033,GA,lower,medsl2024_labels,-45.475,-43.087,-45.854
171,8809.0,15381.0,GA,lower,medsl2024_labels,-27.168,-20.852,-27.271
172,5761.818,16879.061,GA,lower,medsl2024_labels,-49.103,-45.351,-48.832
173,10488.182,16249.939,GA,lower,medsl2024_labels,-21.549,-16.174,-21.206
174,5518.597,20262.328,GA,lower,medsl2024_labels,-57.189,-55.797,-59.347
175,9895.481,19758.586,GA,lower,medsl2024_labels,-33.261,-25.966,-31.889
176,6051.254,16467.086,GA,lower,medsl2024_labels,-46.255,-41.939,-46.415
177,10096.476,8717.508,GA,lower,medsl2024_labels,7.329,27.648,21.749
178,4176.135,23753.267,GA,lower,medsl2024_labels,-70.095,-68.328,-70.518
179,11734.296,17159.922,GA,lower,medsl2024_labels,-18.778,-15.939,-19.648
18,5560.792,27728.197,GA,lower,medsl2024_labels,-66.591,-68.143,-67.834
180,9299.049,19804.312,GA,lower,medsl2024_labels,-36.096,-31.537,-35.98
19,15977.325,19586.698,GA,lower,medsl2024_labels,-10.149,-17.128,-13.231
2,5729.538,25041.299,GA,lower,medsl2024_labels,-62.76,-61.656,-62.846
20,11749.279,23032.132,GA,lower,medsl2024_labels,-32.439,-33.133,-32.569
21,11151.767,28012.402,GA,lower,medsl2024_labels,-43.051,-44.513,-43.949
22,13676.183,18979.702,GA,lower,medsl2024_labels,-16.241,-17.154,-16.63
23,9066.345,25245.469,GA,lower,medsl2024_labels,-47.153,-48.738,-48.175
24,10994.678,19977.048,GA,lower,medsl2024_labels,-29.002,-25.179,-24.932
25,13665.672,17396.68,GA,lower,medsl2024_labels,-12.011,-11.818,-12.027
26,10954.296,20894.237,GA,lower,medsl2024_labels,-31.21,-34.849,-34.603
27,6242.043,27399.97,GA,lower,medsl2024_labels,-62.891,-62.402,-62.69
28,8399.049,26073.525,GA,lower,medsl2024_labels,-51.271,-51.862,-51.697
29,8155.318,11673.325,GA,lower,medsl2024_labels,-17.742,-13.22,-13.398
3,6901.0,23209.0,GA,lower,medsl2024_labels,-54.161,-55.581,-54.565
30,10238.894,24779.41,GA,lower,medsl2024_labels,-41.523,-43.194,-43.607
31,8688.692,26218.889,GA,lower,medsl2024_labels,-50.219,-52.319,-49.333
32,4874.486,25346.489,GA,lower,medsl2024_labels,-67.741,-65.656,-66.617
33,5666.493,26529.415,GA,lower,medsl2024_labels,-64.8,-61.028,-64.519
34,17307.006,20655.123,GA,lower,medsl2024_labels,-8.82,-11.097,-10.615
35,16478.171,10946.721,GA,lower,medsl2024_labels,20.169,19.219,19.701
36,14768.115,21594.577,GA,lower,medsl2024_labels,-18.773,-19.766,-19.283
37,15768.857,11008.036,GA,lower,medsl2024_labels,17.78,20.899,21.381
38,21640.485,8078.695,GA,lower,medsl2024_labels,45.633,44.846,45.328
39,20402.356,5635.904,GA,lower,medsl2024_labels,56.711,57.654,58.14
4,6467.242,11689.842,GA,lower,medsl2024_labels,-28.763,-23.075,-26.546
40,13829.237,19018.743,GA,lower,medsl2024_labels,-15.799,-23.004,-17.385
41,15795.21,6652.393,GA,lower,medsl2024_labels,40.73,42.279,42.761
42,18249.427,8892.284,GA,lower,medsl2024_labels,34.475,38.212,38.695
43,15033.923,9091.359,GA,lower,medsl2024_labels,24.632,26.498,26.98
44,15497.054,18510.327,GA,lower,medsl2024_labels,-8.861,-8.041,-7.531
45,18321.654,19361.333,GA,lower,medsl2024_labels,-2.759,-4.141,-3.661
46,17039.946,20229.673,GA,lower,medsl2024_labels,-8.559,-10.104,-9.603
47,13530.888,18278.129,GA,lower,medsl2024_labels,-14.924,-11.477,-12.975
48,16672.0,16310.0,GA,lower,medsl2024_labels,1.098,3.041,1.326
49,17289.0,19655.0,GA,lower,medsl2024_labels,-6.404,-3.937,-5.635
5,5174.0,23060.0,GA,lower,medsl2024_labels,-63.349,-62.892,-63.484
50,16394.0,12556.0,GA,lower,medsl2024_labels,13.257,18.748,17.051
51,17154.0,11667.0,GA,lower,medsl2024_labels,19.038,21.607,19.909
52,18923.0,10927.0,GA,lower,medsl2024_labels,26.787,27.19,24.992
53,18823.0,16376.0,GA,lower,medsl2024_labels,6.952,9.387,7.694
54,18779.0,11487.0,GA,lower,medsl2024_labels,24.093,22.11,20.409
55,22686.0,5477.0,GA,lower,medsl2024_labels,61.105,61.65,59.952
56,20805.0,2543.0,GA,lower,medsl2024_labels,78.217,81.82,80.122
57,26103.0,6153.0,GA,lower,medsl2024_labels,61.849,62.074,60.376
58,24926.0,2985.0,GA,lower,medsl2024_labels,78.611,81.926,80.228
59,24053.0,2011.0,GA,lower,medsl2024_labels,84.569,86.694,84.996
6,4246.331,23338.945,GA,lower,medsl2024_labels,-69.213,-67.068,-69.405
60,22902.0,7842.0,GA,lower,medsl2024_labels,48.985,49.706,48.375
61,26203.333,6837.742,GA,lower,medsl2024_labels,58.611,57.618,57.36
62,24430.0,2217.0,GA,lower,medsl2024_labels,83.36,85.12,83.422
63,21845.0,2472.0,GA,lower,medsl2024_labels,79.669,81.661,79.963
64,21939.79,9421.081,GA,lower,medsl2024_labels,39.918,31.816,38.05
65,26746.0,8685.0,GA,lower,medsl2024_labels,50.975,52.361,51.55
66,18162.21,7055.919,GA,lower,medsl2024_labels,44.041,40.481,46.711
67,20054.0,9919.0,GA,lower,medsl2024_labels,33.814,31.912,31.56
68,20476.585,10666.359,GA,lower,medsl2024_labels,31.501,30.431,31.885
69,24526.0,8069.0,GA,lower,medsl2024_labels,50.489,48.275,50.251
7,6576.813,30037.421,GA,lower,medsl2024_labels,-64.075,-63.856,-62.974
70,10921.446,17379.023,GA,lower,medsl2024_labels,-22.818,-22.892,-21.141
71,10363.088,20546.801,GA,lower,medsl2024_labels,-32.946,-34.347,-36.194
72,7570.912,21130.199,GA,lower,medsl2024_labels,-47.243,-42.785,-45.005
73,14330.049,23813.883,GA,lower,medsl2024_labels,-24.863,-28.432,-25.587
74,22488.145,6610.435,GA,lower,medsl2024_labels,54.565,51.873,53.277
75,19575.499,3265.846,GA,lower,medsl2024_labels,71.404,72.899,70.93
76,18944.242,3671.337,GA,lower,medsl2024_labels,67.533,70.365,68.393
77,17598.0,2525.0,GA,lower,medsl2024_labels,74.904,78.87,76.901
78,22094.153,7341.171,GA,lower,medsl2024_labels,50.12,44.425,50.426
79,15104.0,2512.0,GA,lower,medsl2024_labels,71.48,76.077,74.108
8,7109.0,32919.0,GA,lower,medsl2024_labels,-64.48,-63.617,-64.17
80,15923.0,10254.0,GA,lower,medsl2024_labels,21.656,23.258,20.53
81,14996.465,19176.415,GA,lower,medsl2024_labels,-12.232,-29.586,-20.397
82,13424.115,20595.25,GA,lower,medsl2024_labels,-21.08,-25.741,-21.743
83,14860.74,7731.979,GA,lower,medsl2024_labels,31.553,31.99,29.262
84,28291.644,2905.632,GA,lower,medsl2024_labels,81.373,82.277,79.549
85,21184.564,3748.556,GA,lower,medsl2024_labels,69.931,73.418,70.69
86,20786.115,4822.006,GA,lower,medsl2024_labels,62.34,68.351,65.623
87,20484.231,5977.914,GA,lower,medsl2024_labels,54.819,60.171,57.443
88,21249.414,5257.163,GA,lower,medsl2024_labels,60.333,63.742,61.144
89,30692.501,2848.532,GA,lower,medsl2024_labels,83.015,85.119,82.391
9,6397.144,29721.609,GA,lower,medsl2024_labels,-64.577,-65.936,-66.056
90,30078.854,3030.491,GA,lower,medsl2024_labels,81.694,84.015,81.291
91,23779.21,5580.108,GA,lower,medsl2024_labels,61.987,59.277,60.755
92,22497.863,5763.137,GA,lower,medsl2024_labels,59.215,56.293,62.903
93,20605.22,6256.423,GA,lower,medsl2024_labels,53.417,51.926,51.005
94,22705.487,7451.216,GA,lower,medsl2024_labels,50.583,51.707,49.546
95,21946.513,5483.784,GA,lower,medsl2024_labels,60.017,63.779,61.737
96,10579.996,6041.82,GA,lower,medsl2024_labels,27.303,33.753,31.997
97,15426.576,9627.0,GA,lower,medsl2024_labels,23.149,27.911,26.155
98,7561.636,3780.234,GA,lower,medsl2024_labels,33.34,49.345,47.588
99,15527.374,13788.888,GA,lower,medsl2024_labels,5.93,5.608,3.851
10,11546.0,13704.0,IA,upper,medsl2024_labels,-8.547,-4.926,-8.052
12,9330.0,24386.0,IA,upper,medsl2024_labels,-44.655,-39.04,-43.969
14,20626.0,20773.0,IA,upper,medsl2024_labels,-0.355,1.986,-0.806
16,20887.0,14644.0,IA,upper,medsl2024_labels,17.571,19.637,15.133
18,24380.0,9061.0,IA,upper,medsl2024_labels,45.809,46.848,42.29
2,5655.0,28000.0,IA,upper,medsl2024_labels,-66.394,-62.598,-66.504
20,15440.0,16905.0,IA,upper,medsl2024_labels,-4.529,0.084,-4.474
22,19687.0,17156.0,IA,upper,medsl2024_labels,6.87,8.634,4.076
24,13330.0,21429.0,IA,upper,medsl2024_labels,-23.3,-17.856,-22.483
26,12957.0,17869.0,IA,upper,medsl2024_labels,-15.935,-10.31,-17.989
28,9841.0,22359.0,IA,upper,medsl2024_labels,-38.876,-34.268,-39.39
30,13904.0,20067.0,IA,upper,medsl2024_labels,-18.142,-13.224,-17.903
32,12798.0,22056.0,IA,upper,medsl2024_labels,-26.562,-21.699,-26.711
34,11366.0,22194.0,IA,upper,medsl2024_labels,-32.265,-25.729,-32.428
36,16008.0,15068.0,IA,upper,medsl2024_labels,3.025,9.587,3.83
38,16447.0,18271.0,IA,upper,medsl2024_labels,-5.254,1.446,-6.517
4,9054.0,21385.0,IA,upper,medsl2024_labels,-40.511,-34.804,-40.368
40,18880.568,14530.757,IA,upper,medsl2024_labels,13.019,15.972,11.929
42,20517.432,26752.243,IA,upper,medsl2024_labels,-13.19,-14.468,-19.068
44,9905.0,21547.0,IA,upper,medsl2024_labels,-37.015,-30.969,-35.586
46,16450.0,20775.0,IA,upper,medsl2024_labels,-11.619,-8.478,-12.706
48,10981.0,19736.0,IA,upper,medsl2024_labels,-28.502,-21.141,-28.132
50,12187.0,17502.0,IA,upper,medsl2024_labels,-17.902,-10.548,-18.217
6,8944.0,22810.0,IA,upper,medsl2024_labels,-43.667,-39.753,-43.729
8,11274.0,25819.0,IA,upper,medsl2024_labels,-39.212,-37.073,-39.829
1,4458.0,4603.0,IA,lower,medsl2024_labels,-1.6,8.343,0.84
10,5378.0,13707.0,IA,lower,medsl2024_labels,-43.642,-37.137,-43.566
100,5368.0,9429.0,IA,lower,medsl2024_labels,-27.445,-18.288,-26.893
11,5052.0,12181.0,IA,lower,medsl2024_labels,-41.368,-38.081,-41.727
12,3892.0,10629.0,IA,lower,medsl2024_labels,-46.395,-41.696,-46.056
13,3965.264,13832.836,IA,lower,medsl2024_labels,-55.442,-49.293,-55.587
14,5469.0,9582.0,IA,lower,medsl2024_labels,-27.327,-22.118,-29.622
15,6133.0,13019.0,IA,lower,medsl2024_labels,-35.954,-33.375,-36.633
16,5141.0,12800.0,IA,lower,medsl2024_labels,-42.69,-41.184,-43.383
17,4399.0,11516.0,IA,lower,medsl2024_labels,-44.719,-42.977,-45.604
18,4818.0,11496.0,IA,lower,medsl2024_labels,-40.934,-39.916,-40.89
19,6276.0,7478.0,IA,lower,medsl2024_labels,-8.739,-6.039,-9.165
2,4974.0,7305.0,IA,lower,medsl2024_labels,-18.984,-11.549,-19.052
20,5270.0,6226.0,IA,lower,medsl2024_labels,-8.316,-3.55,-6.676
21,6660.0,10865.0,IA,lower,medsl2024_labels,-23.994,-19.227,-23.11
22,8120.0,12426.0,IA,lower,medsl2024_labels,-20.958,-17.614,-21.497
23,5352.0,12909.0,IA,lower,medsl2024_labels,-41.383,-36.397,-40.371
24,3978.0,11477.0,IA,lower,medsl2024_labels,-48.522,-42.275,-48.373
25,4468.0,8041.0,IA,lower,medsl2024_labels,-28.563,-20.411,-28.201
26,3884.0,11933.0,IA,lower,medsl2024_labels,-50.888,-45.796,-51.478
27,10939.913,10736.844,IA,lower,medsl2024_labels,0.937,3.34,0.549
28,9681.0,10031.0,IA,lower,medsl2024_labels,-1.776,0.616,-2.176
29,6578.0,4779.0,IA,lower,medsl2024_labels,15.84,24.516,19.958
3,3437.736,12989.164,IA,lower,medsl2024_labels,-58.145,-52.903,-57.424
30,7565.0,5242.0,IA,lower,medsl2024_labels,18.139,21.661,17.103
31,10609.0,7815.0,IA,lower,medsl2024_labels,15.165,18.052,13.599
32,10278.0,6829.0,IA,lower,medsl2024_labels,20.161,21.297,16.739
33,6759.0,4043.0,IA,lower,medsl2024_labels,25.143,33.972,29.414
34,7871.0,2744.0,IA,lower,medsl2024_labels,48.3,54.167,49.609
35,11592.0,5121.0,IA,lower,medsl2024_labels,38.718,40.378,35.82
36,12788.0,3940.0,IA,lower,medsl2024_labels,52.893,53.39,48.832
37,5161.536,13626.732,IA,lower,medsl2024_labels,-45.056,-43.008,-47.361
38,6146.0,10265.0,IA,lower,medsl2024_labels,-25.099,-17.327,-23.417
39,7283.0,7395.0,IA,lower,medsl2024_labels,-0.763,4.962,0.404
4,2217.0,15010.0,IA,lower,medsl2024_labels,-74.261,-72.379,-75.663
40,8157.0,9510.0,IA,lower,medsl2024_labels,-7.658,-4.202,-8.759
41,10381.0,11137.0,IA,lower,medsl2024_labels,-3.513,0.658,-3.9
42,9186.0,9308.0,IA,lower,medsl2024_labels,-0.66,0.638,-3.92
43,9957.0,9177.0,IA,lower,medsl2024_labels,4.077,4.764,0.206
44,9730.0,7979.0,IA,lower,medsl2024_labels,9.888,12.488,7.93
45,7729.0,12827.0,IA,lower,medsl2024_labels,-24.801,-22.512,-27.07
46,9195.087,10979.156,IA,lower,medsl2024_labels,-8.843,-4.822,-8.427
47,5865.0,10680.0,IA,lower,medsl2024_labels,-29.102,-24.546,-27.468
48,7465.0,10749.0,IA,lower,medsl2024_labels,-18.03,-11.739,-17.925
49,7536.0,4517.0,IA,lower,medsl2024_labels,25.048,37.465,30.153
5,3565.0,12636.0,IA,lower,medsl2024_labels,-55.99,-51.249,-55.777
50,10399.0,5579.0,IA,lower,medsl2024_labels,30.166,36.654,29.342
51,7215.0,11212.0,IA,lower,medsl2024_labels,-21.691,-18.305,-25.785
52,5742.0,6657.0,IA,lower,medsl2024_labels,-7.38,0.921,-7.036
53,6430.0,9570.0,IA,lower,medsl2024_labels,-19.625,-13.991,-19.343
54,5152.0,11942.0,IA,lower,medsl2024_labels,-39.722,-30.427,-36.383
55,5488.0,10861.0,IA,lower,medsl2024_labels,-32.864,-27.272,-33.836
56,4353.0,11498.0,IA,lower,medsl2024_labels,-45.076,-41.402,-45.053
57,6470.0,11617.0,IA,lower,medsl2024_labels,-28.457,-22.485,-28.871
58,5448.0,10955.0,IA,lower,medsl2024_labels,-33.573,-26.891,-33.0
59,7591.0,8442.0,IA,lower,medsl2024_labels,-5.308,0.414,-4.999
6,4163.0,9001.0,IA,lower,medsl2024_labels,-36.752,-30.475,-36.212
60,6313.0,11625.0,IA,lower,medsl2024_labels,-29.613,-25.966,-29.959
61,7205.0,6581.0,IA,lower,medsl2024_labels,4.526,13.063,5.037
62,6787.0,4303.0,IA,lower,medsl2024_labels,22.399,33.127,25.101
63,7302.0,10583.0,IA,lower,medsl2024_labels,-18.345,-13.923,-18.489
64,5496.0,11473.0,IA,lower,medsl2024_labels,-35.223,-29.853,-35.334
65,7041.0,11988.0,IA,lower,medsl2024_labels,-25.997,-21.731,-27.488
66,5969.0,11462.0,IA,lower,medsl2024_labels,-31.513,-26.358,-31.835
67,5917.0,11865.0,IA,lower,medsl2024_labels,-33.45,-28.949,-34.512
68,5449.0,10329.0,IA,lower,medsl2024_labels,-30.929,-22.756,-30.505
69,6627.0,8534.0,IA,lower,medsl2024_labels,-12.578,-2.757,-11.38
7,4090.0,12721.0,IA,lower,medsl2024_labels,-51.341,-47.518,-51.897
70,6325.0,11511.0,IA,lower,medsl2024_labels,-29.076,-23.07,-30.88
71,7892.0,6715.0,IA,lower,medsl2024_labels,8.058,15.213,9.456
72,8116.0,8353.0,IA,lower,medsl2024_labels,-1.439,4.318,-1.439
73,9839.941,8582.77,IA,lower,medsl2024_labels,6.824,8.048,4.005
74,9490.285,6763.959,IA,lower,medsl2024_labels,16.773,20.075,16.032
75,9114.0,7611.0,IA,lower,medsl2024_labels,8.987,15.463,7.437
76,7333.0,10660.0,IA,lower,medsl2024_labels,-18.491,-15.231,-23.118
77,7821.21,6107.36,IA,lower,medsl2024_labels,12.305,19.475,15.432
78,9577.0,4798.0,IA,lower,medsl2024_labels,33.245,38.988,34.946
79,9220.0,6541.0,IA,lower,medsl2024_labels,16.998,22.09,18.047
8,4964.0,8664.0,IA,lower,medsl2024_labels,-27.15,-20.012,-26.956
80,9656.098,7985.568,IA,lower,medsl2024_labels,9.469,10.463,6.42
81,7650.0,7457.0,IA,lower,medsl2024_labels,1.278,8.999,1.467
82,6624.0,10517.0,IA,lower,medsl2024_labels,-22.712,-16.116,-22.036
83,8854.676,10966.703,IA,lower,medsl2024_labels,-10.655,-7.136,-11.179
84,6501.79,11583.64,IA,lower,medsl2024_labels,-28.099,-22.455,-27.661
85,12344.0,6822.0,IA,lower,medsl2024_labels,28.811,32.43,26.845
86,12770.222,4185.742,IA,lower,medsl2024_labels,50.628,54.303,48.718
87,5803.0,8962.0,IA,lower,medsl2024_labels,-21.395,-16.486,-20.81
88,3930.464,11729.268,IA,lower,medsl2024_labels,-49.802,-44.841,-49.739
89,11802.0,3625.0,IA,lower,medsl2024_labels,53.004,61.865,56.28
9,5073.0,11667.0,IA,lower,medsl2024_labels,-39.391,-34.126,-39.632
90,14275.0,4231.0,IA,lower,medsl2024_labels,54.274,61.029,55.445
91,8647.0,11262.0,IA,lower,medsl2024_labels,-13.135,-6.874,-11.022
92,6704.778,9148.258,IA,lower,medsl2024_labels,-15.413,-10.561,-14.893
93,8959.0,10567.0,IA,lower,medsl2024_labels,-8.235,-3.313,-10.846
94,8211.0,9642.0,IA,lower,medsl2024_labels,-8.015,-2.795,-10.328
95,4884.0,11850.0,IA,lower,medsl2024_labels,-41.628,-33.192,-39.401
96,6097.0,7886.0,IA,lower,medsl2024_labels,-12.794,-5.638,-13.635
97,7987.0,5383.0,IA,lower,medsl2024_labels,19.476,28.846,21.314
98,6618.0,6850.0,IA,lower,medsl2024_labels,-1.723,8.052,0.52
99,6819.0,8073.0,IA,lower,medsl2024_labels,-8.421,-3.156,-9.93
10,147359.0,228882.0,TX,upper,medsl2024_labels,-21.668,-16.087,-19.339
12,186860.0,272946.0,TX,upper,medsl2024_labels,-18.722,-12.057,-18.487
14,315745.0,112660.0,TX,upper,medsl2024_labels,47.405,52.105,46.187
15,207855.0,122588.0,TX,upper,medsl2024_labels,25.804,31.703,23.884
16,154611.0,105484.0,TX,upper,medsl2024_labels,18.888,30.734,21.171
17,145822.0,233596.0,TX,upper,medsl2024_labels,-23.134,-17.998,-25.172
20,121108.0,131930.0,TX,upper,medsl2024_labels,-4.277,9.838,-5.811
23,226026.0,81422.0,TX,upper,medsl2024_labels,47.034,57.074,47.899
25,203668.0,318910.0,TX,upper,medsl2024_labels,-22.053,-18.468,-24.548
27,115490.0,147768.0,TX,upper,medsl2024_labels,-12.261,4.729,-12.075
29,149479.0,115462.0,TX,upper,medsl2024_labels,12.839,32.42,12.785
30,165821.0,294646.0,TX,upper,medsl2024_labels,-27.977,-23.604,-27.886
6,115748.0,79118.0,TX,upper,medsl2024_labels,18.798,33.803,25.983
7,157036.0,242211.0,TX,upper,medsl2024_labels,-21.334,-16.346,-23.685
8,188439.0,277207.0,TX,upper,medsl2024_labels,-19.063,-12.295,-18.866
1,18182.0,64633.0,TX,lower,medsl2024_labels,-56.09,-50.318,-55.934
10,33850.0,64763.0,TX,lower,medsl2024_labels,-31.348,-34.582,-31.342
100,31544.0,9050.0,TX,lower,medsl2024_labels,55.412,69.949,60.385
101,40127.0,23015.0,TX,lower,medsl2024_labels,27.101,35.328,29.913
102,29989.0,19839.0,TX,lower,medsl2024_labels,20.37,31.524,21.96
103,34883.0,16805.0,TX,lower,medsl2024_labels,34.975,46.397,36.833
104,27612.0,16393.0,TX,lower,medsl2024_labels,25.495,39.727,30.163
105,22950.0,20037.0,TX,lower,medsl2024_labels,6.776,22.317,12.753
106,43131.0,61010.0,TX,lower,medsl2024_labels,-17.168,-13.646,-18.781
107,24316.0,16647.0,TX,lower,medsl2024_labels,18.722,28.644,19.08
108,49651.0,55750.0,TX,lower,medsl2024_labels,-5.786,-0.783,-10.347
109,51734.0,16082.0,TX,lower,medsl2024_labels,52.572,59.756,50.192
11,17205.0,62204.0,TX,lower,medsl2024_labels,-56.667,-51.299,-56.432
110,28130.0,7797.0,TX,lower,medsl2024_labels,56.595,72.039,62.475
111,48286.0,15447.0,TX,lower,medsl2024_labels,51.526,59.833,50.269
112,42714.0,45796.0,TX,lower,medsl2024_labels,-3.482,-0.557,-10.12
113,34232.0,26689.0,TX,lower,medsl2024_labels,12.382,19.924,10.363
114,45782.0,25475.0,TX,lower,medsl2024_labels,28.498,38.504,28.94
115,39204.0,30661.0,TX,lower,medsl2024_labels,12.228,19.14,9.576
116,39341.0,22165.0,TX,lower,medsl2024_labels,27.926,37.583,28.972
117,41182.0,32294.0,TX,lower,medsl2024_labels,12.096,25.37,16.76
118,37852.0,41505.0,TX,lower,medsl2024_labels,-4.603,2.778,-5.833
119,38157.0,25514.0,TX,lower,medsl2024_labels,19.857,30.447,21.836
12,21875.0,65383.0,TX,lower,medsl2024_labels,-49.861,-42.607,-50.416
120,36669.0,21482.0,TX,lower,medsl2024_labels,26.116,36.363,27.753
121,47520.0,52444.0,TX,lower,medsl2024_labels,-4.926,-2.38,-10.991
122,50830.0,64050.0,TX,lower,medsl2024_labels,-11.508,-8.98,-17.591
123,42664.0,24477.0,TX,lower,medsl2024_labels,27.088,33.659,25.048
124,32238.0,20457.0,TX,lower,medsl2024_labels,22.357,36.325,27.714
125,44936.0,33157.0,TX,lower,medsl2024_labels,15.083,24.431,15.821
126,32436.0,47139.0,TX,lower,medsl2024_labels,-18.477,-17.244,-25.063
127,39288.0,53316.0,TX,lower,medsl2024_labels,-15.148,-16.184,-24.003
128,20817.0,46960.0,TX,lower,medsl2024_labels,-38.572,-36.12,-43.939
129,35661.0,51343.0,TX,lower,medsl2024_labels,-18.024,-13.789,-21.604
13,18182.0,56885.0,TX,lower,medsl2024_labels,-51.558,-43.729,-48.659
130,30561.0,62583.0,TX,lower,medsl2024_labels,-34.379,-32.902,-40.721
131,33982.0,11732.0,TX,lower,medsl2024_labels,48.672,60.596,52.777
132,39625.0,52744.0,TX,lower,medsl2024_labels,-14.203,-12.994,-20.813
133,35523.0,41018.0,TX,lower,medsl2024_labels,-7.179,-2.041,-9.86
134,63272.0,37235.0,TX,lower,medsl2024_labels,25.906,26.744,18.925
135,34545.0,29444.0,TX,lower,medsl2024_labels,7.972,21.525,13.706
136,47350.0,28752.0,TX,lower,medsl2024_labels,24.438,26.915,22.992
137,17605.0,12173.0,TX,lower,medsl2024_labels,18.242,32.669,24.85
138,34014.0,40490.0,TX,lower,medsl2024_labels,-8.692,-5.411,-13.23
139,41960.0,18545.0,TX,lower,medsl2024_labels,38.699,49.114,41.295
14,29112.0,44695.0,TX,lower,medsl2024_labels,-21.113,-10.396,-20.918
140,17762.0,12554.0,TX,lower,medsl2024_labels,17.179,38.17,30.351
141,29578.0,9583.0,TX,lower,medsl2024_labels,51.058,65.27,57.451
142,36709.0,16425.0,TX,lower,medsl2024_labels,38.175,49.671,41.852
143,21747.0,16443.0,TX,lower,medsl2024_labels,13.888,28.989,21.17
144,20063.0,21279.0,TX,lower,medsl2024_labels,-2.941,12.695,4.875
145,40418.0,20209.0,TX,lower,medsl2024_labels,33.333,42.591,34.772
146,43675.0,12844.0,TX,lower,medsl2024_labels,54.55,61.384,53.565
147,50150.0,15749.0,TX,lower,medsl2024_labels,52.203,57.453,49.633
148,28843.0,24177.0,TX,lower,medsl2024_labels,8.8,17.63,9.811
149,26741.0,21481.0,TX,lower,medsl2024_labels,10.908,24.143,16.324
15,35116.0,61581.0,TX,lower,medsl2024_labels,-27.369,-25.552,-27.02
150,33796.0,47229.0,TX,lower,medsl2024_labels,-16.579,-14.554,-22.373
16,20307.0,73718.0,TX,lower,medsl2024_labels,-56.805,-55.086,-56.554
17,28281.0,55184.0,TX,lower,medsl2024_labels,-32.233,-27.479,-32.383
18,14621.0,70363.0,TX,lower,medsl2024_labels,-65.591,-65.979,-67.796
19,36281.0,90401.0,TX,lower,medsl2024_labels,-42.721,-40.11,-43.879
2,16579.0,74242.0,TX,lower,medsl2024_labels,-63.491,-61.145,-63.964
20,47517.0,64061.0,TX,lower,medsl2024_labels,-14.827,-13.927,-17.85
21,17224.0,66191.0,TX,lower,medsl2024_labels,-58.703,-55.609,-60.617
22,30272.0,23758.0,TX,lower,medsl2024_labels,12.056,20.626,13.269
23,28924.0,53413.0,TX,lower,medsl2024_labels,-29.742,-22.339,-24.661
24,31995.0,67439.0,TX,lower,medsl2024_labels,-35.646,-32.406,-33.872
25,31393.0,46793.0,TX,lower,medsl2024_labels,-19.697,-17.868,-19.176
26,35275.0,48548.0,TX,lower,medsl2024_labels,-15.835,-10.205,-19.291
27,58752.0,27819.0,TX,lower,medsl2024_labels,35.731,44.198,35.109
28,40236.0,57040.0,TX,lower,medsl2024_labels,-17.275,-9.66,-18.749
29,32583.0,49074.0,TX,lower,medsl2024_labels,-20.195,-18.947,-20.256
3,23707.0,76758.0,TX,lower,medsl2024_labels,-52.805,-53.693,-55.162
30,17416.0,59235.0,TX,lower,medsl2024_labels,-54.558,-50.224,-54.814
31,21966.0,47876.0,TX,lower,medsl2024_labels,-37.098,-25.149,-35.87
32,29887.0,50344.0,TX,lower,medsl2024_labels,-25.498,-20.133,-29.814
33,35237.0,60881.0,TX,lower,medsl2024_labels,-26.68,-19.991,-24.641
34,26192.0,26947.0,TX,lower,medsl2024_labels,-1.421,10.17,0.163
35,17276.0,19851.0,TX,lower,medsl2024_labels,-6.936,15.333,-4.544
36,20539.0,23052.0,TX,lower,medsl2024_labels,-5.765,16.38,-3.743
37,25388.0,31666.0,TX,lower,medsl2024_labels,-11.004,2.306,-17.164
38,23323.0,22997.0,TX,lower,medsl2024_labels,0.704,25.399,5.812
39,22694.0,23824.0,TX,lower,medsl2024_labels,-2.429,19.731,-0.392
4,29037.0,60763.0,TX,lower,medsl2024_labels,-35.33,-40.078,-36.308
40,23250.0,23270.0,TX,lower,medsl2024_labels,-0.043,21.295,1.171
41,28978.0,29947.0,TX,lower,medsl2024_labels,-1.644,13.173,-6.95
42,24758.0,25006.0,TX,lower,medsl2024_labels,-0.498,22.865,-2.804
43,23325.0,44771.0,TX,lower,medsl2024_labels,-31.494,-23.228,-31.979
44,31302.0,60672.0,TX,lower,medsl2024_labels,-31.933,-26.72,-32.096
45,54067.0,41629.0,TX,lower,medsl2024_labels,12.997,19.247,13.918
46,62903.0,23789.0,TX,lower,medsl2024_labels,45.118,52.82,46.902
47,62526.0,39235.0,TX,lower,medsl2024_labels,22.888,25.544,19.626
48,73752.0,30598.0,TX,lower,medsl2024_labels,41.355,44.186,38.268
49,81753.0,19183.0,TX,lower,medsl2024_labels,61.99,67.233,61.314
5,15177.0,71937.0,TX,lower,medsl2024_labels,-65.156,-61.304,-65.402
50,47608.0,16359.0,TX,lower,medsl2024_labels,48.852,54.11,48.192
51,51747.0,15328.0,TX,lower,medsl2024_labels,54.296,67.904,61.986
52,52899.0,62497.0,TX,lower,medsl2024_labels,-8.317,-4.307,-8.23
53,22397.0,80056.0,TX,lower,medsl2024_labels,-56.278,-53.724,-56.411
54,24104.0,34027.0,TX,lower,medsl2024_labels,-17.07,-7.474,-15.172
55,29869.0,41134.0,TX,lower,medsl2024_labels,-15.866,-9.797,-17.495
56,26291.0,56451.0,TX,lower,medsl2024_labels,-36.451,-31.062,-38.533
57,37536.0,53558.0,TX,lower,medsl2024_labels,-17.588,-14.682,-19.817
58,19998.0,65245.0,TX,lower,medsl2024_labels,-53.08,-54.638,-53.139
59,16485.0,65944.0,TX,lower,medsl2024_labels,-60.002,-55.865,-59.598
6,23647.0,58006.0,TX,lower,medsl2024_labels,-42.079,-36.443,-41.956
60,17399.0,89629.0,TX,lower,medsl2024_labels,-67.487,-65.807,-67.575
61,43291.0,58685.0,TX,lower,medsl2024_labels,-15.096,-8.008,-15.032
62,18617.0,70927.0,TX,lower,medsl2024_labels,-58.418,-54.661,-58.502
63,38160.0,47313.0,TX,lower,medsl2024_labels,-10.709,-4.942,-10.077
64,35823.0,61313.0,TX,lower,medsl2024_labels,-26.242,-22.728,-26.503
65,42458.0,59712.0,TX,lower,medsl2024_labels,-16.888,-7.804,-12.939
66,42029.0,56846.0,TX,lower,medsl2024_labels,-14.986,-8.068,-15.091
67,41110.0,55479.0,TX,lower,medsl2024_labels,-14.876,-8.985,-16.008
68,12757.0,81762.0,TX,lower,medsl2024_labels,-73.006,-71.617,-73.056
69,15758.0,54858.0,TX,lower,medsl2024_labels,-55.37,-52.62,-55.078
7,21764.0,59261.0,TX,lower,medsl2024_labels,-46.278,-40.979,-46.208
70,39486.0,35137.0,TX,lower,medsl2024_labels,5.828,11.244,4.221
71,16312.0,57414.0,TX,lower,medsl2024_labels,-55.75,-51.992,-55.696
72,14883.0,53936.0,TX,lower,medsl2024_labels,-56.747,-53.713,-56.973
73,39141.0,91565.0,TX,lower,medsl2024_labels,-40.108,-37.373,-40.618
74,24671.0,33260.0,TX,lower,medsl2024_labels,-14.826,4.535,-13.861
75,27407.0,24924.0,TX,lower,medsl2024_labels,4.745,35.073,14.654
76,39056.0,32776.0,TX,lower,medsl2024_labels,8.743,22.83,13.743
77,32703.0,16937.0,TX,lower,medsl2024_labels,31.761,50.961,30.541
78,38960.0,32396.0,TX,lower,medsl2024_labels,9.199,23.866,3.447
79,36874.0,24898.0,TX,lower,medsl2024_labels,19.387,36.483,16.064
8,14695.0,61850.0,TX,lower,medsl2024_labels,-61.604,-56.384,-61.394
80,21191.0,34203.0,TX,lower,medsl2024_labels,-23.49,-4.366,-20.829
81,10820.0,37314.0,TX,lower,medsl2024_labels,-55.042,-50.271,-55.084
82,12265.0,51579.0,TX,lower,medsl2024_labels,-61.578,-57.953,-61.598
83,17864.0,65070.0,TX,lower,medsl2024_labels,-56.92,-53.792,-60.286
84,22558.0,39661.0,TX,lower,medsl2024_labels,-27.488,-17.071,-24.331
85,27523.0,67905.0,TX,lower,medsl2024_labels,-42.317,-37.859,-42.36
86,14788.0,63722.0,TX,lower,medsl2024_labels,-62.328,-60.533,-62.404
87,11419.0,44111.0,TX,lower,medsl2024_labels,-58.873,-54.875,-58.905
88,8959.0,52915.0,TX,lower,medsl2024_labels,-71.041,-67.702,-70.84
89,39054.0,56048.0,TX,lower,medsl2024_labels,-17.869,-11.15,-18.173
9,18374.0,69877.0,TX,lower,medsl2024_labels,-58.36,-53.316,-58.31
90,29961.0,17123.0,TX,lower,medsl2024_labels,27.266,40.391,34.975
91,28795.0,45136.0,TX,lower,medsl2024_labels,-22.103,-20.344,-25.76
92,29313.0,21443.0,TX,lower,medsl2024_labels,15.506,24.362,18.946
93,36253.0,53728.0,TX,lower,medsl2024_labels,-19.421,-14.498,-19.914
94,35945.0,43704.0,TX,lower,medsl2024_labels,-9.741,-9.322,-14.738
95,38783.0,15873.0,TX,lower,medsl2024_labels,41.917,52.784,47.369
96,38310.0,47591.0,TX,lower,medsl2024_labels,-10.804,-9.799,-15.214
97,40115.0,49654.0,TX,lower,medsl2024_labels,-10.626,-9.802,-15.218
98,36392.0,62723.0,TX,lower,medsl2024_labels,-26.566,-22.954,-28.37
99,30507.0,46636.0,TX,lower,medsl2024_labels,-20.908,-16.956,-22.371
1,71274.039,37813.299,MI,upper,vest2020_tiger2025_countyswing,30.673,39.3,30.673
10,78384.578,48453.468,MI,upper,vest2020_tiger2025_countyswing,23.598,30.249,23.598
11,69120.046,74039.598,MI,upper,vest2020_tiger2025_countyswing,-3.436,2.423,-3.436
12,70842.932,88075.545,MI,upper,vest2020_tiger2025_countyswing,-10.844,-4.428,-10.844
13,92450.841,76207.842,MI,upper,vest2020_tiger2025_countyswing,9.631,14.552,9.631
14,80668.153,67621.79,MI,upper,vest2020_tiger2025_countyswing,8.798,10.809,8.798
15,109232.502,41020.603,MI,upper,vest2020_tiger2025_countyswing,45.398,47.276,45.398
16,50609.229,94399.706,MI,upper,vest2020_tiger2025_countyswing,-30.198,-26.246,-30.198
17,45168.34,85388.377,MI,upper,vest2020_tiger2025_countyswing,-30.807,-28.171,-30.807
18,54097.905,88166.763,MI,upper,vest2020_tiger2025_countyswing,-23.948,-21.871,-23.948
19,85478.579,60275.017,MI,upper,vest2020_tiger2025_countyswing,17.292,18.458,17.292
2,69030.016,29731.215,MI,upper,vest2020_tiger2025_countyswing,39.792,48.418,39.792
20,58120.386,81206.046,MI,upper,vest2020_tiger2025_countyswing,-16.569,-15.145,-16.569
21,80460.594,61327.076,MI,upper,vest2020_tiger2025_countyswing,13.494,15.976,13.494
22,62011.946,103398.155,MI,upper,vest2020_tiger2025_countyswing,-25.02,-22.97,-25.02
23,67404.631,94769.488,MI,upper,vest2020_tiger2025_countyswing,-16.874,-13.434,-16.874
24,54612.526,107746.301,MI,upper,vest2020_tiger2025_countyswing,-32.726,-28.071,-32.726
25,45324.248,101095.331,MI,upper,vest2020_tiger2025_countyswing,-38.09,-34.324,-38.09
26,53960.353,94890.426,MI,upper,vest2020_tiger2025_countyswing,-27.497,-23.342,-27.497
27,79169.775,53789.601,MI,upper,vest2020_tiger2025_countyswing,19.089,24.31,19.089
28,75442.423,63577.363,MI,upper,vest2020_tiger2025_countyswing,8.535,11.377,8.535
29,79862.992,45639.588,MI,upper,vest2020_tiger2025_countyswing,27.269,28.08,27.269
3,84939.307,28164.79,MI,upper,vest2020_tiger2025_countyswing,50.197,57.014,50.197
30,77917.081,72909.727,MI,upper,vest2020_tiger2025_countyswing,3.32,3.864,3.32
31,62117.517,91185.443,MI,upper,vest2020_tiger2025_countyswing,-18.961,-19.876,-18.961
32,65610.736,75488.956,MI,upper,vest2020_tiger2025_countyswing,-7.001,-5.119,-7.001
33,44849.442,94391.717,MI,upper,vest2020_tiger2025_countyswing,-35.58,-34.114,-35.58
34,46611.34,89115.248,MI,upper,vest2020_tiger2025_countyswing,-31.316,-28.231,-31.316
35,73387.551,72708.767,MI,upper,vest2020_tiger2025_countyswing,0.465,3.156,0.465
36,49893.342,109067.444,MI,upper,vest2020_tiger2025_countyswing,-37.226,-35.432,-37.226
37,73202.825,91213.069,MI,upper,vest2020_tiger2025_countyswing,-10.954,-11.504,-10.954
38,58736.258,86159.023,MI,upper,vest2020_tiger2025_countyswing,-18.926,-15.897,-18.926
4,71955.625,78433.439,MI,upper,vest2020_tiger2025_countyswing,-4.307,4.319,-4.307
5,79241.206,61936.587,MI,upper,vest2020_tiger2025_countyswing,12.257,20.884,12.257
6,93714.983,48479.162,MI,upper,vest2020_tiger2025_countyswing,31.813,39.236,31.813
7,103412.846,39175.586,MI,upper,vest2020_tiger2025_countyswing,45.051,48.939,45.051
8,115898.898,37363.608,MI,upper,vest2020_tiger2025_countyswing,51.242,56.166,51.242
9,70045.33,75082.843,MI,upper,vest2020_tiger2025_countyswing,-3.471,0.556,-3.471
10,91219.573,74522.705,PA,upper,vest2020_tiger2025_countyswing,10.074,14.571,10.074
12,93061.356,66996.995,PA,upper,vest2020_tiger2025_countyswing,16.284,19.783,16.284
14,63135.483,59125.787,PA,upper,vest2020_tiger2025_countyswing,3.28,7.422,3.28
16,68812.895,87297.287,PA,upper,vest2020_tiger2025_countyswing,-11.841,-7.064,-11.841
18,72393.189,65398.811,PA,upper,vest2020_tiger2025_countyswing,5.076,7.78,5.076
2,64948.249,23967.158,PA,upper,vest2020_tiger2025_countyswing,46.09,50.586,46.09
20,52464.13,92748.162,PA,upper,vest2020_tiger2025_countyswing,-27.741,-23.566,-27.741
22,63430.671,57865.237,PA,upper,vest2020_tiger2025_countyswing,4.588,9.94,4.588
24,72244.092,77503.455,PA,upper,vest2020_tiger2025_countyswing,-3.512,0.089,-3.512
26,87085.349,58107.829,PA,upper,vest2020_tiger2025_countyswing,19.958,23.038,19.958
28,49196.718,91474.996,PA,upper,vest2020_tiger2025_countyswing,-30.055,-29.506,-30.055
30,30883.89,95643.727,PA,upper,vest2020_tiger2025_countyswing,-51.182,-50.964,-51.182
32,32629.928,98900.375,PA,upper,vest2020_tiger2025_countyswing,-50.384,-47.879,-50.384
34,54767.993,87621.141,PA,upper,vest2020_tiger2025_countyswing,-23.073,-23.857,-23.073
36,61103.99,85756.01,PA,upper,vest2020_tiger2025_countyswing,-16.786,-16.744,-16.786
38,84723.339,69582.344,PA,upper,vest2020_tiger2025_countyswing,9.812,10.021,9.812
4,132600.93,25911.214,PA,upper,vest2020_tiger2025_countyswing,67.307,71.314,67.307
40,60828.2,69740.804,PA,upper,vest2020_tiger2025_countyswing,-6.826,-0.476,-6.826
42,92391.865,45572.009,PA,upper,vest2020_tiger2025_countyswing,33.936,34.145,33.936
44,84415.275,69518.723,PA,upper,vest2020_tiger2025_countyswing,9.677,12.579,9.677
46,49166.881,88909.637,PA,upper,vest2020_tiger2025_countyswing,-28.783,-26.241,-28.783
48,44095.437,91833.563,PA,upper,vest2020_tiger2025_countyswing,-35.12,-33.742,-35.12
50,44729.681,90816.319,PA,upper,vest2020_tiger2025_countyswing,-34.001,-30.595,-34.001
6,77288.661,84862.738,PA,upper,vest2020_tiger2025_countyswing,-4.671,-0.174,-4.671
8,103624.429,20137.694,PA,upper,vest2020_tiger2025_countyswing,67.457,71.586,67.457
1,10503.874,12938.442,IA,upper,vest2020_tiger2025_countyswing,-10.385,-2.882,-10.385
11,14307.682,22505.967,IA,upper,vest2020_tiger2025_countyswing,-22.27,-18.387,-22.27
13,8677.133,20622.624,IA,upper,vest2020_tiger2025_countyswing,-40.77,-34.118,-40.77
15,15517.534,10685.869,IA,upper,vest2020_tiger2025_countyswing,18.439,22.997,18.439
17,16633.821,7203.912,IA,upper,vest2020_tiger2025_countyswing,39.559,44.117,39.559
19,10960.652,23426.53,IA,upper,vest2020_tiger2025_countyswing,-36.252,-31.093,-36.252
21,17532.341,18959.095,IA,upper,vest2020_tiger2025_countyswing,-3.91,0.648,-3.91
23,14868.281,21300.477,IA,upper,vest2020_tiger2025_countyswing,-17.784,-13.701,-17.784
25,19005.847,10303.008,IA,upper,vest2020_tiger2025_countyswing,29.694,37.006,29.694
27,13233.064,23913.415,IA,upper,vest2020_tiger2025_countyswing,-28.752,-23.066,-28.752
29,12294.991,23313.193,IA,upper,vest2020_tiger2025_countyswing,-30.943,-24.695,-30.943
3,8210.466,22836.565,IA,upper,vest2020_tiger2025_countyswing,-47.109,-42.046,-47.109
31,15862.993,11926.783,IA,upper,vest2020_tiger2025_countyswing,14.164,22.19,14.164
33,13130.131,24149.342,IA,upper,vest2020_tiger2025_countyswing,-29.558,-23.934,-29.558
35,12842.448,19870.878,IA,upper,vest2020_tiger2025_countyswing,-21.485,-13.283,-21.485
37,19364.281,15901.779,IA,upper,vest2020_tiger2025_countyswing,9.818,13.861,9.818
39,18828.388,11154.346,IA,upper,vest2020_tiger2025_countyswing,25.595,29.638,25.595
41,14701.677,18267.801,IA,upper,vest2020_tiger2025_countyswing,-10.816,-4.127,-10.816
43,22753.752,10246.187,IA,upper,vest2020_tiger2025_countyswing,37.902,43.486,37.902
45,25613.695,7255.714,IA,upper,vest2020_tiger2025_countyswing,55.851,61.436,55.851
47,17140.497,21198.226,IA,upper,vest2020_tiger2025_countyswing,-10.584,-3.051,-10.584
49,15736.819,12663.44,IA,upper,vest2020_tiger2025_countyswing,10.822,18.354,10.822
5,10745.924,26111.737,IA,upper,vest2020_tiger2025_countyswing,-41.69,-35.701,-41.69
7,9225.191,23438.25,IA,upper,vest2020_tiger2025_countyswing,-43.514,-36.658,-43.514
9,9092.07,22881.546,IA,upper,vest2020_tiger2025_countyswing,-43.128,-41.369,-43.128
1,89320.093,302373.458,TX,upper,vest2020_tiger2025_countyswing,-54.393,-49.554,-54.393
11,152928.457,235348.864,TX,upper,vest2020_tiger2025_countyswing,-21.227,-17.571,-21.227
13,214986.195,72032.733,TX,upper,vest2020_tiger2025_countyswing,49.806,57.991,49.806
18,145309.43,247283.539,TX,upper,vest2020_tiger2025_countyswing,-25.975,-19.415,-25.975
19,159867.501,150096.97,TX,upper,vest2020_tiger2025_countyswing,3.152,13.267,3.152
2,152834.325,229416.766,TX,upper,vest2020_tiger2025_countyswing,-20.035,-15.59,-20.035
21,157648.839,140386.438,TX,upper,vest2020_tiger2025_countyswing,5.792,17.348,5.792
22,140147.124,240074.906,TX,upper,vest2020_tiger2025_countyswing,-26.281,-22.276,-26.281
24,147457.238,243824.836,TX,upper,vest2020_tiger2025_countyswing,-24.629,-19.659,-24.629
26,198338.016,122878.452,TX,upper,vest2020_tiger2025_countyswing,23.492,32.102,23.492
28,82357.045,263539.457,TX,upper,vest2020_tiger2025_countyswing,-52.381,-47.576,-52.381
3,93116.193,296213.918,TX,upper,vest2020_tiger2025_countyswing,-52.166,-47.403,-52.166
31,57240.326,244305.375,TX,upper,vest2020_tiger2025_countyswing,-62.035,-58.692,-62.035
4,128113.194,268972.005,TX,upper,vest2020_tiger2025_countyswing,-35.473,-31.38,-35.473
5,145730.229,240407.829,TX,upper,vest2020_tiger2025_countyswing,-24.519,-18.632,-24.519
9,155456.979,227391.676,TX,upper,vest2020_tiger2025_countyswing,-18.789,-13.374,-18.789
