district,d,r,state,chamber,src,pres_year,cycle,lean
1,75979.353,33107.986,MI,upper,vest2020_tiger2025,2020,2026,39.3
10,82602.446,44235.6,MI,upper,vest2020_tiger2025,2020,2026,30.249
11,73314.237,69845.406,MI,upper,vest2020_tiger2025,2020,2026,2.423
12,75940.505,82977.972,MI,upper,vest2020_tiger2025,2020,2026,-4.428
13,96600.916,72057.768,MI,upper,vest2020_tiger2025,2020,2026,14.552
14,82159.576,66130.366,MI,upper,vest2020_tiger2025,2020,2026,10.809
15,110643.622,39609.484,MI,upper,vest2020_tiger2025,2020,2026,47.276
16,53474.771,91534.164,MI,upper,vest2020_tiger2025,2020,2026,-26.246
17,46888.828,83667.889,MI,upper,vest2020_tiger2025,2020,2026,-28.171
18,55574.961,86689.707,MI,upper,vest2020_tiger2025,2020,2026,-21.871
19,86328.549,59425.047,MI,upper,vest2020_tiger2025,2020,2026,18.458
2,73289.929,25471.302,MI,upper,vest2020_tiger2025,2020,2026,48.418
20,59112.968,80213.464,MI,upper,vest2020_tiger2025,2020,2026,-15.145
21,82220.18,59567.49,MI,upper,vest2020_tiger2025,2020,2026,15.976
22,63707.639,101702.463,MI,upper,vest2020_tiger2025,2020,2026,-22.97
23,70193.773,91980.346,MI,upper,vest2020_tiger2025,2020,2026,-13.434
24,58391.265,103967.562,MI,upper,vest2020_tiger2025,2020,2026,-28.071
25,48081.175,98338.405,MI,upper,vest2020_tiger2025,2020,2026,-34.324
26,57052.891,91797.888,MI,upper,vest2020_tiger2025,2020,2026,-23.342
27,82641.099,50318.277,MI,upper,vest2020_tiger2025,2020,2026,24.31
28,77417.985,61601.802,MI,upper,vest2020_tiger2025,2020,2026,11.377
29,80371.611,45130.969,MI,upper,vest2020_tiger2025,2020,2026,28.08
3,88794.904,24309.193,MI,upper,vest2020_tiger2025,2020,2026,57.014
30,78327.34,72499.469,MI,upper,vest2020_tiger2025,2020,2026,3.864
31,61416.008,91886.952,MI,upper,vest2020_tiger2025,2020,2026,-19.876
32,66938.092,74161.6,MI,upper,vest2020_tiger2025,2020,2026,-5.119
33,45870.121,93371.039,MI,upper,vest2020_tiger2025,2020,2026,-34.114
34,48704.516,87022.072,MI,upper,vest2020_tiger2025,2020,2026,-28.231
35,75353.59,70742.729,MI,upper,vest2020_tiger2025,2020,2026,3.156
36,51318.932,107641.854,MI,upper,vest2020_tiger2025,2020,2026,-35.432
37,72750.658,91665.235,MI,upper,vest2020_tiger2025,2020,2026,-11.504
38,60930.374,83964.908,MI,upper,vest2020_tiger2025,2020,2026,-15.897
4,78442.408,71946.656,MI,upper,vest2020_tiger2025,2020,2026,4.319
5,85330.692,55847.101,MI,upper,vest2020_tiger2025,2020,2026,20.884
6,98992.571,43201.574,MI,upper,vest2020_tiger2025,2020,2026,39.236
7,106185.061,36403.371,MI,upper,vest2020_tiger2025,2020,2026,48.939
8,119671.927,33590.579,MI,upper,vest2020_tiger2025,2020,2026,56.166
9,72967.345,72160.828,MI,upper,vest2020_tiger2025,2020,2026,0.556
1,21316.553,3315.466,MI,lower,vest2020_tiger2025,2020,2026,73.08
10,36775.546,16507.514,MI,lower,vest2020_tiger2025,2020,2026,38.038
100,15539.787,32544.076,MI,lower,vest2020_tiger2025,2020,2026,-35.364
101,15724.412,33345.296,MI,lower,vest2020_tiger2025,2020,2026,-35.91
102,21000.617,30573.509,MI,lower,vest2020_tiger2025,2020,2026,-18.561
103,32782.558,29770.169,MI,lower,vest2020_tiger2025,2020,2026,4.816
104,20743.839,34815.035,MI,lower,vest2020_tiger2025,2020,2026,-25.327
105,16649.545,36375.764,MI,lower,vest2020_tiger2025,2020,2026,-37.202
106,18645.762,36917.441,MI,lower,vest2020_tiger2025,2020,2026,-32.884
107,23575.353,32328.744,MI,lower,vest2020_tiger2025,2020,2026,-15.658
108,16771.608,31310.707,MI,lower,vest2020_tiger2025,2020,2026,-30.238
109,25165.357,24288.991,MI,lower,vest2020_tiger2025,2020,2026,1.772
11,30158.495,5867.042,MI,lower,vest2020_tiger2025,2020,2026,67.428
110,19445.405,29547.1,MI,lower,vest2020_tiger2025,2020,2026,-20.619
12,32096.784,14533.461,MI,lower,vest2020_tiger2025,2020,2026,37.665
13,25468.283,24501.067,MI,lower,vest2020_tiger2025,2020,2026,1.936
14,27209.151,19516.77,MI,lower,vest2020_tiger2025,2020,2026,16.463
15,26685.209,16087.066,MI,lower,vest2020_tiger2025,2020,2026,24.778
16,37669.256,11648.52,MI,lower,vest2020_tiger2025,2020,2026,52.761
17,33161.477,15008.726,MI,lower,vest2020_tiger2025,2020,2026,37.685
18,44637.847,11598.164,MI,lower,vest2020_tiger2025,2020,2026,58.752
19,40509.67,18748.262,MI,lower,vest2020_tiger2025,2020,2026,36.723
2,24053.72,19703.303,MI,lower,vest2020_tiger2025,2020,2026,9.942
20,34765.206,27073.528,MI,lower,vest2020_tiger2025,2020,2026,12.438
21,28015.862,21049.685,MI,lower,vest2020_tiger2025,2020,2026,14.198
22,32654.871,29902.603,MI,lower,vest2020_tiger2025,2020,2026,4.4
23,31267.513,16418.903,MI,lower,vest2020_tiger2025,2020,2026,31.138
24,32920.829,20220.152,MI,lower,vest2020_tiger2025,2020,2026,23.9
25,27598.829,18683.969,MI,lower,vest2020_tiger2025,2020,2026,19.262
26,28501.64,14803.132,MI,lower,vest2020_tiger2025,2020,2026,31.633
27,25817.568,28046.804,MI,lower,vest2020_tiger2025,2020,2026,-4.139
28,23406.413,26076.094,MI,lower,vest2020_tiger2025,2020,2026,-5.395
29,21366.863,24951.754,MI,lower,vest2020_tiger2025,2020,2026,-7.74
3,22956.646,6930.401,MI,lower,vest2020_tiger2025,2020,2026,53.623
30,20262.928,31507.11,MI,lower,vest2020_tiger2025,2020,2026,-21.719
31,26499.511,26051.452,MI,lower,vest2020_tiger2025,2020,2026,0.853
32,35979.789,10089.89,MI,lower,vest2020_tiger2025,2020,2026,56.197
33,43181.054,13434.01,MI,lower,vest2020_tiger2025,2020,2026,52.543
34,19809.912,28916.341,MI,lower,vest2020_tiger2025,2020,2026,-18.689
35,12355.517,31756.817,MI,lower,vest2020_tiger2025,2020,2026,-43.982
36,14199.084,27582.666,MI,lower,vest2020_tiger2025,2020,2026,-32.032
37,17797.449,27537.529,MI,lower,vest2020_tiger2025,2020,2026,-21.485
38,28965.93,23984.085,MI,lower,vest2020_tiger2025,2020,2026,9.409
39,17817.036,27315.925,MI,lower,vest2020_tiger2025,2020,2026,-21.046
4,36125.143,1533.533,MI,lower,vest2020_tiger2025,2020,2026,91.856
40,31478.406,21787.357,MI,lower,vest2020_tiger2025,2020,2026,18.194
41,30877.989,9339.754,MI,lower,vest2020_tiger2025,2020,2026,53.554
42,24260.229,28139.608,MI,lower,vest2020_tiger2025,2020,2026,-7.403
43,15420.295,36226.09,MI,lower,vest2020_tiger2025,2020,2026,-40.285
44,20122.744,20388.697,MI,lower,vest2020_tiger2025,2020,2026,-0.656
45,16835.896,33552.043,MI,lower,vest2020_tiger2025,2020,2026,-33.175
46,20190.746,20255.095,MI,lower,vest2020_tiger2025,2020,2026,-0.159
47,37217.49,21868.897,MI,lower,vest2020_tiger2025,2020,2026,25.977
48,31880.612,28466.644,MI,lower,vest2020_tiger2025,2020,2026,5.657
49,25246.341,29634.051,MI,lower,vest2020_tiger2025,2020,2026,-7.995
5,43732.127,4120.767,MI,lower,vest2020_tiger2025,2020,2026,82.777
50,20089.397,37324.253,MI,lower,vest2020_tiger2025,2020,2026,-30.019
51,23812.051,35058.25,MI,lower,vest2020_tiger2025,2020,2026,-19.103
52,23938.19,33051.877,MI,lower,vest2020_tiger2025,2020,2026,-15.992
53,26780.291,12843.198,MI,lower,vest2020_tiger2025,2020,2026,35.174
54,28335.73,27230.266,MI,lower,vest2020_tiger2025,2020,2026,1.989
55,28130.386,26668.722,MI,lower,vest2020_tiger2025,2020,2026,2.667
56,30946.492,22232.996,MI,lower,vest2020_tiger2025,2020,2026,16.385
57,21116.901,24456.184,MI,lower,vest2020_tiger2025,2020,2026,-7.327
58,22504.405,25252.449,MI,lower,vest2020_tiger2025,2020,2026,-5.754
59,19607.152,35021.998,MI,lower,vest2020_tiger2025,2020,2026,-28.217
6,41900.971,20495.139,MI,lower,vest2020_tiger2025,2020,2026,34.306
60,22814.49,32365.235,MI,lower,vest2020_tiger2025,2020,2026,-17.308
61,25294.348,25510.526,MI,lower,vest2020_tiger2025,2020,2026,-0.426
62,24779.714,28490.559,MI,lower,vest2020_tiger2025,2020,2026,-6.966
63,18641.617,35389.282,MI,lower,vest2020_tiger2025,2020,2026,-30.996
64,19708.252,29539.958,MI,lower,vest2020_tiger2025,2020,2026,-19.964
65,15256.09,39142.2,MI,lower,vest2020_tiger2025,2020,2026,-43.91
66,20162.232,38273.384,MI,lower,vest2020_tiger2025,2020,2026,-30.993
67,20549.346,31955.032,MI,lower,vest2020_tiger2025,2020,2026,-21.723
68,25355.578,28690.17,MI,lower,vest2020_tiger2025,2020,2026,-6.17
69,28018.381,21164.785,MI,lower,vest2020_tiger2025,2020,2026,13.935
7,29789.332,2136.096,MI,lower,vest2020_tiger2025,2020,2026,86.618
70,30849.009,7365.823,MI,lower,vest2020_tiger2025,2020,2026,61.45
71,20943.543,32165.859,MI,lower,vest2020_tiger2025,2020,2026,-21.131
72,24967.623,31567.039,MI,lower,vest2020_tiger2025,2020,2026,-11.673
73,23981.275,19456.222,MI,lower,vest2020_tiger2025,2020,2026,10.417
74,31464.373,14304.728,MI,lower,vest2020_tiger2025,2020,2026,37.492
75,32064.295,20280.639,MI,lower,vest2020_tiger2025,2020,2026,22.512
76,27361.141,26073.996,MI,lower,vest2020_tiger2025,2020,2026,2.409
77,31150.302,18848.055,MI,lower,vest2020_tiger2025,2020,2026,24.605
78,16412.934,30172.327,MI,lower,vest2020_tiger2025,2020,2026,-29.536
79,18662.612,33530.775,MI,lower,vest2020_tiger2025,2020,2026,-28.487
8,40581.134,4113.53,MI,lower,vest2020_tiger2025,2020,2026,81.593
80,30874.648,21019.188,MI,lower,vest2020_tiger2025,2020,2026,18.992
81,31554.297,23457.797,MI,lower,vest2020_tiger2025,2020,2026,14.718
82,32625.097,9752.994,MI,lower,vest2020_tiger2025,2020,2026,53.972
83,20801.696,17024.87,MI,lower,vest2020_tiger2025,2020,2026,9.985
84,27147.452,21981.703,MI,lower,vest2020_tiger2025,2020,2026,10.515
85,17020.267,36248.287,MI,lower,vest2020_tiger2025,2020,2026,-36.096
86,23688.649,23849.481,MI,lower,vest2020_tiger2025,2020,2026,-0.338
87,25314.439,16859.145,MI,lower,vest2020_tiger2025,2020,2026,20.049
88,25767.233,31054.571,MI,lower,vest2020_tiger2025,2020,2026,-9.305
89,15484.333,31747.19,MI,lower,vest2020_tiger2025,2020,2026,-34.432
9,35473.615,1975.927,MI,lower,vest2020_tiger2025,2020,2026,89.448
90,22493.974,33242.077,MI,lower,vest2020_tiger2025,2020,2026,-19.284
91,15119.149,32549.39,MI,lower,vest2020_tiger2025,2020,2026,-36.566
92,18630.977,21840.139,MI,lower,vest2020_tiger2025,2020,2026,-7.93
93,17695.676,32446.068,MI,lower,vest2020_tiger2025,2020,2026,-29.417
94,29018.385,13873.737,MI,lower,vest2020_tiger2025,2020,2026,35.309
95,21915.291,30686.611,MI,lower,vest2020_tiger2025,2020,2026,-16.675
96,23470.153,28157.208,MI,lower,vest2020_tiger2025,2020,2026,-9.079
97,17988.934,33519.356,MI,lower,vest2020_tiger2025,2020,2026,-30.151
98,14182.362,36921.829,MI,lower,vest2020_tiger2025,2020,2026,-44.496
99,16431.906,34909.818,MI,lower,vest2020_tiger2025,2020,2026,-35.99
1,14800.836,29445.565,MN,upper,vest2020_tiger2025,2020,2026,-33.098
10,13006.414,36260.599,MN,upper,vest2020_tiger2025,2020,2026,-47.2
11,19121.518,27062.366,MN,upper,vest2020_tiger2025,2020,2026,-17.194
12,15480.001,32003.535,MN,upper,vest2020_tiger2025,2020,2026,-34.798
13,16659.001,32797.916,MN,upper,vest2020_tiger2025,2020,2026,-32.632
14,20052.875,18894.199,MN,upper,vest2020_tiger2025,2020,2026,2.975
15,15373.381,30171.55,MN,upper,vest2020_tiger2025,2020,2026,-32.491
16,15439.101,29426.75,MN,upper,vest2020_tiger2025,2020,2026,-31.177
17,15191.596,33353.442,MN,upper,vest2020_tiger2025,2020,2026,-37.412
18,23766.708,19092.724,MN,upper,vest2020_tiger2025,2020,2026,10.905
19,16987.027,26732.612,MN,upper,vest2020_tiger2025,2020,2026,-22.291
2,19356.817,25007.687,MN,upper,vest2020_tiger2025,2020,2026,-12.737
20,19881.68,29871.728,MN,upper,vest2020_tiger2025,2020,2026,-20.079
21,13269.155,28781.056,MN,upper,vest2020_tiger2025,2020,2026,-36.889
22,16414.26,31426.363,MN,upper,vest2020_tiger2025,2020,2026,-31.379
23,18344.631,25004.984,MN,upper,vest2020_tiger2025,2020,2026,-15.364
24,22935.502,24421.005,MN,upper,vest2020_tiger2025,2020,2026,-3.137
25,27481.203,17639.352,MN,upper,vest2020_tiger2025,2020,2026,21.812
26,21759.029,25409.547,MN,upper,vest2020_tiger2025,2020,2026,-7.739
27,13980.456,34486.341,MN,upper,vest2020_tiger2025,2020,2026,-42.309
28,16981.348,33157.119,MN,upper,vest2020_tiger2025,2020,2026,-32.262
29,16877.41,31848.109,MN,upper,vest2020_tiger2025,2020,2026,-30.725
3,26860.565,26791.004,MN,upper,vest2020_tiger2025,2020,2026,0.13
30,18123.579,31282.617,MN,upper,vest2020_tiger2025,2020,2026,-26.634
31,19610.457,32599.086,MN,upper,vest2020_tiger2025,2020,2026,-24.878
32,24086.229,24565.549,MN,upper,vest2020_tiger2025,2020,2026,-0.985
33,26726.758,26367.518,MN,upper,vest2020_tiger2025,2020,2026,0.677
34,28143.806,22136.755,MN,upper,vest2020_tiger2025,2020,2026,11.947
35,24314.716,22331.906,MN,upper,vest2020_tiger2025,2020,2026,4.251
36,29620.16,24287.25,MN,upper,vest2020_tiger2025,2020,2026,9.893
37,29092.721,25610.574,MN,upper,vest2020_tiger2025,2020,2026,6.366
38,24862.726,9905.064,MN,upper,vest2020_tiger2025,2020,2026,43.022
39,29688.215,13299.425,MN,upper,vest2020_tiger2025,2020,2026,38.124
4,20347.994,21878.455,MN,upper,vest2020_tiger2025,2020,2026,-3.624
40,35275.511,17867.539,MN,upper,vest2020_tiger2025,2020,2026,32.757
41,28151.4,26560.44,MN,upper,vest2020_tiger2025,2020,2026,2.908
42,32736.216,19283.537,MN,upper,vest2020_tiger2025,2020,2026,25.861
43,36081.965,14064.203,MN,upper,vest2020_tiger2025,2020,2026,43.907
44,28061.982,17376.617,MN,upper,vest2020_tiger2025,2020,2026,23.516
45,34245.965,24605.582,MN,upper,vest2020_tiger2025,2020,2026,16.381
46,39635.333,13176.183,MN,upper,vest2020_tiger2025,2020,2026,50.101
47,31098.718,19770.126,MN,upper,vest2020_tiger2025,2020,2026,22.27
48,26272.564,25745.351,MN,upper,vest2020_tiger2025,2020,2026,1.014
49,34012.961,18975.651,MN,upper,vest2020_tiger2025,2020,2026,28.378
5,13671.608,34246.308,MN,upper,vest2020_tiger2025,2020,2026,-42.937
50,37012.058,17690.378,MN,upper,vest2020_tiger2025,2020,2026,35.321
51,32719.434,13698.044,MN,upper,vest2020_tiger2025,2020,2026,40.979
52,33347.514,18487.722,MN,upper,vest2020_tiger2025,2020,2026,28.667
53,27619.634,18824.983,MN,upper,vest2020_tiger2025,2020,2026,18.936
54,22950.909,24208.991,MN,upper,vest2020_tiger2025,2020,2026,-2.668
55,27443.144,19220.642,MN,upper,vest2020_tiger2025,2020,2026,17.621
56,29112.093,19683.127,MN,upper,vest2020_tiger2025,2020,2026,19.324
57,23594.03,27105.402,MN,upper,vest2020_tiger2025,2020,2026,-6.926
58,24437.914,26641.497,MN,upper,vest2020_tiger2025,2020,2026,-4.314
59,33319.279,5477.434,MN,upper,vest2020_tiger2025,2020,2026,71.763
6,18572.234,31406.29,MN,upper,vest2020_tiger2025,2020,2026,-25.679
60,35067.029,5014.503,MN,upper,vest2020_tiger2025,2020,2026,74.978
61,48178.746,6287.957,MN,upper,vest2020_tiger2025,2020,2026,76.911
62,37079.843,3101.862,MN,upper,vest2020_tiger2025,2020,2026,84.561
63,48775.461,6417.97,MN,upper,vest2020_tiger2025,2020,2026,76.744
64,44140.984,8222.039,MN,upper,vest2020_tiger2025,2020,2026,68.596
65,30634.306,7443.684,MN,upper,vest2020_tiger2025,2020,2026,60.903
66,32774.76,7437.404,MN,upper,vest2020_tiger2025,2020,2026,63.009
67,23824.154,8494.296,MN,upper,vest2020_tiger2025,2020,2026,47.434
7,22248.977,26492.93,MN,upper,vest2020_tiger2025,2020,2026,-8.707
8,33586.245,14023.62,MN,upper,vest2020_tiger2025,2020,2026,41.089
9,16677.418,33591.641,MN,upper,vest2020_tiger2025,2020,2026,-33.647
10A,7640.917,17338.574,MN,lower,vest2020_tiger2025,2020,2026,-38.822
10B,5365.497,18922.025,MN,lower,vest2020_tiger2025,2020,2026,-55.817
11A,11743.368,11588.268,MN,lower,vest2020_tiger2025,2020,2026,0.665
11B,7378.15,15474.098,MN,lower,vest2020_tiger2025,2020,2026,-35.427
12A,7725.542,15432.96,MN,lower,vest2020_tiger2025,2020,2026,-33.281
12B,7754.459,16570.575,MN,lower,vest2020_tiger2025,2020,2026,-36.243
13A,7790.091,17911.532,MN,lower,vest2020_tiger2025,2020,2026,-39.381
13B,8868.91,14886.384,MN,lower,vest2020_tiger2025,2020,2026,-25.331
14A,9495.316,9189.875,MN,lower,vest2020_tiger2025,2020,2026,1.635
14B,10557.559,9704.324,MN,lower,vest2020_tiger2025,2020,2026,4.211
15A,8023.884,14508.29,MN,lower,vest2020_tiger2025,2020,2026,-28.778
15B,7349.497,15663.26,MN,lower,vest2020_tiger2025,2020,2026,-36.127
16A,7238.436,15457.781,MN,lower,vest2020_tiger2025,2020,2026,-36.215
16B,8200.665,13968.969,MN,lower,vest2020_tiger2025,2020,2026,-26.019
17A,7311.805,16503.925,MN,lower,vest2020_tiger2025,2020,2026,-38.597
17B,7879.791,16849.517,MN,lower,vest2020_tiger2025,2020,2026,-36.272
18A,11913.556,11248.566,MN,lower,vest2020_tiger2025,2020,2026,2.871
18B,11853.152,7844.159,MN,lower,vest2020_tiger2025,2020,2026,20.353
19A,8053.136,12994.809,MN,lower,vest2020_tiger2025,2020,2026,-23.478
19B,8933.891,13737.803,MN,lower,vest2020_tiger2025,2020,2026,-21.189
1A,7056.561,15862.517,MN,lower,vest2020_tiger2025,2020,2026,-38.422
1B,7744.275,13583.047,MN,lower,vest2020_tiger2025,2020,2026,-27.377
20A,11097.427,13730.693,MN,lower,vest2020_tiger2025,2020,2026,-10.606
20B,8784.253,16141.035,MN,lower,vest2020_tiger2025,2020,2026,-29.515
21A,6515.209,16584.494,MN,lower,vest2020_tiger2025,2020,2026,-43.591
21B,6753.947,12196.562,MN,lower,vest2020_tiger2025,2020,2026,-28.72
22A,7897.504,15309.619,MN,lower,vest2020_tiger2025,2020,2026,-31.939
22B,8516.756,16116.745,MN,lower,vest2020_tiger2025,2020,2026,-30.852
23A,8838.05,14241.315,MN,lower,vest2020_tiger2025,2020,2026,-23.412
23B,9506.581,10763.669,MN,lower,vest2020_tiger2025,2020,2026,-6.202
24A,9682.133,14813.081,MN,lower,vest2020_tiger2025,2020,2026,-20.947
24B,13253.369,9607.924,MN,lower,vest2020_tiger2025,2020,2026,15.946
25A,13498.895,9841.563,MN,lower,vest2020_tiger2025,2020,2026,15.669
25B,13982.308,7797.788,MN,lower,vest2020_tiger2025,2020,2026,28.395
26A,11911.021,10663.071,MN,lower,vest2020_tiger2025,2020,2026,5.528
26B,9848.009,14746.476,MN,lower,vest2020_tiger2025,2020,2026,-19.917
27A,7325.554,17037.671,MN,lower,vest2020_tiger2025,2020,2026,-39.864
27B,6654.903,17448.67,MN,lower,vest2020_tiger2025,2020,2026,-44.781
28A,7455.219,16291.917,MN,lower,vest2020_tiger2025,2020,2026,-37.212
28B,9526.129,16865.202,MN,lower,vest2020_tiger2025,2020,2026,-27.809
29A,8425.968,17038.308,MN,lower,vest2020_tiger2025,2020,2026,-33.821
29B,8451.443,14809.801,MN,lower,vest2020_tiger2025,2020,2026,-27.335
2A,10379.843,11393.827,MN,lower,vest2020_tiger2025,2020,2026,-4.657
2B,8976.974,13613.859,MN,lower,vest2020_tiger2025,2020,2026,-20.526
30A,9290.241,15640.693,MN,lower,vest2020_tiger2025,2020,2026,-25.472
30B,8833.338,15641.924,MN,lower,vest2020_tiger2025,2020,2026,-27.818
31A,10576.378,14983.705,MN,lower,vest2020_tiger2025,2020,2026,-17.243
31B,9034.079,17615.381,MN,lower,vest2020_tiger2025,2020,2026,-32.201
32A,11823.092,13496.879,MN,lower,vest2020_tiger2025,2020,2026,-6.611
32B,12263.137,11068.67,MN,lower,vest2020_tiger2025,2020,2026,5.119
33A,11942.877,13691.198,MN,lower,vest2020_tiger2025,2020,2026,-6.82
33B,14783.881,12676.32,MN,lower,vest2020_tiger2025,2020,2026,7.675
34A,12250.177,13012.635,MN,lower,vest2020_tiger2025,2020,2026,-3.018
34B,15893.629,9124.12,MN,lower,vest2020_tiger2025,2020,2026,27.059
35A,12207.766,11253.632,MN,lower,vest2020_tiger2025,2020,2026,4.067
35B,12106.949,11078.274,MN,lower,vest2020_tiger2025,2020,2026,4.437
36A,14311.727,13568.173,MN,lower,vest2020_tiger2025,2020,2026,2.667
36B,15308.433,10719.078,MN,lower,vest2020_tiger2025,2020,2026,17.633
37A,13166.246,13807.324,MN,lower,vest2020_tiger2025,2020,2026,-2.377
37B,15926.475,11803.251,MN,lower,vest2020_tiger2025,2020,2026,14.869
38A,11893.27,5193.515,MN,lower,vest2020_tiger2025,2020,2026,39.21
38B,12969.456,4711.549,MN,lower,vest2020_tiger2025,2020,2026,46.705
39A,13702.466,7324.115,MN,lower,vest2020_tiger2025,2020,2026,30.335
39B,15985.749,5975.31,MN,lower,vest2020_tiger2025,2020,2026,45.583
3A,12479.159,14005.018,MN,lower,vest2020_tiger2025,2020,2026,-5.761
3B,14381.405,12785.985,MN,lower,vest2020_tiger2025,2020,2026,5.873
40A,16310.965,9438.465,MN,lower,vest2020_tiger2025,2020,2026,26.69
40B,18964.546,8429.074,MN,lower,vest2020_tiger2025,2020,2026,38.46
41A,13607.988,12424.523,MN,lower,vest2020_tiger2025,2020,2026,4.546
41B,14543.412,14135.917,MN,lower,vest2020_tiger2025,2020,2026,1.421
42A,16175.388,9926.14,MN,lower,vest2020_tiger2025,2020,2026,23.942
42B,16560.828,9357.396,MN,lower,vest2020_tiger2025,2020,2026,27.793
43A,15698.571,7376.046,MN,lower,vest2020_tiger2025,2020,2026,36.068
43B,20383.393,6688.156,MN,lower,vest2020_tiger2025,2020,2026,50.589
44A,14127.048,7692.63,MN,lower,vest2020_tiger2025,2020,2026,29.489
44B,13934.934,9683.986,MN,lower,vest2020_tiger2025,2020,2026,17.998
45A,14964.587,14528.239,MN,lower,vest2020_tiger2025,2020,2026,1.48
45B,19281.377,10077.343,MN,lower,vest2020_tiger2025,2020,2026,31.35
46A,20618.168,5939.85,MN,lower,vest2020_tiger2025,2020,2026,55.269
46B,19017.165,7236.333,MN,lower,vest2020_tiger2025,2020,2026,44.873
47A,15971.094,9254.932,MN,lower,vest2020_tiger2025,2020,2026,26.624
47B,15127.623,10515.195,MN,lower,vest2020_tiger2025,2020,2026,17.987
48A,11203.718,13726.462,MN,lower,vest2020_tiger2025,2020,2026,-10.119
48B,15068.846,12018.89,MN,lower,vest2020_tiger2025,2020,2026,11.26
49A,18114.214,9553.904,MN,lower,vest2020_tiger2025,2020,2026,30.939
49B,15898.747,9421.747,MN,lower,vest2020_tiger2025,2020,2026,25.58
4A,10653.748,7286.202,MN,lower,vest2020_tiger2025,2020,2026,18.771
4B,9694.246,14592.254,MN,lower,vest2020_tiger2025,2020,2026,-20.168
50A,19138.923,8245.805,MN,lower,vest2020_tiger2025,2020,2026,39.778
50B,17873.135,9444.573,MN,lower,vest2020_tiger2025,2020,2026,30.854
51A,17489.403,5693.092,MN,lower,vest2020_tiger2025,2020,2026,50.885
51B,15230.031,8004.952,MN,lower,vest2020_tiger2025,2020,2026,31.096
52A,15486.929,8831.381,MN,lower,vest2020_tiger2025,2020,2026,27.368
52B,17860.584,9656.341,MN,lower,vest2020_tiger2025,2020,2026,29.815
53A,15775.419,10324.362,MN,lower,vest2020_tiger2025,2020,2026,20.885
53B,11844.214,8500.622,MN,lower,vest2020_tiger2025,2020,2026,16.435
54A,11512.171,9709.554,MN,lower,vest2020_tiger2025,2020,2026,8.494
54B,11438.738,14499.438,MN,lower,vest2020_tiger2025,2020,2026,-11.8
55A,14199.435,10883.898,MN,lower,vest2020_tiger2025,2020,2026,13.218
55B,13243.71,8336.744,MN,lower,vest2020_tiger2025,2020,2026,22.738
56A,15270.215,9474.203,MN,lower,vest2020_tiger2025,2020,2026,23.424
56B,13841.878,10208.924,MN,lower,vest2020_tiger2025,2020,2026,15.105
57A,10963.112,15014.88,MN,lower,vest2020_tiger2025,2020,2026,-15.597
57B,12630.918,12090.522,MN,lower,vest2020_tiger2025,2020,2026,2.186
58A,13229.828,11573.744,MN,lower,vest2020_tiger2025,2020,2026,6.677
58B,11208.086,15067.753,MN,lower,vest2020_tiger2025,2020,2026,-14.689
59A,14218.27,2573.793,MN,lower,vest2020_tiger2025,2020,2026,69.345
59B,19101.009,2903.641,MN,lower,vest2020_tiger2025,2020,2026,73.609
5A,7741.926,17458.798,MN,lower,vest2020_tiger2025,2020,2026,-38.558
5B,5929.682,16787.511,MN,lower,vest2020_tiger2025,2020,2026,-47.796
60A,22250.476,3463.325,MN,lower,vest2020_tiger2025,2020,2026,73.063
60B,12816.554,1551.177,MN,lower,vest2020_tiger2025,2020,2026,78.407
61A,22472.66,3172.715,MN,lower,vest2020_tiger2025,2020,2026,75.257
61B,25706.086,3115.243,MN,lower,vest2020_tiger2025,2020,2026,78.382
62A,18516.964,1458.92,MN,lower,vest2020_tiger2025,2020,2026,85.393
62B,18562.879,1642.942,MN,lower,vest2020_tiger2025,2020,2026,83.738
63A,24357.383,2613.567,MN,lower,vest2020_tiger2025,2020,2026,80.619
63B,24418.079,3804.403,MN,lower,vest2020_tiger2025,2020,2026,73.04
64A,21852.764,3416.374,MN,lower,vest2020_tiger2025,2020,2026,72.96
64B,22288.219,4805.665,MN,lower,vest2020_tiger2025,2020,2026,64.526
65A,14396.109,3026.737,MN,lower,vest2020_tiger2025,2020,2026,65.256
65B,16238.197,4416.947,MN,lower,vest2020_tiger2025,2020,2026,57.232
66A,19392.822,3679.958,MN,lower,vest2020_tiger2025,2020,2026,68.101
66B,13381.938,3757.446,MN,lower,vest2020_tiger2025,2020,2026,56.154
67A,11196.647,4114.709,MN,lower,vest2020_tiger2025,2020,2026,46.253
67B,12627.507,4379.587,MN,lower,vest2020_tiger2025,2020,2026,48.497
6A,9814.754,16213.826,MN,lower,vest2020_tiger2025,2020,2026,-24.585
6B,8757.481,15192.464,MN,lower,vest2020_tiger2025,2020,2026,-26.868
7A,10527.264,13627.65,MN,lower,vest2020_tiger2025,2020,2026,-12.835
7B,11721.713,12865.28,MN,lower,vest2020_tiger2025,2020,2026,-4.651
8A,15186.024,6746.207,MN,lower,vest2020_tiger2025,2020,2026,38.481
8B,18400.221,7277.413,MN,lower,vest2020_tiger2025,2020,2026,43.317
9A,8464.987,15046.016,MN,lower,vest2020_tiger2025,2020,2026,-27.991
9B,8212.431,18545.625,MN,lower,vest2020_tiger2025,2020,2026,-38.617
1,42686.866,64391.094,WI,upper,vest2020_tiger2025,2020,2026,-20.27
10,41495.35,59008.754,WI,upper,vest2020_tiger2025,2020,2026,-17.426
11,37345.213,63617.715,WI,upper,vest2020_tiger2025,2020,2026,-26.022
12,38901.924,67780.684,WI,upper,vest2020_tiger2025,2020,2026,-27.07
13,33847.405,61990.003,WI,upper,vest2020_tiger2025,2020,2026,-29.365
14,51381.646,47444.023,WI,upper,vest2020_tiger2025,2020,2026,3.984
15,49914.12,39256.041,WI,upper,vest2020_tiger2025,2020,2026,11.953
16,68213.144,36446.502,WI,upper,vest2020_tiger2025,2020,2026,30.352
17,51550.075,46409.896,WI,upper,vest2020_tiger2025,2020,2026,5.247
18,48361.672,40611.156,WI,upper,vest2020_tiger2025,2020,2026,8.711
19,39514.254,66531.874,WI,upper,vest2020_tiger2025,2020,2026,-25.477
2,36844.265,63916.345,WI,upper,vest2020_tiger2025,2020,2026,-26.868
20,33546.235,70252.914,WI,upper,vest2020_tiger2025,2020,2026,-35.363
21,50008.341,47718.311,WI,upper,vest2020_tiger2025,2020,2026,2.343
22,48346.781,39190.01,WI,upper,vest2020_tiger2025,2020,2026,10.46
23,30719.773,62149.553,WI,upper,vest2020_tiger2025,2020,2026,-33.843
24,41600.642,52695.239,WI,upper,vest2020_tiger2025,2020,2026,-11.766
25,46979.076,57121.009,WI,upper,vest2020_tiger2025,2020,2026,-9.742
26,88890.497,13890.588,WI,upper,vest2020_tiger2025,2020,2026,72.971
27,87857.468,26629.313,WI,upper,vest2020_tiger2025,2020,2026,53.481
28,43042.711,68127.843,WI,upper,vest2020_tiger2025,2020,2026,-22.565
29,40228.468,58548.453,WI,upper,vest2020_tiger2025,2020,2026,-18.547
3,40204.672,19679.466,WI,upper,vest2020_tiger2025,2020,2026,34.275
30,44943.814,42026.584,WI,upper,vest2020_tiger2025,2020,2026,3.354
31,48525.394,45294.825,WI,upper,vest2020_tiger2025,2020,2026,3.443
32,50762.383,44685.377,WI,upper,vest2020_tiger2025,2020,2026,6.367
33,38930.713,80528.978,WI,upper,vest2020_tiger2025,2020,2026,-34.822
4,68529.843,12420.653,WI,upper,vest2020_tiger2025,2020,2026,69.313
5,55130.343,51399.885,WI,upper,vest2020_tiger2025,2020,2026,3.502
6,68480.105,11005.028,WI,upper,vest2020_tiger2025,2020,2026,72.309
7,64274.346,35426.054,WI,upper,vest2020_tiger2025,2020,2026,28.935
8,58844.142,58207.477,WI,upper,vest2020_tiger2025,2020,2026,0.544
9,40829.565,55687.057,WI,upper,vest2020_tiger2025,2020,2026,-15.394
1,15982.726,21544.821,WI,lower,vest2020_tiger2025,2020,2026,-14.821
10,26983.343,4442.827,WI,lower,vest2020_tiger2025,2020,2026,71.725
11,21385.077,2729.681,WI,lower,vest2020_tiger2025,2020,2026,77.361
12,20161.423,5248.145,WI,lower,vest2020_tiger2025,2020,2026,58.692
13,22650.389,16461.672,WI,lower,vest2020_tiger2025,2020,2026,15.823
14,16189.05,13233.742,WI,lower,vest2020_tiger2025,2020,2026,10.044
15,16290.904,21704.472,WI,lower,vest2020_tiger2025,2020,2026,-14.248
16,20366.128,2143.109,WI,lower,vest2020_tiger2025,2020,2026,80.958
17,25313.534,4578.589,WI,lower,vest2020_tiger2025,2020,2026,69.366
18,22800.443,4283.331,WI,lower,vest2020_tiger2025,2020,2026,68.37
19,27412.954,6343.565,WI,lower,vest2020_tiger2025,2020,2026,62.416
2,13483.726,21684.567,WI,lower,vest2020_tiger2025,2020,2026,-23.319
20,19779.911,13540.912,WI,lower,vest2020_tiger2025,2020,2026,18.724
21,17081.481,15541.577,WI,lower,vest2020_tiger2025,2020,2026,4.72
22,17438.072,21863.53,WI,lower,vest2020_tiger2025,2020,2026,-11.26
23,25062.632,14152.74,WI,lower,vest2020_tiger2025,2020,2026,27.82
24,16343.437,22191.207,WI,lower,vest2020_tiger2025,2020,2026,-15.175
25,13134.594,18033.358,WI,lower,vest2020_tiger2025,2020,2026,-15.717
26,14740.534,13698.887,WI,lower,vest2020_tiger2025,2020,2026,3.663
27,12954.437,23954.812,WI,lower,vest2020_tiger2025,2020,2026,-29.804
28,12045.865,21528.14,WI,lower,vest2020_tiger2025,2020,2026,-28.243
29,12125.463,19767.377,WI,lower,vest2020_tiger2025,2020,2026,-23.961
3,13220.414,21161.706,WI,lower,vest2020_tiger2025,2020,2026,-23.097
30,17324.022,17713.237,WI,lower,vest2020_tiger2025,2020,2026,-1.111
31,12745.14,19139.721,WI,lower,vest2020_tiger2025,2020,2026,-20.055
32,12064.299,21983.155,WI,lower,vest2020_tiger2025,2020,2026,-29.132
33,12535.774,22494.84,WI,lower,vest2020_tiger2025,2020,2026,-28.43
34,15596.458,22334.997,WI,lower,vest2020_tiger2025,2020,2026,-17.765
35,12447.608,22622.115,WI,lower,vest2020_tiger2025,2020,2026,-29.012
36,10857.858,22823.572,WI,lower,vest2020_tiger2025,2020,2026,-35.526
37,11041.381,18996.441,WI,lower,vest2020_tiger2025,2020,2026,-26.483
38,11565.533,21106.344,WI,lower,vest2020_tiger2025,2020,2026,-29.202
39,11240.492,21887.218,WI,lower,vest2020_tiger2025,2020,2026,-32.138
4,12841.355,22870.77,WI,lower,vest2020_tiger2025,2020,2026,-28.084
40,17657.086,15078.155,WI,lower,vest2020_tiger2025,2020,2026,7.878
41,13208.975,17620.695,WI,lower,vest2020_tiger2025,2020,2026,-14.31
42,20515.586,14745.173,WI,lower,vest2020_tiger2025,2020,2026,16.365
43,17210.568,14165.893,WI,lower,vest2020_tiger2025,2020,2026,9.704
44,17209.355,12766.26,WI,lower,vest2020_tiger2025,2020,2026,14.822
45,15494.196,12323.889,WI,lower,vest2020_tiger2025,2020,2026,11.397
46,18967.664,15784.436,WI,lower,vest2020_tiger2025,2020,2026,9.16
47,25872.092,9912.578,WI,lower,vest2020_tiger2025,2020,2026,44.599
48,23373.388,10749.488,WI,lower,vest2020_tiger2025,2020,2026,36.995
49,13076.614,16547.683,WI,lower,vest2020_tiger2025,2020,2026,-11.717
5,13260.206,20178.712,WI,lower,vest2020_tiger2025,2020,2026,-20.69
50,20590.137,14777.254,WI,lower,vest2020_tiger2025,2020,2026,16.436
51,17883.324,15084.959,WI,lower,vest2020_tiger2025,2020,2026,8.488
52,17462.159,13462.196,WI,lower,vest2020_tiger2025,2020,2026,12.935
53,16125.833,14758.943,WI,lower,vest2020_tiger2025,2020,2026,4.426
54,14773.68,12390.018,WI,lower,vest2020_tiger2025,2020,2026,8.775
55,15297.989,21508.132,WI,lower,vest2020_tiger2025,2020,2026,-16.873
56,12922.252,22443.052,WI,lower,vest2020_tiger2025,2020,2026,-26.921
57,11294.013,22580.689,WI,lower,vest2020_tiger2025,2020,2026,-33.319
58,11118.829,25381.055,WI,lower,vest2020_tiger2025,2020,2026,-39.075
59,9816.462,28541.057,WI,lower,vest2020_tiger2025,2020,2026,-48.816
6,10742.704,20866.863,WI,lower,vest2020_tiger2025,2020,2026,-32.029
60,12610.944,16330.802,WI,lower,vest2020_tiger2025,2020,2026,-12.853
61,17505.624,16860.169,WI,lower,vest2020_tiger2025,2020,2026,1.878
62,16702.52,10005.086,WI,lower,vest2020_tiger2025,2020,2026,25.077
63,15800.197,20853.056,WI,lower,vest2020_tiger2025,2020,2026,-13.786
64,15701.76,12767.541,WI,lower,vest2020_tiger2025,2020,2026,10.307
65,16099.435,13332.427,WI,lower,vest2020_tiger2025,2020,2026,9.401
66,16545.586,13090.042,WI,lower,vest2020_tiger2025,2020,2026,11.66
67,11914.388,20548.077,WI,lower,vest2020_tiger2025,2020,2026,-26.596
68,11026.058,23160.952,WI,lower,vest2020_tiger2025,2020,2026,-35.496
69,7779.327,18440.524,WI,lower,vest2020_tiger2025,2020,2026,-40.661
7,16364.18,11528.344,WI,lower,vest2020_tiger2025,2020,2026,17.337
70,10896.801,17381.318,WI,lower,vest2020_tiger2025,2020,2026,-22.931
71,17728.429,15083.385,WI,lower,vest2020_tiger2025,2020,2026,8.061
72,12975.412,20230.535,WI,lower,vest2020_tiger2025,2020,2026,-21.849
73,19498.199,13307.921,WI,lower,vest2020_tiger2025,2020,2026,18.869
74,14934.459,21293.329,WI,lower,vest2020_tiger2025,2020,2026,-17.552
75,12546.417,22519.76,WI,lower,vest2020_tiger2025,2020,2026,-28.441
76,34766.676,3559.941,WI,lower,vest2020_tiger2025,2020,2026,81.423
77,25289.069,3615.942,WI,lower,vest2020_tiger2025,2020,2026,74.981
78,28834.752,6714.705,WI,lower,vest2020_tiger2025,2020,2026,62.223
79,32487.773,5160.161,WI,lower,vest2020_tiger2025,2020,2026,72.587
8,10553.108,2788.73,WI,lower,vest2020_tiger2025,2020,2026,58.196
80,28565.684,9822.336,WI,lower,vest2020_tiger2025,2020,2026,48.826
81,26804.011,11646.816,WI,lower,vest2020_tiger2025,2020,2026,39.42
82,14766.868,17356.701,WI,lower,vest2020_tiger2025,2020,2026,-8.062
83,16364.753,23593.453,WI,lower,vest2020_tiger2025,2020,2026,-18.091
84,11911.09,27177.688,WI,lower,vest2020_tiger2025,2020,2026,-39.056
85,14498.846,14626.747,WI,lower,vest2020_tiger2025,2020,2026,-0.439
86,12500.839,21766.046,WI,lower,vest2020_tiger2025,2020,2026,-27.038
87,13228.783,22155.66,WI,lower,vest2020_tiger2025,2020,2026,-25.228
88,16436.76,16632.768,WI,lower,vest2020_tiger2025,2020,2026,-0.593
89,15092.592,14835.641,WI,lower,vest2020_tiger2025,2020,2026,0.859
9,13287.383,5362.393,WI,lower,vest2020_tiger2025,2020,2026,42.494
90,13414.463,10558.175,WI,lower,vest2020_tiger2025,2020,2026,11.915
91,17185.27,15201.228,WI,lower,vest2020_tiger2025,2020,2026,6.126
92,14018.24,15461.465,WI,lower,vest2020_tiger2025,2020,2026,-4.896
93,17321.884,14632.132,WI,lower,vest2020_tiger2025,2020,2026,8.418
94,17056.392,17051.643,WI,lower,vest2020_tiger2025,2020,2026,0.014
95,16133.224,13576.751,WI,lower,vest2020_tiger2025,2020,2026,8.605
96,17572.767,14056.983,WI,lower,vest2020_tiger2025,2020,2026,11.115
97,13568.263,27706.089,WI,lower,vest2020_tiger2025,2020,2026,-34.253
98,12282.829,26835.349,WI,lower,vest2020_tiger2025,2020,2026,-37.201
99,13079.621,25987.54,WI,lower,vest2020_tiger2025,2020,2026,-33.04
1,49772.651,91634.072,AZ,upper,vest2020_tiger2025,2020,2026,-29.604
10,46499.89,70803.435,AZ,upper,vest2020_tiger2025,2020,2026,-20.719
11,58646.206,18260.976,AZ,upper,vest2020_tiger2025,2020,2026,52.512
12,79160.722,54045.95,AZ,upper,vest2020_tiger2025,2020,2026,18.854
13,63477.711,59638.102,AZ,upper,vest2020_tiger2025,2020,2026,3.119
14,54811.884,74626.448,AZ,upper,vest2020_tiger2025,2020,2026,-15.308
15,42490.161,74669.75,AZ,upper,vest2020_tiger2025,2020,2026,-27.466
16,48269.501,52138.509,AZ,upper,vest2020_tiger2025,2020,2026,-3.853
17,70876.366,77360.932,AZ,upper,vest2020_tiger2025,2020,2026,-4.374
18,84032.216,50979.947,AZ,upper,vest2020_tiger2025,2020,2026,24.481
19,41351.703,66500.559,AZ,upper,vest2020_tiger2025,2020,2026,-23.318
2,52542.041,54398.486,AZ,upper,vest2020_tiger2025,2020,2026,-1.736
20,68626.218,22005.087,AZ,upper,vest2020_tiger2025,2020,2026,51.44
21,62384.162,35310.158,AZ,upper,vest2020_tiger2025,2020,2026,27.713
22,51060.977,24447.157,AZ,upper,vest2020_tiger2025,2020,2026,35.246
23,46312.851,35685.276,AZ,upper,vest2020_tiger2025,2020,2026,12.961
24,40474.806,20536.365,AZ,upper,vest2020_tiger2025,2020,2026,32.68
25,39426.37,64919.645,AZ,upper,vest2020_tiger2025,2020,2026,-24.431
26,39032.906,16965.906,AZ,upper,vest2020_tiger2025,2020,2026,39.406
27,52448.516,61833.312,AZ,upper,vest2020_tiger2025,2020,2026,-8.212
28,53965.436,87184.068,AZ,upper,vest2020_tiger2025,2020,2026,-23.534
29,50185.441,65503.848,AZ,upper,vest2020_tiger2025,2020,2026,-13.241
3,62931.888,96607.517,AZ,upper,vest2020_tiger2025,2020,2026,-21.108
30,27826.492,86562.884,AZ,upper,vest2020_tiger2025,2020,2026,-51.348
4,77111.746,75790.69,AZ,upper,vest2020_tiger2025,2020,2026,0.864
5,76074.569,32484.117,AZ,upper,vest2020_tiger2025,2020,2026,40.154
6,73589.871,36809.753,AZ,upper,vest2020_tiger2025,2020,2026,33.315
7,44538.079,75276.794,AZ,upper,vest2020_tiger2025,2020,2026,-25.655
8,66564.885,36687.345,AZ,upper,vest2020_tiger2025,2020,2026,28.936
9,47602.059,41971.521,AZ,upper,vest2020_tiger2025,2020,2026,6.286
1,49772.651,91634.072,AZ,lower,vest2020_tiger2025,2020,2026,-29.604
10,46499.89,70803.435,AZ,lower,vest2020_tiger2025,2020,2026,-20.719
11,58646.206,18260.976,AZ,lower,vest2020_tiger2025,2020,2026,52.512
12,79160.722,54045.95,AZ,lower,vest2020_tiger2025,2020,2026,18.854
13,63477.711,59638.102,AZ,lower,vest2020_tiger2025,2020,2026,3.119
14,54811.884,74626.448,AZ,lower,vest2020_tiger2025,2020,2026,-15.308
15,42490.161,74669.75,AZ,lower,vest2020_tiger2025,2020,2026,-27.466
16,48269.501,52138.509,AZ,lower,vest2020_tiger2025,2020,2026,-3.853
17,70876.366,77360.932,AZ,lower,vest2020_tiger2025,2020,2026,-4.374
18,84032.216,50979.947,AZ,lower,vest2020_tiger2025,2020,2026,24.481
19,41351.703,66500.559,AZ,lower,vest2020_tiger2025,2020,2026,-23.318
2,52542.041,54398.486,AZ,lower,vest2020_tiger2025,2020,2026,-1.736
20,68626.218,22005.087,AZ,lower,vest2020_tiger2025,2020,2026,51.44
21,62384.162,35310.158,AZ,lower,vest2020_tiger2025,2020,2026,27.713
22,51060.977,24447.157,AZ,lower,vest2020_tiger2025,2020,2026,35.246
23,46312.851,35685.276,AZ,lower,vest2020_tiger2025,2020,2026,12.961
24,40474.806,20536.365,AZ,lower,vest2020_tiger2025,2020,2026,32.68
25,39426.37,64919.645,AZ,lower,vest2020_tiger2025,2020,2026,-24.431
26,39032.906,16965.906,AZ,lower,vest2020_tiger2025,2020,2026,39.406
27,52448.516,61833.312,AZ,lower,vest2020_tiger2025,2020,2026,-8.212
28,53965.436,87184.068,AZ,lower,vest2020_tiger2025,2020,2026,-23.534
29,50185.441,65503.848,AZ,lower,vest2020_tiger2025,2020,2026,-13.241
3,62931.888,96607.517,AZ,lower,vest2020_tiger2025,2020,2026,-21.108
30,27826.492,86562.884,AZ,lower,vest2020_tiger2025,2020,2026,-51.348
4,77111.746,75790.69,AZ,lower,vest2020_tiger2025,2020,2026,0.864
5,76074.569,32484.117,AZ,lower,vest2020_tiger2025,2020,2026,40.154
6,73589.871,36809.753,AZ,lower,vest2020_tiger2025,2020,2026,33.315
7,44538.079,75276.794,AZ,lower,vest2020_tiger2025,2020,2026,-25.655
8,66564.885,36687.345,AZ,lower,vest2020_tiger2025,2020,2026,28.936
9,47602.059,41971.521,AZ,lower,vest2020_tiger2025,2020,2026,6.286
1,107666.786,25362.355,PA,upper,vest2020_tiger2025,2020,2026,61.869
10,94946.391,70795.886,PA,upper,vest2020_tiger2025,2020,2026,14.571
11,60481.0,51651.0,PA,upper,vest2020_tiger2025,2020,2026,7.875
12,95861.094,64197.256,PA,upper,vest2020_tiger2025,2020,2026,19.783
13,52934.001,67289.001,PA,upper,vest2020_tiger2025,2020,2026,-11.94
14,65667.999,56593.271,PA,upper,vest2020_tiger2025,2020,2026,7.422
15,75747.594,55929.502,PA,upper,vest2020_tiger2025,2020,2026,15.051
16,72541.269,83568.913,PA,upper,vest2020_tiger2025,2020,2026,-7.064
17,106111.51,42129.986,PA,upper,vest2020_tiger2025,2020,2026,43.16
18,74256.0,63536.0,PA,upper,vest2020_tiger2025,2020,2026,7.78
19,88229.001,57352.001,PA,upper,vest2020_tiger2025,2020,2026,21.209
2,66947.055,21968.351,PA,upper,vest2020_tiger2025,2020,2026,50.586
20,55495.453,89716.839,PA,upper,vest2020_tiger2025,2020,2026,-23.566
21,39257.0,96991.0,PA,upper,vest2020_tiger2025,2020,2026,-42.374
22,66676.368,54619.539,PA,upper,vest2020_tiger2025,2020,2026,9.94
23,38368.118,93779.45,PA,upper,vest2020_tiger2025,2020,2026,-41.931
24,74940.732,74806.816,PA,upper,vest2020_tiger2025,2020,2026,0.089
25,46441.362,83646.163,PA,upper,vest2020_tiger2025,2020,2026,-28.6
26,89321.687,55871.491,PA,upper,vest2020_tiger2025,2020,2026,23.038
27,40655.06,87031.171,PA,upper,vest2020_tiger2025,2020,2026,-36.32
28,49582.288,91089.426,PA,upper,vest2020_tiger2025,2020,2026,-29.506
29,39429.999,83200.997,PA,upper,vest2020_tiger2025,2020,2026,-35.693
3,103005.232,8032.045,PA,upper,vest2020_tiger2025,2020,2026,85.533
30,31021.899,95505.717,PA,upper,vest2020_tiger2025,2020,2026,-50.964
31,55750.942,73443.831,PA,upper,vest2020_tiger2025,2020,2026,-13.695
32,34277.282,97253.022,PA,upper,vest2020_tiger2025,2020,2026,-47.879
33,40677.657,94815.626,PA,upper,vest2020_tiger2025,2020,2026,-39.956
34,54209.519,88179.615,PA,upper,vest2020_tiger2025,2020,2026,-23.857
35,45398.864,88253.784,PA,upper,vest2020_tiger2025,2020,2026,-32.064
36,61135.0,85725.0,PA,upper,vest2020_tiger2025,2020,2026,-16.744
37,73895.724,75863.786,PA,upper,vest2020_tiger2025,2020,2026,-1.314
38,84884.633,69421.05,PA,upper,vest2020_tiger2025,2020,2026,10.021
39,54230.742,97899.342,PA,upper,vest2020_tiger2025,2020,2026,-28.705
4,135776.495,22735.648,PA,upper,vest2020_tiger2025,2020,2026,71.314
40,64974.001,65595.003,PA,upper,vest2020_tiger2025,2020,2026,-0.476
41,39878.85,93317.969,PA,upper,vest2020_tiger2025,2020,2026,-40.12
42,92536.077,45427.797,PA,upper,vest2020_tiger2025,2020,2026,34.145
43,107042.894,29866.791,PA,upper,vest2020_tiger2025,2020,2026,56.37
44,86648.999,67284.999,PA,upper,vest2020_tiger2025,2020,2026,12.579
45,72399.673,62333.579,PA,upper,vest2020_tiger2025,2020,2026,7.471
46,50921.846,87154.672,PA,upper,vest2020_tiger2025,2020,2026,-26.241
47,58651.154,87673.327,PA,upper,vest2020_tiger2025,2020,2026,-19.834
48,45032.0,90897.0,PA,upper,vest2020_tiger2025,2020,2026,-33.742
49,67073.0,63886.0,PA,upper,vest2020_tiger2025,2020,2026,2.434
5,60759.084,53288.217,PA,upper,vest2020_tiger2025,2020,2026,6.551
50,47038.0,88508.0,PA,upper,vest2020_tiger2025,2020,2026,-30.595
6,80934.736,81216.663,PA,upper,vest2020_tiger2025,2020,2026,-0.174
7,118117.38,17348.751,PA,upper,vest2020_tiger2025,2020,2026,74.387
8,106179.53,17582.594,PA,upper,vest2020_tiger2025,2020,2026,71.586
9,86055.303,58562.231,PA,upper,vest2020_tiger2025,2020,2026,19.011
1,16400.005,9200.005,PA,lower,vest2020_tiger2025,2020,2026,28.125
10,25063.037,1528.798,PA,lower,vest2020_tiger2025,2020,2026,88.502
100,6673.0,19862.0,PA,lower,vest2020_tiger2025,2020,2026,-49.704
101,11501.218,17979.111,PA,lower,vest2020_tiger2025,2020,2026,-21.974
102,9696.975,24166.957,PA,lower,vest2020_tiger2025,2020,2026,-42.73
103,20440.849,11759.788,PA,lower,vest2020_tiger2025,2020,2026,26.959
104,17318.368,8646.348,PA,lower,vest2020_tiger2025,2020,2026,33.399
105,21184.585,12262.496,PA,lower,vest2020_tiger2025,2020,2026,26.675
106,17051.262,20223.631,PA,lower,vest2020_tiger2025,2020,2026,-8.511
107,8205.0,22872.0,PA,lower,vest2020_tiger2025,2020,2026,-47.196
108,10666.0,20975.0,PA,lower,vest2020_tiger2025,2020,2026,-32.581
109,10532.118,20098.335,PA,lower,vest2020_tiger2025,2020,2026,-31.231
11,11079.234,24404.923,PA,lower,vest2020_tiger2025,2020,2026,-37.554
110,10147.779,22871.65,PA,lower,vest2020_tiger2025,2020,2026,-38.534
111,10829.991,24707.983,PA,lower,vest2020_tiger2025,2020,2026,-39.051
112,19043.0,16647.0,PA,lower,vest2020_tiger2025,2020,2026,6.713
113,15677.96,11955.911,PA,lower,vest2020_tiger2025,2020,2026,13.469
114,19078.526,15093.696,PA,lower,vest2020_tiger2025,2020,2026,11.661
115,16995.556,12494.482,PA,lower,vest2020_tiger2025,2020,2026,15.263
116,7619.0,13464.0,PA,lower,vest2020_tiger2025,2020,2026,-27.724
117,10255.003,23634.11,PA,lower,vest2020_tiger2025,2020,2026,-39.479
118,17316.797,18310.562,PA,lower,vest2020_tiger2025,2020,2026,-2.789
119,12597.005,16524.009,PA,lower,vest2020_tiger2025,2020,2026,-13.485
12,16023.0,24065.0,PA,lower,vest2020_tiger2025,2020,2026,-20.061
120,15457.772,18259.608,PA,lower,vest2020_tiger2025,2020,2026,-8.31
121,12128.666,10882.261,PA,lower,vest2020_tiger2025,2020,2026,5.417
122,11213.556,21987.45,PA,lower,vest2020_tiger2025,2020,2026,-32.451
123,10893.0,21073.0,PA,lower,vest2020_tiger2025,2020,2026,-31.846
124,10396.0,22725.0,PA,lower,vest2020_tiger2025,2020,2026,-37.224
125,13404.378,23699.027,PA,lower,vest2020_tiger2025,2020,2026,-27.746
126,14770.164,11744.404,PA,lower,vest2020_tiger2025,2020,2026,11.412
127,11873.0,6158.0,PA,lower,vest2020_tiger2025,2020,2026,31.695
128,15376.876,20933.609,PA,lower,vest2020_tiger2025,2020,2026,-15.303
129,16021.961,10980.987,PA,lower,vest2020_tiger2025,2020,2026,18.668
13,16587.0,17380.0,PA,lower,vest2020_tiger2025,2020,2026,-2.335
130,13384.115,22932.216,PA,lower,vest2020_tiger2025,2020,2026,-26.291
131,18044.856,21448.834,PA,lower,vest2020_tiger2025,2020,2026,-8.619
132,19821.307,14528.867,PA,lower,vest2020_tiger2025,2020,2026,15.407
133,18310.8,13921.475,PA,lower,vest2020_tiger2025,2020,2026,13.618
134,15571.657,10079.881,PA,lower,vest2020_tiger2025,2020,2026,21.409
135,20764.257,11271.289,PA,lower,vest2020_tiger2025,2020,2026,29.633
136,16785.865,12559.686,PA,lower,vest2020_tiger2025,2020,2026,14.401
137,19406.185,19199.217,PA,lower,vest2020_tiger2025,2020,2026,0.536
138,15611.957,23202.903,PA,lower,vest2020_tiger2025,2020,2026,-19.557
139,13263.0,23568.0,PA,lower,vest2020_tiger2025,2020,2026,-27.979
14,13776.999,22813.999,PA,lower,vest2020_tiger2025,2020,2026,-24.697
140,18201.783,14738.24,PA,lower,vest2020_tiger2025,2020,2026,10.515
141,17912.122,14218.286,PA,lower,vest2020_tiger2025,2020,2026,11.496
142,20184.021,19390.451,PA,lower,vest2020_tiger2025,2020,2026,2.005
143,20192.719,21398.504,PA,lower,vest2020_tiger2025,2020,2026,-2.899
144,20491.0,19166.0,PA,lower,vest2020_tiger2025,2020,2026,3.341
145,15933.806,20792.026,PA,lower,vest2020_tiger2025,2020,2026,-13.228
146,18902.0,14706.0,PA,lower,vest2020_tiger2025,2020,2026,12.485
147,18262.385,21178.007,PA,lower,vest2020_tiger2025,2020,2026,-7.392
148,32026.068,10199.543,PA,lower,vest2020_tiger2025,2020,2026,51.69
149,26490.09,10792.092,PA,lower,vest2020_tiger2025,2020,2026,42.106
15,12764.342,25153.139,PA,lower,vest2020_tiger2025,2020,2026,-32.673
150,22105.0,15242.0,PA,lower,vest2020_tiger2025,2020,2026,18.376
151,25467.492,15160.269,PA,lower,vest2020_tiger2025,2020,2026,25.37
152,22021.556,14201.855,PA,lower,vest2020_tiger2025,2020,2026,21.587
153,26605.87,12971.904,PA,lower,vest2020_tiger2025,2020,2026,34.449
154,32134.081,7637.973,PA,lower,vest2020_tiger2025,2020,2026,61.591
155,23200.0,15986.0,PA,lower,vest2020_tiger2025,2020,2026,18.41
156,23189.647,14493.796,PA,lower,vest2020_tiger2025,2020,2026,23.076
157,26080.001,15013.001,PA,lower,vest2020_tiger2025,2020,2026,26.932
158,22083.0,14692.0,PA,lower,vest2020_tiger2025,2020,2026,20.098
159,19691.965,8238.179,PA,lower,vest2020_tiger2025,2020,2026,41.009
16,16684.354,17937.186,PA,lower,vest2020_tiger2025,2020,2026,-3.619
160,22408.881,19569.833,PA,lower,vest2020_tiger2025,2020,2026,6.763
161,22357.961,16116.025,PA,lower,vest2020_tiger2025,2020,2026,16.224
162,20569.152,15293.363,PA,lower,vest2020_tiger2025,2020,2026,14.711
163,21825.062,12868.575,PA,lower,vest2020_tiger2025,2020,2026,25.816
164,22585.781,5101.399,PA,lower,vest2020_tiger2025,2020,2026,63.15
165,24751.549,16571.272,PA,lower,vest2020_tiger2025,2020,2026,19.796
166,26480.417,15138.66,PA,lower,vest2020_tiger2025,2020,2026,27.251
167,23666.353,14484.204,PA,lower,vest2020_tiger2025,2020,2026,24.068
168,23083.576,14221.019,PA,lower,vest2020_tiger2025,2020,2026,23.757
169,11509.343,22857.373,PA,lower,vest2020_tiger2025,2020,2026,-33.02
17,8913.0,24016.0,PA,lower,vest2020_tiger2025,2020,2026,-45.865
170,13692.722,16268.507,PA,lower,vest2020_tiger2025,2020,2026,-8.597
171,10141.74,22500.594,PA,lower,vest2020_tiger2025,2020,2026,-37.861
172,15141.749,13135.068,PA,lower,vest2020_tiger2025,2020,2026,7.097
173,13646.399,10802.354,PA,lower,vest2020_tiger2025,2020,2026,11.633
174,14801.356,11743.704,PA,lower,vest2020_tiger2025,2020,2026,11.519
175,28989.959,5348.174,PA,lower,vest2020_tiger2025,2020,2026,68.85
176,14238.396,18251.806,PA,lower,vest2020_tiger2025,2020,2026,-12.353
177,17172.157,9478.137,PA,lower,vest2020_tiger2025,2020,2026,28.87
178,20348.462,24208.829,PA,lower,vest2020_tiger2025,2020,2026,-8.664
179,18211.0,3125.0,PA,lower,vest2020_tiger2025,2020,2026,70.707
18,17178.134,15501.636,PA,lower,vest2020_tiger2025,2020,2026,5.13
180,15064.0,3559.0,PA,lower,vest2020_tiger2025,2020,2026,61.778
181,22671.0,1908.0,PA,lower,vest2020_tiger2025,2020,2026,84.475
182,33841.492,4430.933,PA,lower,vest2020_tiger2025,2020,2026,76.845
183,15129.228,22868.029,PA,lower,vest2020_tiger2025,2020,2026,-20.367
184,20033.005,9517.25,PA,lower,vest2020_tiger2025,2020,2026,35.586
185,21103.443,8839.293,PA,lower,vest2020_tiger2025,2020,2026,40.959
186,30009.095,3112.046,PA,lower,vest2020_tiger2025,2020,2026,81.208
187,17865.0,21062.0,PA,lower,vest2020_tiger2025,2020,2026,-8.213
188,26944.0,1287.0,PA,lower,vest2020_tiger2025,2020,2026,90.882
189,16481.049,12187.714,PA,lower,vest2020_tiger2025,2020,2026,14.976
19,22475.514,4736.511,PA,lower,vest2020_tiger2025,2020,2026,65.188
190,29330.242,1206.551,PA,lower,vest2020_tiger2025,2020,2026,92.098
191,27270.436,1295.137,PA,lower,vest2020_tiger2025,2020,2026,90.932
192,30111.999,1372.0,PA,lower,vest2020_tiger2025,2020,2026,91.284
193,9641.513,22286.964,PA,lower,vest2020_tiger2025,2020,2026,-39.606
194,28073.394,8093.108,PA,lower,vest2020_tiger2025,2020,2026,55.245
195,28815.769,1992.148,PA,lower,vest2020_tiger2025,2020,2026,87.067
196,11639.124,23818.791,PA,lower,vest2020_tiger2025,2020,2026,-34.35
197,20716.0,2731.0,PA,lower,vest2020_tiger2025,2020,2026,76.705
198,28273.0,1383.0,PA,lower,vest2020_tiger2025,2020,2026,90.673
199,13362.641,19171.823,PA,lower,vest2020_tiger2025,2020,2026,-17.855
2,17845.0,14953.0,PA,lower,vest2020_tiger2025,2020,2026,8.818
20,21236.063,15272.322,PA,lower,vest2020_tiger2025,2020,2026,16.335
200,39893.401,1354.76,PA,lower,vest2020_tiger2025,2020,2026,93.431
201,31479.0,1069.0,PA,lower,vest2020_tiger2025,2020,2026,93.431
202,13716.0,5618.0,PA,lower,vest2020_tiger2025,2020,2026,41.885
203,21188.0,4496.0,PA,lower,vest2020_tiger2025,2020,2026,64.99
21,24024.065,14951.319,PA,lower,vest2020_tiger2025,2020,2026,23.278
22,12317.864,6069.065,PA,lower,vest2020_tiger2025,2020,2026,33.985
23,27009.722,5364.313,PA,lower,vest2020_tiger2025,2020,2026,66.86
24,29858.167,3284.783,PA,lower,vest2020_tiger2025,2020,2026,80.178
25,19596.31,16357.982,PA,lower,vest2020_tiger2025,2020,2026,9.007
26,21266.0,16276.0,PA,lower,vest2020_tiger2025,2020,2026,13.292
27,20952.445,13393.732,PA,lower,vest2020_tiger2025,2020,2026,22.007
28,18008.973,21327.816,PA,lower,vest2020_tiger2025,2020,2026,-8.437
29,26374.934,18646.276,PA,lower,vest2020_tiger2025,2020,2026,17.167
3,19733.994,18876.995,PA,lower,vest2020_tiger2025,2020,2026,2.22
30,21307.028,18955.185,PA,lower,vest2020_tiger2025,2020,2026,5.841
31,27944.671,19378.832,PA,lower,vest2020_tiger2025,2020,2026,18.101
32,23726.685,13865.014,PA,lower,vest2020_tiger2025,2020,2026,26.234
33,18642.959,17183.983,PA,lower,vest2020_tiger2025,2020,2026,4.072
34,29702.859,6887.455,PA,lower,vest2020_tiger2025,2020,2026,62.354
35,18592.045,13383.059,PA,lower,vest2020_tiger2025,2020,2026,16.291
36,20524.206,11459.579,PA,lower,vest2020_tiger2025,2020,2026,28.341
37,13471.0,24473.0,PA,lower,vest2020_tiger2025,2020,2026,-28.995
38,18617.43,17270.409,PA,lower,vest2020_tiger2025,2020,2026,3.753
39,16098.297,22960.627,PA,lower,vest2020_tiger2025,2020,2026,-17.569
4,12658.0,20928.0,PA,lower,vest2020_tiger2025,2020,2026,-24.623
40,20013.491,23311.193,PA,lower,vest2020_tiger2025,2020,2026,-7.612
41,16516.499,18137.42,PA,lower,vest2020_tiger2025,2020,2026,-4.677
42,26548.0,14713.0,PA,lower,vest2020_tiger2025,2020,2026,28.683
43,9353.0,19371.0,PA,lower,vest2020_tiger2025,2020,2026,-34.877
44,18157.0,19381.0,PA,lower,vest2020_tiger2025,2020,2026,-3.261
45,19182.0,17227.0,PA,lower,vest2020_tiger2025,2020,2026,5.37
46,16347.421,21499.422,PA,lower,vest2020_tiger2025,2020,2026,-13.613
47,13624.136,20441.43,PA,lower,vest2020_tiger2025,2020,2026,-20.012
48,14224.011,21979.59,PA,lower,vest2020_tiger2025,2020,2026,-21.422
49,16313.501,7732.58,PA,lower,vest2020_tiger2025,2020,2026,35.685
5,12751.0,22053.0,PA,lower,vest2020_tiger2025,2020,2026,-26.727
50,10809.615,21661.385,PA,lower,vest2020_tiger2025,2020,2026,-33.42
51,10850.0,19888.0,PA,lower,vest2020_tiger2025,2020,2026,-29.403
52,9606.0,21355.0,PA,lower,vest2020_tiger2025,2020,2026,-37.948
53,20034.0,14697.0,PA,lower,vest2020_tiger2025,2020,2026,15.367
54,20087.0,7897.0,PA,lower,vest2020_tiger2025,2020,2026,43.561
55,14926.415,23830.038,PA,lower,vest2020_tiger2025,2020,2026,-22.973
56,13681.0,24907.0,PA,lower,vest2020_tiger2025,2020,2026,-29.092
57,14244.0,23243.0,PA,lower,vest2020_tiger2025,2020,2026,-24.006
58,12152.099,23364.508,PA,lower,vest2020_tiger2025,2020,2026,-31.569
59,12068.004,25981.567,PA,lower,vest2020_tiger2025,2020,2026,-36.567
6,10750.0,21498.0,PA,lower,vest2020_tiger2025,2020,2026,-33.329
60,10820.472,24498.955,PA,lower,vest2020_tiger2025,2020,2026,-38.728
61,25709.0,15991.0,PA,lower,vest2020_tiger2025,2020,2026,23.305
62,11041.0,21233.0,PA,lower,vest2020_tiger2025,2020,2026,-31.58
63,7435.001,26540.905,PA,lower,vest2020_tiger2025,2020,2026,-56.234
64,8998.239,22320.781,PA,lower,vest2020_tiger2025,2020,2026,-42.538
65,9203.761,22341.219,PA,lower,vest2020_tiger2025,2020,2026,-41.647
66,6119.601,24813.338,PA,lower,vest2020_tiger2025,2020,2026,-60.433
67,7458.001,23093.002,PA,lower,vest2020_tiger2025,2020,2026,-51.177
68,7558.824,24408.42,PA,lower,vest2020_tiger2025,2020,2026,-52.709
69,7241.686,28103.228,PA,lower,vest2020_tiger2025,2020,2026,-59.023
7,14952.0,19174.0,PA,lower,vest2020_tiger2025,2020,2026,-12.372
70,23640.0,16844.0,PA,lower,vest2020_tiger2025,2020,2026,16.787
71,9486.572,24015.327,PA,lower,vest2020_tiger2025,2020,2026,-43.367
72,11621.717,21238.566,PA,lower,vest2020_tiger2025,2020,2026,-29.266
73,7508.821,23028.6,PA,lower,vest2020_tiger2025,2020,2026,-50.822
74,17699.999,13622.999,PA,lower,vest2020_tiger2025,2020,2026,13.016
75,8717.999,24507.998,PA,lower,vest2020_tiger2025,2020,2026,-47.523
76,9600.083,19748.179,PA,lower,vest2020_tiger2025,2020,2026,-34.578
77,17697.709,12093.811,PA,lower,vest2020_tiger2025,2020,2026,18.81
78,5451.815,29847.21,PA,lower,vest2020_tiger2025,2020,2026,-69.111
79,10022.982,19946.718,PA,lower,vest2020_tiger2025,2020,2026,-33.113
8,11447.548,27844.282,PA,lower,vest2020_tiger2025,2020,2026,-41.731
80,7940.141,26539.17,PA,lower,vest2020_tiger2025,2020,2026,-53.943
81,7831.838,25453.328,PA,lower,vest2020_tiger2025,2020,2026,-52.941
82,15400.305,13449.957,PA,lower,vest2020_tiger2025,2020,2026,6.76
83,10207.0,17888.0,PA,lower,vest2020_tiger2025,2020,2026,-27.339
84,8278.0,28354.001,PA,lower,vest2020_tiger2025,2020,2026,-54.805
85,9527.0,23760.0,PA,lower,vest2020_tiger2025,2020,2026,-42.758
86,7791.0,25520.0,PA,lower,vest2020_tiger2025,2020,2026,-53.223
87,16411.285,21220.505,PA,lower,vest2020_tiger2025,2020,2026,-12.78
88,18121.645,18699.307,PA,lower,vest2020_tiger2025,2020,2026,-1.569
89,11272.0,22290.999,PA,lower,vest2020_tiger2025,2020,2026,-32.831
9,12138.218,20594.795,PA,lower,vest2020_tiger2025,2020,2026,-25.835
90,8435.357,25376.446,PA,lower,vest2020_tiger2025,2020,2026,-50.104
91,12547.773,23222.294,PA,lower,vest2020_tiger2025,2020,2026,-29.842
92,12304.876,25475.209,PA,lower,vest2020_tiger2025,2020,2026,-34.861
93,13412.0,23484.0,PA,lower,vest2020_tiger2025,2020,2026,-27.298
94,11022.864,22375.57,PA,lower,vest2020_tiger2025,2020,2026,-33.992
95,14600.0,8277.0,PA,lower,vest2020_tiger2025,2020,2026,27.639
96,21592.483,13650.935,PA,lower,vest2020_tiger2025,2020,2026,22.533
97,15598.517,22179.065,PA,lower,vest2020_tiger2025,2020,2026,-17.419
98,13685.807,23120.932,PA,lower,vest2020_tiger2025,2020,2026,-25.634
99,9044.001,21922.001,PA,lower,vest2020_tiger2025,2020,2026,-41.588
1,50401.268,60276.256,NC,upper,vest2020_tiger2025,2020,2026,-8.922
10,41257.131,68352.69,NC,upper,vest2020_tiger2025,2020,2026,-24.72
11,54257.002,55119.001,NC,upper,vest2020_tiger2025,2020,2026,-0.788
12,34687.112,53457.126,NC,upper,vest2020_tiger2025,2020,2026,-21.295
13,59111.825,57008.037,NC,upper,vest2020_tiger2025,2020,2026,1.812
14,75125.49,23507.972,NC,upper,vest2020_tiger2025,2020,2026,52.333
15,72638.133,32118.175,NC,upper,vest2020_tiger2025,2020,2026,38.68
16,79787.338,36911.929,NC,upper,vest2020_tiger2025,2020,2026,36.74
17,64180.5,34159.226,NC,upper,vest2020_tiger2025,2020,2026,30.528
18,56965.487,59052.971,NC,upper,vest2020_tiger2025,2020,2026,-1.799
19,63397.213,32708.615,NC,upper,vest2020_tiger2025,2020,2026,31.932
2,50350.732,63910.744,NC,upper,vest2020_tiger2025,2020,2026,-11.868
20,87733.38,32779.752,NC,upper,vest2020_tiger2025,2020,2026,45.6
21,41850.825,64087.435,NC,upper,vest2020_tiger2025,2020,2026,-20.99
22,83749.476,20865.562,NC,upper,vest2020_tiger2025,2020,2026,60.11
23,76920.855,40449.91,NC,upper,vest2020_tiger2025,2020,2026,31.073
24,38010.022,44731.995,NC,upper,vest2020_tiger2025,2020,2026,-8.124
25,43718.605,65301.55,NC,upper,vest2020_tiger2025,2020,2026,-19.797
26,46329.346,73235.451,NC,upper,vest2020_tiger2025,2020,2026,-22.503
27,67279.328,43257.013,NC,upper,vest2020_tiger2025,2020,2026,21.733
28,75474.705,22119.461,NC,upper,vest2020_tiger2025,2020,2026,54.671
29,34839.93,70147.381,NC,upper,vest2020_tiger2025,2020,2026,-33.63
3,44386.0,62059.0,NC,upper,vest2020_tiger2025,2020,2026,-16.603
30,29338.255,82853.682,NC,upper,vest2020_tiger2025,2020,2026,-47.7
31,46101.2,75881.688,NC,upper,vest2020_tiger2025,2020,2026,-24.414
32,72232.647,29367.489,NC,upper,vest2020_tiger2025,2020,2026,42.19
33,31264.929,74773.303,NC,upper,vest2020_tiger2025,2020,2026,-41.031
34,48931.967,59754.466,NC,upper,vest2020_tiger2025,2020,2026,-9.958
35,46707.572,76907.309,NC,upper,vest2020_tiger2025,2020,2026,-24.431
36,24138.472,86933.246,NC,upper,vest2020_tiger2025,2020,2026,-56.535
37,44688.395,77357.914,NC,upper,vest2020_tiger2025,2020,2026,-26.768
38,76674.508,35069.171,NC,upper,vest2020_tiger2025,2020,2026,37.233
39,71051.994,32903.996,NC,upper,vest2020_tiger2025,2020,2026,36.696
4,48800.999,55163.999,NC,upper,vest2020_tiger2025,2020,2026,-6.12
40,69211.608,20144.654,NC,upper,vest2020_tiger2025,2020,2026,54.912
41,84247.995,22331.0,NC,upper,vest2020_tiger2025,2020,2026,58.095
42,66094.083,58400.037,NC,upper,vest2020_tiger2025,2020,2026,6.18
43,39352.0,66189.999,NC,upper,vest2020_tiger2025,2020,2026,-25.429
44,31835.962,76981.879,NC,upper,vest2020_tiger2025,2020,2026,-41.488
45,32694.943,79316.781,NC,upper,vest2020_tiger2025,2020,2026,-41.622
46,35397.0,69757.0,NC,upper,vest2020_tiger2025,2020,2026,-32.676
47,42167.548,76431.447,NC,upper,vest2020_tiger2025,2020,2026,-28.891
48,40859.291,72603.083,NC,upper,vest2020_tiger2025,2020,2026,-27.977
49,80072.709,40565.918,NC,upper,vest2020_tiger2025,2020,2026,32.748
5,63341.0,48188.0,NC,upper,vest2020_tiger2025,2020,2026,13.587
50,42864.966,78800.951,NC,upper,vest2020_tiger2025,2020,2026,-29.537
6,24266.0,46077.999,NC,upper,vest2020_tiger2025,2020,2026,-31.008
7,54534.376,60610.388,NC,upper,vest2020_tiger2025,2020,2026,-5.277
8,54360.378,75402.863,NC,upper,vest2020_tiger2025,2020,2026,-16.216
9,40609.46,64389.362,NC,upper,vest2020_tiger2025,2020,2026,-22.648
1,17994.106,30234.456,NC,lower,vest2020_tiger2025,2020,2026,-25.38
10,17870.77,22943.862,NC,lower,vest2020_tiger2025,2020,2026,-12.43
100,25978.921,13674.966,NC,lower,vest2020_tiger2025,2020,2026,31.028
101,28709.032,12692.007,NC,lower,vest2020_tiger2025,2020,2026,38.687
102,33564.0,10235.0,NC,lower,vest2020_tiger2025,2020,2026,53.264
103,26571.994,19215.996,NC,lower,vest2020_tiger2025,2020,2026,16.065
104,30494.0,19601.0,NC,lower,vest2020_tiger2025,2020,2026,21.745
105,26042.083,27121.037,NC,lower,vest2020_tiger2025,2020,2026,-2.03
106,33661.169,10901.487,NC,lower,vest2020_tiger2025,2020,2026,51.073
107,35931.972,6406.993,NC,lower,vest2020_tiger2025,2020,2026,69.735
108,14669.999,29392.998,NC,lower,vest2020_tiger2025,2020,2026,-33.414
109,19250.039,28110.058,NC,lower,vest2020_tiger2025,2020,2026,-18.708
11,33686.987,16907.994,NC,lower,vest2020_tiger2025,2020,2026,33.163
110,14925.962,28471.944,NC,lower,vest2020_tiger2025,2020,2026,-31.213
111,11372.961,31370.876,NC,lower,vest2020_tiger2025,2020,2026,-46.785
112,29024.992,7386.998,NC,lower,vest2020_tiger2025,2020,2026,59.425
113,17455.482,33941.338,NC,lower,vest2020_tiger2025,2020,2026,-32.076
114,30584.768,23902.946,NC,lower,vest2020_tiger2025,2020,2026,12.263
115,23248.057,27750.138,NC,lower,vest2020_tiger2025,2020,2026,-8.828
116,42686.884,10767.834,NC,lower,vest2020_tiger2025,2020,2026,59.712
117,21645.808,30342.744,NC,lower,vest2020_tiger2025,2020,2026,-16.729
118,18045.0,30813.0,NC,lower,vest2020_tiger2025,2020,2026,-26.133
119,20815.516,27154.869,NC,lower,vest2020_tiger2025,2020,2026,-13.215
12,19634.0,22744.0,NC,lower,vest2020_tiger2025,2020,2026,-7.339
120,12416.484,35659.131,NC,lower,vest2020_tiger2025,2020,2026,-48.346
13,13631.274,32023.983,NC,lower,vest2020_tiger2025,2020,2026,-40.286
14,8548.0,14358.0,NC,lower,vest2020_tiger2025,2020,2026,-25.365
15,12830.0,23202.0,NC,lower,vest2020_tiger2025,2020,2026,-28.786
16,14611.0,30474.0,NC,lower,vest2020_tiger2025,2020,2026,-35.185
17,22034.263,35137.104,NC,lower,vest2020_tiger2025,2020,2026,-22.919
18,28822.295,16785.112,NC,lower,vest2020_tiger2025,2020,2026,26.393
19,23792.868,37044.286,NC,lower,vest2020_tiger2025,2020,2026,-21.782
2,27903.76,22495.68,NC,lower,vest2020_tiger2025,2020,2026,10.73
20,24798.574,30214.498,NC,lower,vest2020_tiger2025,2020,2026,-9.845
21,28683.254,16327.731,NC,lower,vest2020_tiger2025,2020,2026,27.45
22,18291.551,27087.614,NC,lower,vest2020_tiger2025,2020,2026,-19.383
23,27939.0,19555.0,NC,lower,vest2020_tiger2025,2020,2026,17.653
24,21612.388,21249.539,NC,lower,vest2020_tiger2025,2020,2026,0.847
25,25088.612,24158.461,NC,lower,vest2020_tiger2025,2020,2026,1.889
26,20310.069,27585.047,NC,lower,vest2020_tiger2025,2020,2026,-15.189
27,28014.0,17821.0,NC,lower,vest2020_tiger2025,2020,2026,22.238
28,12846.063,26627.645,NC,lower,vest2020_tiger2025,2020,2026,-34.913
29,46647.002,8113.001,NC,lower,vest2020_tiger2025,2020,2026,70.369
3,19609.726,29036.017,NC,lower,vest2020_tiger2025,2020,2026,-19.377
30,41118.925,6323.07,NC,lower,vest2020_tiger2025,2020,2026,73.344
31,37494.068,8715.026,NC,lower,vest2020_tiger2025,2020,2026,62.28
32,23311.002,20978.003,NC,lower,vest2020_tiger2025,2020,2026,5.268
33,32093.554,12036.838,NC,lower,vest2020_tiger2025,2020,2026,45.449
34,34117.841,17568.669,NC,lower,vest2020_tiger2025,2020,2026,32.018
35,24091.012,26720.163,NC,lower,vest2020_tiger2025,2020,2026,-5.174
36,28114.642,22592.678,NC,lower,vest2020_tiger2025,2020,2026,10.89
37,24199.811,27768.889,NC,lower,vest2020_tiger2025,2020,2026,-6.868
38,33376.327,6608.533,NC,lower,vest2020_tiger2025,2020,2026,66.945
39,27987.276,16721.961,NC,lower,vest2020_tiger2025,2020,2026,25.197
4,15111.23,21558.138,NC,lower,vest2020_tiger2025,2020,2026,-17.581
40,34916.219,19682.104,NC,lower,vest2020_tiger2025,2020,2026,27.902
41,30128.371,14143.123,NC,lower,vest2020_tiger2025,2020,2026,36.107
42,20080.841,6318.04,NC,lower,vest2020_tiger2025,2020,2026,52.134
43,18898.748,24296.654,NC,lower,vest2020_tiger2025,2020,2026,-12.496
44,23569.419,14058.313,NC,lower,vest2020_tiger2025,2020,2026,25.277
45,21919.99,15358.993,NC,lower,vest2020_tiger2025,2020,2026,17.6
46,14030.776,25580.246,NC,lower,vest2020_tiger2025,2020,2026,-29.157
47,14436.0,19058.0,NC,lower,vest2020_tiger2025,2020,2026,-13.799
48,18990.0,16926.0,NC,lower,vest2020_tiger2025,2020,2026,5.747
49,30115.672,11254.939,NC,lower,vest2020_tiger2025,2020,2026,45.59
5,21012.0,20928.0,NC,lower,vest2020_tiger2025,2020,2026,0.2
50,29099.852,21472.744,NC,lower,vest2020_tiger2025,2020,2026,15.082
51,15116.041,23773.052,NC,lower,vest2020_tiger2025,2020,2026,-22.261
52,18239.939,24767.449,NC,lower,vest2020_tiger2025,2020,2026,-15.178
53,15374.969,27169.26,NC,lower,vest2020_tiger2025,2020,2026,-27.722
54,27823.101,23853.539,NC,lower,vest2020_tiger2025,2020,2026,7.682
55,15815.007,23349.467,NC,lower,vest2020_tiger2025,2020,2026,-19.238
56,39356.003,5793.166,NC,lower,vest2020_tiger2025,2020,2026,74.338
57,33296.173,15603.09,NC,lower,vest2020_tiger2025,2020,2026,36.183
58,32074.337,9517.681,NC,lower,vest2020_tiger2025,2020,2026,54.233
59,23609.686,29977.729,NC,lower,vest2020_tiger2025,2020,2026,-11.883
6,14901.049,22231.611,NC,lower,vest2020_tiger2025,2020,2026,-19.742
60,25939.798,14316.969,NC,lower,vest2020_tiger2025,2020,2026,28.872
61,33451.438,9412.586,NC,lower,vest2020_tiger2025,2020,2026,56.082
62,24719.947,28482.869,NC,lower,vest2020_tiger2025,2020,2026,-7.073
63,19821.258,22644.22,NC,lower,vest2020_tiger2025,2020,2026,-6.648
64,19003.74,23411.776,NC,lower,vest2020_tiger2025,2020,2026,-10.393
65,15992.001,31301.001,NC,lower,vest2020_tiger2025,2020,2026,-32.371
66,31732.806,17777.685,NC,lower,vest2020_tiger2025,2020,2026,28.186
67,12455.081,33865.671,NC,lower,vest2020_tiger2025,2020,2026,-46.222
68,20498.992,31027.532,NC,lower,vest2020_tiger2025,2020,2026,-20.433
69,18200.0,31326.0,NC,lower,vest2020_tiger2025,2020,2026,-26.503
7,19564.001,24961.0,NC,lower,vest2020_tiger2025,2020,2026,-12.121
70,10143.269,33412.865,NC,lower,vest2020_tiger2025,2020,2026,-53.424
71,29952.632,13036.662,NC,lower,vest2020_tiger2025,2020,2026,39.349
72,31183.207,9527.074,NC,lower,vest2020_tiger2025,2020,2026,53.196
73,20550.818,24195.263,NC,lower,vest2020_tiger2025,2020,2026,-8.145
74,22697.614,27832.618,NC,lower,vest2020_tiger2025,2020,2026,-10.162
75,19275.153,25489.951,NC,lower,vest2020_tiger2025,2020,2026,-13.883
76,16532.267,26949.584,NC,lower,vest2020_tiger2025,2020,2026,-23.958
77,11973.674,38629.713,NC,lower,vest2020_tiger2025,2020,2026,-52.676
78,12753.044,37321.416,NC,lower,vest2020_tiger2025,2020,2026,-49.064
79,19421.894,31263.544,NC,lower,vest2020_tiger2025,2020,2026,-23.363
8,25148.533,13117.25,NC,lower,vest2020_tiger2025,2020,2026,31.441
80,10531.667,32589.43,NC,lower,vest2020_tiger2025,2020,2026,-51.153
81,12092.986,32034.883,NC,lower,vest2020_tiger2025,2020,2026,-45.191
82,21686.733,26918.771,NC,lower,vest2020_tiger2025,2020,2026,-10.764
83,15032.277,30014.088,NC,lower,vest2020_tiger2025,2020,2026,-33.259
84,14480.968,29576.938,NC,lower,vest2020_tiger2025,2020,2026,-34.264
85,13031.0,36465.001,NC,lower,vest2020_tiger2025,2020,2026,-47.345
86,13118.0,31019.0,NC,lower,vest2020_tiger2025,2020,2026,-40.558
87,11707.192,33597.188,NC,lower,vest2020_tiger2025,2020,2026,-48.318
88,27455.999,10452.0,NC,lower,vest2020_tiger2025,2020,2026,44.856
89,11747.795,35212.107,NC,lower,vest2020_tiger2025,2020,2026,-49.967
9,22103.467,25864.75,NC,lower,vest2020_tiger2025,2020,2026,-7.841
90,10137.003,35100.709,NC,lower,vest2020_tiger2025,2020,2026,-55.183
91,15225.242,29362.872,NC,lower,vest2020_tiger2025,2020,2026,-31.707
92,29175.001,12236.0,NC,lower,vest2020_tiger2025,2020,2026,40.905
93,21308.264,28958.991,NC,lower,vest2020_tiger2025,2020,2026,-15.22
94,10238.975,35901.099,NC,lower,vest2020_tiger2025,2020,2026,-55.618
95,17142.89,30905.144,NC,lower,vest2020_tiger2025,2020,2026,-28.643
96,16198.203,27892.885,NC,lower,vest2020_tiger2025,2020,2026,-26.524
97,13274.0,36341.001,NC,lower,vest2020_tiger2025,2020,2026,-46.492
98,25040.097,24511.561,NC,lower,vest2020_tiger2025,2020,2026,1.067
99,26438.468,4772.651,NC,lower,vest2020_tiger2025,2020,2026,69.417
1,37757.733,49202.503,GA,upper,vest2020_tiger2025,2020,2026,-13.161
10,87662.766,15078.149,GA,upper,vest2020_tiger2025,2020,2026,70.648
11,27397.0,50294.001,GA,upper,vest2020_tiger2025,2020,2026,-29.472
12,47115.489,33893.885,GA,upper,vest2020_tiger2025,2020,2026,16.321
13,23543.539,55887.234,GA,upper,vest2020_tiger2025,2020,2026,-40.719
14,58295.359,38683.725,GA,upper,vest2020_tiger2025,2020,2026,20.223
15,45396.497,22510.573,GA,upper,vest2020_tiger2025,2020,2026,33.702
16,36480.267,65234.205,GA,upper,vest2020_tiger2025,2020,2026,-28.269
17,66677.681,22877.951,GA,upper,vest2020_tiger2025,2020,2026,48.908
18,37215.281,58043.294,GA,upper,vest2020_tiger2025,2020,2026,-21.865
19,18644.301,55377.669,GA,upper,vest2020_tiger2025,2020,2026,-49.625
2,54896.613,20257.268,GA,upper,vest2020_tiger2025,2020,2026,46.091
20,30130.572,57691.982,GA,upper,vest2020_tiger2025,2020,2026,-31.383
21,34434.998,67770.568,GA,upper,vest2020_tiger2025,2020,2026,-32.616
22,56468.617,22815.66,GA,upper,vest2020_tiger2025,2020,2026,42.446
23,36676.362,49535.051,GA,upper,vest2020_tiger2025,2020,2026,-14.915
24,33804.021,69459.298,GA,upper,vest2020_tiger2025,2020,2026,-34.529
25,34413.016,56616.114,GA,upper,vest2020_tiger2025,2020,2026,-24.391
26,49945.838,27684.668,GA,upper,vest2020_tiger2025,2020,2026,28.676
27,29965.876,67415.975,GA,upper,vest2020_tiger2025,2020,2026,-38.457
28,67252.603,22886.404,GA,upper,vest2020_tiger2025,2020,2026,49.22
29,34252.542,57072.551,GA,upper,vest2020_tiger2025,2020,2026,-24.988
3,30334.772,58044.293,GA,upper,vest2020_tiger2025,2020,2026,-31.353
30,31505.203,57915.518,GA,upper,vest2020_tiger2025,2020,2026,-29.535
31,30625.906,61393.397,GA,upper,vest2020_tiger2025,2020,2026,-33.436
32,42736.054,55650.544,GA,upper,vest2020_tiger2025,2020,2026,-13.126
33,53132.947,28278.957,GA,upper,vest2020_tiger2025,2020,2026,30.529
34,59608.225,12454.784,GA,upper,vest2020_tiger2025,2020,2026,65.434
35,72162.282,19203.877,GA,upper,vest2020_tiger2025,2020,2026,57.963
36,77323.164,8958.201,GA,upper,vest2020_tiger2025,2020,2026,79.235
37,48951.41,60992.306,GA,upper,vest2020_tiger2025,2020,2026,-10.952
38,73266.056,20085.91,GA,upper,vest2020_tiger2025,2020,2026,56.967
39,73513.891,12008.299,GA,upper,vest2020_tiger2025,2020,2026,71.918
4,26953.99,53695.798,GA,upper,vest2020_tiger2025,2020,2026,-33.158
40,53335.071,28838.903,GA,upper,vest2020_tiger2025,2020,2026,29.81
41,68988.023,12366.714,GA,upper,vest2020_tiger2025,2020,2026,69.598
42,41400.355,58748.924,GA,upper,vest2020_tiger2025,2020,2026,-17.323
43,65589.066,22177.864,GA,upper,vest2020_tiger2025,2020,2026,49.462
44,86898.958,9744.672,GA,upper,vest2020_tiger2025,2020,2026,79.834
45,36735.642,52222.551,GA,upper,vest2020_tiger2025,2020,2026,-17.409
46,37305.801,54398.959,GA,upper,vest2020_tiger2025,2020,2026,-18.639
47,35690.633,51575.848,GA,upper,vest2020_tiger2025,2020,2026,-18.203
48,46582.55,49771.534,GA,upper,vest2020_tiger2025,2020,2026,-3.31
49,23384.669,61174.863,GA,upper,vest2020_tiger2025,2020,2026,-44.691
5,38462.454,13820.787,GA,upper,vest2020_tiger2025,2020,2026,47.131
50,16544.11,72477.573,GA,upper,vest2020_tiger2025,2020,2026,-62.831
51,17864.865,84147.394,GA,upper,vest2020_tiger2025,2020,2026,-64.975
52,21439.979,60928.296,GA,upper,vest2020_tiger2025,2020,2026,-47.941
53,17599.979,67265.813,GA,upper,vest2020_tiger2025,2020,2026,-58.523
54,16795.868,54739.085,GA,upper,vest2020_tiger2025,2020,2026,-53.042
55,73635.135,20383.919,GA,upper,vest2020_tiger2025,2020,2026,56.639
56,50501.403,64963.337,GA,upper,vest2020_tiger2025,2020,2026,-12.525
6,28429.675,68246.861,GA,upper,vest2020_tiger2025,2020,2026,-41.186
7,49960.368,35347.711,GA,upper,vest2020_tiger2025,2020,2026,17.129
8,26111.279,48874.139,GA,upper,vest2020_tiger2025,2020,2026,-30.356
9,52671.625,34596.522,GA,upper,vest2020_tiger2025,2020,2026,20.712
1,5247.745,19823.867,GA,lower,vest2020_tiger2025,2020,2026,-58.138
10,5001.887,22054.277,GA,lower,vest2020_tiger2025,2020,2026,-63.026
100,11414.075,17246.711,GA,lower,vest2020_tiger2025,2020,2026,-20.351
101,20286.605,7157.02,GA,lower,vest2020_tiger2025,2020,2026,47.842
102,14927.08,7413.234,GA,lower,vest2020_tiger2025,2020,2026,33.634
103,12088.216,15967.559,GA,lower,vest2020_tiger2025,2020,2026,-13.827
104,10210.077,18018.705,GA,lower,vest2020_tiger2025,2020,2026,-27.662
105,14673.484,14580.328,GA,lower,vest2020_tiger2025,2020,2026,0.318
106,15854.523,9518.792,GA,lower,vest2020_tiger2025,2020,2026,24.97
107,16069.804,10141.275,GA,lower,vest2020_tiger2025,2020,2026,22.618
108,15602.817,13370.235,GA,lower,vest2020_tiger2025,2020,2026,7.706
109,12503.201,3775.051,GA,lower,vest2020_tiger2025,2020,2026,53.618
11,6189.086,26574.383,GA,lower,vest2020_tiger2025,2020,2026,-62.22
110,18447.024,11440.987,GA,lower,vest2020_tiger2025,2020,2026,23.441
111,11819.214,20023.747,GA,lower,vest2020_tiger2025,2020,2026,-25.766
112,9308.978,20849.459,GA,lower,vest2020_tiger2025,2020,2026,-38.266
113,18152.441,6995.935,GA,lower,vest2020_tiger2025,2020,2026,44.363
114,10337.953,22618.714,GA,lower,vest2020_tiger2025,2020,2026,-37.263
115,27863.04,6049.58,GA,lower,vest2020_tiger2025,2020,2026,64.323
116,24555.843,5452.156,GA,lower,vest2020_tiger2025,2020,2026,63.662
117,19560.824,7465.017,GA,lower,vest2020_tiger2025,2020,2026,44.756
118,10298.923,19653.259,GA,lower,vest2020_tiger2025,2020,2026,-31.231
119,7122.652,18776.856,GA,lower,vest2020_tiger2025,2020,2026,-44.998
12,5550.879,20177.917,GA,lower,vest2020_tiger2025,2020,2026,-56.851
120,12723.986,15683.615,GA,lower,vest2020_tiger2025,2020,2026,-10.418
121,14301.628,16543.447,GA,lower,vest2020_tiger2025,2020,2026,-7.268
122,15739.205,4245.682,GA,lower,vest2020_tiger2025,2020,2026,57.511
123,9481.014,20197.005,GA,lower,vest2020_tiger2025,2020,2026,-36.107
124,12680.217,19220.151,GA,lower,vest2020_tiger2025,2020,2026,-20.501
125,10810.466,17998.797,GA,lower,vest2020_tiger2025,2020,2026,-24.951
126,16908.717,10382.498,GA,lower,vest2020_tiger2025,2020,2026,23.913
127,12100.048,19950.235,GA,lower,vest2020_tiger2025,2020,2026,-24.493
128,14200.071,14056.832,GA,lower,vest2020_tiger2025,2020,2026,0.507
129,15368.21,6911.725,GA,lower,vest2020_tiger2025,2020,2026,37.956
13,7914.088,14870.785,GA,lower,vest2020_tiger2025,2020,2026,-30.532
130,16585.361,7643.219,GA,lower,vest2020_tiger2025,2020,2026,36.907
131,11149.31,19291.061,GA,lower,vest2020_tiger2025,2020,2026,-26.747
132,16055.849,6809.315,GA,lower,vest2020_tiger2025,2020,2026,40.439
133,8604.936,17093.928,GA,lower,vest2020_tiger2025,2020,2026,-33.033
134,8879.163,18939.43,GA,lower,vest2020_tiger2025,2020,2026,-36.164
135,7765.3,21518.735,GA,lower,vest2020_tiger2025,2020,2026,-46.966
136,10253.849,19065.196,GA,lower,vest2020_tiger2025,2020,2026,-30.053
137,16055.389,10990.534,GA,lower,vest2020_tiger2025,2020,2026,18.727
138,9406.23,21852.648,GA,lower,vest2020_tiger2025,2020,2026,-39.817
139,10651.523,16629.553,GA,lower,vest2020_tiger2025,2020,2026,-21.913
14,5521.639,23408.69,GA,lower,vest2020_tiger2025,2020,2026,-61.828
140,12657.863,4040.148,GA,lower,vest2020_tiger2025,2020,2026,51.609
141,16107.416,6236.112,GA,lower,vest2020_tiger2025,2020,2026,44.18
142,15400.134,10856.51,GA,lower,vest2020_tiger2025,2020,2026,17.305
143,15020.325,8193.606,GA,lower,vest2020_tiger2025,2020,2026,29.408
144,9675.22,22481.702,GA,lower,vest2020_tiger2025,2020,2026,-39.825
145,14999.282,12527.927,GA,lower,vest2020_tiger2025,2020,2026,8.978
146,10697.625,17003.601,GA,lower,vest2020_tiger2025,2020,2026,-22.764
147,12313.529,15029.173,GA,lower,vest2020_tiger2025,2020,2026,-9.932
148,9626.472,19817.032,GA,lower,vest2020_tiger2025,2020,2026,-34.611
149,13888.126,9388.966,GA,lower,vest2020_tiger2025,2020,2026,19.329
15,7497.84,18668.307,GA,lower,vest2020_tiger2025,2020,2026,-42.691
150,12390.458,10430.384,GA,lower,vest2020_tiger2025,2020,2026,8.589
151,12446.189,12990.333,GA,lower,vest2020_tiger2025,2020,2026,-2.139
152,8668.801,20017.147,GA,lower,vest2020_tiger2025,2020,2026,-39.561
153,15553.602,7190.224,GA,lower,vest2020_tiger2025,2020,2026,36.772
154,14424.205,12624.926,GA,lower,vest2020_tiger2025,2020,2026,6.652
155,9295.0,17343.0,GA,lower,vest2020_tiger2025,2020,2026,-30.212
156,6539.331,15433.913,GA,lower,vest2020_tiger2025,2020,2026,-40.479
157,5808.017,17322.135,GA,lower,vest2020_tiger2025,2020,2026,-49.78
158,8686.122,16045.476,GA,lower,vest2020_tiger2025,2020,2026,-29.757
159,8433.203,19473.633,GA,lower,vest2020_tiger2025,2020,2026,-39.562
16,5911.895,20515.251,GA,lower,vest2020_tiger2025,2020,2026,-55.259
160,6733.668,14453.308,GA,lower,vest2020_tiger2025,2020,2026,-36.436
161,10552.561,15437.924,GA,lower,vest2020_tiger2025,2020,2026,-18.797
162,15557.211,7523.252,GA,lower,vest2020_tiger2025,2020,2026,34.808
163,18100.174,6726.022,GA,lower,vest2020_tiger2025,2020,2026,45.815
164,10063.771,13646.318,GA,lower,vest2020_tiger2025,2020,2026,-15.11
165,18662.291,5205.163,GA,lower,vest2020_tiger2025,2020,2026,56.383
166,14895.806,26366.252,GA,lower,vest2020_tiger2025,2020,2026,-27.799
167,8438.312,17134.122,GA,lower,vest2020_tiger2025,2020,2026,-34.005
168,12787.823,7743.0,GA,lower,vest2020_tiger2025,2020,2026,24.572
169,6111.64,16225.56,GA,lower,vest2020_tiger2025,2020,2026,-45.278
17,10168.725,18575.024,GA,lower,vest2020_tiger2025,2020,2026,-29.246
170,6624.937,16655.795,GA,lower,vest2020_tiger2025,2020,2026,-43.087
171,9541.181,14568.421,GA,lower,vest2020_tiger2025,2020,2026,-20.852
172,5977.026,15897.11,GA,lower,vest2020_tiger2025,2020,2026,-45.351
173,11126.804,15420.569,GA,lower,vest2020_tiger2025,2020,2026,-16.174
174,5860.468,20655.823,GA,lower,vest2020_tiger2025,2020,2026,-55.797
175,11585.282,19711.786,GA,lower,vest2020_tiger2025,2020,2026,-25.966
176,6376.296,15587.718,GA,lower,vest2020_tiger2025,2020,2026,-41.939
177,9342.482,5295.437,GA,lower,vest2020_tiger2025,2020,2026,27.648
178,4176.024,22194.498,GA,lower,vest2020_tiger2025,2020,2026,-68.328
179,12027.126,16587.965,GA,lower,vest2020_tiger2025,2020,2026,-15.939
18,4549.558,24012.672,GA,lower,vest2020_tiger2025,2020,2026,-68.143
180,8857.582,17018.059,GA,lower,vest2020_tiger2025,2020,2026,-31.537
19,13119.03,18542.091,GA,lower,vest2020_tiger2025,2020,2026,-17.128
2,5325.382,22451.769,GA,lower,vest2020_tiger2025,2020,2026,-61.656
20,10923.792,21749.241,GA,lower,vest2020_tiger2025,2020,2026,-33.133
21,9635.546,25095.252,GA,lower,vest2020_tiger2025,2020,2026,-44.513
22,12511.777,17693.172,GA,lower,vest2020_tiger2025,2020,2026,-17.154
23,7394.761,21456.343,GA,lower,vest2020_tiger2025,2020,2026,-48.738
24,11003.553,18409.361,GA,lower,vest2020_tiger2025,2020,2026,-25.179
25,13495.05,17112.205,GA,lower,vest2020_tiger2025,2020,2026,-11.818
26,9941.465,20576.988,GA,lower,vest2020_tiger2025,2020,2026,-34.849
27,5476.749,23656.136,GA,lower,vest2020_tiger2025,2020,2026,-62.402
28,7348.478,23182.685,GA,lower,vest2020_tiger2025,2020,2026,-51.862
29,7127.792,9299.567,GA,lower,vest2020_tiger2025,2020,2026,-13.22
3,6187.996,21673.992,GA,lower,vest2020_tiger2025,2020,2026,-55.581
30,8714.296,21966.812,GA,lower,vest2020_tiger2025,2020,2026,-43.194
31,6641.444,21216.668,GA,lower,vest2020_tiger2025,2020,2026,-52.319
32,4745.232,22888.072,GA,lower,vest2020_tiger2025,2020,2026,-65.656
33,5537.115,22878.892,GA,lower,vest2020_tiger2025,2020,2026,-61.028
34,16347.966,20429.183,GA,lower,vest2020_tiger2025,2020,2026,-11.097
35,14614.155,9902.372,GA,lower,vest2020_tiger2025,2020,2026,19.219
36,14271.664,21303.561,GA,lower,vest2020_tiger2025,2020,2026,-19.766
37,16064.98,10510.937,GA,lower,vest2020_tiger2025,2020,2026,20.899
38,20989.149,7992.255,GA,lower,vest2020_tiger2025,2020,2026,44.846
39,19301.48,5184.417,GA,lower,vest2020_tiger2025,2020,2026,57.654
4,6377.996,10204.271,GA,lower,vest2020_tiger2025,2020,2026,-23.075
40,11900.254,19011.182,GA,lower,vest2020_tiger2025,2020,2026,-23.004
41,15721.07,6377.881,GA,lower,vest2020_tiger2025,2020,2026,42.279
42,18502.424,8271.466,GA,lower,vest2020_tiger2025,2020,2026,38.212
43,15086.869,8766.281,GA,lower,vest2020_tiger2025,2020,2026,26.498
44,14641.756,17202.229,GA,lower,vest2020_tiger2025,2020,2026,-8.041
45,18013.128,19569.311,GA,lower,vest2020_tiger2025,2020,2026,-4.141
46,16257.839,19912.387,GA,lower,vest2020_tiger2025,2020,2026,-10.104
47,13270.061,16711.107,GA,lower,vest2020_tiger2025,2020,2026,-11.477
48,17019.871,16015.333,GA,lower,vest2020_tiger2025,2020,2026,3.041
49,17514.053,18949.74,GA,lower,vest2020_tiger2025,2020,2026,-3.937
5,4580.809,20108.007,GA,lower,vest2020_tiger2025,2020,2026,-62.892
50,17587.421,12034.021,GA,lower,vest2020_tiger2025,2020,2026,18.748
51,18281.061,11784.661,GA,lower,vest2020_tiger2025,2020,2026,21.607
52,18529.464,10607.212,GA,lower,vest2020_tiger2025,2020,2026,27.19
53,18713.38,15501.499,GA,lower,vest2020_tiger2025,2020,2026,9.387
54,18497.693,11799.181,GA,lower,vest2020_tiger2025,2020,2026,22.11
55,22095.144,5241.792,GA,lower,vest2020_tiger2025,2020,2026,61.65
56,18448.021,1844.611,GA,lower,vest2020_tiger2025,2020,2026,81.82
57,27282.824,6384.215,GA,lower,vest2020_tiger2025,2020,2026,62.074
58,26011.986,2584.3,GA,lower,vest2020_tiger2025,2020,2026,81.926
59,23620.071,1683.453,GA,lower,vest2020_tiger2025,2020,2026,86.694
6,3995.212,20267.965,GA,lower,vest2020_tiger2025,2020,2026,-67.068
60,22417.321,7531.171,GA,lower,vest2020_tiger2025,2020,2026,49.706
61,26937.082,7243.106,GA,lower,vest2020_tiger2025,2020,2026,57.618
62,23982.368,1927.687,GA,lower,vest2020_tiger2025,2020,2026,85.12
63,20817.02,2101.511,GA,lower,vest2020_tiger2025,2020,2026,81.661
64,19876.194,10281.396,GA,lower,vest2020_tiger2025,2020,2026,31.816
65,24694.279,7721.138,GA,lower,vest2020_tiger2025,2020,2026,52.361
66,17821.913,7550.737,GA,lower,vest2020_tiger2025,2020,2026,40.481
67,17991.451,9286.61,GA,lower,vest2020_tiger2025,2020,2026,31.912
68,19250.572,10267.853,GA,lower,vest2020_tiger2025,2020,2026,30.431
69,23927.765,8347.081,GA,lower,vest2020_tiger2025,2020,2026,48.275
7,6006.886,27231.493,GA,lower,vest2020_tiger2025,2020,2026,-63.856
70,10840.036,17276.294,GA,lower,vest2020_tiger2025,2020,2026,-22.892
71,8973.181,18362.149,GA,lower,vest2020_tiger2025,2020,2026,-34.347
72,7392.258,18448.026,GA,lower,vest2020_tiger2025,2020,2026,-42.785
73,11508.6,20652.482,GA,lower,vest2020_tiger2025,2020,2026,-28.432
74,21675.17,6868.57,GA,lower,vest2020_tiger2025,2020,2026,51.873
75,18618.494,2918.384,GA,lower,vest2020_tiger2025,2020,2026,72.899
76,19210.131,3341.574,GA,lower,vest2020_tiger2025,2020,2026,70.365
77,18502.023,2185.676,GA,lower,vest2020_tiger2025,2020,2026,78.87
78,20485.908,7883.05,GA,lower,vest2020_tiger2025,2020,2026,44.425
79,16314.948,2216.667,GA,lower,vest2020_tiger2025,2020,2026,76.077
8,6426.456,28900.662,GA,lower,vest2020_tiger2025,2020,2026,-63.617
80,16329.836,10167.217,GA,lower,vest2020_tiger2025,2020,2026,23.258
81,11259.118,20720.53,GA,lower,vest2020_tiger2025,2020,2026,-29.586
82,11952.331,20238.484,GA,lower,vest2020_tiger2025,2020,2026,-25.741
83,15058.091,7758.922,GA,lower,vest2020_tiger2025,2020,2026,31.99
84,28371.477,2758.591,GA,lower,vest2020_tiger2025,2020,2026,82.277
85,21487.485,3293.592,GA,lower,vest2020_tiger2025,2020,2026,73.418
86,22050.185,4145.281,GA,lower,vest2020_tiger2025,2020,2026,68.351
87,22208.923,5522.633,GA,lower,vest2020_tiger2025,2020,2026,60.171
88,22041.573,4880.752,GA,lower,vest2020_tiger2025,2020,2026,63.742
89,30660.232,2464.64,GA,lower,vest2020_tiger2025,2020,2026,85.119
9,5204.626,25353.656,GA,lower,vest2020_tiger2025,2020,2026,-65.936
90,31055.962,2697.759,GA,lower,vest2020_tiger2025,2020,2026,84.015
91,23788.847,6082.274,GA,lower,vest2020_tiger2025,2020,2026,59.277
92,21207.663,5930.733,GA,lower,vest2020_tiger2025,2020,2026,56.293
93,20826.724,6590.255,GA,lower,vest2020_tiger2025,2020,2026,51.926
94,23121.072,7360.195,GA,lower,vest2020_tiger2025,2020,2026,51.707
95,23165.415,5123.226,GA,lower,vest2020_tiger2025,2020,2026,63.779
96,11978.772,5933.04,GA,lower,vest2020_tiger2025,2020,2026,33.753
97,15505.786,8738.832,GA,lower,vest2020_tiger2025,2020,2026,27.911
98,9203.176,3121.573,GA,lower,vest2020_tiger2025,2020,2026,49.345
99,15253.801,13633.865,GA,lower,vest2020_tiger2025,2020,2026,5.608
1,11383.38,12058.936,IA,upper,vest2020_tiger2025,2020,2026,-2.882
10,12459.202,13750.288,IA,upper,vest2020_tiger2025,2020,2026,-4.926
11,15022.357,21791.292,IA,upper,vest2020_tiger2025,2020,2026,-18.387
12,10725.762,24463.56,IA,upper,vest2020_tiger2025,2020,2026,-39.04
13,9651.566,19648.192,IA,upper,vest2020_tiger2025,2020,2026,-34.118
14,18145.829,17439.226,IA,upper,vest2020_tiger2025,2020,2026,1.986
15,16114.704,10088.699,IA,upper,vest2020_tiger2025,2020,2026,22.997
16,22168.298,14890.853,IA,upper,vest2020_tiger2025,2020,2026,19.637
17,17177.078,6660.655,IA,upper,vest2020_tiger2025,2020,2026,44.117
18,25960.313,9396.388,IA,upper,vest2020_tiger2025,2020,2026,46.848
19,11847.619,22539.562,IA,upper,vest2020_tiger2025,2020,2026,-31.093
2,6376.554,27720.979,IA,upper,vest2020_tiger2025,2020,2026,-62.598
20,15826.707,15800.207,IA,upper,vest2020_tiger2025,2020,2026,0.084
21,18363.973,18127.463,IA,upper,vest2020_tiger2025,2020,2026,0.648
22,20178.76,16971.159,IA,upper,vest2020_tiger2025,2020,2026,8.634
23,15606.715,20562.043,IA,upper,vest2020_tiger2025,2020,2026,-13.701
24,14360.605,20603.782,IA,upper,vest2020_tiger2025,2020,2026,-17.856
25,20077.439,9231.416,IA,upper,vest2020_tiger2025,2020,2026,37.006
26,14014.841,17236.847,IA,upper,vest2020_tiger2025,2020,2026,-10.31
27,14289.064,22857.415,IA,upper,vest2020_tiger2025,2020,2026,-23.066
28,11091.645,22656.45,IA,upper,vest2020_tiger2025,2020,2026,-34.268
29,13407.323,22200.861,IA,upper,vest2020_tiger2025,2020,2026,-24.695
3,8996.548,22050.483,IA,upper,vest2020_tiger2025,2020,2026,-42.046
30,14969.679,19532.147,IA,upper,vest2020_tiger2025,2020,2026,-13.224
31,16978.182,10811.595,IA,upper,vest2020_tiger2025,2020,2026,22.19
32,13855.824,21535.177,IA,upper,vest2020_tiger2025,2020,2026,-21.699
33,14178.443,23101.03,IA,upper,vest2020_tiger2025,2020,2026,-23.934
34,12622.788,21368.17,IA,upper,vest2020_tiger2025,2020,2026,-25.729
35,14183.955,18529.371,IA,upper,vest2020_tiger2025,2020,2026,-13.283
36,17546.863,14476.617,IA,upper,vest2020_tiger2025,2020,2026,9.587
37,20077.17,15188.89,IA,upper,vest2020_tiger2025,2020,2026,13.861
38,16076.866,15618.496,IA,upper,vest2020_tiger2025,2020,2026,1.446
39,19434.477,10548.257,IA,upper,vest2020_tiger2025,2020,2026,29.638
4,10405.223,21514.419,IA,upper,vest2020_tiger2025,2020,2026,-34.804
40,20126.336,14582.637,IA,upper,vest2020_tiger2025,2020,2026,15.972
41,15804.448,17165.03,IA,upper,vest2020_tiger2025,2020,2026,-4.127
42,16219.837,21707.022,IA,upper,vest2020_tiger2025,2020,2026,-14.468
43,23675.181,9324.758,IA,upper,vest2020_tiger2025,2020,2026,43.486
44,10858.613,20601.315,IA,upper,vest2020_tiger2025,2020,2026,-30.969
45,26531.48,6337.93,IA,upper,vest2020_tiger2025,2020,2026,61.436
46,17077.525,20241.314,IA,upper,vest2020_tiger2025,2020,2026,-8.478
47,18584.436,19754.287,IA,upper,vest2020_tiger2025,2020,2026,-3.051
48,13088.294,20105.774,IA,upper,vest2020_tiger2025,2020,2026,-21.141
49,16806.449,11593.81,IA,upper,vest2020_tiger2025,2020,2026,18.354
5,11849.598,25008.063,IA,upper,vest2020_tiger2025,2020,2026,-35.701
50,13380.058,16535.439,IA,upper,vest2020_tiger2025,2020,2026,-10.548
6,10007.304,23213.582,IA,upper,vest2020_tiger2025,2020,2026,-39.753
7,10344.914,22318.528,IA,upper,vest2020_tiger2025,2020,2026,-36.658
8,11757.462,25611.123,IA,upper,vest2020_tiger2025,2020,2026,-37.073
9,9373.248,22600.369,IA,upper,vest2020_tiger2025,2020,2026,-41.369
1,5532.971,4680.81,IA,lower,vest2020_tiger2025,2020,2026,8.343
10,6058.2,13216.146,IA,lower,vest2020_tiger2025,2020,2026,-37.137
100,5970.528,8643.009,IA,lower,vest2020_tiger2025,2020,2026,-18.288
11,5528.538,12328.867,IA,lower,vest2020_tiger2025,2020,2026,-38.081
12,4478.765,10884.716,IA,lower,vest2020_tiger2025,2020,2026,-41.696
13,4430.746,13045.161,IA,lower,vest2020_tiger2025,2020,2026,-49.293
14,5914.168,9273.367,IA,lower,vest2020_tiger2025,2020,2026,-22.118
15,6553.72,13119.768,IA,lower,vest2020_tiger2025,2020,2026,-33.375
16,5203.741,12491.355,IA,lower,vest2020_tiger2025,2020,2026,-41.184
17,4326.395,10847.77,IA,lower,vest2020_tiger2025,2020,2026,-42.977
18,5046.853,11752.599,IA,lower,vest2020_tiger2025,2020,2026,-39.916
19,6808.09,7683.164,IA,lower,vest2020_tiger2025,2020,2026,-6.039
2,5850.409,7378.126,IA,lower,vest2020_tiger2025,2020,2026,-11.549
20,5651.111,6067.124,IA,lower,vest2020_tiger2025,2020,2026,-3.55
21,7122.551,10513.455,IA,lower,vest2020_tiger2025,2020,2026,-19.227
22,7899.806,11277.837,IA,lower,vest2020_tiger2025,2020,2026,-17.614
23,6159.324,13208.736,IA,lower,vest2020_tiger2025,2020,2026,-36.397
24,4566.438,11254.824,IA,lower,vest2020_tiger2025,2020,2026,-42.275
25,5363.657,8114.701,IA,lower,vest2020_tiger2025,2020,2026,-20.411
26,4287.909,11533.49,IA,lower,vest2020_tiger2025,2020,2026,-45.796
27,9246.642,8648.927,IA,lower,vest2020_tiger2025,2020,2026,3.34
28,8899.187,8790.299,IA,lower,vest2020_tiger2025,2020,2026,0.616
29,7632.429,4626.9,IA,lower,vest2020_tiger2025,2020,2026,24.516
3,4032.366,13091.268,IA,lower,vest2020_tiger2025,2020,2026,-52.903
30,8482.275,5461.799,IA,lower,vest2020_tiger2025,2020,2026,21.661
31,11189.119,7767.104,IA,lower,vest2020_tiger2025,2020,2026,18.052
32,10979.179,7123.75,IA,lower,vest2020_tiger2025,2020,2026,21.297
33,7946.8,3916.564,IA,lower,vest2020_tiger2025,2020,2026,33.972
34,9230.278,2744.09,IA,lower,vest2020_tiger2025,2020,2026,54.167
35,12476.853,5299.235,IA,lower,vest2020_tiger2025,2020,2026,40.378
36,13483.46,4097.153,IA,lower,vest2020_tiger2025,2020,2026,53.39
37,5252.595,13180.131,IA,lower,vest2020_tiger2025,2020,2026,-43.008
38,6595.025,9359.431,IA,lower,vest2020_tiger2025,2020,2026,-17.327
39,7761.969,7028.066,IA,lower,vest2020_tiger2025,2020,2026,4.962
4,2344.188,14629.711,IA,lower,vest2020_tiger2025,2020,2026,-72.379
40,8064.739,8772.141,IA,lower,vest2020_tiger2025,2020,2026,-4.202
41,9500.942,9376.737,IA,lower,vest2020_tiger2025,2020,2026,0.658
42,8863.031,8750.726,IA,lower,vest2020_tiger2025,2020,2026,0.638
43,9709.631,8826.553,IA,lower,vest2020_tiger2025,2020,2026,4.764
44,10469.129,8144.606,IA,lower,vest2020_tiger2025,2020,2026,12.488
45,7033.182,11119.813,IA,lower,vest2020_tiger2025,2020,2026,-22.512
46,8573.534,9442.23,IA,lower,vest2020_tiger2025,2020,2026,-4.822
47,6300.112,10399.203,IA,lower,vest2020_tiger2025,2020,2026,-24.546
48,8060.493,10204.579,IA,lower,vest2020_tiger2025,2020,2026,-11.739
49,8741.472,3976.615,IA,lower,vest2020_tiger2025,2020,2026,37.465
5,4215.155,13077.481,IA,lower,vest2020_tiger2025,2020,2026,-51.249
50,11335.967,5254.8,IA,lower,vest2020_tiger2025,2020,2026,36.654
51,7457.096,10798.845,IA,lower,vest2020_tiger2025,2020,2026,-18.305
52,6557.746,6438.002,IA,lower,vest2020_tiger2025,2020,2026,0.921
53,7154.116,9481.666,IA,lower,vest2020_tiger2025,2020,2026,-13.991
54,7134.948,13375.749,IA,lower,vest2020_tiger2025,2020,2026,-30.427
55,6195.716,10842.216,IA,lower,vest2020_tiger2025,2020,2026,-27.272
56,4895.928,11814.234,IA,lower,vest2020_tiger2025,2020,2026,-41.402
57,6876.608,10865.947,IA,lower,vest2020_tiger2025,2020,2026,-22.485
58,6530.715,11334.914,IA,lower,vest2020_tiger2025,2020,2026,-26.891
59,8367.01,8298.027,IA,lower,vest2020_tiger2025,2020,2026,0.414
6,4781.393,8973.002,IA,lower,vest2020_tiger2025,2020,2026,-30.475
60,6602.668,11234.12,IA,lower,vest2020_tiger2025,2020,2026,-25.966
61,8563.504,6584.653,IA,lower,vest2020_tiger2025,2020,2026,13.063
62,8414.677,4226.941,IA,lower,vest2020_tiger2025,2020,2026,33.127
63,7797.003,10319.288,IA,lower,vest2020_tiger2025,2020,2026,-13.923
64,6058.821,11215.89,IA,lower,vest2020_tiger2025,2020,2026,-29.853
65,7640.99,11883.906,IA,lower,vest2020_tiger2025,2020,2026,-21.731
66,6537.453,11217.124,IA,lower,vest2020_tiger2025,2020,2026,-26.358
67,5796.344,10519.641,IA,lower,vest2020_tiger2025,2020,2026,-28.949
68,6826.444,10848.529,IA,lower,vest2020_tiger2025,2020,2026,-22.756
69,7663.23,8097.812,IA,lower,vest2020_tiger2025,2020,2026,-2.757
7,4504.277,12660.825,IA,lower,vest2020_tiger2025,2020,2026,-47.518
70,6520.725,10431.56,IA,lower,vest2020_tiger2025,2020,2026,-23.07
71,8922.115,6565.858,IA,lower,vest2020_tiger2025,2020,2026,15.213
72,8624.748,7910.76,IA,lower,vest2020_tiger2025,2020,2026,4.318
73,9843.898,8377.413,IA,lower,vest2020_tiger2025,2020,2026,8.048
74,10233.273,6811.477,IA,lower,vest2020_tiger2025,2020,2026,20.075
75,9942.051,7279.2,IA,lower,vest2020_tiger2025,2020,2026,15.463
76,6134.815,8339.296,IA,lower,vest2020_tiger2025,2020,2026,-15.231
77,8582.719,5784.682,IA,lower,vest2020_tiger2025,2020,2026,19.475
78,10851.758,4763.575,IA,lower,vest2020_tiger2025,2020,2026,38.988
79,10039.035,6406.328,IA,lower,vest2020_tiger2025,2020,2026,22.09
8,5900.946,8853.593,IA,lower,vest2020_tiger2025,2020,2026,-20.012
80,10087.301,8176.309,IA,lower,vest2020_tiger2025,2020,2026,10.463
81,8577.439,7161.083,IA,lower,vest2020_tiger2025,2020,2026,8.999
82,7227.009,10003.947,IA,lower,vest2020_tiger2025,2020,2026,-16.116
83,9181.771,10592.901,IA,lower,vest2020_tiger2025,2020,2026,-7.136
84,7038.066,11114.121,IA,lower,vest2020_tiger2025,2020,2026,-22.455
85,10805.386,5513.308,IA,lower,vest2020_tiger2025,2020,2026,32.43
86,12869.796,3811.45,IA,lower,vest2020_tiger2025,2020,2026,54.303
87,6426.963,8964.396,IA,lower,vest2020_tiger2025,2020,2026,-16.486
88,4431.65,11636.918,IA,lower,vest2020_tiger2025,2020,2026,-44.841
89,12947.058,3050.338,IA,lower,vest2020_tiger2025,2020,2026,61.865
9,5791.398,11791.917,IA,lower,vest2020_tiger2025,2020,2026,-34.126
90,13584.422,3287.592,IA,lower,vest2020_tiger2025,2020,2026,61.029
91,9818.018,11267.466,IA,lower,vest2020_tiger2025,2020,2026,-6.874
92,7259.507,8973.848,IA,lower,vest2020_tiger2025,2020,2026,-10.561
93,9162.844,9790.819,IA,lower,vest2020_tiger2025,2020,2026,-3.313
94,9421.592,9963.468,IA,lower,vest2020_tiger2025,2020,2026,-2.795
95,6238.698,12437.733,IA,lower,vest2020_tiger2025,2020,2026,-33.192
96,6849.596,7668.041,IA,lower,vest2020_tiger2025,2020,2026,-5.638
97,9064.585,5005.805,IA,lower,vest2020_tiger2025,2020,2026,28.846
98,7741.864,6588.005,IA,lower,vest2020_tiger2025,2020,2026,8.052
99,7409.529,7892.431,IA,lower,vest2020_tiger2025,2020,2026,-3.156
1,98796.205,292897.347,TX,upper,vest2020_tiger2025,2020,2026,-49.554
10,155370.171,214942.633,TX,upper,vest2020_tiger2025,2020,2026,-16.087
11,160025.676,228251.645,TX,upper,vest2020_tiger2025,2020,2026,-17.571
12,198944.695,253496.083,TX,upper,vest2020_tiger2025,2020,2026,-12.057
13,226732.513,60286.415,TX,upper,vest2020_tiger2025,2020,2026,57.991
14,345966.585,108938.532,TX,upper,vest2020_tiger2025,2020,2026,52.105
15,230878.237,119725.187,TX,upper,vest2020_tiger2025,2020,2026,31.703
16,187813.547,99507.459,TX,upper,vest2020_tiger2025,2020,2026,30.734
17,156596.219,225334.325,TX,upper,vest2020_tiger2025,2020,2026,-17.998
18,158185.994,234406.976,TX,upper,vest2020_tiger2025,2020,2026,-19.415
19,175543.311,134421.16,TX,upper,vest2020_tiger2025,2020,2026,13.267
2,161328.854,220922.237,TX,upper,vest2020_tiger2025,2020,2026,-15.59
20,144897.811,118941.318,TX,upper,vest2020_tiger2025,2020,2026,9.838
21,174869.645,123165.632,TX,upper,vest2020_tiger2025,2020,2026,17.348
22,147762.013,232460.017,TX,upper,vest2020_tiger2025,2020,2026,-22.276
23,264216.529,72205.58,TX,upper,vest2020_tiger2025,2020,2026,57.074
24,157179.693,234102.381,TX,upper,vest2020_tiger2025,2020,2026,-19.659
25,199670.794,290126.454,TX,upper,vest2020_tiger2025,2020,2026,-18.468
26,212167.249,109049.218,TX,upper,vest2020_tiger2025,2020,2026,32.102
27,136660.964,124319.532,TX,upper,vest2020_tiger2025,2020,2026,4.729
28,90666.353,255230.149,TX,upper,vest2020_tiger2025,2020,2026,-47.576
29,185702.626,94773.037,TX,upper,vest2020_tiger2025,2020,2026,32.42
3,102387.81,286942.301,TX,upper,vest2020_tiger2025,2020,2026,-47.403
30,159870.031,258658.642,TX,upper,vest2020_tiger2025,2020,2026,-23.604
31,62280.84,239264.861,TX,upper,vest2020_tiger2025,2020,2026,-58.692
4,136239.574,260845.625,TX,upper,vest2020_tiger2025,2020,2026,-31.38
5,157097.033,229041.025,TX,upper,vest2020_tiger2025,2020,2026,-18.632
6,145863.391,72164.478,TX,upper,vest2020_tiger2025,2020,2026,33.803
7,168126.869,233830.537,TX,upper,vest2020_tiger2025,2020,2026,-16.346
8,191541.252,245242.881,TX,upper,vest2020_tiger2025,2020,2026,-12.295
9,165823.984,217024.671,TX,upper,vest2020_tiger2025,2020,2026,-13.374
1,20907.71,63259.096,TX,lower,vest2020_tiger2025,2020,2026,-50.318
10,27569.209,56717.64,TX,lower,vest2020_tiger2025,2020,2026,-34.582
100,39989.537,7070.995,TX,lower,vest2020_tiger2025,2020,2026,69.949
101,45661.181,21820.85,TX,lower,vest2020_tiger2025,2020,2026,35.328
102,37435.252,19490.089,TX,lower,vest2020_tiger2025,2020,2026,31.524
103,41314.092,15126.968,TX,lower,vest2020_tiger2025,2020,2026,46.397
104,32724.346,14116.109,TX,lower,vest2020_tiger2025,2020,2026,39.727
105,29266.945,18587.166,TX,lower,vest2020_tiger2025,2020,2026,22.317
106,39192.848,51579.818,TX,lower,vest2020_tiger2025,2020,2026,-13.646
107,29611.429,16424.798,TX,lower,vest2020_tiger2025,2020,2026,28.644
108,54544.185,55405.463,TX,lower,vest2020_tiger2025,2020,2026,-0.783
109,57163.876,14400.325,TX,lower,vest2020_tiger2025,2020,2026,59.756
11,19595.534,60877.989,TX,lower,vest2020_tiger2025,2020,2026,-51.299
110,36837.45,5987.178,TX,lower,vest2020_tiger2025,2020,2026,72.039
111,56596.156,14223.016,TX,lower,vest2020_tiger2025,2020,2026,59.833
112,44981.674,45485.5,TX,lower,vest2020_tiger2025,2020,2026,-0.557
113,39510.706,26382.066,TX,lower,vest2020_tiger2025,2020,2026,19.924
114,53164.342,23605.107,TX,lower,vest2020_tiger2025,2020,2026,38.504
115,45537.406,30906.209,TX,lower,vest2020_tiger2025,2020,2026,19.14
116,46297.992,21004.086,TX,lower,vest2020_tiger2025,2020,2026,37.583
117,40761.686,24264.507,TX,lower,vest2020_tiger2025,2020,2026,25.37
118,36579.768,34602.641,TX,lower,vest2020_tiger2025,2020,2026,2.778
119,42934.582,22892.462,TX,lower,vest2020_tiger2025,2020,2026,30.447
12,23023.693,57207.533,TX,lower,vest2020_tiger2025,2020,2026,-42.607
120,42423.431,19797.828,TX,lower,vest2020_tiger2025,2020,2026,36.363
121,50105.561,52548.802,TX,lower,vest2020_tiger2025,2020,2026,-2.38
122,50049.82,59925.925,TX,lower,vest2020_tiger2025,2020,2026,-8.98
123,49387.371,24513.186,TX,lower,vest2020_tiger2025,2020,2026,33.659
124,39481.605,18441.272,TX,lower,vest2020_tiger2025,2020,2026,36.325
125,50428.998,30626.309,TX,lower,vest2020_tiger2025,2020,2026,24.431
126,35302.958,50015.437,TX,lower,vest2020_tiger2025,2020,2026,-17.244
127,38273.394,53053.992,TX,lower,vest2020_tiger2025,2020,2026,-16.184
128,22012.591,46905.879,TX,lower,vest2020_tiger2025,2020,2026,-36.12
129,38394.462,50676.404,TX,lower,vest2020_tiger2025,2020,2026,-13.789
13,20364.002,52014.604,TX,lower,vest2020_tiger2025,2020,2026,-43.729
130,29751.264,58928.205,TX,lower,vest2020_tiger2025,2020,2026,-32.902
131,42125.482,10336.108,TX,lower,vest2020_tiger2025,2020,2026,60.596
132,35192.433,45704.216,TX,lower,vest2020_tiger2025,2020,2026,-12.994
133,40374.5,42056.639,TX,lower,vest2020_tiger2025,2020,2026,-2.041
134,67025.882,38740.208,TX,lower,vest2020_tiger2025,2020,2026,26.744
135,40617.024,26228.725,TX,lower,vest2020_tiger2025,2020,2026,21.525
136,52372.869,30159.034,TX,lower,vest2020_tiger2025,2020,2026,26.915
137,24925.705,12650.107,TX,lower,vest2020_tiger2025,2020,2026,32.669
138,37446.877,41731.064,TX,lower,vest2020_tiger2025,2020,2026,-5.411
139,49991.415,17059.713,TX,lower,vest2020_tiger2025,2020,2026,49.114
14,30765.393,37904.216,TX,lower,vest2020_tiger2025,2020,2026,-10.396
140,24043.771,10759.43,TX,lower,vest2020_tiger2025,2020,2026,38.17
141,38442.781,8078.381,TX,lower,vest2020_tiger2025,2020,2026,65.27
142,41338.064,13900.646,TX,lower,vest2020_tiger2025,2020,2026,49.671
143,28460.123,15667.751,TX,lower,vest2020_tiger2025,2020,2026,28.989
144,25573.046,19811.661,TX,lower,vest2020_tiger2025,2020,2026,12.695
145,45306.427,18241.083,TX,lower,vest2020_tiger2025,2020,2026,42.591
146,52400.44,12538.37,TX,lower,vest2020_tiger2025,2020,2026,61.384
147,55827.538,15085.945,TX,lower,vest2020_tiger2025,2020,2026,57.453
148,34587.675,24219.678,TX,lower,vest2020_tiger2025,2020,2026,17.63
149,36372.98,22225.495,TX,lower,vest2020_tiger2025,2020,2026,24.143
15,35420.599,59734.156,TX,lower,vest2020_tiger2025,2020,2026,-25.552
150,34145.125,45776.825,TX,lower,vest2020_tiger2025,2020,2026,-14.554
16,18070.462,62395.862,TX,lower,vest2020_tiger2025,2020,2026,-55.086
17,28166.459,49511.281,TX,lower,vest2020_tiger2025,2020,2026,-27.479
18,13302.294,64897.363,TX,lower,vest2020_tiger2025,2020,2026,-65.979
19,34696.753,81172.374,TX,lower,vest2020_tiger2025,2020,2026,-40.11
2,15468.068,64152.379,TX,lower,vest2020_tiger2025,2020,2026,-61.145
20,42305.231,55995.05,TX,lower,vest2020_tiger2025,2020,2026,-13.927
21,18562.907,65070.401,TX,lower,vest2020_tiger2025,2020,2026,-55.609
22,36821.222,24228.983,TX,lower,vest2020_tiger2025,2020,2026,20.626
23,30904.184,48683.34,TX,lower,vest2020_tiger2025,2020,2026,-22.339
24,31957.234,62598.563,TX,lower,vest2020_tiger2025,2020,2026,-32.406
25,28673.824,41150.343,TX,lower,vest2020_tiger2025,2020,2026,-17.868
26,38619.641,47397.348,TX,lower,vest2020_tiger2025,2020,2026,-10.205
27,61834.031,23928.797,TX,lower,vest2020_tiger2025,2020,2026,44.198
28,40165.794,48755.396,TX,lower,vest2020_tiger2025,2020,2026,-9.66
29,33592.409,49298.021,TX,lower,vest2020_tiger2025,2020,2026,-18.947
3,19186.821,63681.419,TX,lower,vest2020_tiger2025,2020,2026,-53.693
30,18849.999,56889.998,TX,lower,vest2020_tiger2025,2020,2026,-50.224
31,25789.5,43119.517,TX,lower,vest2020_tiger2025,2020,2026,-25.149
32,31683.387,47657.176,TX,lower,vest2020_tiger2025,2020,2026,-20.133
33,35514.361,53261.454,TX,lower,vest2020_tiger2025,2020,2026,-19.991
34,32170.08,26230.618,TX,lower,vest2020_tiger2025,2020,2026,10.17
35,23213.772,17041.356,TX,lower,vest2020_tiger2025,2020,2026,15.333
36,27002.793,19401.617,TX,lower,vest2020_tiger2025,2020,2026,16.38
37,27427.162,26190.862,TX,lower,vest2020_tiger2025,2020,2026,2.306
38,29154.344,17344.023,TX,lower,vest2020_tiger2025,2020,2026,25.399
39,27861.406,18678.453,TX,lower,vest2020_tiger2025,2020,2026,19.731
4,22681.884,53022.268,TX,lower,vest2020_tiger2025,2020,2026,-40.078
40,27283.603,17703.698,TX,lower,vest2020_tiger2025,2020,2026,21.295
41,33379.719,25608.861,TX,lower,vest2020_tiger2025,2020,2026,13.173
42,32244.557,20243.403,TX,lower,vest2020_tiger2025,2020,2026,22.865
43,27019.534,43369.206,TX,lower,vest2020_tiger2025,2020,2026,-23.228
44,30752.519,53179.347,TX,lower,vest2020_tiger2025,2020,2026,-26.72
45,49110.078,33256.945,TX,lower,vest2020_tiger2025,2020,2026,19.247
46,64515.647,19917.847,TX,lower,vest2020_tiger2025,2020,2026,52.82
47,68543.2,40650.839,TX,lower,vest2020_tiger2025,2020,2026,25.544
48,80927.439,31326.748,TX,lower,vest2020_tiger2025,2020,2026,44.186
49,89043.057,17447.06,TX,lower,vest2020_tiger2025,2020,2026,67.233
5,15862.941,66125.555,TX,lower,vest2020_tiger2025,2020,2026,-61.304
50,54301.155,16169.617,TX,lower,vest2020_tiger2025,2020,2026,54.11
51,60705.689,11604.221,TX,lower,vest2020_tiger2025,2020,2026,67.904
52,49106.888,53527.4,TX,lower,vest2020_tiger2025,2020,2026,-4.307
53,22852.022,75912.014,TX,lower,vest2020_tiger2025,2020,2026,-53.724
54,26661.161,30968.519,TX,lower,vest2020_tiger2025,2020,2026,-7.474
55,30367.477,36964.001,TX,lower,vest2020_tiger2025,2020,2026,-9.797
56,27564.198,52404.11,TX,lower,vest2020_tiger2025,2020,2026,-31.062
57,36278.209,48764.073,TX,lower,vest2020_tiger2025,2020,2026,-14.682
58,17222.983,58713.026,TX,lower,vest2020_tiger2025,2020,2026,-54.638
59,16821.267,59404.949,TX,lower,vest2020_tiger2025,2020,2026,-55.865
6,25229.997,54162.992,TX,lower,vest2020_tiger2025,2020,2026,-36.443
60,15592.001,75609.004,TX,lower,vest2020_tiger2025,2020,2026,-65.807
61,43253.985,50784.8,TX,lower,vest2020_tiger2025,2020,2026,-8.008
62,18368.401,62658.083,TX,lower,vest2020_tiger2025,2020,2026,-54.661
63,41895.737,46251.593,TX,lower,vest2020_tiger2025,2020,2026,-4.942
64,32428.699,51505.526,TX,lower,vest2020_tiger2025,2020,2026,-22.728
65,43677.161,51071.288,TX,lower,vest2020_tiger2025,2020,2026,-7.804
66,43875.853,51576.78,TX,lower,vest2020_tiger2025,2020,2026,-8.068
67,39897.402,47774.418,TX,lower,vest2020_tiger2025,2020,2026,-8.985
68,12527.346,75746.331,TX,lower,vest2020_tiger2025,2020,2026,-71.617
69,16953.001,54609.005,TX,lower,vest2020_tiger2025,2020,2026,-52.62
7,24043.062,57429.463,TX,lower,vest2020_tiger2025,2020,2026,-40.979
70,45226.102,36083.597,TX,lower,vest2020_tiger2025,2020,2026,11.244
71,17482.999,55349.996,TX,lower,vest2020_tiger2025,2020,2026,-51.992
72,16068.0,53359.0,TX,lower,vest2020_tiger2025,2020,2026,-53.713
73,35125.71,77049.496,TX,lower,vest2020_tiger2025,2020,2026,-37.373
74,31118.894,28418.747,TX,lower,vest2020_tiger2025,2020,2026,4.535
75,33217.218,15966.724,TX,lower,vest2020_tiger2025,2020,2026,35.073
76,47534.164,29864.148,TX,lower,vest2020_tiger2025,2020,2026,22.83
77,43642.337,14177.177,TX,lower,vest2020_tiger2025,2020,2026,50.961
78,46233.499,28417.447,TX,lower,vest2020_tiger2025,2020,2026,23.866
79,45976.681,21396.952,TX,lower,vest2020_tiger2025,2020,2026,36.483
8,16039.767,57510.876,TX,lower,vest2020_tiger2025,2020,2026,-56.384
80,27096.442,29570.595,TX,lower,vest2020_tiger2025,2020,2026,-4.366
81,12493.067,37751.647,TX,lower,vest2020_tiger2025,2020,2026,-50.271
82,13424.931,50431.325,TX,lower,vest2020_tiger2025,2020,2026,-57.953
83,18203.352,60585.624,TX,lower,vest2020_tiger2025,2020,2026,-53.792
84,25603.65,36144.383,TX,lower,vest2020_tiger2025,2020,2026,-17.071
85,28508.457,63245.901,TX,lower,vest2020_tiger2025,2020,2026,-37.859
86,15104.016,61436.625,TX,lower,vest2020_tiger2025,2020,2026,-60.533
87,12932.882,44387.707,TX,lower,vest2020_tiger2025,2020,2026,-54.875
88,10105.944,52472.558,TX,lower,vest2020_tiger2025,2020,2026,-67.702
89,39555.894,49483.911,TX,lower,vest2020_tiger2025,2020,2026,-11.15
9,20550.539,67490.075,TX,lower,vest2020_tiger2025,2020,2026,-53.316
90,36024.01,15295.467,TX,lower,vest2020_tiger2025,2020,2026,40.391
91,29775.957,44985.231,TX,lower,vest2020_tiger2025,2020,2026,-20.344
92,34217.63,20811.56,TX,lower,vest2020_tiger2025,2020,2026,24.362
93,34223.338,45829.55,TX,lower,vest2020_tiger2025,2020,2026,-14.498
94,38134.765,45975.87,TX,lower,vest2020_tiger2025,2020,2026,-9.322
95,45431.433,14039.916,TX,lower,vest2020_tiger2025,2020,2026,52.784
96,39487.98,48067.898,TX,lower,vest2020_tiger2025,2020,2026,-9.799
97,38217.466,46523.857,TX,lower,vest2020_tiger2025,2020,2026,-9.802
98,39293.415,62706.723,TX,lower,vest2020_tiger2025,2020,2026,-22.954
99,31240.717,43997.867,TX,lower,vest2020_tiger2025,2020,2026,-16.956
1,75399.79,27981.446,MI,upper,vest2016_tiger2018,2016,2018,45.867
10,54263.251,76077.789,MI,upper,vest2016_tiger2018,2016,2018,-16.737
11,106599.437,36714.537,MI,upper,vest2016_tiger2018,2016,2018,48.763
12,64292.56,64975.43,MI,upper,vest2016_tiger2018,2016,2018,-0.528
13,78345.731,69099.944,MI,upper,vest2016_tiger2018,2016,2018,6.271
14,51389.273,73559.312,MI,upper,vest2016_tiger2018,2016,2018,-17.743
15,67362.559,73447.211,MI,upper,vest2016_tiger2018,2016,2018,-4.321
16,35655.235,65674.62,MI,upper,vest2016_tiger2018,2016,2018,-29.625
17,43610.128,69684.651,MI,upper,vest2016_tiger2018,2016,2018,-23.015
18,104367.793,31707.49,MI,upper,vest2016_tiger2018,2016,2018,53.397
19,41622.711,67330.308,MI,upper,vest2016_tiger2018,2016,2018,-23.595
2,70630.21,18141.094,MI,upper,vest2016_tiger2018,2016,2018,59.128
20,67147.996,51033.989,MI,upper,vest2016_tiger2018,2016,2018,13.635
21,44290.862,67773.696,MI,upper,vest2016_tiger2018,2016,2018,-20.955
22,58546.402,84667.048,MI,upper,vest2016_tiger2018,2016,2018,-18.239
23,75219.453,39010.706,MI,upper,vest2016_tiger2018,2016,2018,31.698
24,57866.675,73332.577,MI,upper,vest2016_tiger2018,2016,2018,-11.788
25,38155.153,82798.483,MI,upper,vest2016_tiger2018,2016,2018,-36.909
26,48209.964,69011.064,MI,upper,vest2016_tiger2018,2016,2018,-17.745
27,63573.545,34268.745,MI,upper,vest2016_tiger2018,2016,2018,29.951
28,48201.597,78156.269,MI,upper,vest2016_tiger2018,2016,2018,-23.706
29,73579.496,53085.737,MI,upper,vest2016_tiger2018,2016,2018,16.179
3,75638.371,15104.845,MI,upper,vest2016_tiger2018,2016,2018,66.709
30,44973.105,88467.189,MI,upper,vest2016_tiger2018,2016,2018,-32.594
31,41808.788,75479.514,MI,upper,vest2016_tiger2018,2016,2018,-28.708
32,58603.228,66706.343,MI,upper,vest2016_tiger2018,2016,2018,-6.466
33,35019.644,57934.177,MI,upper,vest2016_tiger2018,2016,2018,-24.652
34,47489.245,58528.622,MI,upper,vest2016_tiger2018,2016,2018,-10.413
35,43493.118,79515.219,MI,upper,vest2016_tiger2018,2016,2018,-29.284
36,41054.108,77651.356,MI,upper,vest2016_tiger2018,2016,2018,-30.83
37,49968.894,78476.629,MI,upper,vest2016_tiger2018,2016,2018,-22.194
38,46777.624,67395.564,MI,upper,vest2016_tiger2018,2016,2018,-18.058
4,71490.426,21439.942,MI,upper,vest2016_tiger2018,2016,2018,53.858
5,87610.376,23781.278,MI,upper,vest2016_tiger2018,2016,2018,57.302
6,64875.728,51522.618,MI,upper,vest2016_tiger2018,2016,2018,11.472
7,73784.706,71006.381,MI,upper,vest2016_tiger2018,2016,2018,1.919
8,52348.604,87045.139,MI,upper,vest2016_tiger2018,2016,2018,-24.891
9,65571.74,51953.372,MI,upper,vest2016_tiger2018,2016,2018,11.588
1,28202.921,8632.442,MI,lower,vest2016_tiger2018,2016,2018,53.13
10,33603.28,6909.767,MI,lower,vest2016_tiger2018,2016,2018,65.889
100,12124.287,25560.948,MI,lower,vest2016_tiger2018,2016,2018,-35.655
101,21142.195,28198.464,MI,lower,vest2016_tiger2018,2016,2018,-14.301
102,11556.255,23752.791,MI,lower,vest2016_tiger2018,2016,2018,-34.542
103,13271.005,30822.0,MI,lower,vest2016_tiger2018,2016,2018,-39.804
104,20964.993,27412.943,MI,lower,vest2016_tiger2018,2016,2018,-13.328
105,15471.873,31749.63,MI,lower,vest2016_tiger2018,2016,2018,-34.471
106,15837.603,31227.238,MI,lower,vest2016_tiger2018,2016,2018,-32.699
107,16244.858,27045.226,MI,lower,vest2016_tiger2018,2016,2018,-24.949
108,13898.398,26402.961,MI,lower,vest2016_tiger2018,2016,2018,-31.028
109,18721.228,20423.209,MI,lower,vest2016_tiger2018,2016,2018,-4.348
11,23892.684,13703.639,MI,lower,vest2016_tiger2018,2016,2018,27.101
110,14838.964,22325.351,MI,lower,vest2016_tiger2018,2016,2018,-20.144
12,22422.721,15312.138,MI,lower,vest2016_tiger2018,2016,2018,18.844
13,20184.133,19648.137,MI,lower,vest2016_tiger2018,2016,2018,1.346
14,18442.74,16169.713,MI,lower,vest2016_tiger2018,2016,2018,6.567
15,23272.967,11843.1,MI,lower,vest2016_tiger2018,2016,2018,32.549
16,22667.501,15646.666,MI,lower,vest2016_tiger2018,2016,2018,18.324
17,15548.278,22818.018,MI,lower,vest2016_tiger2018,2016,2018,-18.948
18,25009.351,22260.422,MI,lower,vest2016_tiger2018,2016,2018,5.815
19,23065.899,27047.399,MI,lower,vest2016_tiger2018,2016,2018,-7.945
2,27625.438,8404.523,MI,lower,vest2016_tiger2018,2016,2018,53.347
20,26257.485,24409.362,MI,lower,vest2016_tiger2018,2016,2018,3.648
21,27608.763,20408.019,MI,lower,vest2016_tiger2018,2016,2018,14.996
22,19246.452,16706.273,MI,lower,vest2016_tiger2018,2016,2018,7.065
23,20814.143,26854.05,MI,lower,vest2016_tiger2018,2016,2018,-12.671
24,18538.089,25901.52,MI,lower,vest2016_tiger2018,2016,2018,-16.57
25,18577.676,22715.502,MI,lower,vest2016_tiger2018,2016,2018,-10.021
26,26683.281,17775.072,MI,lower,vest2016_tiger2018,2016,2018,20.037
27,35858.655,11731.308,MI,lower,vest2016_tiger2018,2016,2018,50.698
28,19960.83,14926.729,MI,lower,vest2016_tiger2018,2016,2018,14.43
29,23272.346,8956.467,MI,lower,vest2016_tiger2018,2016,2018,44.42
3,29611.43,743.19,MI,lower,vest2016_tiger2018,2016,2018,95.103
30,15163.742,21994.006,MI,lower,vest2016_tiger2018,2016,2018,-18.382
31,20277.626,20631.836,MI,lower,vest2016_tiger2018,2016,2018,-0.866
32,13570.72,28448.248,MI,lower,vest2016_tiger2018,2016,2018,-35.407
33,15213.812,30070.348,MI,lower,vest2016_tiger2018,2016,2018,-32.807
34,23801.632,3399.588,MI,lower,vest2016_tiger2018,2016,2018,75.004
35,45102.331,8660.745,MI,lower,vest2016_tiger2018,2016,2018,67.782
36,14786.521,31822.607,MI,lower,vest2016_tiger2018,2016,2018,-36.551
37,30065.044,17816.771,MI,lower,vest2016_tiger2018,2016,2018,25.58
38,23595.667,25486.892,MI,lower,vest2016_tiger2018,2016,2018,-3.853
39,23543.002,25427.476,MI,lower,vest2016_tiger2018,2016,2018,-3.848
4,25996.707,1416.947,MI,lower,vest2016_tiger2018,2016,2018,89.662
40,32035.027,25520.947,MI,lower,vest2016_tiger2018,2016,2018,11.318
41,23788.042,23112.422,MI,lower,vest2016_tiger2018,2016,2018,1.441
42,19587.011,33088.617,MI,lower,vest2016_tiger2018,2016,2018,-25.632
43,18748.599,28420.924,MI,lower,vest2016_tiger2018,2016,2018,-20.505
44,17755.853,31745.636,MI,lower,vest2016_tiger2018,2016,2018,-28.261
45,21747.088,25508.123,MI,lower,vest2016_tiger2018,2016,2018,-7.959
46,16978.744,31180.0,MI,lower,vest2016_tiger2018,2016,2018,-29.488
47,14844.081,32654.494,MI,lower,vest2016_tiger2018,2016,2018,-37.497
48,19214.46,23171.141,MI,lower,vest2016_tiger2018,2016,2018,-9.335
49,23425.49,12607.577,MI,lower,vest2016_tiger2018,2016,2018,30.022
5,18656.987,969.382,MI,lower,vest2016_tiger2018,2016,2018,90.122
50,21662.547,21979.102,MI,lower,vest2016_tiger2018,2016,2018,-0.725
51,18492.551,30802.372,MI,lower,vest2016_tiger2018,2016,2018,-24.972
52,28332.561,23314.805,MI,lower,vest2016_tiger2018,2016,2018,9.715
53,39071.44,5529.598,MI,lower,vest2016_tiger2018,2016,2018,75.204
54,30317.775,9703.943,MI,lower,vest2016_tiger2018,2016,2018,51.507
55,30761.327,12083.082,MI,lower,vest2016_tiger2018,2016,2018,43.596
56,15663.28,26118.139,MI,lower,vest2016_tiger2018,2016,2018,-25.023
57,15672.926,24377.854,MI,lower,vest2016_tiger2018,2016,2018,-21.735
58,9860.27,25881.709,MI,lower,vest2016_tiger2018,2016,2018,-44.825
59,12203.907,23138.833,MI,lower,vest2016_tiger2018,2016,2018,-30.94
6,26728.827,2225.89,MI,lower,vest2016_tiger2018,2016,2018,84.625
60,27641.312,9559.085,MI,lower,vest2016_tiger2018,2016,2018,48.608
61,25568.944,23319.161,MI,lower,vest2016_tiger2018,2016,2018,4.602
62,17292.071,18149.561,MI,lower,vest2016_tiger2018,2016,2018,-2.419
63,17261.981,27011.092,MI,lower,vest2016_tiger2018,2016,2018,-22.02
64,14563.461,20050.779,MI,lower,vest2016_tiger2018,2016,2018,-15.853
65,14844.095,25846.822,MI,lower,vest2016_tiger2018,2016,2018,-27.04
66,16797.036,22377.193,MI,lower,vest2016_tiger2018,2016,2018,-14.244
67,22528.178,21127.717,MI,lower,vest2016_tiger2018,2016,2018,3.208
68,27549.564,9505.541,MI,lower,vest2016_tiger2018,2016,2018,48.695
69,29031.761,13234.539,MI,lower,vest2016_tiger2018,2016,2018,37.375
7,33650.72,604.028,MI,lower,vest2016_tiger2018,2016,2018,96.473
70,10978.245,21449.715,MI,lower,vest2016_tiger2018,2016,2018,-32.291
71,22402.391,23556.286,MI,lower,vest2016_tiger2018,2016,2018,-2.511
72,19557.825,24009.819,MI,lower,vest2016_tiger2018,2016,2018,-10.219
73,22029.015,31576.603,MI,lower,vest2016_tiger2018,2016,2018,-17.811
74,16259.214,27751.299,MI,lower,vest2016_tiger2018,2016,2018,-26.112
75,25343.493,7334.795,MI,lower,vest2016_tiger2018,2016,2018,55.109
76,27091.253,17818.537,MI,lower,vest2016_tiger2018,2016,2018,20.647
77,17095.463,23637.234,MI,lower,vest2016_tiger2018,2016,2018,-16.06
78,14178.947,23559.877,MI,lower,vest2016_tiger2018,2016,2018,-24.858
79,17907.934,21074.885,MI,lower,vest2016_tiger2018,2016,2018,-8.124
8,33954.48,1032.421,MI,lower,vest2016_tiger2018,2016,2018,94.098
80,15395.611,27112.636,MI,lower,vest2016_tiger2018,2016,2018,-27.564
81,12733.413,28575.199,MI,lower,vest2016_tiger2018,2016,2018,-38.35
82,12738.007,30049.871,MI,lower,vest2016_tiger2018,2016,2018,-40.46
83,12681.433,23129.99,MI,lower,vest2016_tiger2018,2016,2018,-29.177
84,12008.02,27794.051,MI,lower,vest2016_tiger2018,2016,2018,-39.661
85,16233.308,26417.111,MI,lower,vest2016_tiger2018,2016,2018,-23.877
86,17084.082,28673.601,MI,lower,vest2016_tiger2018,2016,2018,-25.328
87,14344.456,30286.739,MI,lower,vest2016_tiger2018,2016,2018,-35.72
88,12225.42,32480.539,MI,lower,vest2016_tiger2018,2016,2018,-45.307
89,18487.228,29477.663,MI,lower,vest2016_tiger2018,2016,2018,-22.913
9,28417.106,1313.692,MI,lower,vest2016_tiger2018,2016,2018,91.163
90,14260.436,26508.959,MI,lower,vest2016_tiger2018,2016,2018,-30.043
91,17146.116,23456.089,MI,lower,vest2016_tiger2018,2016,2018,-15.541
92,20157.774,12670.773,MI,lower,vest2016_tiger2018,2016,2018,22.806
93,19040.426,26950.627,MI,lower,vest2016_tiger2018,2016,2018,-17.199
94,18376.803,28295.003,MI,lower,vest2016_tiger2018,2016,2018,-21.251
95,22345.168,10007.944,MI,lower,vest2016_tiger2018,2016,2018,38.133
96,18098.855,21624.764,MI,lower,vest2016_tiger2018,2016,2018,-8.876
97,11759.209,25369.204,MI,lower,vest2016_tiger2018,2016,2018,-36.657
98,16445.017,24644.097,MI,lower,vest2016_tiger2018,2016,2018,-19.954
99,14216.633,18341.399,MI,lower,vest2016_tiger2018,2016,2018,-12.669
1,11300.336,24122.025,MN,upper,vest2016_tiger2018,2016,2018,-36.197
10,14115.634,27801.984,MN,upper,vest2016_tiger2018,2016,2018,-32.651
11,15331.73,20498.271,MN,upper,vest2016_tiger2018,2016,2018,-14.42
12,12113.914,27724.988,MN,upper,vest2016_tiger2018,2016,2018,-39.186
13,13062.375,28083.387,MN,upper,vest2016_tiger2018,2016,2018,-36.507
14,15963.922,18971.868,MN,upper,vest2016_tiger2018,2016,2018,-8.61
15,10276.175,29487.752,MN,upper,vest2016_tiger2018,2016,2018,-48.314
16,11446.365,24832.315,MN,upper,vest2016_tiger2018,2016,2018,-36.898
17,12871.149,24017.085,MN,upper,vest2016_tiger2018,2016,2018,-30.215
18,10614.826,26866.682,MN,upper,vest2016_tiger2018,2016,2018,-43.36
19,19296.535,18644.483,MN,upper,vest2016_tiger2018,2016,2018,1.719
2,12659.762,24895.632,MN,upper,vest2016_tiger2018,2016,2018,-32.581
20,17166.421,24014.855,MN,upper,vest2016_tiger2018,2016,2018,-16.63
21,15323.478,24208.28,MN,upper,vest2016_tiger2018,2016,2018,-22.475
22,10706.026,24244.736,MN,upper,vest2016_tiger2018,2016,2018,-38.737
23,11991.245,25338.951,MN,upper,vest2016_tiger2018,2016,2018,-35.756
24,12786.275,22204.36,MN,upper,vest2016_tiger2018,2016,2018,-26.916
25,19111.981,20498.257,MN,upper,vest2016_tiger2018,2016,2018,-3.5
26,19385.621,19700.877,MN,upper,vest2016_tiger2018,2016,2018,-0.807
27,15004.386,20221.422,MN,upper,vest2016_tiger2018,2016,2018,-14.81
28,17178.817,20594.772,MN,upper,vest2016_tiger2018,2016,2018,-9.043
29,12687.867,26582.907,MN,upper,vest2016_tiger2018,2016,2018,-35.383
3,21398.95,21044.797,MN,upper,vest2016_tiger2018,2016,2018,0.834
30,13390.835,27644.397,MN,upper,vest2016_tiger2018,2016,2018,-34.735
31,12159.003,30381.115,MN,upper,vest2016_tiger2018,2016,2018,-42.835
32,13113.68,27405.079,MN,upper,vest2016_tiger2018,2016,2018,-35.271
33,21949.282,26233.998,MN,upper,vest2016_tiger2018,2016,2018,-8.893
34,22271.674,23706.973,MN,upper,vest2016_tiger2018,2016,2018,-3.122
35,16720.908,24602.721,MN,upper,vest2016_tiger2018,2016,2018,-19.073
36,21238.791,19179.703,MN,upper,vest2016_tiger2018,2016,2018,5.094
37,19891.889,21050.797,MN,upper,vest2016_tiger2018,2016,2018,-2.831
38,20676.139,23423.394,MN,upper,vest2016_tiger2018,2016,2018,-6.23
39,21062.769,23750.835,MN,upper,vest2016_tiger2018,2016,2018,-5.998
4,16756.75,19846.883,MN,upper,vest2016_tiger2018,2016,2018,-8.442
40,21936.12,8887.42,MN,upper,vest2016_tiger2018,2016,2018,42.334
41,25273.821,13765.182,MN,upper,vest2016_tiger2018,2016,2018,29.48
42,25907.326,17583.264,MN,upper,vest2016_tiger2018,2016,2018,19.14
43,23827.668,17348.294,MN,upper,vest2016_tiger2018,2016,2018,15.736
44,28138.786,18787.359,MN,upper,vest2016_tiger2018,2016,2018,19.928
45,27508.942,13632.924,MN,upper,vest2016_tiger2018,2016,2018,33.727
46,32357.536,11804.096,MN,upper,vest2016_tiger2018,2016,2018,46.541
47,17965.098,25794.056,MN,upper,vest2016_tiger2018,2016,2018,-17.891
48,26177.712,18243.666,MN,upper,vest2016_tiger2018,2016,2018,17.861
49,30561.723,18051.299,MN,upper,vest2016_tiger2018,2016,2018,25.735
5,15480.273,22419.582,MN,upper,vest2016_tiger2018,2016,2018,-18.31
50,25498.528,14532.066,MN,upper,vest2016_tiger2018,2016,2018,27.395
51,25093.747,17182.22,MN,upper,vest2016_tiger2018,2016,2018,18.714
52,24272.219,17526.082,MN,upper,vest2016_tiger2018,2016,2018,16.14
53,24816.56,18857.599,MN,upper,vest2016_tiger2018,2016,2018,13.644
54,19463.749,20081.761,MN,upper,vest2016_tiger2018,2016,2018,-1.563
55,17034.413,23621.645,MN,upper,vest2016_tiger2018,2016,2018,-16.202
56,21432.265,19703.427,MN,upper,vest2016_tiger2018,2016,2018,4.203
57,23084.409,20531.222,MN,upper,vest2016_tiger2018,2016,2018,5.854
58,17363.316,25097.325,MN,upper,vest2016_tiger2018,2016,2018,-18.215
59,29570.369,4974.35,MN,upper,vest2016_tiger2018,2016,2018,71.201
6,19033.584,20277.464,MN,upper,vest2016_tiger2018,2016,2018,-3.164
60,35677.786,6054.063,MN,upper,vest2016_tiger2018,2016,2018,70.986
61,45126.397,6816.023,MN,upper,vest2016_tiger2018,2016,2018,73.755
62,30689.255,2612.547,MN,upper,vest2016_tiger2018,2016,2018,84.31
63,38187.671,7127.92,MN,upper,vest2016_tiger2018,2016,2018,68.541
64,38184.191,8000.115,MN,upper,vest2016_tiger2018,2016,2018,65.356
65,28191.996,5503.647,MN,upper,vest2016_tiger2018,2016,2018,67.333
66,28386.344,8189.669,MN,upper,vest2016_tiger2018,2016,2018,55.218
67,21641.254,6675.854,MN,upper,vest2016_tiger2018,2016,2018,52.849
7,26344.043,13121.974,MN,upper,vest2016_tiger2018,2016,2018,33.502
8,13315.948,29179.892,MN,upper,vest2016_tiger2018,2016,2018,-37.331
9,9076.927,29062.075,MN,upper,vest2016_tiger2018,2016,2018,-52.401
10A,6931.84,13426.317,MN,lower,vest2016_tiger2018,2016,2018,-31.901
10B,7183.794,14375.667,MN,lower,vest2016_tiger2018,2016,2018,-33.358
11A,9480.573,9122.649,MN,lower,vest2016_tiger2018,2016,2018,1.924
11B,5851.158,11375.622,MN,lower,vest2016_tiger2018,2016,2018,-32.069
12A,7112.042,12873.292,MN,lower,vest2016_tiger2018,2016,2018,-28.827
12B,5001.872,14851.696,MN,lower,vest2016_tiger2018,2016,2018,-49.612
13A,6442.25,14013.74,MN,lower,vest2016_tiger2018,2016,2018,-37.014
13B,6620.125,14069.647,MN,lower,vest2016_tiger2018,2016,2018,-36.006
14A,8301.409,10700.841,MN,lower,vest2016_tiger2018,2016,2018,-12.627
14B,7662.514,8271.027,MN,lower,vest2016_tiger2018,2016,2018,-3.819
15A,5311.433,13323.816,MN,lower,vest2016_tiger2018,2016,2018,-42.996
15B,4964.742,16163.935,MN,lower,vest2016_tiger2018,2016,2018,-53.005
16A,6037.749,11718.618,MN,lower,vest2016_tiger2018,2016,2018,-31.993
16B,5408.616,13113.696,MN,lower,vest2016_tiger2018,2016,2018,-41.599
17A,5892.801,12496.433,MN,lower,vest2016_tiger2018,2016,2018,-35.91
17B,6978.349,11520.652,MN,lower,vest2016_tiger2018,2016,2018,-24.554
18A,5598.585,13538.723,MN,lower,vest2016_tiger2018,2016,2018,-41.49
18B,5016.242,13327.96,MN,lower,vest2016_tiger2018,2016,2018,-45.31
19A,9539.555,10442.384,MN,lower,vest2016_tiger2018,2016,2018,-4.518
19B,9756.979,8202.098,MN,lower,vest2016_tiger2018,2016,2018,8.658
1A,5361.737,12578.493,MN,lower,vest2016_tiger2018,2016,2018,-40.227
1B,5938.6,11543.533,MN,lower,vest2016_tiger2018,2016,2018,-32.061
20A,6740.361,13844.639,MN,lower,vest2016_tiger2018,2016,2018,-34.512
20B,10426.06,10170.216,MN,lower,vest2016_tiger2018,2016,2018,1.242
21A,8694.37,11125.648,MN,lower,vest2016_tiger2018,2016,2018,-12.267
21B,6629.108,13082.632,MN,lower,vest2016_tiger2018,2016,2018,-32.739
22A,5394.887,13315.345,MN,lower,vest2016_tiger2018,2016,2018,-42.332
22B,5311.139,10929.39,MN,lower,vest2016_tiger2018,2016,2018,-34.594
23A,5406.196,13368.542,MN,lower,vest2016_tiger2018,2016,2018,-42.41
23B,6585.05,11970.409,MN,lower,vest2016_tiger2018,2016,2018,-29.023
24A,6704.261,11508.199,MN,lower,vest2016_tiger2018,2016,2018,-26.377
24B,6082.015,10696.161,MN,lower,vest2016_tiger2018,2016,2018,-27.501
25A,8298.544,11841.631,MN,lower,vest2016_tiger2018,2016,2018,-17.592
25B,10813.437,8656.626,MN,lower,vest2016_tiger2018,2016,2018,11.078
26A,10021.05,6804.509,MN,lower,vest2016_tiger2018,2016,2018,19.117
26B,9364.572,12896.368,MN,lower,vest2016_tiger2018,2016,2018,-15.865
27A,7497.053,11173.566,MN,lower,vest2016_tiger2018,2016,2018,-19.691
27B,7507.332,9047.855,MN,lower,vest2016_tiger2018,2016,2018,-9.305
28A,9168.302,8716.254,MN,lower,vest2016_tiger2018,2016,2018,2.528
28B,8010.515,11878.518,MN,lower,vest2016_tiger2018,2016,2018,-19.448
29A,6388.771,13990.461,MN,lower,vest2016_tiger2018,2016,2018,-37.301
29B,6299.096,12592.446,MN,lower,vest2016_tiger2018,2016,2018,-33.313
2A,6735.87,12038.059,MN,lower,vest2016_tiger2018,2016,2018,-28.242
2B,5923.892,12857.572,MN,lower,vest2016_tiger2018,2016,2018,-36.918
30A,6655.008,13459.407,MN,lower,vest2016_tiger2018,2016,2018,-33.828
30B,6735.826,14184.99,MN,lower,vest2016_tiger2018,2016,2018,-35.606
31A,5320.116,15350.518,MN,lower,vest2016_tiger2018,2016,2018,-48.525
31B,6838.887,15030.597,MN,lower,vest2016_tiger2018,2016,2018,-37.457
32A,5997.624,13695.407,MN,lower,vest2016_tiger2018,2016,2018,-39.089
32B,7116.056,13709.672,MN,lower,vest2016_tiger2018,2016,2018,-31.661
33A,9858.173,14269.204,MN,lower,vest2016_tiger2018,2016,2018,-18.282
33B,12091.109,11964.794,MN,lower,vest2016_tiger2018,2016,2018,0.525
34A,9918.87,12462.04,MN,lower,vest2016_tiger2018,2016,2018,-11.363
34B,12352.804,11244.933,MN,lower,vest2016_tiger2018,2016,2018,4.695
35A,8213.036,11624.071,MN,lower,vest2016_tiger2018,2016,2018,-17.195
35B,8507.872,12978.65,MN,lower,vest2016_tiger2018,2016,2018,-20.807
36A,9549.162,10195.607,MN,lower,vest2016_tiger2018,2016,2018,-3.274
36B,11689.629,8984.095,MN,lower,vest2016_tiger2018,2016,2018,13.087
37A,9477.93,9620.528,MN,lower,vest2016_tiger2018,2016,2018,-0.747
37B,10413.96,11430.268,MN,lower,vest2016_tiger2018,2016,2018,-4.653
38A,9232.732,11689.768,MN,lower,vest2016_tiger2018,2016,2018,-11.744
38B,11443.408,11733.626,MN,lower,vest2016_tiger2018,2016,2018,-1.252
39A,9961.68,12580.497,MN,lower,vest2016_tiger2018,2016,2018,-11.617
39B,11101.089,11170.338,MN,lower,vest2016_tiger2018,2016,2018,-0.311
3A,9663.991,11113.758,MN,lower,vest2016_tiger2018,2016,2018,-6.977
3B,11734.959,9931.04,MN,lower,vest2016_tiger2018,2016,2018,8.326
40A,10871.037,4198.775,MN,lower,vest2016_tiger2018,2016,2018,44.276
40B,11065.083,4688.645,MN,lower,vest2016_tiger2018,2016,2018,40.476
41A,11793.859,7446.681,MN,lower,vest2016_tiger2018,2016,2018,22.594
41B,13479.962,6318.502,MN,lower,vest2016_tiger2018,2016,2018,36.172
42A,12517.937,9132.761,MN,lower,vest2016_tiger2018,2016,2018,15.635
42B,13389.389,8450.503,MN,lower,vest2016_tiger2018,2016,2018,22.614
43A,12437.592,8788.668,MN,lower,vest2016_tiger2018,2016,2018,17.191
43B,11390.077,8559.626,MN,lower,vest2016_tiger2018,2016,2018,14.188
44A,13578.746,9857.325,MN,lower,vest2016_tiger2018,2016,2018,15.879
44B,14560.039,8930.034,MN,lower,vest2016_tiger2018,2016,2018,23.968
45A,12464.795,7190.298,MN,lower,vest2016_tiger2018,2016,2018,26.835
45B,15044.147,6442.625,MN,lower,vest2016_tiger2018,2016,2018,40.032
46A,16514.813,6401.621,MN,lower,vest2016_tiger2018,2016,2018,44.131
46B,15842.723,5402.475,MN,lower,vest2016_tiger2018,2016,2018,49.142
47A,7544.514,14664.539,MN,lower,vest2016_tiger2018,2016,2018,-32.059
47B,10420.585,11129.517,MN,lower,vest2016_tiger2018,2016,2018,-3.29
48A,14245.393,9356.806,MN,lower,vest2016_tiger2018,2016,2018,20.712
48B,11932.318,8886.859,MN,lower,vest2016_tiger2018,2016,2018,14.628
49A,15628.983,8445.402,MN,lower,vest2016_tiger2018,2016,2018,29.839
49B,14932.741,9605.897,MN,lower,vest2016_tiger2018,2016,2018,21.708
4A,9382.946,7977.88,MN,lower,vest2016_tiger2018,2016,2018,8.093
4B,7373.804,11869.003,MN,lower,vest2016_tiger2018,2016,2018,-23.36
50A,12588.884,6091.179,MN,lower,vest2016_tiger2018,2016,2018,34.784
50B,12909.644,8440.887,MN,lower,vest2016_tiger2018,2016,2018,20.93
51A,11984.717,8212.466,MN,lower,vest2016_tiger2018,2016,2018,18.677
51B,13109.03,8969.754,MN,lower,vest2016_tiger2018,2016,2018,18.748
52A,12868.747,7926.067,MN,lower,vest2016_tiger2018,2016,2018,23.769
52B,11403.472,9600.014,MN,lower,vest2016_tiger2018,2016,2018,8.586
53A,12035.184,8293.267,MN,lower,vest2016_tiger2018,2016,2018,18.407
53B,12781.375,10564.332,MN,lower,vest2016_tiger2018,2016,2018,9.497
54A,9889.189,9201.087,MN,lower,vest2016_tiger2018,2016,2018,3.604
54B,9574.56,10880.674,MN,lower,vest2016_tiger2018,2016,2018,-6.385
55A,8718.273,9619.934,MN,lower,vest2016_tiger2018,2016,2018,-4.917
55B,8316.14,14001.711,MN,lower,vest2016_tiger2018,2016,2018,-25.475
56A,10692.172,10014.503,MN,lower,vest2016_tiger2018,2016,2018,3.273
56B,10740.094,9688.925,MN,lower,vest2016_tiger2018,2016,2018,5.145
57A,11653.457,10166.39,MN,lower,vest2016_tiger2018,2016,2018,6.815
57B,11430.953,10364.832,MN,lower,vest2016_tiger2018,2016,2018,4.891
58A,9503.662,12240.244,MN,lower,vest2016_tiger2018,2016,2018,-12.586
58B,7859.654,12857.082,MN,lower,vest2016_tiger2018,2016,2018,-24.123
59A,12809.584,2236.229,MN,lower,vest2016_tiger2018,2016,2018,70.274
59B,16760.785,2738.121,MN,lower,vest2016_tiger2018,2016,2018,71.915
5A,7723.534,10117.662,MN,lower,vest2016_tiger2018,2016,2018,-13.419
5B,7756.739,12301.92,MN,lower,vest2016_tiger2018,2016,2018,-22.659
60A,17987.789,3406.239,MN,lower,vest2016_tiger2018,2016,2018,68.157
60B,17689.997,2647.824,MN,lower,vest2016_tiger2018,2016,2018,73.962
61A,23586.195,3494.581,MN,lower,vest2016_tiger2018,2016,2018,74.191
61B,21540.202,3321.442,MN,lower,vest2016_tiger2018,2016,2018,73.281
62A,13217.118,1207.234,MN,lower,vest2016_tiger2018,2016,2018,83.261
62B,17472.137,1405.313,MN,lower,vest2016_tiger2018,2016,2018,85.111
63A,20335.972,2639.664,MN,lower,vest2016_tiger2018,2016,2018,77.022
63B,17851.7,4488.256,MN,lower,vest2016_tiger2018,2016,2018,59.819
64A,19148.787,3293.353,MN,lower,vest2016_tiger2018,2016,2018,70.65
64B,19035.404,4706.762,MN,lower,vest2016_tiger2018,2016,2018,60.351
65A,13598.197,2043.869,MN,lower,vest2016_tiger2018,2016,2018,73.867
65B,14593.799,3459.778,MN,lower,vest2016_tiger2018,2016,2018,61.672
66A,16007.317,5620.279,MN,lower,vest2016_tiger2018,2016,2018,48.027
66B,12379.028,2569.39,MN,lower,vest2016_tiger2018,2016,2018,65.623
67A,10407.774,3171.902,MN,lower,vest2016_tiger2018,2016,2018,53.285
67B,11233.48,3503.952,MN,lower,vest2016_tiger2018,2016,2018,52.448
6A,9119.022,9764.493,MN,lower,vest2016_tiger2018,2016,2018,-3.418
6B,9914.562,10512.971,MN,lower,vest2016_tiger2018,2016,2018,-2.929
7A,14618.822,6650.383,MN,lower,vest2016_tiger2018,2016,2018,37.465
7B,11725.221,6471.591,MN,lower,vest2016_tiger2018,2016,2018,28.871
8A,6896.955,13977.985,MN,lower,vest2016_tiger2018,2016,2018,-33.921
8B,6418.993,15201.907,MN,lower,vest2016_tiger2018,2016,2018,-40.622
9A,4747.711,14307.686,MN,lower,vest2016_tiger2018,2016,2018,-50.169
9B,4329.216,14754.39,MN,lower,vest2016_tiger2018,2016,2018,-54.629
1,37122.65,54149.875,WI,upper,vest2016_tiger2018,2016,2018,-18.655
10,34548.236,50213.538,WI,upper,vest2016_tiger2018,2016,2018,-18.482
11,32650.217,50604.686,WI,upper,vest2016_tiger2018,2016,2018,-21.566
12,31884.795,57651.86,WI,upper,vest2016_tiger2018,2016,2018,-28.778
13,34257.922,53277.176,WI,upper,vest2016_tiger2018,2016,2018,-21.728
14,30942.987,50183.097,WI,upper,vest2016_tiger2018,2016,2018,-23.716
15,42676.999,33607.792,WI,upper,vest2016_tiger2018,2016,2018,11.889
16,69839.229,25001.161,WI,upper,vest2016_tiger2018,2016,2018,47.277
17,34594.625,41434.771,WI,upper,vest2016_tiger2018,2016,2018,-8.997
18,34175.122,45353.808,WI,upper,vest2016_tiger2018,2016,2018,-14.056
19,39414.983,45946.04,WI,upper,vest2016_tiger2018,2016,2018,-7.651
2,33501.648,53194.595,WI,upper,vest2016_tiger2018,2016,2018,-22.715
20,28102.545,64368.185,WI,upper,vest2016_tiger2018,2016,2018,-39.219
21,35392.914,51913.43,WI,upper,vest2016_tiger2018,2016,2018,-18.922
22,40368.302,24539.359,WI,upper,vest2016_tiger2018,2016,2018,24.387
23,30817.437,48220.816,WI,upper,vest2016_tiger2018,2016,2018,-22.019
24,36673.351,46690.19,WI,upper,vest2016_tiger2018,2016,2018,-12.016
25,38905.361,47535.05,WI,upper,vest2016_tiger2018,2016,2018,-9.983
26,93789.801,16359.88,WI,upper,vest2016_tiger2018,2016,2018,70.295
27,60273.113,36110.085,WI,upper,vest2016_tiger2018,2016,2018,25.07
28,37294.349,56371.619,WI,upper,vest2016_tiger2018,2016,2018,-20.367
29,32566.009,50736.682,WI,upper,vest2016_tiger2018,2016,2018,-21.813
3,35809.241,15764.077,WI,upper,vest2016_tiger2018,2016,2018,38.867
30,33890.784,42455.783,WI,upper,vest2016_tiger2018,2016,2018,-11.219
31,40422.863,43790.02,WI,upper,vest2016_tiger2018,2016,2018,-3.998
32,43918.719,40237.983,WI,upper,vest2016_tiger2018,2016,2018,4.374
33,33271.274,58873.706,WI,upper,vest2016_tiger2018,2016,2018,-27.785
4,62240.084,9222.24,WI,upper,vest2016_tiger2018,2016,2018,74.19
5,46892.949,47917.418,WI,upper,vest2016_tiger2018,2016,2018,-1.081
6,61634.371,7162.199,WI,upper,vest2016_tiger2018,2016,2018,79.179
7,54343.977,33030.19,WI,upper,vest2016_tiger2018,2016,2018,24.394
8,46986.642,54909.954,WI,upper,vest2016_tiger2018,2016,2018,-7.776
9,33326.877,48447.283,WI,upper,vest2016_tiger2018,2016,2018,-18.49
1,13459.663,18524.631,WI,lower,vest2016_tiger2018,2016,2018,-15.836
10,23385.919,2122.733,WI,lower,vest2016_tiger2018,2016,2018,83.357
11,20009.229,2858.492,WI,lower,vest2016_tiger2018,2016,2018,75.0
12,18844.935,4241.016,WI,lower,vest2016_tiger2018,2016,2018,63.259
13,16065.223,16543.568,WI,lower,vest2016_tiger2018,2016,2018,-1.467
14,17651.893,16112.628,WI,lower,vest2016_tiger2018,2016,2018,4.559
15,13175.833,15261.223,WI,lower,vest2016_tiger2018,2016,2018,-7.333
16,19364.818,1797.708,WI,lower,vest2016_tiger2018,2016,2018,83.01
17,22707.633,3180.133,WI,lower,vest2016_tiger2018,2016,2018,75.431
18,19561.919,2184.359,WI,lower,vest2016_tiger2018,2016,2018,79.911
19,24955.871,6915.682,WI,lower,vest2016_tiger2018,2016,2018,56.603
2,11268.377,18332.646,WI,lower,vest2016_tiger2018,2016,2018,-23.865
20,16501.621,11715.481,WI,lower,vest2016_tiger2018,2016,2018,16.962
21,12886.485,14399.026,WI,lower,vest2016_tiger2018,2016,2018,-5.543
22,12531.23,21278.13,WI,lower,vest2016_tiger2018,2016,2018,-25.871
23,18533.182,16454.025,WI,lower,vest2016_tiger2018,2016,2018,5.943
24,15922.23,17177.799,WI,lower,vest2016_tiger2018,2016,2018,-3.793
25,9901.162,16221.588,WI,lower,vest2016_tiger2018,2016,2018,-24.195
26,10993.392,15610.454,WI,lower,vest2016_tiger2018,2016,2018,-17.355
27,12432.323,16615.241,WI,lower,vest2016_tiger2018,2016,2018,-14.4
28,9657.429,18324.565,WI,lower,vest2016_tiger2018,2016,2018,-30.974
29,11016.746,15426.416,WI,lower,vest2016_tiger2018,2016,2018,-16.676
3,12394.609,17292.598,WI,lower,vest2016_tiger2018,2016,2018,-16.499
30,13874.061,16462.557,WI,lower,vest2016_tiger2018,2016,2018,-8.533
31,11954.273,15771.841,WI,lower,vest2016_tiger2018,2016,2018,-13.769
32,9741.496,16546.449,WI,lower,vest2016_tiger2018,2016,2018,-25.886
33,10954.448,18286.396,WI,lower,vest2016_tiger2018,2016,2018,-25.074
34,12409.067,21222.936,WI,lower,vest2016_tiger2018,2016,2018,-26.207
35,10130.792,17677.532,WI,lower,vest2016_tiger2018,2016,2018,-27.138
36,9344.936,18751.392,WI,lower,vest2016_tiger2018,2016,2018,-33.479
37,11924.895,16225.922,WI,lower,vest2016_tiger2018,2016,2018,-15.279
38,12889.918,19143.739,WI,lower,vest2016_tiger2018,2016,2018,-19.523
39,9443.109,17907.515,WI,lower,vest2016_tiger2018,2016,2018,-30.948
4,13393.953,16255.44,WI,lower,vest2016_tiger2018,2016,2018,-9.651
40,9275.062,17873.896,WI,lower,vest2016_tiger2018,2016,2018,-31.673
41,9824.713,16276.969,WI,lower,vest2016_tiger2018,2016,2018,-24.72
42,11843.213,16032.231,WI,lower,vest2016_tiger2018,2016,2018,-15.028
43,15636.491,13544.41,WI,lower,vest2016_tiger2018,2016,2018,7.169
44,14253.641,9930.994,WI,lower,vest2016_tiger2018,2016,2018,17.874
45,12786.867,10132.388,WI,lower,vest2016_tiger2018,2016,2018,11.582
46,20244.827,10807.745,WI,lower,vest2016_tiger2018,2016,2018,30.391
47,23895.606,7688.126,WI,lower,vest2016_tiger2018,2016,2018,51.316
48,25698.795,6505.29,WI,lower,vest2016_tiger2018,2016,2018,59.6
49,11275.406,13760.029,WI,lower,vest2016_tiger2018,2016,2018,-9.924
5,11521.409,19058.962,WI,lower,vest2016_tiger2018,2016,2018,-24.648
50,9970.821,14829.205,WI,lower,vest2016_tiger2018,2016,2018,-19.59
51,13348.398,12845.536,WI,lower,vest2016_tiger2018,2016,2018,1.92
52,10594.409,15783.798,WI,lower,vest2016_tiger2018,2016,2018,-19.673
53,9495.738,16926.785,WI,lower,vest2016_tiger2018,2016,2018,-28.124
54,14084.975,12643.225,WI,lower,vest2016_tiger2018,2016,2018,5.394
55,12888.649,15941.777,WI,lower,vest2016_tiger2018,2016,2018,-10.59
56,12732.567,19009.581,WI,lower,vest2016_tiger2018,2016,2018,-19.775
57,13793.768,10994.683,WI,lower,vest2016_tiger2018,2016,2018,11.292
58,9037.075,21148.068,WI,lower,vest2016_tiger2018,2016,2018,-40.122
59,7965.646,21763.429,WI,lower,vest2016_tiger2018,2016,2018,-46.412
6,8586.287,17880.193,WI,lower,vest2016_tiger2018,2016,2018,-35.116
60,11099.825,21456.688,WI,lower,vest2016_tiger2018,2016,2018,-31.812
61,10987.25,17605.444,WI,lower,vest2016_tiger2018,2016,2018,-23.146
62,13084.832,17161.781,WI,lower,vest2016_tiger2018,2016,2018,-13.479
63,11320.832,17146.205,WI,lower,vest2016_tiger2018,2016,2018,-20.464
64,13948.056,11191.617,WI,lower,vest2016_tiger2018,2016,2018,10.964
65,12719.933,8034.656,WI,lower,vest2016_tiger2018,2016,2018,22.575
66,13700.313,5313.086,WI,lower,vest2016_tiger2018,2016,2018,44.112
67,10827.7,17290.107,WI,lower,vest2016_tiger2018,2016,2018,-22.983
68,11102.187,15064.838,WI,lower,vest2016_tiger2018,2016,2018,-15.144
69,8887.551,15865.871,WI,lower,vest2016_tiger2018,2016,2018,-28.191
7,14249.481,10113.805,WI,lower,vest2016_tiger2018,2016,2018,16.975
70,10363.718,16272.129,WI,lower,vest2016_tiger2018,2016,2018,-22.182
71,15552.601,13370.326,WI,lower,vest2016_tiger2018,2016,2018,7.545
72,10757.032,17047.735,WI,lower,vest2016_tiger2018,2016,2018,-22.625
73,14240.978,14230.682,WI,lower,vest2016_tiger2018,2016,2018,0.036
74,14639.35,15642.64,WI,lower,vest2016_tiger2018,2016,2018,-3.313
75,10025.033,17661.728,WI,lower,vest2016_tiger2018,2016,2018,-27.582
76,36099.434,4976.894,WI,lower,vest2016_tiger2018,2016,2018,75.768
77,30291.148,4333.296,WI,lower,vest2016_tiger2018,2016,2018,74.97
78,27399.219,7049.689,WI,lower,vest2016_tiger2018,2016,2018,59.072
79,23189.784,11941.268,WI,lower,vest2016_tiger2018,2016,2018,32.019
8,9502.188,1628.881,WI,lower,vest2016_tiger2018,2016,2018,70.733
80,22040.258,11509.196,WI,lower,vest2016_tiger2018,2016,2018,31.39
81,15043.072,12659.62,WI,lower,vest2016_tiger2018,2016,2018,8.604
82,13686.472,16223.591,WI,lower,vest2016_tiger2018,2016,2018,-8.482
83,10367.644,22989.25,WI,lower,vest2016_tiger2018,2016,2018,-37.838
84,13240.234,17158.779,WI,lower,vest2016_tiger2018,2016,2018,-12.89
85,12472.751,13956.76,WI,lower,vest2016_tiger2018,2016,2018,-5.615
86,11586.805,18952.59,WI,lower,vest2016_tiger2018,2016,2018,-24.119
87,8506.453,17827.332,WI,lower,vest2016_tiger2018,2016,2018,-35.395
88,13323.024,15451.717,WI,lower,vest2016_tiger2018,2016,2018,-7.398
89,9657.586,18851.153,WI,lower,vest2016_tiger2018,2016,2018,-32.248
9,12057.571,4021.391,WI,lower,vest2016_tiger2018,2016,2018,49.979
90,10910.174,8152.913,WI,lower,vest2016_tiger2018,2016,2018,14.464
91,17296.023,11364.344,WI,lower,vest2016_tiger2018,2016,2018,20.696
92,10970.744,14573.262,WI,lower,vest2016_tiger2018,2016,2018,-14.103
93,12156.096,17852.414,WI,lower,vest2016_tiger2018,2016,2018,-18.982
94,14658.47,15767.027,WI,lower,vest2016_tiger2018,2016,2018,-3.644
95,17738.315,10599.344,WI,lower,vest2016_tiger2018,2016,2018,25.193
96,11521.934,13871.612,WI,lower,vest2016_tiger2018,2016,2018,-9.253
97,11432.19,15805.244,WI,lower,vest2016_tiger2018,2016,2018,-16.055
98,11653.04,19723.523,WI,lower,vest2016_tiger2018,2016,2018,-25.721
99,10186.045,23344.939,WI,lower,vest2016_tiger2018,2016,2018,-39.244
1,33486.24,78406.725,AZ,upper,vest2016_tiger2018,2016,2018,-40.146
10,51573.643,40542.604,AZ,upper,vest2016_tiger2018,2016,2018,11.975
11,41830.678,56103.488,AZ,upper,vest2016_tiger2018,2016,2018,-14.574
12,38974.928,66393.302,AZ,upper,vest2016_tiger2018,2016,2018,-26.021
13,29394.864,52600.658,AZ,upper,vest2016_tiger2018,2016,2018,-28.301
14,29352.453,52250.833,AZ,upper,vest2016_tiger2018,2016,2018,-28.061
15,41346.925,58928.902,AZ,upper,vest2016_tiger2018,2016,2018,-17.534
16,29684.323,55244.997,AZ,upper,vest2016_tiger2018,2016,2018,-30.096
17,45742.722,49896.35,AZ,upper,vest2016_tiger2018,2016,2018,-4.343
18,56378.243,45066.963,AZ,upper,vest2016_tiger2018,2016,2018,11.15
19,34488.435,13897.986,AZ,upper,vest2016_tiger2018,2016,2018,42.554
2,41098.354,25001.49,AZ,upper,vest2016_tiger2018,2016,2018,24.352
20,35918.524,42659.53,AZ,upper,vest2016_tiger2018,2016,2018,-8.579
21,35364.905,48877.57,AZ,upper,vest2016_tiger2018,2016,2018,-16.04
22,39491.267,72754.325,AZ,upper,vest2016_tiger2018,2016,2018,-29.634
23,52094.889,68953.64,AZ,upper,vest2016_tiger2018,2016,2018,-13.927
24,48123.171,20201.717,AZ,upper,vest2016_tiger2018,2016,2018,40.866
25,32443.981,54300.168,AZ,upper,vest2016_tiger2018,2016,2018,-25.196
26,34199.013,18425.84,AZ,upper,vest2016_tiger2018,2016,2018,29.973
27,40672.98,11431.701,AZ,upper,vest2016_tiger2018,2016,2018,56.12
28,50555.752,45184.83,AZ,upper,vest2016_tiger2018,2016,2018,5.61
29,29571.345,13351.332,AZ,upper,vest2016_tiger2018,2016,2018,37.789
3,44665.823,15525.59,AZ,upper,vest2016_tiger2018,2016,2018,48.413
30,27651.844,14105.432,AZ,upper,vest2016_tiger2018,2016,2018,32.441
4,32042.104,21526.343,AZ,upper,vest2016_tiger2018,2016,2018,19.631
5,18797.571,62189.409,AZ,upper,vest2016_tiger2018,2016,2018,-53.579
6,42102.824,52613.506,AZ,upper,vest2016_tiger2018,2016,2018,-11.097
7,42275.668,24137.646,AZ,upper,vest2016_tiger2018,2016,2018,27.311
8,24953.946,33885.89,AZ,upper,vest2016_tiger2018,2016,2018,-15.18
9,56873.966,37916.589,AZ,upper,vest2016_tiger2018,2016,2018,19.999
1,33486.24,78406.725,AZ,lower,vest2016_tiger2018,2016,2018,-40.146
10,51573.643,40542.604,AZ,lower,vest2016_tiger2018,2016,2018,11.975
11,41830.678,56103.488,AZ,lower,vest2016_tiger2018,2016,2018,-14.574
12,38974.928,66393.302,AZ,lower,vest2016_tiger2018,2016,2018,-26.021
13,29394.864,52600.658,AZ,lower,vest2016_tiger2018,2016,2018,-28.301
14,29352.453,52250.833,AZ,lower,vest2016_tiger2018,2016,2018,-28.061
15,41346.925,58928.902,AZ,lower,vest2016_tiger2018,2016,2018,-17.534
16,29684.323,55244.997,AZ,lower,vest2016_tiger2018,2016,2018,-30.096
17,45742.722,49896.35,AZ,lower,vest2016_tiger2018,2016,2018,-4.343
18,56378.243,45066.963,AZ,lower,vest2016_tiger2018,2016,2018,11.15
19,34488.435,13897.986,AZ,lower,vest2016_tiger2018,2016,2018,42.554
2,41098.354,25001.49,AZ,lower,vest2016_tiger2018,2016,2018,24.352
20,35918.524,42659.53,AZ,lower,vest2016_tiger2018,2016,2018,-8.579
21,35364.905,48877.57,AZ,lower,vest2016_tiger2018,2016,2018,-16.04
22,39491.267,72754.325,AZ,lower,vest2016_tiger2018,2016,2018,-29.634
23,52094.889,68953.64,AZ,lower,vest2016_tiger2018,2016,2018,-13.927
24,48123.171,20201.717,AZ,lower,vest2016_tiger2018,2016,2018,40.866
25,32443.981,54300.168,AZ,lower,vest2016_tiger2018,2016,2018,-25.196
26,34199.013,18425.84,AZ,lower,vest2016_tiger2018,2016,2018,29.973
27,40672.98,11431.701,AZ,lower,vest2016_tiger2018,2016,2018,56.12
28,50555.752,45184.83,AZ,lower,vest2016_tiger2018,2016,2018,5.61
29,29571.345,13351.332,AZ,lower,vest2016_tiger2018,2016,2018,37.789
3,44665.823,15525.59,AZ,lower,vest2016_tiger2018,2016,2018,48.413
30,27651.844,14105.432,AZ,lower,vest2016_tiger2018,2016,2018,32.441
4,32042.104,21526.343,AZ,lower,vest2016_tiger2018,2016,2018,19.631
5,18797.571,62189.409,AZ,lower,vest2016_tiger2018,2016,2018,-53.579
6,42102.824,52613.506,AZ,lower,vest2016_tiger2018,2016,2018,-11.097
7,42275.668,24137.646,AZ,lower,vest2016_tiger2018,2016,2018,27.311
8,24953.946,33885.89,AZ,lower,vest2016_tiger2018,2016,2018,-15.18
9,56873.966,37916.589,AZ,lower,vest2016_tiger2018,2016,2018,19.999
1,109896.931,25622.007,PA,upper,vest2016_tiger2018,2016,2018,62.187
10,73439.222,67370.334,PA,upper,vest2016_tiger2018,2016,2018,4.31
11,52188.007,49142.739,PA,upper,vest2016_tiger2018,2016,2018,3.005
12,69033.474,61712.684,PA,upper,vest2016_tiger2018,2016,2018,5.599
13,51688.627,58942.84,PA,upper,vest2016_tiger2018,2016,2018,-6.557
14,41797.772,60679.2,PA,upper,vest2016_tiger2018,2016,2018,-18.425
15,56428.904,62300.362,PA,upper,vest2016_tiger2018,2016,2018,-4.945
16,60726.046,54848.574,PA,upper,vest2016_tiger2018,2016,2018,5.085
17,95487.632,42787.207,PA,upper,vest2016_tiger2018,2016,2018,38.113
18,63464.951,53163.424,PA,upper,vest2016_tiger2018,2016,2018,8.833
19,74696.372,54217.162,PA,upper,vest2016_tiger2018,2016,2018,15.886
2,76280.09,21265.305,PA,upper,vest2016_tiger2018,2016,2018,56.399
20,36775.314,73104.702,PA,upper,vest2016_tiger2018,2016,2018,-33.063
21,36439.724,82255.978,PA,upper,vest2016_tiger2018,2016,2018,-38.6
22,60858.589,56254.199,PA,upper,vest2016_tiger2018,2016,2018,3.932
23,28127.176,71569.216,PA,upper,vest2016_tiger2018,2016,2018,-43.574
24,53828.624,64250.628,PA,upper,vest2016_tiger2018,2016,2018,-8.826
25,24497.14,75506.41,PA,upper,vest2016_tiger2018,2016,2018,-51.007
26,78660.647,58067.511,PA,upper,vest2016_tiger2018,2016,2018,15.061
27,28744.328,69989.895,PA,upper,vest2016_tiger2018,2016,2018,-41.774
28,43480.537,74890.275,PA,upper,vest2016_tiger2018,2016,2018,-26.535
29,34229.422,75248.063,PA,upper,vest2016_tiger2018,2016,2018,-37.468
3,101612.756,6381.088,PA,upper,vest2016_tiger2018,2016,2018,88.182
30,24767.843,81129.807,PA,upper,vest2016_tiger2018,2016,2018,-53.223
31,50533.853,79279.208,PA,upper,vest2016_tiger2018,2016,2018,-22.144
32,31619.229,72626.452,PA,upper,vest2016_tiger2018,2016,2018,-39.337
33,35714.366,81173.454,PA,upper,vest2016_tiger2018,2016,2018,-38.891
34,44799.998,62151.984,PA,upper,vest2016_tiger2018,2016,2018,-16.224
35,28216.074,79550.52,PA,upper,vest2016_tiger2018,2016,2018,-47.635
36,39404.0,78970.0,PA,upper,vest2016_tiger2018,2016,2018,-33.425
37,69739.022,78583.944,PA,upper,vest2016_tiger2018,2016,2018,-5.963
38,69617.364,68880.038,PA,upper,vest2016_tiger2018,2016,2018,0.532
39,38291.62,81157.926,PA,upper,vest2016_tiger2018,2016,2018,-35.887
4,123430.573,19764.948,PA,upper,vest2016_tiger2018,2016,2018,72.394
40,51493.618,66622.326,PA,upper,vest2016_tiger2018,2016,2018,-12.808
41,31108.086,79203.318,PA,upper,vest2016_tiger2018,2016,2018,-43.6
42,83455.749,40851.329,PA,upper,vest2016_tiger2018,2016,2018,34.274
43,98132.343,31229.729,PA,upper,vest2016_tiger2018,2016,2018,51.717
44,66401.412,66186.283,PA,upper,vest2016_tiger2018,2016,2018,0.162
45,59261.241,60182.692,PA,upper,vest2016_tiger2018,2016,2018,-0.771
46,43257.362,71070.656,PA,upper,vest2016_tiger2018,2016,2018,-24.328
47,42323.445,72196.076,PA,upper,vest2016_tiger2018,2016,2018,-26.085
48,41758.713,71850.962,PA,upper,vest2016_tiger2018,2016,2018,-26.487
49,52672.226,50923.376,PA,upper,vest2016_tiger2018,2016,2018,1.688
5,58276.364,42709.621,PA,upper,vest2016_tiger2018,2016,2018,15.415
50,35487.4,66878.346,PA,upper,vest2016_tiger2018,2016,2018,-30.665
6,65206.732,61899.76,PA,upper,vest2016_tiger2018,2016,2018,2.602
7,107515.465,17352.848,PA,upper,vest2016_tiger2018,2016,2018,72.206
8,103893.134,10834.156,PA,upper,vest2016_tiger2018,2016,2018,81.113
9,77381.923,58437.61,PA,upper,vest2016_tiger2018,2016,2018,13.948
1,13012.066,6839.416,PA,lower,vest2016_tiger2018,2016,2018,31.094
10,9717.557,16204.376,PA,lower,vest2016_tiger2018,2016,2018,-25.024
100,6735.17,16030.154,PA,lower,vest2016_tiger2018,2016,2018,-40.83
101,11276.0,17709.0,PA,lower,vest2016_tiger2018,2016,2018,-22.194
102,7232.999,20705.999,PA,lower,vest2016_tiger2018,2016,2018,-48.223
103,19372.248,4567.135,PA,lower,vest2016_tiger2018,2016,2018,61.844
104,14362.374,17883.608,PA,lower,vest2016_tiger2018,2016,2018,-10.92
105,15850.861,18681.736,PA,lower,vest2016_tiger2018,2016,2018,-8.198
106,13910.623,16346.898,PA,lower,vest2016_tiger2018,2016,2018,-8.052
107,7478.978,17288.903,PA,lower,vest2016_tiger2018,2016,2018,-39.607
108,6857.424,17955.186,PA,lower,vest2016_tiger2018,2016,2018,-44.726
109,8517.423,16742.971,PA,lower,vest2016_tiger2018,2016,2018,-32.563
11,8157.427,19142.671,PA,lower,vest2016_tiger2018,2016,2018,-40.239
110,6587.574,17734.061,PA,lower,vest2016_tiger2018,2016,2018,-45.83
111,7919.069,18697.42,PA,lower,vest2016_tiger2018,2016,2018,-40.495
112,16806.582,12546.942,PA,lower,vest2016_tiger2018,2016,2018,14.512
113,15796.421,11208.061,PA,lower,vest2016_tiger2018,2016,2018,16.991
114,14779.786,17340.044,PA,lower,vest2016_tiger2018,2016,2018,-7.971
115,13852.809,9120.186,PA,lower,vest2016_tiger2018,2016,2018,20.601
116,7701.93,16209.379,PA,lower,vest2016_tiger2018,2016,2018,-35.579
117,8857.668,19063.472,PA,lower,vest2016_tiger2018,2016,2018,-36.552
118,12533.917,17373.202,PA,lower,vest2016_tiger2018,2016,2018,-16.181
119,9027.697,15733.8,PA,lower,vest2016_tiger2018,2016,2018,-27.083
12,11560.372,23372.52,PA,lower,vest2016_tiger2018,2016,2018,-33.814
120,12118.365,15559.243,PA,lower,vest2016_tiger2018,2016,2018,-12.432
121,10622.459,10874.138,PA,lower,vest2016_tiger2018,2016,2018,-1.171
122,8417.682,17912.224,PA,lower,vest2016_tiger2018,2016,2018,-36.06
123,7093.321,14530.685,PA,lower,vest2016_tiger2018,2016,2018,-34.394
124,7331.586,20328.351,PA,lower,vest2016_tiger2018,2016,2018,-46.988
125,6469.565,20170.014,PA,lower,vest2016_tiger2018,2016,2018,-51.429
126,15034.664,10020.427,PA,lower,vest2016_tiger2018,2016,2018,20.013
127,13161.328,3406.565,PA,lower,vest2016_tiger2018,2016,2018,58.878
128,12467.628,18848.728,PA,lower,vest2016_tiger2018,2016,2018,-20.376
129,12151.997,18695.268,PA,lower,vest2016_tiger2018,2016,2018,-21.212
13,12710.373,15777.16,PA,lower,vest2016_tiger2018,2016,2018,-10.765
130,11018.382,18785.012,PA,lower,vest2016_tiger2018,2016,2018,-26.06
131,14533.857,18651.107,PA,lower,vest2016_tiger2018,2016,2018,-12.407
132,15734.091,8056.964,PA,lower,vest2016_tiger2018,2016,2018,32.269
133,14539.223,11751.123,PA,lower,vest2016_tiger2018,2016,2018,10.605
134,14261.235,18385.764,PA,lower,vest2016_tiger2018,2016,2018,-12.634
135,17182.988,9459.997,PA,lower,vest2016_tiger2018,2016,2018,28.987
136,14464.364,11552.603,PA,lower,vest2016_tiger2018,2016,2018,11.192
137,12962.906,17835.57,PA,lower,vest2016_tiger2018,2016,2018,-15.821
138,13753.337,19829.146,PA,lower,vest2016_tiger2018,2016,2018,-18.092
139,9347.837,20123.947,PA,lower,vest2016_tiger2018,2016,2018,-36.564
14,10193.06,20244.676,PA,lower,vest2016_tiger2018,2016,2018,-33.024
140,16261.442,12441.809,PA,lower,vest2016_tiger2018,2016,2018,13.307
141,14822.024,12158.06,PA,lower,vest2016_tiger2018,2016,2018,9.874
142,17568.179,19041.553,PA,lower,vest2016_tiger2018,2016,2018,-4.025
143,18271.847,18478.466,PA,lower,vest2016_tiger2018,2016,2018,-0.562
144,15788.446,17655.676,PA,lower,vest2016_tiger2018,2016,2018,-5.583
145,12942.558,18208.328,PA,lower,vest2016_tiger2018,2016,2018,-16.904
146,14500.608,14176.612,PA,lower,vest2016_tiger2018,2016,2018,1.13
147,13435.006,17795.57,PA,lower,vest2016_tiger2018,2016,2018,-13.962
148,26734.49,11842.992,PA,lower,vest2016_tiger2018,2016,2018,38.602
149,22912.084,10278.975,PA,lower,vest2016_tiger2018,2016,2018,38.062
15,9608.855,20289.16,PA,lower,vest2016_tiger2018,2016,2018,-35.722
150,16587.377,14193.422,PA,lower,vest2016_tiger2018,2016,2018,7.777
151,18733.871,13976.679,PA,lower,vest2016_tiger2018,2016,2018,14.543
152,18951.046,14455.568,PA,lower,vest2016_tiger2018,2016,2018,13.457
153,24967.769,11367.459,PA,lower,vest2016_tiger2018,2016,2018,37.43
154,27982.997,6876.999,PA,lower,vest2016_tiger2018,2016,2018,60.545
155,19489.23,16508.777,PA,lower,vest2016_tiger2018,2016,2018,8.279
156,19786.0,15170.0,PA,lower,vest2016_tiger2018,2016,2018,13.205
157,20210.295,12743.925,PA,lower,vest2016_tiger2018,2016,2018,22.657
158,17649.001,14311.001,PA,lower,vest2016_tiger2018,2016,2018,10.444
159,19663.147,5137.312,PA,lower,vest2016_tiger2018,2016,2018,58.571
16,13969.494,15341.611,PA,lower,vest2016_tiger2018,2016,2018,-4.681
160,17376.053,16644.033,PA,lower,vest2016_tiger2018,2016,2018,2.152
161,19618.388,15858.337,PA,lower,vest2016_tiger2018,2016,2018,10.599
162,15692.233,14781.883,PA,lower,vest2016_tiger2018,2016,2018,2.987
163,18605.964,14141.667,PA,lower,vest2016_tiger2018,2016,2018,13.632
164,21986.794,4237.605,PA,lower,vest2016_tiger2018,2016,2018,67.682
165,19446.504,16831.142,PA,lower,vest2016_tiger2018,2016,2018,7.209
166,24628.343,10570.473,PA,lower,vest2016_tiger2018,2016,2018,39.938
167,20255.0,14727.0,PA,lower,vest2016_tiger2018,2016,2018,15.802
168,19657.242,17091.103,PA,lower,vest2016_tiger2018,2016,2018,6.983
169,8669.001,21153.002,PA,lower,vest2016_tiger2018,2016,2018,-41.862
17,8028.243,18128.332,PA,lower,vest2016_tiger2018,2016,2018,-38.614
170,13374.944,13179.192,PA,lower,vest2016_tiger2018,2016,2018,0.737
171,13826.393,19210.822,PA,lower,vest2016_tiger2018,2016,2018,-16.298
172,15188.376,11519.561,PA,lower,vest2016_tiger2018,2016,2018,13.737
173,13740.338,9795.373,PA,lower,vest2016_tiger2018,2016,2018,16.762
174,15079.65,10671.618,PA,lower,vest2016_tiger2018,2016,2018,17.118
175,25754.666,4765.563,PA,lower,vest2016_tiger2018,2016,2018,68.771
176,11237.618,14872.326,PA,lower,vest2016_tiger2018,2016,2018,-13.921
177,14981.286,10490.383,PA,lower,vest2016_tiger2018,2016,2018,17.631
178,18436.998,19687.999,PA,lower,vest2016_tiger2018,2016,2018,-3.281
179,20843.789,2085.7,PA,lower,vest2016_tiger2018,2016,2018,81.808
18,14802.999,12357.0,PA,lower,vest2016_tiger2018,2016,2018,9.006
180,18220.417,1753.461,PA,lower,vest2016_tiger2018,2016,2018,82.442
181,27676.607,1581.953,PA,lower,vest2016_tiger2018,2016,2018,89.186
182,31514.874,4529.256,PA,lower,vest2016_tiger2018,2016,2018,74.868
183,11602.107,18291.177,PA,lower,vest2016_tiger2018,2016,2018,-22.376
184,18578.986,7949.139,PA,lower,vest2016_tiger2018,2016,2018,40.07
185,22342.541,6062.349,PA,lower,vest2016_tiger2018,2016,2018,57.315
186,29898.907,2395.836,PA,lower,vest2016_tiger2018,2016,2018,85.163
187,12908.0,18445.0,PA,lower,vest2016_tiger2018,2016,2018,-17.66
188,27408.42,1129.427,PA,lower,vest2016_tiger2018,2016,2018,92.085
189,12010.106,13413.053,PA,lower,vest2016_tiger2018,2016,2018,-5.518
19,22073.852,3623.864,PA,lower,vest2016_tiger2018,2016,2018,71.796
190,29492.549,853.083,PA,lower,vest2016_tiger2018,2016,2018,94.378
191,26673.979,863.505,PA,lower,vest2016_tiger2018,2016,2018,93.729
192,30448.974,1179.0,PA,lower,vest2016_tiger2018,2016,2018,92.545
193,7963.198,19897.869,PA,lower,vest2016_tiger2018,2016,2018,-42.836
194,24213.223,8159.155,PA,lower,vest2016_tiger2018,2016,2018,49.592
195,30611.046,1773.154,PA,lower,vest2016_tiger2018,2016,2018,89.049
196,8647.419,20608.085,PA,lower,vest2016_tiger2018,2016,2018,-40.883
197,25218.587,925.811,PA,lower,vest2016_tiger2018,2016,2018,92.918
198,28944.635,765.188,PA,lower,vest2016_tiger2018,2016,2018,94.849
199,11086.593,17491.774,PA,lower,vest2016_tiger2018,2016,2018,-22.413
2,14095.766,10566.691,PA,lower,vest2016_tiger2018,2016,2018,14.31
20,19168.887,10981.565,PA,lower,vest2016_tiger2018,2016,2018,27.155
200,35495.579,1504.95,PA,lower,vest2016_tiger2018,2016,2018,91.865
201,28469.791,640.83,PA,lower,vest2016_tiger2018,2016,2018,95.597
202,17722.985,4267.734,PA,lower,vest2016_tiger2018,2016,2018,61.186
203,28214.919,1264.552,PA,lower,vest2016_tiger2018,2016,2018,91.421
21,19465.612,12037.309,PA,lower,vest2016_tiger2018,2016,2018,23.58
22,13547.889,4581.547,PA,lower,vest2016_tiger2018,2016,2018,49.457
23,26648.638,5430.568,PA,lower,vest2016_tiger2018,2016,2018,66.143
24,29696.201,2292.545,PA,lower,vest2016_tiger2018,2016,2018,85.667
25,15612.395,14619.615,PA,lower,vest2016_tiger2018,2016,2018,3.284
26,13707.0,16539.001,PA,lower,vest2016_tiger2018,2016,2018,-9.363
27,17996.461,10434.626,PA,lower,vest2016_tiger2018,2016,2018,26.597
28,16248.369,19666.24,PA,lower,vest2016_tiger2018,2016,2018,-9.517
29,16749.15,18353.531,PA,lower,vest2016_tiger2018,2016,2018,-4.571
3,15047.327,16366.098,PA,lower,vest2016_tiger2018,2016,2018,-4.198
30,17034.383,19771.024,PA,lower,vest2016_tiger2018,2016,2018,-7.435
31,21416.352,15978.576,PA,lower,vest2016_tiger2018,2016,2018,14.541
32,20392.601,13027.61,PA,lower,vest2016_tiger2018,2016,2018,22.038
33,12958.711,14461.09,PA,lower,vest2016_tiger2018,2016,2018,-5.479
34,22012.241,9026.715,PA,lower,vest2016_tiger2018,2016,2018,41.836
35,15608.088,10656.165,PA,lower,vest2016_tiger2018,2016,2018,18.854
36,16666.725,11610.603,PA,lower,vest2016_tiger2018,2016,2018,17.88
37,8007.082,21059.909,PA,lower,vest2016_tiger2018,2016,2018,-44.906
38,15376.486,16788.557,PA,lower,vest2016_tiger2018,2016,2018,-4.39
39,12065.338,19936.996,PA,lower,vest2016_tiger2018,2016,2018,-24.597
4,9729.891,16874.659,PA,lower,vest2016_tiger2018,2016,2018,-26.855
40,15577.647,21045.242,PA,lower,vest2016_tiger2018,2016,2018,-14.929
41,14661.885,18722.075,PA,lower,vest2016_tiger2018,2016,2018,-12.162
42,20574.371,12155.092,PA,lower,vest2016_tiger2018,2016,2018,25.724
43,10727.739,17320.748,PA,lower,vest2016_tiger2018,2016,2018,-23.506
44,14699.784,18142.033,PA,lower,vest2016_tiger2018,2016,2018,-10.481
45,16563.761,15502.478,PA,lower,vest2016_tiger2018,2016,2018,3.31
46,13530.14,19295.212,PA,lower,vest2016_tiger2018,2016,2018,-17.563
47,10564.233,18477.072,PA,lower,vest2016_tiger2018,2016,2018,-27.247
48,12101.086,16491.917,PA,lower,vest2016_tiger2018,2016,2018,-15.356
49,9751.058,15173.717,PA,lower,vest2016_tiger2018,2016,2018,-21.756
5,9206.0,19228.999,PA,lower,vest2016_tiger2018,2016,2018,-35.249
50,8243.899,15630.819,PA,lower,vest2016_tiger2018,2016,2018,-30.94
51,7791.841,16850.013,PA,lower,vest2016_tiger2018,2016,2018,-36.759
52,7866.495,17542.257,PA,lower,vest2016_tiger2018,2016,2018,-38.08
53,15032.466,14427.682,PA,lower,vest2016_tiger2018,2016,2018,2.053
54,11538.123,20419.039,PA,lower,vest2016_tiger2018,2016,2018,-27.79
55,8779.932,18243.289,PA,lower,vest2016_tiger2018,2016,2018,-35.019
56,10653.099,22252.865,PA,lower,vest2016_tiger2018,2016,2018,-35.251
57,10607.182,19772.121,PA,lower,vest2016_tiger2018,2016,2018,-30.168
58,10043.295,18728.097,PA,lower,vest2016_tiger2018,2016,2018,-30.186
59,8630.614,22986.905,PA,lower,vest2016_tiger2018,2016,2018,-45.406
6,10168.684,18462.483,PA,lower,vest2016_tiger2018,2016,2018,-28.968
60,7147.325,21618.905,PA,lower,vest2016_tiger2018,2016,2018,-50.308
61,20820.009,14596.007,PA,lower,vest2016_tiger2018,2016,2018,17.574
62,9507.642,17111.077,PA,lower,vest2016_tiger2018,2016,2018,-28.564
63,5765.499,19309.557,PA,lower,vest2016_tiger2018,2016,2018,-54.014
64,6725.404,18027.197,PA,lower,vest2016_tiger2018,2016,2018,-45.659
65,7148.356,18009.175,PA,lower,vest2016_tiger2018,2016,2018,-43.171
66,4967.913,21074.134,PA,lower,vest2016_tiger2018,2016,2018,-61.847
67,5733.676,19042.677,PA,lower,vest2016_tiger2018,2016,2018,-53.717
68,5493.075,19532.018,PA,lower,vest2016_tiger2018,2016,2018,-56.099
69,5687.302,23637.921,PA,lower,vest2016_tiger2018,2016,2018,-61.212
7,12835.802,14795.635,PA,lower,vest2016_tiger2018,2016,2018,-7.093
70,17871.0,9542.0,PA,lower,vest2016_tiger2018,2016,2018,30.383
71,9744.546,17546.76,PA,lower,vest2016_tiger2018,2016,2018,-28.589
72,7581.439,20118.531,PA,lower,vest2016_tiger2018,2016,2018,-45.26
73,6542.379,19051.184,PA,lower,vest2016_tiger2018,2016,2018,-48.875
74,17412.999,10255.0,PA,lower,vest2016_tiger2018,2016,2018,25.871
75,7195.629,20778.251,PA,lower,vest2016_tiger2018,2016,2018,-48.555
76,7362.0,16969.0,PA,lower,vest2016_tiger2018,2016,2018,-39.485
77,17124.179,9498.842,PA,lower,vest2016_tiger2018,2016,2018,28.642
78,4769.133,24309.391,PA,lower,vest2016_tiger2018,2016,2018,-67.198
79,7752.823,16582.178,PA,lower,vest2016_tiger2018,2016,2018,-36.283
8,6871.287,20177.532,PA,lower,vest2016_tiger2018,2016,2018,-49.193
80,6210.317,22565.471,PA,lower,vest2016_tiger2018,2016,2018,-56.837
81,9252.428,19777.336,PA,lower,vest2016_tiger2018,2016,2018,-36.256
82,4854.016,20233.035,PA,lower,vest2016_tiger2018,2016,2018,-61.303
83,8184.0,15677.0,PA,lower,vest2016_tiger2018,2016,2018,-31.403
84,5327.33,21783.883,PA,lower,vest2016_tiger2018,2016,2018,-60.7
85,8416.351,17246.173,PA,lower,vest2016_tiger2018,2016,2018,-34.407
86,7326.454,20018.871,PA,lower,vest2016_tiger2018,2016,2018,-46.415
87,15462.186,19959.709,PA,lower,vest2016_tiger2018,2016,2018,-12.697
88,13195.942,17030.64,PA,lower,vest2016_tiger2018,2016,2018,-12.687
89,8870.92,19668.6,PA,lower,vest2016_tiger2018,2016,2018,-37.834
9,9852.328,16208.886,PA,lower,vest2016_tiger2018,2016,2018,-24.391
90,6853.255,22041.11,PA,lower,vest2016_tiger2018,2016,2018,-52.563
91,9832.086,19499.197,PA,lower,vest2016_tiger2018,2016,2018,-32.958
92,9158.274,22036.972,PA,lower,vest2016_tiger2018,2016,2018,-41.284
93,10296.572,21444.274,PA,lower,vest2016_tiger2018,2016,2018,-35.121
94,8368.001,19391.36,PA,lower,vest2016_tiger2018,2016,2018,-39.71
95,13903.775,7651.208,PA,lower,vest2016_tiger2018,2016,2018,29.008
96,17692.185,5213.559,PA,lower,vest2016_tiger2018,2016,2018,54.478
97,15562.002,19414.176,PA,lower,vest2016_tiger2018,2016,2018,-11.014
98,9575.567,18183.222,PA,lower,vest2016_tiger2018,2016,2018,-31.009
99,6343.0,16792.999,PA,lower,vest2016_tiger2018,2016,2018,-45.168
1,11908.992,13149.991,NH,upper,vest2016_tiger2018,2016,2018,-4.952
10,17026.0,11194.0,NH,upper,vest2016_tiger2018,2016,2018,20.666
11,15027.655,15580.318,NH,upper,vest2016_tiger2018,2016,2018,-1.806
12,14871.392,15671.717,NH,upper,vest2016_tiger2018,2016,2018,-2.62
13,14508.953,10438.965,NH,upper,vest2016_tiger2018,2016,2018,16.314
14,12581.0,16589.0,NH,upper,vest2016_tiger2018,2016,2018,-13.74
15,17526.822,11088.868,NH,upper,vest2016_tiger2018,2016,2018,22.498
16,15143.313,15042.594,NH,upper,vest2016_tiger2018,2016,2018,0.334
17,12626.541,17543.247,NH,upper,vest2016_tiger2018,2016,2018,-16.297
18,11865.322,12573.345,NH,upper,vest2016_tiger2018,2016,2018,-2.897
19,12296.839,17246.402,NH,upper,vest2016_tiger2018,2016,2018,-16.754
2,13309.0,15264.0,NH,upper,vest2016_tiger2018,2016,2018,-6.842
20,11543.366,10590.062,NH,upper,vest2016_tiger2018,2016,2018,4.307
21,21705.0,9930.0,NH,upper,vest2016_tiger2018,2016,2018,37.221
22,12131.161,19063.598,NH,upper,vest2016_tiger2018,2016,2018,-22.223
23,14443.38,16627.811,NH,upper,vest2016_tiger2018,2016,2018,-7.03
24,17337.079,17323.942,NH,upper,vest2016_tiger2018,2016,2018,0.038
3,14273.0,16675.0,NH,upper,vest2016_tiger2018,2016,2018,-7.761
4,15904.831,11583.856,NH,upper,vest2016_tiger2018,2016,2018,15.719
5,19829.0,9477.0,NH,upper,vest2016_tiger2018,2016,2018,35.324
6,10835.973,15608.964,NH,upper,vest2016_tiger2018,2016,2018,-18.049
7,12057.178,15743.132,NH,upper,vest2016_tiger2018,2016,2018,-13.259
8,13968.0,16324.0,NH,upper,vest2016_tiger2018,2016,2018,-7.778
9,15806.0,15460.0,NH,upper,vest2016_tiger2018,2016,2018,1.107
1,39814.25,51339.232,NC,upper,vest2016_tiger2018,2016,2018,-12.643
10,27554.017,43458.408,NC,upper,vest2016_tiger2018,2016,2018,-22.397
11,41924.501,57699.342,NC,upper,vest2016_tiger2018,2016,2018,-15.834
12,28235.26,44956.169,NC,upper,vest2016_tiger2018,2016,2018,-22.845
13,28099.256,35048.453,NC,upper,vest2016_tiger2018,2016,2018,-11.005
14,65834.834,27339.219,NC,upper,vest2016_tiger2018,2016,2018,41.316
15,70851.528,26961.403,NC,upper,vest2016_tiger2018,2016,2018,44.871
16,71463.631,40891.698,NC,upper,vest2016_tiger2018,2016,2018,27.21
17,53141.5,56935.439,NC,upper,vest2016_tiger2018,2016,2018,-3.447
18,54232.406,60261.147,NC,upper,vest2016_tiger2018,2016,2018,-5.266
19,38609.16,38162.484,NC,upper,vest2016_tiger2018,2016,2018,0.582
2,30003.179,58520.264,NC,upper,vest2016_tiger2018,2016,2018,-32.214
20,87544.43,15763.878,NC,upper,vest2016_tiger2018,2016,2018,69.482
21,42688.95,20819.623,NC,upper,vest2016_tiger2018,2016,2018,34.435
22,54450.563,37407.951,NC,upper,vest2016_tiger2018,2016,2018,18.553
23,81052.805,35663.001,NC,upper,vest2016_tiger2018,2016,2018,38.889
24,41523.977,53536.553,NC,upper,vest2016_tiger2018,2016,2018,-12.637
25,38008.683,51627.708,NC,upper,vest2016_tiger2018,2016,2018,-15.194
26,27332.867,54492.278,NC,upper,vest2016_tiger2018,2016,2018,-33.192
27,49734.983,55034.458,NC,upper,vest2016_tiger2018,2016,2018,-5.058
28,73679.048,23233.142,NC,upper,vest2016_tiger2018,2016,2018,52.053
29,22271.661,61456.599,NC,upper,vest2016_tiger2018,2016,2018,-46.8
3,45167.774,38008.817,NC,upper,vest2016_tiger2018,2016,2018,8.607
30,27478.956,60726.123,NC,upper,vest2016_tiger2018,2016,2018,-37.693
31,38207.342,67522.211,NC,upper,vest2016_tiger2018,2016,2018,-27.726
32,61517.127,24041.763,NC,upper,vest2016_tiger2018,2016,2018,43.801
33,26506.053,64790.049,NC,upper,vest2016_tiger2018,2016,2018,-41.934
34,27913.516,68663.641,NC,upper,vest2016_tiger2018,2016,2018,-42.194
35,32772.183,61611.458,NC,upper,vest2016_tiger2018,2016,2018,-30.555
36,37085.505,58853.807,NC,upper,vest2016_tiger2018,2016,2018,-22.69
37,67147.678,17565.846,NC,upper,vest2016_tiger2018,2016,2018,58.529
38,67383.576,17502.204,NC,upper,vest2016_tiger2018,2016,2018,58.763
39,50699.563,53884.148,NC,upper,vest2016_tiger2018,2016,2018,-3.045
4,51598.404,34788.583,NC,upper,vest2016_tiger2018,2016,2018,19.459
40,56492.978,18853.406,NC,upper,vest2016_tiger2018,2016,2018,49.955
41,52731.844,47687.302,NC,upper,vest2016_tiger2018,2016,2018,5.023
42,25000.231,62293.155,NC,upper,vest2016_tiger2018,2016,2018,-42.721
43,29949.923,58475.568,NC,upper,vest2016_tiger2018,2016,2018,-32.26
44,26049.4,60473.841,NC,upper,vest2016_tiger2018,2016,2018,-39.786
45,29276.712,63597.298,NC,upper,vest2016_tiger2018,2016,2018,-36.954
46,21376.63,59177.395,NC,upper,vest2016_tiger2018,2016,2018,-46.926
47,24622.768,62641.996,NC,upper,vest2016_tiger2018,2016,2018,-43.568
48,38991.638,59389.504,NC,upper,vest2016_tiger2018,2016,2018,-20.734
49,62845.292,42655.729,NC,upper,vest2016_tiger2018,2016,2018,19.137
5,45443.88,40091.513,NC,upper,vest2016_tiger2018,2016,2018,6.257
50,30250.164,63046.87,NC,upper,vest2016_tiger2018,2016,2018,-35.153
6,19587.55,40117.615,NC,upper,vest2016_tiger2018,2016,2018,-34.386
7,34359.178,41121.678,NC,upper,vest2016_tiger2018,2016,2018,-8.959
8,41982.916,69225.225,NC,upper,vest2016_tiger2018,2016,2018,-24.497
9,48709.311,55082.383,NC,upper,vest2016_tiger2018,2016,2018,-6.14
1,16592.54,18733.869,NC,lower,vest2016_tiger2018,2016,2018,-6.062
10,11139.444,24395.198,NC,lower,vest2016_tiger2018,2016,2018,-37.304
100,21194.766,9153.958,NC,lower,vest2016_tiger2018,2016,2018,39.675
101,29287.8,9025.53,NC,lower,vest2016_tiger2018,2016,2018,52.886
102,26579.047,5340.583,NC,lower,vest2016_tiger2018,2016,2018,66.537
103,19057.409,22966.496,NC,lower,vest2016_tiger2018,2016,2018,-9.302
104,24205.459,21059.254,NC,lower,vest2016_tiger2018,2016,2018,6.951
105,20656.152,20346.722,NC,lower,vest2016_tiger2018,2016,2018,0.755
106,25431.47,7686.907,NC,lower,vest2016_tiger2018,2016,2018,53.579
107,29057.886,8258.932,NC,lower,vest2016_tiger2018,2016,2018,55.736
108,12151.287,21963.227,NC,lower,vest2016_tiger2018,2016,2018,-28.762
109,13449.432,21589.945,NC,lower,vest2016_tiger2018,2016,2018,-23.232
11,26861.811,12836.287,NC,lower,vest2016_tiger2018,2016,2018,35.33
110,10461.269,23584.848,NC,lower,vest2016_tiger2018,2016,2018,-38.546
111,10058.183,23074.227,NC,lower,vest2016_tiger2018,2016,2018,-39.285
112,8352.097,25073.173,NC,lower,vest2016_tiger2018,2016,2018,-50.025
113,15487.632,27837.123,NC,lower,vest2016_tiger2018,2016,2018,-28.504
114,35118.338,10731.737,NC,lower,vest2016_tiger2018,2016,2018,53.188
115,22082.736,22807.985,NC,lower,vest2016_tiger2018,2016,2018,-1.616
116,18249.554,22180.422,NC,lower,vest2016_tiger2018,2016,2018,-9.723
117,14628.535,25252.621,NC,lower,vest2016_tiger2018,2016,2018,-26.639
118,13071.92,25957.929,NC,lower,vest2016_tiger2018,2016,2018,-33.016
119,14430.972,19576.495,NC,lower,vest2016_tiger2018,2016,2018,-15.131
12,16071.028,17863.684,NC,lower,vest2016_tiger2018,2016,2018,-5.283
120,9866.915,30679.11,NC,lower,vest2016_tiger2018,2016,2018,-51.33
13,12026.058,29575.7,NC,lower,vest2016_tiger2018,2016,2018,-42.185
14,9682.634,16719.319,NC,lower,vest2016_tiger2018,2016,2018,-26.652
15,5534.083,13122.881,NC,lower,vest2016_tiger2018,2016,2018,-40.675
16,14799.925,24742.802,NC,lower,vest2016_tiger2018,2016,2018,-25.145
17,17297.672,34161.261,NC,lower,vest2016_tiger2018,2016,2018,-32.771
18,21582.333,14964.163,NC,lower,vest2016_tiger2018,2016,2018,18.109
19,17444.329,24269.542,NC,lower,vest2016_tiger2018,2016,2018,-16.362
2,15473.165,21706.563,NC,lower,vest2016_tiger2018,2016,2018,-16.766
20,17934.693,24667.617,NC,lower,vest2016_tiger2018,2016,2018,-15.804
21,17661.199,14238.58,NC,lower,vest2016_tiger2018,2016,2018,10.729
22,14918.849,19754.265,NC,lower,vest2016_tiger2018,2016,2018,-13.946
23,22053.96,14134.732,NC,lower,vest2016_tiger2018,2016,2018,21.883
24,19655.53,17519.22,NC,lower,vest2016_tiger2018,2016,2018,5.747
25,20844.593,17729.288,NC,lower,vest2016_tiger2018,2016,2018,8.076
26,16903.061,28395.19,NC,lower,vest2016_tiger2018,2016,2018,-25.37
27,21888.782,12609.164,NC,lower,vest2016_tiger2018,2016,2018,26.899
28,11307.249,23940.604,NC,lower,vest2016_tiger2018,2016,2018,-35.841
29,40371.931,5159.533,NC,lower,vest2016_tiger2018,2016,2018,77.336
3,12757.507,19222.782,NC,lower,vest2016_tiger2018,2016,2018,-20.216
30,34654.052,13324.49,NC,lower,vest2016_tiger2018,2016,2018,44.456
31,36556.532,7476.071,NC,lower,vest2016_tiger2018,2016,2018,66.043
32,23922.519,13624.269,NC,lower,vest2016_tiger2018,2016,2018,27.428
33,29215.618,8371.297,NC,lower,vest2016_tiger2018,2016,2018,55.456
34,29193.216,15899.165,NC,lower,vest2016_tiger2018,2016,2018,29.482
35,24829.202,25895.064,NC,lower,vest2016_tiger2018,2016,2018,-2.101
36,23549.907,25857.487,NC,lower,vest2016_tiger2018,2016,2018,-4.671
37,23988.242,26498.927,NC,lower,vest2016_tiger2018,2016,2018,-4.973
38,30461.895,6505.971,NC,lower,vest2016_tiger2018,2016,2018,64.802
39,28175.387,14655.999,NC,lower,vest2016_tiger2018,2016,2018,31.564
4,10608.872,19484.593,NC,lower,vest2016_tiger2018,2016,2018,-29.494
40,26289.983,25297.923,NC,lower,vest2016_tiger2018,2016,2018,1.923
41,28640.918,17230.332,NC,lower,vest2016_tiger2018,2016,2018,24.875
42,17694.72,6374.651,NC,lower,vest2016_tiger2018,2016,2018,47.031
43,21699.388,8107.06,NC,lower,vest2016_tiger2018,2016,2018,45.602
44,16930.563,14476.679,NC,lower,vest2016_tiger2018,2016,2018,7.813
45,15250.526,22269.504,NC,lower,vest2016_tiger2018,2016,2018,-18.707
46,9636.748,16126.898,NC,lower,vest2016_tiger2018,2016,2018,-25.191
47,13028.029,11845.993,NC,lower,vest2016_tiger2018,2016,2018,4.752
48,17048.205,14013.303,NC,lower,vest2016_tiger2018,2016,2018,9.771
49,31421.318,16952.216,NC,lower,vest2016_tiger2018,2016,2018,29.911
5,17899.344,14146.559,NC,lower,vest2016_tiger2018,2016,2018,11.711
50,25246.52,18689.638,NC,lower,vest2016_tiger2018,2016,2018,14.924
51,13425.317,17969.806,NC,lower,vest2016_tiger2018,2016,2018,-14.475
52,14908.359,26578.151,NC,lower,vest2016_tiger2018,2016,2018,-28.129
53,13224.914,22394.683,NC,lower,vest2016_tiger2018,2016,2018,-25.744
54,30704.172,19496.189,NC,lower,vest2016_tiger2018,2016,2018,22.326
55,12456.648,23992.72,NC,lower,vest2016_tiger2018,2016,2018,-31.65
56,39531.88,5914.065,NC,lower,vest2016_tiger2018,2016,2018,73.973
57,27815.939,13042.864,NC,lower,vest2016_tiger2018,2016,2018,36.156
58,27755.166,8987.397,NC,lower,vest2016_tiger2018,2016,2018,51.079
59,18715.901,27193.325,NC,lower,vest2016_tiger2018,2016,2018,-18.466
6,13548.805,26171.189,NC,lower,vest2016_tiger2018,2016,2018,-31.778
60,22992.787,10520.288,NC,lower,vest2016_tiger2018,2016,2018,37.217
61,33033.473,11040.153,NC,lower,vest2016_tiger2018,2016,2018,49.901
62,18923.669,27267.992,NC,lower,vest2016_tiger2018,2016,2018,-18.065
63,16130.592,19693.962,NC,lower,vest2016_tiger2018,2016,2018,-9.947
64,13696.586,19099.186,NC,lower,vest2016_tiger2018,2016,2018,-16.473
65,12764.374,23751.487,NC,lower,vest2016_tiger2018,2016,2018,-30.089
66,14072.272,20232.421,NC,lower,vest2016_tiger2018,2016,2018,-17.957
67,10240.975,31948.387,NC,lower,vest2016_tiger2018,2016,2018,-51.452
68,15571.918,25466.474,NC,lower,vest2016_tiger2018,2016,2018,-24.11
69,12164.169,21732.444,NC,lower,vest2016_tiger2018,2016,2018,-28.228
7,15298.434,21981.435,NC,lower,vest2016_tiger2018,2016,2018,-17.927
70,7545.636,25246.338,NC,lower,vest2016_tiger2018,2016,2018,-53.979
71,23825.29,9225.411,NC,lower,vest2016_tiger2018,2016,2018,44.174
72,26426.89,6811.711,NC,lower,vest2016_tiger2018,2016,2018,59.013
73,12404.92,25745.906,NC,lower,vest2016_tiger2018,2016,2018,-34.969
74,17671.938,25098.956,NC,lower,vest2016_tiger2018,2016,2018,-17.365
75,17287.991,22970.094,NC,lower,vest2016_tiger2018,2016,2018,-14.114
76,13029.279,23059.51,NC,lower,vest2016_tiger2018,2016,2018,-27.793
77,10266.27,30307.506,NC,lower,vest2016_tiger2018,2016,2018,-49.395
78,7074.97,28099.949,NC,lower,vest2016_tiger2018,2016,2018,-59.773
79,13618.251,23036.367,NC,lower,vest2016_tiger2018,2016,2018,-25.694
8,22275.251,11301.574,NC,lower,vest2016_tiger2018,2016,2018,32.682
80,8634.032,28040.502,NC,lower,vest2016_tiger2018,2016,2018,-52.915
81,9490.885,26288.421,NC,lower,vest2016_tiger2018,2016,2018,-46.948
82,18188.234,25192.121,NC,lower,vest2016_tiger2018,2016,2018,-16.145
83,14154.189,20948.262,NC,lower,vest2016_tiger2018,2016,2018,-19.355
84,11297.173,25847.212,NC,lower,vest2016_tiger2018,2016,2018,-39.172
85,7949.149,27125.292,NC,lower,vest2016_tiger2018,2016,2018,-54.673
86,10419.37,23066.768,NC,lower,vest2016_tiger2018,2016,2018,-37.769
87,8429.275,26622.839,NC,lower,vest2016_tiger2018,2016,2018,-51.904
88,27133.606,9026.864,NC,lower,vest2016_tiger2018,2016,2018,50.073
89,9422.008,25703.945,NC,lower,vest2016_tiger2018,2016,2018,-46.353
9,16096.425,20111.191,NC,lower,vest2016_tiger2018,2016,2018,-11.088
90,8425.37,26826.06,NC,lower,vest2016_tiger2018,2016,2018,-52.198
91,8382.211,29020.008,NC,lower,vest2016_tiger2018,2016,2018,-55.178
92,23856.151,11579.81,NC,lower,vest2016_tiger2018,2016,2018,34.644
93,17634.241,23102.566,NC,lower,vest2016_tiger2018,2016,2018,-13.424
94,8527.847,29494.221,NC,lower,vest2016_tiger2018,2016,2018,-55.143
95,13451.502,28926.915,NC,lower,vest2016_tiger2018,2016,2018,-36.517
96,11806.895,22678.071,NC,lower,vest2016_tiger2018,2016,2018,-31.524
97,9879.153,28737.162,NC,lower,vest2016_tiger2018,2016,2018,-48.834
98,20510.4,24344.098,NC,lower,vest2016_tiger2018,2016,2018,-8.547
99,27485.495,6703.752,NC,lower,vest2016_tiger2018,2016,2018,60.784
1,27726.396,43979.969,GA,upper,vest2016_tiger2018,2016,2018,-22.667
10,65507.069,16049.348,GA,upper,vest2016_tiger2018,2016,2018,60.642
11,22049.704,40353.021,GA,upper,vest2016_tiger2018,2016,2018,-29.331
12,38338.902,22464.672,GA,upper,vest2016_tiger2018,2016,2018,26.107
13,19258.395,43257.306,GA,upper,vest2016_tiger2018,2016,2018,-38.389
14,18997.103,53267.567,GA,upper,vest2016_tiger2018,2016,2018,-47.424
15,36143.024,15914.421,GA,upper,vest2016_tiger2018,2016,2018,38.858
16,25137.749,55644.2,GA,upper,vest2016_tiger2018,2016,2018,-37.764
17,33998.416,47062.513,GA,upper,vest2016_tiger2018,2016,2018,-16.116
18,26895.957,46065.586,GA,upper,vest2016_tiger2018,2016,2018,-26.274
19,14859.446,39560.443,GA,upper,vest2016_tiger2018,2016,2018,-45.39
2,45825.943,17029.492,GA,upper,vest2016_tiger2018,2016,2018,45.814
20,24740.984,47496.015,GA,upper,vest2016_tiger2018,2016,2018,-31.501
21,24810.99,62469.397,GA,upper,vest2016_tiger2018,2016,2018,-43.146
22,43946.652,17175.485,GA,upper,vest2016_tiger2018,2016,2018,43.799
23,28092.446,40634.021,GA,upper,vest2016_tiger2018,2016,2018,-18.249
24,25207.912,57455.505,GA,upper,vest2016_tiger2018,2016,2018,-39.011
25,25468.261,49103.754,GA,upper,vest2016_tiger2018,2016,2018,-31.695
26,41294.808,20509.814,GA,upper,vest2016_tiger2018,2016,2018,33.63
27,23292.832,68971.46,GA,upper,vest2016_tiger2018,2016,2018,-49.508
28,21126.332,57069.261,GA,upper,vest2016_tiger2018,2016,2018,-45.965
29,27180.488,46838.898,GA,upper,vest2016_tiger2018,2016,2018,-26.558
3,21530.981,44577.061,GA,upper,vest2016_tiger2018,2016,2018,-34.861
30,21733.93,48488.617,GA,upper,vest2016_tiger2018,2016,2018,-38.1
31,17415.127,53215.748,GA,upper,vest2016_tiger2018,2016,2018,-50.687
32,40149.167,53976.423,GA,upper,vest2016_tiger2018,2016,2018,-14.69
33,43191.314,25072.602,GA,upper,vest2016_tiger2018,2016,2018,26.542
34,49623.555,11890.02,GA,upper,vest2016_tiger2018,2016,2018,61.342
35,58706.508,16996.69,GA,upper,vest2016_tiger2018,2016,2018,55.097
36,66787.4,6836.511,GA,upper,vest2016_tiger2018,2016,2018,81.429
37,32926.494,51710.009,GA,upper,vest2016_tiger2018,2016,2018,-22.193
38,63139.678,12996.122,GA,upper,vest2016_tiger2018,2016,2018,65.861
39,65408.973,9211.901,GA,upper,vest2016_tiger2018,2016,2018,75.31
4,18883.682,43641.098,GA,upper,vest2016_tiger2018,2016,2018,-39.596
40,41698.222,31622.815,GA,upper,vest2016_tiger2018,2016,2018,13.741
41,48105.882,12580.949,GA,upper,vest2016_tiger2018,2016,2018,58.538
42,64624.8,15020.757,GA,upper,vest2016_tiger2018,2016,2018,62.281
43,52516.118,18957.98,GA,upper,vest2016_tiger2018,2016,2018,46.951
44,62905.094,9256.617,GA,upper,vest2016_tiger2018,2016,2018,74.345
45,30062.065,47458.267,GA,upper,vest2016_tiger2018,2016,2018,-22.441
46,31100.057,47381.369,GA,upper,vest2016_tiger2018,2016,2018,-20.745
47,22768.815,47012.681,GA,upper,vest2016_tiger2018,2016,2018,-34.743
48,35103.153,31442.061,GA,upper,vest2016_tiger2018,2016,2018,5.502
49,15700.791,50693.058,GA,upper,vest2016_tiger2018,2016,2018,-52.704
5,31813.449,10683.562,GA,upper,vest2016_tiger2018,2016,2018,49.721
50,11372.682,56801.57,GA,upper,vest2016_tiger2018,2016,2018,-66.636
51,12703.065,67039.743,GA,upper,vest2016_tiger2018,2016,2018,-68.14
52,14751.929,46324.916,GA,upper,vest2016_tiger2018,2016,2018,-51.694
53,11411.987,50710.952,GA,upper,vest2016_tiger2018,2016,2018,-63.26
54,11380.901,43146.484,GA,upper,vest2016_tiger2018,2016,2018,-58.256
55,63606.055,16457.404,GA,upper,vest2016_tiger2018,2016,2018,58.889
56,38487.295,41334.496,GA,upper,vest2016_tiger2018,2016,2018,-3.567
6,45388.915,32630.366,GA,upper,vest2016_tiger2018,2016,2018,16.353
7,14071.94,43617.965,GA,upper,vest2016_tiger2018,2016,2018,-51.215
8,21930.393,36502.055,GA,upper,vest2016_tiger2018,2016,2018,-24.938
9,37032.129,45391.465,GA,upper,vest2016_tiger2018,2016,2018,-10.142
1,3664.771,15990.957,GA,lower,vest2016_tiger2018,2016,2018,-62.71
10,2790.06,15698.071,GA,lower,vest2016_tiger2018,2016,2018,-69.818
100,9866.65,2670.656,GA,lower,vest2016_tiger2018,2016,2018,57.397
101,11921.416,9039.998,GA,lower,vest2016_tiger2018,2016,2018,13.746
102,10290.227,11155.834,GA,lower,vest2016_tiger2018,2016,2018,-4.036
103,7048.677,18272.624,GA,lower,vest2016_tiger2018,2016,2018,-44.326
104,10887.922,14999.997,GA,lower,vest2016_tiger2018,2016,2018,-15.884
105,13316.808,11825.764,GA,lower,vest2016_tiger2018,2016,2018,5.93
106,12328.137,11683.878,GA,lower,vest2016_tiger2018,2016,2018,2.683
107,12062.546,9469.358,GA,lower,vest2016_tiger2018,2016,2018,12.043
108,10953.738,10848.687,GA,lower,vest2016_tiger2018,2016,2018,0.482
109,12118.689,14861.449,GA,lower,vest2016_tiger2018,2016,2018,-10.166
11,2970.561,17734.497,GA,lower,vest2016_tiger2018,2016,2018,-71.306
110,8912.484,13543.859,GA,lower,vest2016_tiger2018,2016,2018,-20.624
111,13489.198,13118.815,GA,lower,vest2016_tiger2018,2016,2018,1.392
112,7572.247,18297.333,GA,lower,vest2016_tiger2018,2016,2018,-41.458
113,15965.165,6082.231,GA,lower,vest2016_tiger2018,2016,2018,44.826
114,7618.938,18100.4,GA,lower,vest2016_tiger2018,2016,2018,-40.753
115,5388.172,18778.193,GA,lower,vest2016_tiger2018,2016,2018,-55.408
116,4917.135,16853.347,GA,lower,vest2016_tiger2018,2016,2018,-54.828
117,10958.916,12018.005,GA,lower,vest2016_tiger2018,2016,2018,-4.609
118,13947.295,4601.556,GA,lower,vest2016_tiger2018,2016,2018,50.384
119,11549.821,13156.7,GA,lower,vest2016_tiger2018,2016,2018,-6.504
12,3881.809,14428.585,GA,lower,vest2016_tiger2018,2016,2018,-57.6
120,9274.962,16397.655,GA,lower,vest2016_tiger2018,2016,2018,-27.744
121,8759.241,16379.023,GA,lower,vest2016_tiger2018,2016,2018,-30.311
122,8280.578,21009.203,GA,lower,vest2016_tiger2018,2016,2018,-43.458
123,8435.487,16846.871,GA,lower,vest2016_tiger2018,2016,2018,-33.27
124,12055.636,5375.899,GA,lower,vest2016_tiger2018,2016,2018,38.32
125,11656.755,6913.502,GA,lower,vest2016_tiger2018,2016,2018,25.542
126,15485.792,7023.619,GA,lower,vest2016_tiger2018,2016,2018,37.594
127,12939.414,5316.741,GA,lower,vest2016_tiger2018,2016,2018,41.754
128,11109.798,9140.818,GA,lower,vest2016_tiger2018,2016,2018,9.723
129,6293.576,15506.183,GA,lower,vest2016_tiger2018,2016,2018,-42.26
13,5677.979,10875.598,GA,lower,vest2016_tiger2018,2016,2018,-31.399
130,9098.016,13504.523,GA,lower,vest2016_tiger2018,2016,2018,-19.496
131,5698.84,16463.518,GA,lower,vest2016_tiger2018,2016,2018,-48.572
132,8894.959,9528.353,GA,lower,vest2016_tiger2018,2016,2018,-3.438
133,6785.652,18153.369,GA,lower,vest2016_tiger2018,2016,2018,-45.582
134,7321.803,14307.827,GA,lower,vest2016_tiger2018,2016,2018,-32.298
135,9480.877,3430.373,GA,lower,vest2016_tiger2018,2016,2018,46.862
136,14437.183,5016.056,GA,lower,vest2016_tiger2018,2016,2018,48.43
137,13207.849,9360.079,GA,lower,vest2016_tiger2018,2016,2018,17.05
138,7135.862,8514.486,GA,lower,vest2016_tiger2018,2016,2018,-8.809
139,9286.875,6811.418,GA,lower,vest2016_tiger2018,2016,2018,15.377
14,3992.703,17640.586,GA,lower,vest2016_tiger2018,2016,2018,-63.087
140,6785.1,12603.994,GA,lower,vest2016_tiger2018,2016,2018,-30.011
141,10498.356,17076.456,GA,lower,vest2016_tiger2018,2016,2018,-23.855
142,12514.615,5638.298,GA,lower,vest2016_tiger2018,2016,2018,37.88
143,14458.35,4636.257,GA,lower,vest2016_tiger2018,2016,2018,51.439
144,8549.705,14889.369,GA,lower,vest2016_tiger2018,2016,2018,-27.047
145,8609.881,9903.529,GA,lower,vest2016_tiger2018,2016,2018,-6.988
146,7943.591,14815.072,GA,lower,vest2016_tiger2018,2016,2018,-30.193
147,9693.116,10870.25,GA,lower,vest2016_tiger2018,2016,2018,-5.724
148,6824.684,13971.092,GA,lower,vest2016_tiger2018,2016,2018,-34.365
149,4453.266,10795.643,GA,lower,vest2016_tiger2018,2016,2018,-41.592
15,5073.701,15282.416,GA,lower,vest2016_tiger2018,2016,2018,-50.151
150,7585.25,14157.18,GA,lower,vest2016_tiger2018,2016,2018,-30.226
151,11285.06,10197.284,GA,lower,vest2016_tiger2018,2016,2018,5.064
152,5805.055,17724.166,GA,lower,vest2016_tiger2018,2016,2018,-50.657
153,11606.962,6135.86,GA,lower,vest2016_tiger2018,2016,2018,30.836
154,12923.272,7991.828,GA,lower,vest2016_tiger2018,2016,2018,23.578
155,5830.099,14786.198,GA,lower,vest2016_tiger2018,2016,2018,-43.442
156,4500.006,14436.056,GA,lower,vest2016_tiger2018,2016,2018,-52.472
157,4151.548,11871.804,GA,lower,vest2016_tiger2018,2016,2018,-48.181
158,6739.812,12288.68,GA,lower,vest2016_tiger2018,2016,2018,-29.161
159,6676.732,14067.215,GA,lower,vest2016_tiger2018,2016,2018,-35.627
16,3406.05,15119.52,GA,lower,vest2016_tiger2018,2016,2018,-63.229
160,5765.449,12164.8,GA,lower,vest2016_tiger2018,2016,2018,-35.69
161,7946.051,16586.949,GA,lower,vest2016_tiger2018,2016,2018,-35.222
162,12627.177,5059.533,GA,lower,vest2016_tiger2018,2016,2018,42.787
163,14372.969,4653.002,GA,lower,vest2016_tiger2018,2016,2018,51.088
164,6990.086,9183.111,GA,lower,vest2016_tiger2018,2016,2018,-13.56
165,14877.497,6114.571,GA,lower,vest2016_tiger2018,2016,2018,41.744
166,11471.853,22382.485,GA,lower,vest2016_tiger2018,2016,2018,-32.228
167,6419.346,14456.133,GA,lower,vest2016_tiger2018,2016,2018,-38.499
168,9360.858,5973.695,GA,lower,vest2016_tiger2018,2016,2018,22.088
169,4446.986,12639.54,GA,lower,vest2016_tiger2018,2016,2018,-47.947
17,5825.321,18638.905,GA,lower,vest2016_tiger2018,2016,2018,-52.377
170,4900.872,12866.679,GA,lower,vest2016_tiger2018,2016,2018,-44.833
171,6125.01,10522.638,GA,lower,vest2016_tiger2018,2016,2018,-26.416
172,4853.493,10787.936,GA,lower,vest2016_tiger2018,2016,2018,-37.941
173,9287.939,13303.294,GA,lower,vest2016_tiger2018,2016,2018,-17.774
174,5179.263,13180.116,GA,lower,vest2016_tiger2018,2016,2018,-43.579
175,9354.291,15539.074,GA,lower,vest2016_tiger2018,2016,2018,-24.845
176,6011.868,13510.101,GA,lower,vest2016_tiger2018,2016,2018,-38.409
177,5801.286,4693.085,GA,lower,vest2016_tiger2018,2016,2018,10.56
178,2434.445,17225.132,GA,lower,vest2016_tiger2018,2016,2018,-75.234
179,9018.652,13168.862,GA,lower,vest2016_tiger2018,2016,2018,-18.705
18,5095.07,13798.65,GA,lower,vest2016_tiger2018,2016,2018,-46.066
180,6116.637,13627.688,GA,lower,vest2016_tiger2018,2016,2018,-38.042
19,7527.666,15651.292,GA,lower,vest2016_tiger2018,2016,2018,-35.047
2,2986.25,15540.238,GA,lower,vest2016_tiger2018,2016,2018,-67.762
20,7481.749,19453.022,GA,lower,vest2016_tiger2018,2016,2018,-44.445
21,6068.021,20116.912,GA,lower,vest2016_tiger2018,2016,2018,-53.653
22,7480.609,25661.372,GA,lower,vest2016_tiger2018,2016,2018,-54.857
23,5460.115,18194.982,GA,lower,vest2016_tiger2018,2016,2018,-53.836
24,5455.583,19153.966,GA,lower,vest2016_tiger2018,2016,2018,-55.663
25,10041.63,19894.471,GA,lower,vest2016_tiger2018,2016,2018,-32.913
26,5483.289,22988.094,GA,lower,vest2016_tiger2018,2016,2018,-61.482
27,3599.722,18120.902,GA,lower,vest2016_tiger2018,2016,2018,-66.854
28,3408.8,18181.163,GA,lower,vest2016_tiger2018,2016,2018,-68.422
29,4653.059,8495.315,GA,lower,vest2016_tiger2018,2016,2018,-29.222
3,4098.998,17137.001,GA,lower,vest2016_tiger2018,2016,2018,-61.396
30,5865.834,16892.65,GA,lower,vest2016_tiger2018,2016,2018,-48.451
31,3836.988,19761.96,GA,lower,vest2016_tiger2018,2016,2018,-67.482
32,4190.485,16731.966,GA,lower,vest2016_tiger2018,2016,2018,-59.943
33,6209.361,16416.893,GA,lower,vest2016_tiger2018,2016,2018,-45.114
34,10358.309,14578.652,GA,lower,vest2016_tiger2018,2016,2018,-16.924
35,10535.906,12737.922,GA,lower,vest2016_tiger2018,2016,2018,-9.461
36,9686.552,21553.663,GA,lower,vest2016_tiger2018,2016,2018,-37.987
37,12750.448,11892.812,GA,lower,vest2016_tiger2018,2016,2018,3.48
38,15886.236,8214.582,GA,lower,vest2016_tiger2018,2016,2018,31.832
39,16102.52,4012.927,GA,lower,vest2016_tiger2018,2016,2018,60.101
4,4409.045,8381.043,GA,lower,vest2016_tiger2018,2016,2018,-31.055
40,16619.063,12367.981,GA,lower,vest2016_tiger2018,2016,2018,14.665
41,10957.254,5251.704,GA,lower,vest2016_tiger2018,2016,2018,35.2
42,10562.893,4090.384,GA,lower,vest2016_tiger2018,2016,2018,44.171
43,12846.38,13226.965,GA,lower,vest2016_tiger2018,2016,2018,-1.46
44,10948.393,15078.255,GA,lower,vest2016_tiger2018,2016,2018,-15.868
45,12949.618,16734.808,GA,lower,vest2016_tiger2018,2016,2018,-12.751
46,10348.393,18160.131,GA,lower,vest2016_tiger2018,2016,2018,-27.401
47,10861.723,16419.722,GA,lower,vest2016_tiger2018,2016,2018,-20.373
48,10645.521,11338.332,GA,lower,vest2016_tiger2018,2016,2018,-3.151
49,11526.48,13072.63,GA,lower,vest2016_tiger2018,2016,2018,-6.285
5,3009.313,13804.133,GA,lower,vest2016_tiger2018,2016,2018,-64.203
50,10945.475,11243.263,GA,lower,vest2016_tiger2018,2016,2018,-1.342
51,12857.239,11535.607,GA,lower,vest2016_tiger2018,2016,2018,5.418
52,13567.308,12407.444,GA,lower,vest2016_tiger2018,2016,2018,4.465
53,18967.983,4708.086,GA,lower,vest2016_tiger2018,2016,2018,60.229
54,16152.684,12082.209,GA,lower,vest2016_tiger2018,2016,2018,14.416
55,22775.724,3158.797,GA,lower,vest2016_tiger2018,2016,2018,75.64
56,16559.532,1686.211,GA,lower,vest2016_tiger2018,2016,2018,81.517
57,23299.319,3000.922,GA,lower,vest2016_tiger2018,2016,2018,77.18
58,24078.356,2140.823,GA,lower,vest2016_tiger2018,2016,2018,83.67
59,19597.664,2043.281,GA,lower,vest2016_tiger2018,2016,2018,81.117
6,3705.423,14986.781,GA,lower,vest2016_tiger2018,2016,2018,-60.353
60,16533.807,1343.81,GA,lower,vest2016_tiger2018,2016,2018,84.967
61,19284.001,3624.166,GA,lower,vest2016_tiger2018,2016,2018,68.359
62,22202.635,4139.533,GA,lower,vest2016_tiger2018,2016,2018,68.571
63,18989.075,5981.482,GA,lower,vest2016_tiger2018,2016,2018,52.092
64,18703.237,7245.468,GA,lower,vest2016_tiger2018,2016,2018,44.155
65,19480.003,4118.221,GA,lower,vest2016_tiger2018,2016,2018,65.097
66,13810.681,9903.453,GA,lower,vest2016_tiger2018,2016,2018,16.476
67,7542.739,15751.837,GA,lower,vest2016_tiger2018,2016,2018,-35.24
68,6091.887,16489.451,GA,lower,vest2016_tiger2018,2016,2018,-46.045
69,5279.191,16694.699,GA,lower,vest2016_tiger2018,2016,2018,-51.95
7,4250.999,21342.998,GA,lower,vest2016_tiger2018,2016,2018,-66.781
70,7720.922,15766.914,GA,lower,vest2016_tiger2018,2016,2018,-34.256
71,6767.285,21940.48,GA,lower,vest2016_tiger2018,2016,2018,-52.854
72,7992.952,21907.5,GA,lower,vest2016_tiger2018,2016,2018,-46.536
73,9645.766,14802.313,GA,lower,vest2016_tiger2018,2016,2018,-21.092
74,14179.559,1959.531,GA,lower,vest2016_tiger2018,2016,2018,75.717
75,15781.144,2670.617,GA,lower,vest2016_tiger2018,2016,2018,71.053
76,18255.525,3891.924,GA,lower,vest2016_tiger2018,2016,2018,64.854
77,15397.87,1574.442,GA,lower,vest2016_tiger2018,2016,2018,81.447
78,18555.461,4886.573,GA,lower,vest2016_tiger2018,2016,2018,58.309
79,12479.877,10316.137,GA,lower,vest2016_tiger2018,2016,2018,9.492
8,5000.234,23710.222,GA,lower,vest2016_tiger2018,2016,2018,-65.168
80,13282.144,10026.954,GA,lower,vest2016_tiger2018,2016,2018,13.965
81,11197.613,6354.976,GA,lower,vest2016_tiger2018,2016,2018,27.589
82,15753.138,5422.457,GA,lower,vest2016_tiger2018,2016,2018,48.786
83,24240.392,2358.482,GA,lower,vest2016_tiger2018,2016,2018,82.266
84,24981.889,2530.213,GA,lower,vest2016_tiger2018,2016,2018,81.607
85,17932.253,2227.189,GA,lower,vest2016_tiger2018,2016,2018,77.904
86,17793.265,3862.944,GA,lower,vest2016_tiger2018,2016,2018,64.325
87,21082.41,3542.155,GA,lower,vest2016_tiger2018,2016,2018,71.231
88,17178.884,4106.395,GA,lower,vest2016_tiger2018,2016,2018,61.416
89,26114.098,1852.418,GA,lower,vest2016_tiger2018,2016,2018,86.753
9,3756.233,20744.359,GA,lower,vest2016_tiger2018,2016,2018,-69.338
90,21401.332,6307.889,GA,lower,vest2016_tiger2018,2016,2018,54.471
91,19209.304,6380.073,GA,lower,vest2016_tiger2018,2016,2018,50.135
92,14764.071,2979.539,GA,lower,vest2016_tiger2018,2016,2018,66.416
93,20849.995,5047.65,GA,lower,vest2016_tiger2018,2016,2018,61.018
94,19977.045,4282.65,GA,lower,vest2016_tiger2018,2016,2018,64.693
95,11864.833,10872.885,GA,lower,vest2016_tiger2018,2016,2018,4.363
96,9156.722,4987.652,GA,lower,vest2016_tiger2018,2016,2018,29.475
97,10477.719,13702.548,GA,lower,vest2016_tiger2018,2016,2018,-13.337
98,8444.241,14826.423,GA,lower,vest2016_tiger2018,2016,2018,-27.426
99,7243.16,2191.952,GA,lower,vest2016_tiger2018,2016,2018,53.536
1,8175.0,23434.0,IA,upper,vest2016_tiger2018,2016,2018,-48.274
10,11461.234,18684.787,IA,upper,vest2016_tiger2018,2016,2018,-23.962
11,9677.032,21433.094,IA,upper,vest2016_tiger2018,2016,2018,-37.789
12,7684.995,19737.987,IA,upper,vest2016_tiger2018,2016,2018,-43.952
13,12959.668,19948.822,IA,upper,vest2016_tiger2018,2016,2018,-21.238
14,9026.995,18424.99,IA,upper,vest2016_tiger2018,2016,2018,-34.234
15,13683.307,18692.892,IA,upper,vest2016_tiger2018,2016,2018,-15.473
16,13629.076,9185.608,IA,upper,vest2016_tiger2018,2016,2018,19.476
17,15451.914,8711.129,IA,upper,vest2016_tiger2018,2016,2018,27.897
18,17582.588,7298.296,IA,upper,vest2016_tiger2018,2016,2018,41.334
19,16750.154,19800.133,IA,upper,vest2016_tiger2018,2016,2018,-8.345
2,5370.034,25101.173,IA,upper,vest2016_tiger2018,2016,2018,-64.753
20,18056.448,17908.2,IA,upper,vest2016_tiger2018,2016,2018,0.412
21,20976.483,11523.23,IA,upper,vest2016_tiger2018,2016,2018,29.087
22,17575.568,16240.177,IA,upper,vest2016_tiger2018,2016,2018,3.949
23,19376.704,10951.707,IA,upper,vest2016_tiger2018,2016,2018,27.779
24,11973.114,17900.43,IA,upper,vest2016_tiger2018,2016,2018,-19.841
25,10672.823,19034.758,IA,upper,vest2016_tiger2018,2016,2018,-28.147
26,11310.0,17812.0,IA,upper,vest2016_tiger2018,2016,2018,-22.327
27,12053.002,16601.007,IA,upper,vest2016_tiger2018,2016,2018,-15.872
28,12037.999,16811.999,IA,upper,vest2016_tiger2018,2016,2018,-16.548
29,12505.481,19399.185,IA,upper,vest2016_tiger2018,2016,2018,-21.607
3,8527.995,21261.86,IA,upper,vest2016_tiger2018,2016,2018,-42.746
30,16351.985,15180.98,IA,upper,vest2016_tiger2018,2016,2018,3.714
31,14085.003,9274.004,IA,upper,vest2016_tiger2018,2016,2018,20.596
32,12415.999,17020.999,IA,upper,vest2016_tiger2018,2016,2018,-15.644
33,18136.051,11344.825,IA,upper,vest2016_tiger2018,2016,2018,23.036
34,17075.86,16163.736,IA,upper,vest2016_tiger2018,2016,2018,2.744
35,16829.616,12530.705,IA,upper,vest2016_tiger2018,2016,2018,14.642
36,11409.008,15051.012,IA,upper,vest2016_tiger2018,2016,2018,-13.764
37,18518.804,12558.95,IA,upper,vest2016_tiger2018,2016,2018,19.177
38,12064.815,18381.054,IA,upper,vest2016_tiger2018,2016,2018,-20.746
39,14955.462,16211.155,IA,upper,vest2016_tiger2018,2016,2018,-4.029
4,9313.992,20000.974,IA,upper,vest2016_tiger2018,2016,2018,-36.456
40,8003.075,20627.102,IA,upper,vest2016_tiger2018,2016,2018,-44.093
41,10215.87,15328.956,IA,upper,vest2016_tiger2018,2016,2018,-20.016
42,9609.173,15898.004,IA,upper,vest2016_tiger2018,2016,2018,-24.655
43,25896.563,7220.516,IA,upper,vest2016_tiger2018,2016,2018,56.394
44,11685.178,14562.29,IA,upper,vest2016_tiger2018,2016,2018,-10.961
45,14165.895,9894.661,IA,upper,vest2016_tiger2018,2016,2018,17.752
46,12643.366,14948.886,IA,upper,vest2016_tiger2018,2016,2018,-8.356
47,17060.601,16831.067,IA,upper,vest2016_tiger2018,2016,2018,0.677
48,12487.986,17667.917,IA,upper,vest2016_tiger2018,2016,2018,-17.177
49,12665.138,15589.387,IA,upper,vest2016_tiger2018,2016,2018,-10.35
5,9290.926,18391.845,IA,upper,vest2016_tiger2018,2016,2018,-32.876
50,15581.844,12480.956,IA,upper,vest2016_tiger2018,2016,2018,11.05
6,8954.999,18652.997,IA,upper,vest2016_tiger2018,2016,2018,-35.127
7,10049.97,11125.968,IA,upper,vest2016_tiger2018,2016,2018,-5.081
8,9797.697,12082.537,IA,upper,vest2016_tiger2018,2016,2018,-10.442
9,7823.973,20029.92,IA,upper,vest2016_tiger2018,2016,2018,-43.821
1,3867.303,12840.76,IA,lower,vest2016_tiger2018,2016,2018,-53.707
10,4051.005,11026.018,IA,lower,vest2016_tiger2018,2016,2018,-46.263
100,6901.788,5690.24,IA,lower,vest2016_tiger2018,2016,2018,9.622
11,4125.999,8605.997,IA,lower,vest2016_tiger2018,2016,2018,-35.187
12,4829.0,10047.0,IA,lower,vest2016_tiger2018,2016,2018,-35.077
13,4876.438,5997.769,IA,lower,vest2016_tiger2018,2016,2018,-10.312
14,5173.532,5128.198,IA,lower,vest2016_tiger2018,2016,2018,0.44
15,4599.591,5652.43,IA,lower,vest2016_tiger2018,2016,2018,-10.27
16,5198.107,6430.107,IA,lower,vest2016_tiger2018,2016,2018,-10.595
17,3911.973,10632.92,IA,lower,vest2016_tiger2018,2016,2018,-46.208
18,3912.0,9397.0,IA,lower,vest2016_tiger2018,2016,2018,-41.213
19,6560.213,10391.746,IA,lower,vest2016_tiger2018,2016,2018,-22.602
2,4307.697,10593.24,IA,lower,vest2016_tiger2018,2016,2018,-42.182
20,4901.022,8293.041,IA,lower,vest2016_tiger2018,2016,2018,-25.709
21,4385.0,9737.0,IA,lower,vest2016_tiger2018,2016,2018,-37.898
22,5292.032,11696.094,IA,lower,vest2016_tiger2018,2016,2018,-37.697
23,4052.999,9891.999,IA,lower,vest2016_tiger2018,2016,2018,-41.872
24,3631.997,9845.988,IA,lower,vest2016_tiger2018,2016,2018,-46.105
25,6047.453,10612.897,IA,lower,vest2016_tiger2018,2016,2018,-27.403
26,6912.215,9335.925,IA,lower,vest2016_tiger2018,2016,2018,-14.917
27,4229.998,8933.997,IA,lower,vest2016_tiger2018,2016,2018,-35.734
28,4796.997,9490.993,IA,lower,vest2016_tiger2018,2016,2018,-32.853
29,6349.99,8287.983,IA,lower,vest2016_tiger2018,2016,2018,-13.239
3,3247.029,11716.144,IA,lower,vest2016_tiger2018,2016,2018,-56.6
30,7333.317,10404.908,IA,lower,vest2016_tiger2018,2016,2018,-17.316
31,6647.149,5867.581,IA,lower,vest2016_tiger2018,2016,2018,6.229
32,6981.928,3318.027,IA,lower,vest2016_tiger2018,2016,2018,35.572
33,7330.634,4253.043,IA,lower,vest2016_tiger2018,2016,2018,26.568
34,8121.28,4458.086,IA,lower,vest2016_tiger2018,2016,2018,29.121
35,6828.909,2271.647,IA,lower,vest2016_tiger2018,2016,2018,50.077
36,10753.679,5026.649,IA,lower,vest2016_tiger2018,2016,2018,36.292
37,9263.513,11113.272,IA,lower,vest2016_tiger2018,2016,2018,-9.078
38,7486.641,8686.862,IA,lower,vest2016_tiger2018,2016,2018,-7.421
39,9249.021,10317.214,IA,lower,vest2016_tiger2018,2016,2018,-5.459
4,2123.005,13385.029,IA,lower,vest2016_tiger2018,2016,2018,-72.621
40,8807.427,7590.987,IA,lower,vest2016_tiger2018,2016,2018,7.418
41,12112.378,4215.094,IA,lower,vest2016_tiger2018,2016,2018,48.368
42,8864.105,7308.136,IA,lower,vest2016_tiger2018,2016,2018,9.621
43,9113.83,7121.768,IA,lower,vest2016_tiger2018,2016,2018,12.27
44,8461.738,9118.409,IA,lower,vest2016_tiger2018,2016,2018,-3.735
45,9705.082,5350.529,IA,lower,vest2016_tiger2018,2016,2018,28.923
46,9671.622,5601.178,IA,lower,vest2016_tiger2018,2016,2018,26.652
47,6020.378,8635.746,IA,lower,vest2016_tiger2018,2016,2018,-17.845
48,5952.736,9264.684,IA,lower,vest2016_tiger2018,2016,2018,-21.764
49,5941.812,9006.747,IA,lower,vest2016_tiger2018,2016,2018,-20.503
5,3534.998,11692.866,IA,lower,vest2016_tiger2018,2016,2018,-53.572
50,4731.012,10028.011,IA,lower,vest2016_tiger2018,2016,2018,-35.89
51,5491.0,9069.0,IA,lower,vest2016_tiger2018,2016,2018,-24.574
52,5819.0,8743.0,IA,lower,vest2016_tiger2018,2016,2018,-20.08
53,7118.0,6964.0,IA,lower,vest2016_tiger2018,2016,2018,1.094
54,4935.002,9637.007,IA,lower,vest2016_tiger2018,2016,2018,-32.267
55,6931.999,8064.999,IA,lower,vest2016_tiger2018,2016,2018,-7.555
56,5106.0,8747.0,IA,lower,vest2016_tiger2018,2016,2018,-26.283
57,6650.545,10262.434,IA,lower,vest2016_tiger2018,2016,2018,-21.356
58,5854.936,9136.752,IA,lower,vest2016_tiger2018,2016,2018,-21.891
59,8427.0,6631.0,IA,lower,vest2016_tiger2018,2016,2018,11.927
6,4992.997,9568.994,IA,lower,vest2016_tiger2018,2016,2018,-31.424
60,7924.985,8549.98,IA,lower,vest2016_tiger2018,2016,2018,-3.794
61,6735.001,5413.002,IA,lower,vest2016_tiger2018,2016,2018,10.882
62,7350.002,3861.002,IA,lower,vest2016_tiger2018,2016,2018,31.121
63,6591.0,9295.0,IA,lower,vest2016_tiger2018,2016,2018,-17.021
64,5824.999,7725.999,IA,lower,vest2016_tiger2018,2016,2018,-14.028
65,9390.53,4771.471,IA,lower,vest2016_tiger2018,2016,2018,32.616
66,8745.521,6573.354,IA,lower,vest2016_tiger2018,2016,2018,14.18
67,8598.703,8336.376,IA,lower,vest2016_tiger2018,2016,2018,1.549
68,8477.157,7827.36,IA,lower,vest2016_tiger2018,2016,2018,3.985
69,7985.621,6093.708,IA,lower,vest2016_tiger2018,2016,2018,13.438
7,4954.049,9743.126,IA,lower,vest2016_tiger2018,2016,2018,-32.585
70,8843.995,6436.997,IA,lower,vest2016_tiger2018,2016,2018,15.752
71,5991.0,5809.999,IA,lower,vest2016_tiger2018,2016,2018,1.534
72,5418.008,9241.013,IA,lower,vest2016_tiger2018,2016,2018,-26.08
73,7207.462,8481.991,IA,lower,vest2016_tiger2018,2016,2018,-8.123
74,11311.342,4076.959,IA,lower,vest2016_tiger2018,2016,2018,47.012
75,5448.25,9606.363,IA,lower,vest2016_tiger2018,2016,2018,-27.62
76,6616.565,8774.691,IA,lower,vest2016_tiger2018,2016,2018,-14.022
77,9926.786,7340.599,IA,lower,vest2016_tiger2018,2016,2018,14.977
78,5028.676,8870.556,IA,lower,vest2016_tiger2018,2016,2018,-27.641
79,4004.831,10477.016,IA,lower,vest2016_tiger2018,2016,2018,-44.692
8,4359.943,10257.848,IA,lower,vest2016_tiger2018,2016,2018,-40.347
80,3998.244,10150.086,IA,lower,vest2016_tiger2018,2016,2018,-43.481
81,4917.931,6954.909,IA,lower,vest2016_tiger2018,2016,2018,-17.157
82,5297.939,8374.047,IA,lower,vest2016_tiger2018,2016,2018,-22.499
83,5304.291,7000.565,IA,lower,vest2016_tiger2018,2016,2018,-13.785
84,4304.882,8897.439,IA,lower,vest2016_tiger2018,2016,2018,-34.786
85,14214.45,3805.907,IA,lower,vest2016_tiger2018,2016,2018,57.76
86,11682.112,3414.608,IA,lower,vest2016_tiger2018,2016,2018,54.764
87,6465.128,6058.87,IA,lower,vest2016_tiger2018,2016,2018,3.244
88,5220.05,8503.42,IA,lower,vest2016_tiger2018,2016,2018,-23.925
89,7657.326,5963.533,IA,lower,vest2016_tiger2018,2016,2018,12.435
9,5239.921,7365.827,IA,lower,vest2016_tiger2018,2016,2018,-16.865
90,6508.569,3931.128,IA,lower,vest2016_tiger2018,2016,2018,24.689
91,5999.999,6838.999,IA,lower,vest2016_tiger2018,2016,2018,-6.535
92,6643.367,8109.886,IA,lower,vest2016_tiger2018,2016,2018,-9.94
93,8424.002,6978.002,IA,lower,vest2016_tiger2018,2016,2018,9.388
94,8636.599,9853.065,IA,lower,vest2016_tiger2018,2016,2018,-6.579
95,7206.12,8883.108,IA,lower,vest2016_tiger2018,2016,2018,-10.423
96,5281.865,8784.809,IA,lower,vest2016_tiger2018,2016,2018,-24.902
97,6397.138,9720.387,IA,lower,vest2016_tiger2018,2016,2018,-20.619
98,6268.0,5869.0,IA,lower,vest2016_tiger2018,2016,2018,3.287
99,8680.056,6790.716,IA,lower,vest2016_tiger2018,2016,2018,12.212
1,74980.999,231331.972,TX,upper,vest2016_tiger2018,2016,2018,-51.043
10,145785.008,147591.673,TX,upper,vest2016_tiger2018,2016,2018,-0.616
11,115436.813,186056.437,TX,upper,vest2016_tiger2018,2016,2018,-23.423
12,126734.268,211152.949,TX,upper,vest2016_tiger2018,2016,2018,-24.984
13,178476.964,30011.444,TX,upper,vest2016_tiger2018,2016,2018,71.21
14,250019.55,106079.816,TX,upper,vest2016_tiger2018,2016,2018,40.421
15,159688.474,82328.177,TX,upper,vest2016_tiger2018,2016,2018,31.965
16,151794.904,137611.882,TX,upper,vest2016_tiger2018,2016,2018,4.901
17,155657.765,158538.736,TX,upper,vest2016_tiger2018,2016,2018,-0.917
18,112148.645,213388.284,TX,upper,vest2016_tiger2018,2016,2018,-31.099
19,133506.928,104819.854,TX,upper,vest2016_tiger2018,2016,2018,12.037
2,100507.225,172908.024,TX,upper,vest2016_tiger2018,2016,2018,-26.48
20,125473.511,86157.299,TX,upper,vest2016_tiger2018,2016,2018,18.578
21,129688.324,88995.424,TX,upper,vest2016_tiger2018,2016,2018,18.608
22,90507.434,204933.934,TX,upper,vest2016_tiger2018,2016,2018,-38.731
23,194001.972,39525.056,TX,upper,vest2016_tiger2018,2016,2018,66.149
24,83852.263,206685.04,TX,upper,vest2016_tiger2018,2016,2018,-42.278
25,160642.108,237396.296,TX,upper,vest2016_tiger2018,2016,2018,-19.283
26,147529.583,72223.687,TX,upper,vest2016_tiger2018,2016,2018,34.268
27,118184.33,53297.237,TX,upper,vest2016_tiger2018,2016,2018,37.839
28,59480.052,189812.419,TX,upper,vest2016_tiger2018,2016,2018,-52.281
29,150500.927,57463.908,TX,upper,vest2016_tiger2018,2016,2018,44.737
3,62999.518,246215.148,TX,upper,vest2016_tiger2018,2016,2018,-59.252
30,73830.983,253789.021,TX,upper,vest2016_tiger2018,2016,2018,-54.929
31,49001.862,193772.246,TX,upper,vest2016_tiger2018,2016,2018,-59.632
4,103534.131,226723.816,TX,upper,vest2016_tiger2018,2016,2018,-37.301
5,125154.233,195448.772,TX,upper,vest2016_tiger2018,2016,2018,-21.926
6,110046.811,39364.152,TX,upper,vest2016_tiger2018,2016,2018,47.308
7,127661.165,189693.111,TX,upper,vest2016_tiger2018,2016,2018,-19.547
8,149070.387,179133.216,TX,upper,vest2016_tiger2018,2016,2018,-9.16
9,111967.641,142406.073,TX,upper,vest2016_tiger2018,2016,2018,-11.966
1,14235.0,46996.0,TX,lower,vest2016_tiger2018,2016,2018,-53.504
10,17190.124,48743.801,TX,lower,vest2016_tiger2018,2016,2018,-47.857
100,33646.11,8404.815,TX,lower,vest2016_tiger2018,2016,2018,60.026
101,30938.186,14221.383,TX,lower,vest2016_tiger2018,2016,2018,37.017
102,30297.137,24762.478,TX,lower,vest2016_tiger2018,2016,2018,10.052
103,28687.212,8709.361,TX,lower,vest2016_tiger2018,2016,2018,53.422
104,25256.664,7012.392,TX,lower,vest2016_tiger2018,2016,2018,56.538
105,24994.878,20907.538,TX,lower,vest2016_tiger2018,2016,2018,8.904
106,29724.544,49541.47,TX,lower,vest2016_tiger2018,2016,2018,-25.001
107,29164.569,24163.687,TX,lower,vest2016_tiger2018,2016,2018,9.378
108,39579.275,34620.548,TX,lower,vest2016_tiger2018,2016,2018,6.683
109,53238.267,10730.428,TX,lower,vest2016_tiger2018,2016,2018,66.451
11,14250.001,42365.005,TX,lower,vest2016_tiger2018,2016,2018,-49.66
110,30882.883,4004.874,TX,lower,vest2016_tiger2018,2016,2018,77.041
111,44913.564,11694.022,TX,lower,vest2016_tiger2018,2016,2018,58.684
112,26751.013,26099.171,TX,lower,vest2016_tiger2018,2016,2018,1.233
113,27515.575,26449.263,TX,lower,vest2016_tiger2018,2016,2018,1.976
114,35243.601,29219.567,TX,lower,vest2016_tiger2018,2016,2018,9.345
115,30908.041,26165.337,TX,lower,vest2016_tiger2018,2016,2018,8.31
116,32034.692,15628.549,TX,lower,vest2016_tiger2018,2016,2018,34.421
117,31046.617,24574.823,TX,lower,vest2016_tiger2018,2016,2018,11.635
118,26455.918,19226.802,TX,lower,vest2016_tiger2018,2016,2018,15.825
119,28536.133,17111.632,TX,lower,vest2016_tiger2018,2016,2018,25.028
12,17506.899,34616.257,TX,lower,vest2016_tiger2018,2016,2018,-32.825
120,31068.173,15700.662,TX,lower,vest2016_tiger2018,2016,2018,32.858
121,33915.963,40409.772,TX,lower,vest2016_tiger2018,2016,2018,-8.737
122,36801.329,56463.47,TX,lower,vest2016_tiger2018,2016,2018,-21.082
123,34166.755,15904.193,TX,lower,vest2016_tiger2018,2016,2018,36.473
124,32764.253,17411.028,TX,lower,vest2016_tiger2018,2016,2018,30.599
125,32759.967,17901.638,TX,lower,vest2016_tiger2018,2016,2018,29.329
126,26444.049,32521.955,TX,lower,vest2016_tiger2018,2016,2018,-10.307
127,25746.848,45160.845,TX,lower,vest2016_tiger2018,2016,2018,-27.379
128,17175.127,40665.466,TX,lower,vest2016_tiger2018,2016,2018,-40.612
129,27961.658,38629.467,TX,lower,vest2016_tiger2018,2016,2018,-16.02
13,14687.789,55377.834,TX,lower,vest2016_tiger2018,2016,2018,-58.074
130,22693.707,55235.165,TX,lower,vest2016_tiger2018,2016,2018,-41.758
131,39248.504,6230.863,TX,lower,vest2016_tiger2018,2016,2018,72.599
132,31513.651,34530.024,TX,lower,vest2016_tiger2018,2016,2018,-4.567
133,31380.672,41601.994,TX,lower,vest2016_tiger2018,2016,2018,-14.005
134,50048.394,35993.299,TX,lower,vest2016_tiger2018,2016,2018,16.335
135,28204.73,29465.807,TX,lower,vest2016_tiger2018,2016,2018,-2.187
136,37358.117,35412.993,TX,lower,vest2016_tiger2018,2016,2018,2.673
137,18402.71,7942.051,TX,lower,vest2016_tiger2018,2016,2018,39.707
138,24654.264,24611.032,TX,lower,vest2016_tiger2018,2016,2018,0.088
139,40135.092,10864.73,TX,lower,vest2016_tiger2018,2016,2018,57.393
14,19624.783,27339.424,TX,lower,vest2016_tiger2018,2016,2018,-16.427
140,21004.924,6118.306,TX,lower,vest2016_tiger2018,2016,2018,54.885
141,32803.705,4846.933,TX,lower,vest2016_tiger2018,2016,2018,74.253
142,34531.582,9512.027,TX,lower,vest2016_tiger2018,2016,2018,56.806
143,23865.894,8733.055,TX,lower,vest2016_tiger2018,2016,2018,46.421
144,15876.447,10551.387,TX,lower,vest2016_tiger2018,2016,2018,20.149
145,23537.333,10103.429,TX,lower,vest2016_tiger2018,2016,2018,39.933
146,39022.66,8510.95,TX,lower,vest2016_tiger2018,2016,2018,64.19
147,46450.322,9867.011,TX,lower,vest2016_tiger2018,2016,2018,64.959
148,30993.04,14806.944,TX,lower,vest2016_tiger2018,2016,2018,35.341
149,28260.958,14300.176,TX,lower,vest2016_tiger2018,2016,2018,32.802
15,24240.9,56012.455,TX,lower,vest2016_tiger2018,2016,2018,-39.589
150,27953.274,45150.385,TX,lower,vest2016_tiger2018,2016,2018,-23.524
16,12664.574,52778.331,TX,lower,vest2016_tiger2018,2016,2018,-61.296
17,19451.682,35567.601,TX,lower,vest2016_tiger2018,2016,2018,-29.291
18,12990.986,39834.943,TX,lower,vest2016_tiger2018,2016,2018,-50.816
19,11960.999,56301.993,TX,lower,vest2016_tiger2018,2016,2018,-64.956
2,11705.034,53090.247,TX,lower,vest2016_tiger2018,2016,2018,-63.871
20,20814.228,56652.485,TX,lower,vest2016_tiger2018,2016,2018,-46.263
21,14765.07,52270.02,TX,lower,vest2016_tiger2018,2016,2018,-55.948
22,33412.929,16104.978,TX,lower,vest2016_tiger2018,2016,2018,34.953
23,25708.502,35123.082,TX,lower,vest2016_tiger2018,2016,2018,-15.476
24,20894.84,51962.855,TX,lower,vest2016_tiger2018,2016,2018,-42.642
25,16140.316,40492.35,TX,lower,vest2016_tiger2018,2016,2018,-43.0
26,31642.93,35006.407,TX,lower,vest2016_tiger2018,2016,2018,-5.047
27,47504.326,18462.449,TX,lower,vest2016_tiger2018,2016,2018,44.025
28,36085.679,44654.068,TX,lower,vest2016_tiger2018,2016,2018,-10.612
29,30566.135,40673.554,TX,lower,vest2016_tiger2018,2016,2018,-14.188
3,14682.141,52058.657,TX,lower,vest2016_tiger2018,2016,2018,-56.003
30,16619.0,43621.999,TX,lower,vest2016_tiger2018,2016,2018,-44.825
31,25727.094,19623.092,TX,lower,vest2016_tiger2018,2016,2018,13.46
32,23734.037,30172.601,TX,lower,vest2016_tiger2018,2016,2018,-11.944
33,27136.923,56134.845,TX,lower,vest2016_tiger2018,2016,2018,-34.823
34,25463.2,20591.486,TX,lower,vest2016_tiger2018,2016,2018,10.578
35,22854.743,12101.488,TX,lower,vest2016_tiger2018,2016,2018,30.762
36,27654.898,8711.224,TX,lower,vest2016_tiger2018,2016,2018,52.092
37,24245.476,9762.481,TX,lower,vest2016_tiger2018,2016,2018,42.587
38,26207.526,12249.521,TX,lower,vest2016_tiger2018,2016,2018,36.295
39,27268.39,10214.239,TX,lower,vest2016_tiger2018,2016,2018,45.499
4,15009.841,49433.936,TX,lower,vest2016_tiger2018,2016,2018,-53.417
40,23220.711,8504.792,TX,lower,vest2016_tiger2018,2016,2018,46.385
41,26759.161,16570.162,TX,lower,vest2016_tiger2018,2016,2018,23.515
42,29364.522,9357.273,TX,lower,vest2016_tiger2018,2016,2018,51.669
43,22725.767,27562.914,TX,lower,vest2016_tiger2018,2016,2018,-9.619
44,23181.375,50630.623,TX,lower,vest2016_tiger2018,2016,2018,-37.188
45,34468.103,38038.136,TX,lower,vest2016_tiger2018,2016,2018,-4.924
46,42607.979,8913.773,TX,lower,vest2016_tiger2018,2016,2018,65.398
47,48702.002,48864.119,TX,lower,vest2016_tiger2018,2016,2018,-0.166
48,58752.067,25348.624,TX,lower,vest2016_tiger2018,2016,2018,39.718
49,70128.074,15236.103,TX,lower,vest2016_tiger2018,2016,2018,64.303
5,12848.002,49422.014,TX,lower,vest2016_tiger2018,2016,2018,-58.735
50,44722.537,21200.961,TX,lower,vest2016_tiger2018,2016,2018,35.68
51,43360.088,7654.578,TX,lower,vest2016_tiger2018,2016,2018,69.991
52,32131.176,33102.539,TX,lower,vest2016_tiger2018,2016,2018,-1.489
53,15038.0,55312.995,TX,lower,vest2016_tiger2018,2016,2018,-57.249
54,23626.39,27382.633,TX,lower,vest2016_tiger2018,2016,2018,-7.364
55,15657.82,31000.761,TX,lower,vest2016_tiger2018,2016,2018,-32.883
56,18717.248,38947.3,TX,lower,vest2016_tiger2018,2016,2018,-35.082
57,13370.015,44974.067,TX,lower,vest2016_tiger2018,2016,2018,-54.168
58,12265.972,50720.799,TX,lower,vest2016_tiger2018,2016,2018,-61.052
59,10050.795,40561.635,TX,lower,vest2016_tiger2018,2016,2018,-60.283
6,17991.999,42330.996,TX,lower,vest2016_tiger2018,2016,2018,-40.348
60,9521.028,60148.177,TX,lower,vest2016_tiger2018,2016,2018,-72.668
61,11755.971,67142.747,TX,lower,vest2016_tiger2018,2016,2018,-70.2
62,12833.134,46709.591,TX,lower,vest2016_tiger2018,2016,2018,-56.894
63,24600.194,53127.011,TX,lower,vest2016_tiger2018,2016,2018,-36.701
64,27771.808,37836.304,TX,lower,vest2016_tiger2018,2016,2018,-15.34
65,28791.418,30094.223,TX,lower,vest2016_tiger2018,2016,2018,-2.212
66,33428.904,35749.383,TX,lower,vest2016_tiger2018,2016,2018,-3.354
67,33485.156,37773.695,TX,lower,vest2016_tiger2018,2016,2018,-6.018
68,8634.053,50577.377,TX,lower,vest2016_tiger2018,2016,2018,-70.837
69,10250.948,38521.626,TX,lower,vest2016_tiger2018,2016,2018,-57.964
7,14057.0,41973.001,TX,lower,vest2016_tiger2018,2016,2018,-49.823
70,28164.852,53890.103,TX,lower,vest2016_tiger2018,2016,2018,-31.351
71,12049.999,41620.996,TX,lower,vest2016_tiger2018,2016,2018,-55.097
72,12045.0,42004.0,TX,lower,vest2016_tiger2018,2016,2018,-55.429
73,20169.042,71282.071,TX,lower,vest2016_tiger2018,2016,2018,-55.891
74,25706.977,17901.937,TX,lower,vest2016_tiger2018,2016,2018,17.898
75,29729.275,8621.724,TX,lower,vest2016_tiger2018,2016,2018,55.038
76,30768.967,7053.247,TX,lower,vest2016_tiger2018,2016,2018,62.703
77,26948.3,10172.994,TX,lower,vest2016_tiger2018,2016,2018,45.191
78,30158.649,17885.962,TX,lower,vest2016_tiger2018,2016,2018,25.544
79,30237.758,11778.029,TX,lower,vest2016_tiger2018,2016,2018,43.935
8,11388.989,41333.911,TX,lower,vest2016_tiger2018,2016,2018,-56.797
80,26122.477,12975.728,TX,lower,vest2016_tiger2018,2016,2018,33.625
81,12290.058,32894.494,TX,lower,vest2016_tiger2018,2016,2018,-45.601
82,11710.94,43119.496,TX,lower,vest2016_tiger2018,2016,2018,-57.283
83,12958.381,49658.671,TX,lower,vest2016_tiger2018,2016,2018,-58.611
84,17935.596,30424.129,TX,lower,vest2016_tiger2018,2016,2018,-25.824
85,24591.132,33581.588,TX,lower,vest2016_tiger2018,2016,2018,-15.455
86,10509.522,52124.19,TX,lower,vest2016_tiger2018,2016,2018,-66.441
87,9951.397,34073.413,TX,lower,vest2016_tiger2018,2016,2018,-54.792
88,7967.968,38958.867,TX,lower,vest2016_tiger2018,2016,2018,-66.041
89,28066.405,45922.214,TX,lower,vest2016_tiger2018,2016,2018,-24.133
9,14913.999,51079.962,TX,lower,vest2016_tiger2018,2016,2018,-54.802
90,20133.074,5771.5,TX,lower,vest2016_tiger2018,2016,2018,55.44
91,19237.207,37777.035,TX,lower,vest2016_tiger2018,2016,2018,-32.518
92,26117.944,35219.8,TX,lower,vest2016_tiger2018,2016,2018,-14.839
93,25018.772,33960.538,TX,lower,vest2016_tiger2018,2016,2018,-15.161
94,27141.585,36058.95,TX,lower,vest2016_tiger2018,2016,2018,-14.11
95,35044.783,10814.423,TX,lower,vest2016_tiger2018,2016,2018,52.836
96,29287.494,36999.104,TX,lower,vest2016_tiger2018,2016,2018,-11.634
97,29521.822,36335.718,TX,lower,vest2016_tiger2018,2016,2018,-10.346
98,25247.531,57920.265,TX,lower,vest2016_tiger2018,2016,2018,-39.285
99,20703.496,40842.208,TX,lower,vest2016_tiger2018,2016,2018,-32.722
1,75979.353,33107.986,MI,upper,vest2020_tiger2022,2020,2022,39.3
10,82602.446,44235.6,MI,upper,vest2020_tiger2022,2020,2022,30.249
11,73314.237,69845.406,MI,upper,vest2020_tiger2022,2020,2022,2.423
12,75940.927,82979.144,MI,upper,vest2020_tiger2022,2020,2022,-4.429
13,96600.916,72057.768,MI,upper,vest2020_tiger2022,2020,2022,14.552
14,82159.576,66130.366,MI,upper,vest2020_tiger2022,2020,2022,10.809
15,110643.621,39609.483,MI,upper,vest2020_tiger2022,2020,2022,47.276
16,53474.771,91534.164,MI,upper,vest2020_tiger2022,2020,2022,-26.246
17,46888.828,83667.889,MI,upper,vest2020_tiger2022,2020,2022,-28.171
18,55575.074,86689.809,MI,upper,vest2020_tiger2022,2020,2022,-21.871
19,86328.436,59424.944,MI,upper,vest2020_tiger2022,2020,2022,18.458
2,73289.929,25471.302,MI,upper,vest2020_tiger2022,2020,2022,48.418
20,59112.968,80213.464,MI,upper,vest2020_tiger2022,2020,2022,-15.145
21,82220.18,59567.49,MI,upper,vest2020_tiger2022,2020,2022,15.976
22,63707.639,101702.463,MI,upper,vest2020_tiger2022,2020,2022,-22.97
23,70193.773,91980.346,MI,upper,vest2020_tiger2022,2020,2022,-13.434
24,58391.265,103967.562,MI,upper,vest2020_tiger2022,2020,2022,-28.071
25,48081.175,98338.405,MI,upper,vest2020_tiger2022,2020,2022,-34.324
26,57052.891,91797.888,MI,upper,vest2020_tiger2022,2020,2022,-23.342
27,82641.099,50318.277,MI,upper,vest2020_tiger2022,2020,2022,24.31
28,77417.985,61601.802,MI,upper,vest2020_tiger2022,2020,2022,11.377
29,80371.611,45130.969,MI,upper,vest2020_tiger2022,2020,2022,28.08
3,88794.904,24309.193,MI,upper,vest2020_tiger2022,2020,2022,57.014
30,78327.34,72499.469,MI,upper,vest2020_tiger2022,2020,2022,3.864
31,61416.008,91886.952,MI,upper,vest2020_tiger2022,2020,2022,-19.876
32,66938.092,74161.6,MI,upper,vest2020_tiger2022,2020,2022,-5.119
33,45870.121,93371.039,MI,upper,vest2020_tiger2022,2020,2022,-34.114
34,48704.516,87022.072,MI,upper,vest2020_tiger2022,2020,2022,-28.231
35,75353.589,70742.728,MI,upper,vest2020_tiger2022,2020,2022,3.156
36,51318.932,107641.854,MI,upper,vest2020_tiger2022,2020,2022,-35.432
37,72752.675,91667.243,MI,upper,vest2020_tiger2022,2020,2022,-11.504
38,60930.359,83964.882,MI,upper,vest2020_tiger2022,2020,2022,-15.897
4,78459.165,71970.105,MI,upper,vest2020_tiger2022,2020,2022,4.314
5,85330.693,55847.102,MI,upper,vest2020_tiger2022,2020,2022,20.884
6,98992.571,43201.574,MI,upper,vest2020_tiger2022,2020,2022,39.236
7,106185.061,36403.371,MI,upper,vest2020_tiger2022,2020,2022,48.939
8,119671.927,33590.579,MI,upper,vest2020_tiger2022,2020,2022,56.166
9,72967.345,72160.828,MI,upper,vest2020_tiger2022,2020,2022,0.556
1,23789.429,2914.861,MI,lower,vest2020_tiger2022,2020,2022,78.169
10,36012.011,16183.281,MI,lower,vest2020_tiger2022,2020,2022,37.989
100,15539.787,32544.076,MI,lower,vest2020_tiger2022,2020,2022,-35.364
101,15724.412,33345.296,MI,lower,vest2020_tiger2022,2020,2022,-35.91
102,21000.617,30573.509,MI,lower,vest2020_tiger2022,2020,2022,-18.561
103,32782.558,29770.169,MI,lower,vest2020_tiger2022,2020,2022,4.816
104,20743.839,34815.035,MI,lower,vest2020_tiger2022,2020,2022,-25.327
105,16649.545,36375.764,MI,lower,vest2020_tiger2022,2020,2022,-37.202
106,18645.762,36917.441,MI,lower,vest2020_tiger2022,2020,2022,-32.884
107,23577.37,32330.752,MI,lower,vest2020_tiger2022,2020,2022,-15.657
108,16771.608,31310.707,MI,lower,vest2020_tiger2022,2020,2022,-30.238
109,25165.357,24288.991,MI,lower,vest2020_tiger2022,2020,2022,1.772
11,32137.258,16361.743,MI,lower,vest2020_tiger2022,2020,2022,32.528
110,19445.391,29547.075,MI,lower,vest2020_tiger2022,2020,2022,-20.619
12,29662.2,13760.379,MI,lower,vest2020_tiger2022,2020,2022,36.621
13,27629.701,15301.245,MI,lower,vest2020_tiger2022,2020,2022,28.717
14,28224.981,11372.534,MI,lower,vest2020_tiger2022,2020,2022,42.559
15,26685.209,16087.066,MI,lower,vest2020_tiger2022,2020,2022,24.778
16,37496.039,11655.634,MI,lower,vest2020_tiger2022,2020,2022,52.573
17,33161.477,15008.726,MI,lower,vest2020_tiger2022,2020,2022,37.685
18,44637.847,11598.164,MI,lower,vest2020_tiger2022,2020,2022,58.752
19,40509.67,18748.262,MI,lower,vest2020_tiger2022,2020,2022,36.723
2,23949.648,18839.776,MI,lower,vest2020_tiger2022,2020,2022,11.942
20,34765.206,27073.528,MI,lower,vest2020_tiger2022,2020,2022,12.438
21,28015.862,21049.685,MI,lower,vest2020_tiger2022,2020,2022,14.198
22,32654.876,29902.608,MI,lower,vest2020_tiger2022,2020,2022,4.4
23,31267.507,16418.898,MI,lower,vest2020_tiger2022,2020,2022,31.138
24,32920.83,20220.153,MI,lower,vest2020_tiger2022,2020,2022,23.9
25,27598.829,18683.969,MI,lower,vest2020_tiger2022,2020,2022,19.262
26,28501.64,14803.132,MI,lower,vest2020_tiger2022,2020,2022,31.633
27,25826.312,28060.108,MI,lower,vest2020_tiger2022,2020,2022,-4.145
28,23414.572,26086.467,MI,lower,vest2020_tiger2022,2020,2022,-5.398
29,21366.863,24951.754,MI,lower,vest2020_tiger2022,2020,2022,-7.74
3,25806.467,7165.274,MI,lower,vest2020_tiger2022,2020,2022,56.537
30,20262.783,31506.883,MI,lower,vest2020_tiger2022,2020,2022,-21.719
31,26499.511,26051.452,MI,lower,vest2020_tiger2022,2020,2022,0.853
32,35979.789,10089.89,MI,lower,vest2020_tiger2022,2020,2022,56.197
33,43181.054,13434.01,MI,lower,vest2020_tiger2022,2020,2022,52.543
34,19809.912,28916.341,MI,lower,vest2020_tiger2022,2020,2022,-18.689
35,12355.517,31756.817,MI,lower,vest2020_tiger2022,2020,2022,-43.982
36,14199.084,27582.666,MI,lower,vest2020_tiger2022,2020,2022,-32.032
37,17797.449,27537.529,MI,lower,vest2020_tiger2022,2020,2022,-21.485
38,28965.93,23984.085,MI,lower,vest2020_tiger2022,2020,2022,9.409
39,17817.036,27315.925,MI,lower,vest2020_tiger2022,2020,2022,-21.046
4,30186.606,2661.025,MI,lower,vest2020_tiger2022,2020,2022,83.798
40,31466.644,21792.737,MI,lower,vest2020_tiger2022,2020,2022,18.164
41,30918.08,9356.515,MI,lower,vest2020_tiger2022,2020,2022,53.536
42,24231.79,28117.37,MI,lower,vest2020_tiger2022,2020,2022,-7.422
43,15420.295,36226.091,MI,lower,vest2020_tiger2022,2020,2022,-40.285
44,20123.499,20386.695,MI,lower,vest2020_tiger2022,2020,2022,-0.65
45,16835.252,33554.143,MI,lower,vest2020_tiger2022,2020,2022,-33.179
46,20191.109,20254.645,MI,lower,vest2020_tiger2022,2020,2022,-0.157
47,37217.05,21869.351,MI,lower,vest2020_tiger2022,2020,2022,25.975
48,31880.689,28466.64,MI,lower,vest2020_tiger2022,2020,2022,5.657
49,25246.341,29634.051,MI,lower,vest2020_tiger2022,2020,2022,-7.995
5,42113.71,11033.431,MI,lower,vest2020_tiger2022,2020,2022,58.48
50,20089.397,37324.253,MI,lower,vest2020_tiger2022,2020,2022,-30.019
51,23812.051,35058.25,MI,lower,vest2020_tiger2022,2020,2022,-19.103
52,23938.19,33051.877,MI,lower,vest2020_tiger2022,2020,2022,-15.992
53,26780.291,12843.198,MI,lower,vest2020_tiger2022,2020,2022,35.174
54,28335.73,27230.266,MI,lower,vest2020_tiger2022,2020,2022,1.989
55,28130.383,26668.719,MI,lower,vest2020_tiger2022,2020,2022,2.667
56,30946.494,22232.998,MI,lower,vest2020_tiger2022,2020,2022,16.385
57,21116.901,24456.184,MI,lower,vest2020_tiger2022,2020,2022,-7.327
58,22504.405,25252.449,MI,lower,vest2020_tiger2022,2020,2022,-5.754
59,19607.152,35021.998,MI,lower,vest2020_tiger2022,2020,2022,-28.217
6,43979.038,8640.044,MI,lower,vest2020_tiger2022,2020,2022,67.16
60,22814.49,32365.235,MI,lower,vest2020_tiger2022,2020,2022,-17.308
61,25294.348,25510.526,MI,lower,vest2020_tiger2022,2020,2022,-0.426
62,24779.714,28490.559,MI,lower,vest2020_tiger2022,2020,2022,-6.966
63,18642.042,35390.459,MI,lower,vest2020_tiger2022,2020,2022,-30.997
64,19708.249,29539.954,MI,lower,vest2020_tiger2022,2020,2022,-19.964
65,15256.09,39142.2,MI,lower,vest2020_tiger2022,2020,2022,-43.91
66,20162.232,38273.384,MI,lower,vest2020_tiger2022,2020,2022,-30.993
67,20549.346,31955.032,MI,lower,vest2020_tiger2022,2020,2022,-21.723
68,25355.578,28690.17,MI,lower,vest2020_tiger2022,2020,2022,-6.17
69,28018.381,21164.785,MI,lower,vest2020_tiger2022,2020,2022,13.935
7,43447.304,8825.122,MI,lower,vest2020_tiger2022,2020,2022,66.234
70,30849.009,7365.823,MI,lower,vest2020_tiger2022,2020,2022,61.45
71,20943.543,32165.859,MI,lower,vest2020_tiger2022,2020,2022,-21.131
72,24967.623,31567.039,MI,lower,vest2020_tiger2022,2020,2022,-11.673
73,23981.275,19456.222,MI,lower,vest2020_tiger2022,2020,2022,10.417
74,31464.391,14304.746,MI,lower,vest2020_tiger2022,2020,2022,37.492
75,32064.295,20280.639,MI,lower,vest2020_tiger2022,2020,2022,22.512
76,27361.141,26073.996,MI,lower,vest2020_tiger2022,2020,2022,2.409
77,31150.284,18848.036,MI,lower,vest2020_tiger2022,2020,2022,24.605
78,16412.934,30172.327,MI,lower,vest2020_tiger2022,2020,2022,-29.536
79,18662.612,33530.775,MI,lower,vest2020_tiger2022,2020,2022,-28.487
8,31637.812,9909.56,MI,lower,vest2020_tiger2022,2020,2022,52.298
80,30874.648,21019.188,MI,lower,vest2020_tiger2022,2020,2022,18.992
81,31554.297,23457.797,MI,lower,vest2020_tiger2022,2020,2022,14.718
82,32625.097,9752.994,MI,lower,vest2020_tiger2022,2020,2022,53.972
83,20801.696,17024.87,MI,lower,vest2020_tiger2022,2020,2022,9.985
84,27147.452,21981.703,MI,lower,vest2020_tiger2022,2020,2022,10.515
85,17020.267,36248.287,MI,lower,vest2020_tiger2022,2020,2022,-36.096
86,23688.649,23849.481,MI,lower,vest2020_tiger2022,2020,2022,-0.338
87,25314.438,16859.145,MI,lower,vest2020_tiger2022,2020,2022,20.049
88,25767.233,31054.571,MI,lower,vest2020_tiger2022,2020,2022,-9.305
89,15484.333,31747.19,MI,lower,vest2020_tiger2022,2020,2022,-34.432
9,29234.551,2274.624,MI,lower,vest2020_tiger2022,2020,2022,85.562
90,22493.974,33242.077,MI,lower,vest2020_tiger2022,2020,2022,-19.284
91,15119.149,32549.39,MI,lower,vest2020_tiger2022,2020,2022,-36.566
92,18630.977,21840.139,MI,lower,vest2020_tiger2022,2020,2022,-7.93
93,17695.676,32446.068,MI,lower,vest2020_tiger2022,2020,2022,-29.417
94,29018.385,13873.737,MI,lower,vest2020_tiger2022,2020,2022,35.309
95,21915.291,30686.611,MI,lower,vest2020_tiger2022,2020,2022,-16.675
96,23470.153,28157.208,MI,lower,vest2020_tiger2022,2020,2022,-9.079
97,17988.934,33519.356,MI,lower,vest2020_tiger2022,2020,2022,-30.151
98,14182.362,36921.829,MI,lower,vest2020_tiger2022,2020,2022,-44.496
99,16431.906,34909.818,MI,lower,vest2020_tiger2022,2020,2022,-35.99
1,14800.835,29445.562,MN,upper,vest2020_tiger2022,2020,2022,-33.098
10,13007.263,36261.949,MN,upper,vest2020_tiger2022,2020,2022,-47.199
11,19121.518,27062.366,MN,upper,vest2020_tiger2022,2020,2022,-17.194
12,15468.789,31979.161,MN,upper,vest2020_tiger2022,2020,2022,-34.797
13,16659.43,32799.074,MN,upper,vest2020_tiger2022,2020,2022,-32.633
14,20084.229,18923.908,MN,upper,vest2020_tiger2022,2020,2022,2.975
15,15373.384,30171.557,MN,upper,vest2020_tiger2022,2020,2022,-32.491
16,15439.098,29426.744,MN,upper,vest2020_tiger2022,2020,2022,-31.177
17,15175.027,33329.957,MN,upper,vest2020_tiger2022,2020,2022,-37.429
18,23768.893,19095.369,MN,upper,vest2020_tiger2022,2020,2022,10.903
19,16987.21,26732.84,MN,upper,vest2020_tiger2022,2020,2022,-22.291
2,19356.821,25007.693,MN,upper,vest2020_tiger2022,2020,2022,-12.737
20,19881.683,29871.732,MN,upper,vest2020_tiger2022,2020,2022,-20.079
21,13269.155,28781.056,MN,upper,vest2020_tiger2022,2020,2022,-36.889
22,16428.387,31446.847,MN,upper,vest2020_tiger2022,2020,2022,-31.37
23,18344.705,25005.115,MN,upper,vest2020_tiger2022,2020,2022,-15.364
24,22935.477,24420.969,MN,upper,vest2020_tiger2022,2020,2022,-3.137
25,27481.226,17639.384,MN,upper,vest2020_tiger2022,2020,2022,21.812
26,21759.029,25409.547,MN,upper,vest2020_tiger2022,2020,2022,-7.739
27,13951.48,34459.519,MN,upper,vest2020_tiger2022,2020,2022,-42.362
28,16981.348,33157.119,MN,upper,vest2020_tiger2022,2020,2022,-32.262
29,16874.602,31844.131,MN,upper,vest2020_tiger2022,2020,2022,-30.726
3,26860.558,26790.998,MN,upper,vest2020_tiger2022,2020,2022,0.13
30,18123.61,31282.671,MN,upper,vest2020_tiger2022,2020,2022,-26.634
31,19610.457,32599.086,MN,upper,vest2020_tiger2022,2020,2022,-24.878
32,24086.229,24565.549,MN,upper,vest2020_tiger2022,2020,2022,-0.985
33,26726.758,26367.518,MN,upper,vest2020_tiger2022,2020,2022,0.677
34,28143.806,22136.755,MN,upper,vest2020_tiger2022,2020,2022,11.947
35,24314.716,22331.906,MN,upper,vest2020_tiger2022,2020,2022,4.251
36,29620.161,24287.251,MN,upper,vest2020_tiger2022,2020,2022,9.893
37,29092.721,25610.574,MN,upper,vest2020_tiger2022,2020,2022,6.366
38,24862.726,9905.064,MN,upper,vest2020_tiger2022,2020,2022,43.022
39,29688.215,13299.425,MN,upper,vest2020_tiger2022,2020,2022,38.124
4,20347.994,21878.455,MN,upper,vest2020_tiger2022,2020,2022,-3.624
40,35275.511,17867.539,MN,upper,vest2020_tiger2022,2020,2022,32.757
41,28151.4,26560.44,MN,upper,vest2020_tiger2022,2020,2022,2.908
42,32739.797,19286.46,MN,upper,vest2020_tiger2022,2020,2022,25.859
43,36076.045,14062.118,MN,upper,vest2020_tiger2022,2020,2022,43.907
44,28061.982,17376.617,MN,upper,vest2020_tiger2022,2020,2022,23.516
45,34242.383,24602.658,MN,upper,vest2020_tiger2022,2020,2022,16.382
46,39645.309,13180.097,MN,upper,vest2020_tiger2022,2020,2022,50.099
47,31098.718,19770.126,MN,upper,vest2020_tiger2022,2020,2022,22.27
48,26272.564,25745.352,MN,upper,vest2020_tiger2022,2020,2022,1.014
49,34008.972,18973.862,MN,upper,vest2020_tiger2022,2020,2022,28.377
5,13671.608,34246.309,MN,upper,vest2020_tiger2022,2020,2022,-42.937
50,37012.058,17690.378,MN,upper,vest2020_tiger2022,2020,2022,35.321
51,32719.434,13698.044,MN,upper,vest2020_tiger2022,2020,2022,40.979
52,33347.514,18487.722,MN,upper,vest2020_tiger2022,2020,2022,28.667
53,27619.634,18824.983,MN,upper,vest2020_tiger2022,2020,2022,18.936
54,22950.846,24208.955,MN,upper,vest2020_tiger2022,2020,2022,-2.668
55,27443.144,19220.642,MN,upper,vest2020_tiger2022,2020,2022,17.621
56,29112.093,19683.127,MN,upper,vest2020_tiger2022,2020,2022,19.324
57,23594.027,27105.398,MN,upper,vest2020_tiger2022,2020,2022,-6.926
58,24437.917,26641.501,MN,upper,vest2020_tiger2022,2020,2022,-4.314
59,33319.279,5477.434,MN,upper,vest2020_tiger2022,2020,2022,71.763
6,18571.355,31404.82,MN,upper,vest2020_tiger2022,2020,2022,-25.679
60,35067.029,5014.503,MN,upper,vest2020_tiger2022,2020,2022,74.978
61,48178.746,6287.957,MN,upper,vest2020_tiger2022,2020,2022,76.911
62,37079.843,3101.862,MN,upper,vest2020_tiger2022,2020,2022,84.561
63,48775.462,6417.97,MN,upper,vest2020_tiger2022,2020,2022,76.744
64,44140.982,8222.039,MN,upper,vest2020_tiger2022,2020,2022,68.596
65,30634.306,7443.684,MN,upper,vest2020_tiger2022,2020,2022,60.903
66,32774.76,7437.404,MN,upper,vest2020_tiger2022,2020,2022,63.009
67,23824.154,8494.296,MN,upper,vest2020_tiger2022,2020,2022,47.434
7,22248.977,26492.93,MN,upper,vest2020_tiger2022,2020,2022,-8.707
8,33586.245,14023.62,MN,upper,vest2020_tiger2022,2020,2022,41.089
9,16688.628,33616.007,MN,upper,vest2020_tiger2022,2020,2022,-33.65
10A,7641.796,17340.044,MN,lower,vest2020_tiger2022,2020,2022,-38.821
10B,5365.467,18921.905,MN,lower,vest2020_tiger2022,2020,2022,-55.817
11A,11743.368,11588.268,MN,lower,vest2020_tiger2022,2020,2022,0.665
11B,7378.15,15474.098,MN,lower,vest2020_tiger2022,2020,2022,-35.427
12A,7725.544,15432.961,MN,lower,vest2020_tiger2022,2020,2022,-33.281
12B,7743.245,16546.2,MN,lower,vest2020_tiger2022,2020,2022,-36.242
13A,7790.521,17912.691,MN,lower,vest2020_tiger2022,2020,2022,-39.381
13B,8868.909,14886.383,MN,lower,vest2020_tiger2022,2020,2022,-25.331
14A,9526.688,9219.626,MN,lower,vest2020_tiger2022,2020,2022,1.638
14B,10557.541,9704.281,MN,lower,vest2020_tiger2022,2020,2022,4.211
15A,8023.887,14508.297,MN,lower,vest2020_tiger2022,2020,2022,-28.778
15B,7349.497,15663.26,MN,lower,vest2020_tiger2022,2020,2022,-36.127
16A,7238.432,15457.769,MN,lower,vest2020_tiger2022,2020,2022,-36.215
16B,8200.665,13968.975,MN,lower,vest2020_tiger2022,2020,2022,-26.019
17A,7292.459,16462.988,MN,lower,vest2020_tiger2022,2020,2022,-38.604
17B,7882.568,16866.969,MN,lower,vest2020_tiger2022,2020,2022,-36.301
18A,11915.046,11250.776,MN,lower,vest2020_tiger2022,2020,2022,2.867
18B,11853.847,7844.593,MN,lower,vest2020_tiger2022,2020,2022,20.353
19A,8053.487,12995.53,MN,lower,vest2020_tiger2022,2020,2022,-23.479
19B,8933.723,13737.311,MN,lower,vest2020_tiger2022,2020,2022,-21.188
1A,7056.56,15862.515,MN,lower,vest2020_tiger2022,2020,2022,-38.422
1B,7744.275,13583.047,MN,lower,vest2020_tiger2022,2020,2022,-27.377
20A,11097.427,13730.693,MN,lower,vest2020_tiger2022,2020,2022,-10.606
20B,8784.256,16141.039,MN,lower,vest2020_tiger2022,2020,2022,-29.515
21A,6515.209,16584.494,MN,lower,vest2020_tiger2022,2020,2022,-43.591
21B,6753.947,12196.562,MN,lower,vest2020_tiger2022,2020,2022,-28.72
22A,7897.149,15309.553,MN,lower,vest2020_tiger2022,2020,2022,-31.941
22B,8531.238,16137.293,MN,lower,vest2020_tiger2022,2020,2022,-30.833
23A,8838.124,14241.446,MN,lower,vest2020_tiger2022,2020,2022,-23.412
23B,9506.581,10763.67,MN,lower,vest2020_tiger2022,2020,2022,-6.202
24A,9682.11,14813.047,MN,lower,vest2020_tiger2022,2020,2022,-20.947
24B,13253.367,9607.923,MN,lower,vest2020_tiger2022,2020,2022,15.946
25A,13498.918,9841.595,MN,lower,vest2020_tiger2022,2020,2022,15.669
25B,13982.308,7797.788,MN,lower,vest2020_tiger2022,2020,2022,28.395
26A,11911.021,10663.071,MN,lower,vest2020_tiger2022,2020,2022,5.528
26B,9848.009,14746.476,MN,lower,vest2020_tiger2022,2020,2022,-19.917
27A,7296.574,17010.835,MN,lower,vest2020_tiger2022,2020,2022,-39.964
27B,6654.906,17448.684,MN,lower,vest2020_tiger2022,2020,2022,-44.781
28A,7455.219,16291.916,MN,lower,vest2020_tiger2022,2020,2022,-37.212
28B,9526.129,16865.202,MN,lower,vest2020_tiger2022,2020,2022,-27.809
29A,8426.608,17039.772,MN,lower,vest2020_tiger2022,2020,2022,-33.822
29B,8447.994,14804.36,MN,lower,vest2020_tiger2022,2020,2022,-27.336
2A,10379.852,11393.843,MN,lower,vest2020_tiger2022,2020,2022,-4.657
2B,8976.969,13613.851,MN,lower,vest2020_tiger2022,2020,2022,-20.526
30A,9290.271,15640.744,MN,lower,vest2020_tiger2022,2020,2022,-25.472
30B,8833.339,15641.927,MN,lower,vest2020_tiger2022,2020,2022,-27.818
31A,10576.378,14983.705,MN,lower,vest2020_tiger2022,2020,2022,-17.243
31B,9034.079,17615.381,MN,lower,vest2020_tiger2022,2020,2022,-32.201
32A,11823.091,13496.878,MN,lower,vest2020_tiger2022,2020,2022,-6.611
32B,12263.138,11068.671,MN,lower,vest2020_tiger2022,2020,2022,5.119
33A,11942.877,13691.198,MN,lower,vest2020_tiger2022,2020,2022,-6.82
33B,14783.881,12676.32,MN,lower,vest2020_tiger2022,2020,2022,7.675
34A,12250.177,13012.635,MN,lower,vest2020_tiger2022,2020,2022,-3.018
34B,15893.628,9124.12,MN,lower,vest2020_tiger2022,2020,2022,27.059
35A,12207.766,11253.632,MN,lower,vest2020_tiger2022,2020,2022,4.067
35B,12106.949,11078.274,MN,lower,vest2020_tiger2022,2020,2022,4.437
36A,14311.728,13568.173,MN,lower,vest2020_tiger2022,2020,2022,2.667
36B,15308.433,10719.078,MN,lower,vest2020_tiger2022,2020,2022,17.633
37A,13166.246,13807.324,MN,lower,vest2020_tiger2022,2020,2022,-2.377
37B,15926.475,11803.25,MN,lower,vest2020_tiger2022,2020,2022,14.869
38A,11893.27,5193.515,MN,lower,vest2020_tiger2022,2020,2022,39.21
38B,12969.456,4711.549,MN,lower,vest2020_tiger2022,2020,2022,46.705
39A,13702.466,7324.115,MN,lower,vest2020_tiger2022,2020,2022,30.335
39B,15985.749,5975.31,MN,lower,vest2020_tiger2022,2020,2022,45.583
3A,12479.153,14005.013,MN,lower,vest2020_tiger2022,2020,2022,-5.761
3B,14381.405,12785.985,MN,lower,vest2020_tiger2022,2020,2022,5.873
40A,16310.965,9438.465,MN,lower,vest2020_tiger2022,2020,2022,26.69
40B,18964.545,8429.074,MN,lower,vest2020_tiger2022,2020,2022,38.46
41A,13607.988,12424.522,MN,lower,vest2020_tiger2022,2020,2022,4.546
41B,14543.413,14135.918,MN,lower,vest2020_tiger2022,2020,2022,1.421
42A,16178.969,9929.064,MN,lower,vest2020_tiger2022,2020,2022,23.939
42B,16560.828,9357.396,MN,lower,vest2020_tiger2022,2020,2022,27.793
43A,15698.571,7376.046,MN,lower,vest2020_tiger2022,2020,2022,36.068
43B,20377.474,6686.072,MN,lower,vest2020_tiger2022,2020,2022,50.59
44A,14589.222,8115.325,MN,lower,vest2020_tiger2022,2020,2022,28.514
44B,13472.76,9261.292,MN,lower,vest2020_tiger2022,2020,2022,18.525
45A,14964.587,14528.239,MN,lower,vest2020_tiger2022,2020,2022,1.48
45B,19277.796,10074.42,MN,lower,vest2020_tiger2022,2020,2022,31.355
46A,20624.087,5941.935,MN,lower,vest2020_tiger2022,2020,2022,55.267
46B,19021.221,7238.162,MN,lower,vest2020_tiger2022,2020,2022,44.872
47A,15971.094,9254.932,MN,lower,vest2020_tiger2022,2020,2022,26.624
47B,15127.623,10515.195,MN,lower,vest2020_tiger2022,2020,2022,17.987
48A,11203.718,13726.462,MN,lower,vest2020_tiger2022,2020,2022,-10.119
48B,15068.846,12018.89,MN,lower,vest2020_tiger2022,2020,2022,11.26
49A,18110.157,9552.075,MN,lower,vest2020_tiger2022,2020,2022,30.938
49B,15898.814,9421.787,MN,lower,vest2020_tiger2022,2020,2022,25.58
4A,10653.748,7286.202,MN,lower,vest2020_tiger2022,2020,2022,18.771
4B,9694.246,14592.254,MN,lower,vest2020_tiger2022,2020,2022,-20.168
50A,19138.923,8245.805,MN,lower,vest2020_tiger2022,2020,2022,39.778
50B,17873.135,9444.573,MN,lower,vest2020_tiger2022,2020,2022,30.854
51A,17489.403,5693.092,MN,lower,vest2020_tiger2022,2020,2022,50.885
51B,15230.031,8004.952,MN,lower,vest2020_tiger2022,2020,2022,31.096
52A,15486.929,8831.381,MN,lower,vest2020_tiger2022,2020,2022,27.368
52B,17860.584,9656.341,MN,lower,vest2020_tiger2022,2020,2022,29.815
53A,15775.419,10324.362,MN,lower,vest2020_tiger2022,2020,2022,20.885
53B,11844.214,8500.622,MN,lower,vest2020_tiger2022,2020,2022,16.435
54A,11512.107,9709.516,MN,lower,vest2020_tiger2022,2020,2022,8.494
54B,11438.738,14499.439,MN,lower,vest2020_tiger2022,2020,2022,-11.8
55A,14199.435,10883.898,MN,lower,vest2020_tiger2022,2020,2022,13.218
55B,13243.71,8336.744,MN,lower,vest2020_tiger2022,2020,2022,22.738
56A,15270.215,9474.203,MN,lower,vest2020_tiger2022,2020,2022,23.424
56B,13841.878,10208.924,MN,lower,vest2020_tiger2022,2020,2022,15.105
57A,10963.112,15014.881,MN,lower,vest2020_tiger2022,2020,2022,-15.597
57B,12630.914,12090.518,MN,lower,vest2020_tiger2022,2020,2022,2.186
58A,13237.167,11576.88,MN,lower,vest2020_tiger2022,2020,2022,6.691
58B,11200.75,15064.621,MN,lower,vest2020_tiger2022,2020,2022,-14.711
59A,14218.27,2573.793,MN,lower,vest2020_tiger2022,2020,2022,69.345
59B,19101.009,2903.641,MN,lower,vest2020_tiger2022,2020,2022,73.609
5A,7741.926,17458.798,MN,lower,vest2020_tiger2022,2020,2022,-38.558
5B,5929.683,16787.511,MN,lower,vest2020_tiger2022,2020,2022,-47.796
60A,22250.476,3463.325,MN,lower,vest2020_tiger2022,2020,2022,73.063
60B,12816.554,1551.177,MN,lower,vest2020_tiger2022,2020,2022,78.407
61A,22472.66,3172.715,MN,lower,vest2020_tiger2022,2020,2022,75.257
61B,25706.086,3115.243,MN,lower,vest2020_tiger2022,2020,2022,78.382
62A,18516.964,1458.92,MN,lower,vest2020_tiger2022,2020,2022,85.393
62B,18562.879,1642.942,MN,lower,vest2020_tiger2022,2020,2022,83.738
63A,24357.444,2613.599,MN,lower,vest2020_tiger2022,2020,2022,80.619
63B,24418.018,3804.371,MN,lower,vest2020_tiger2022,2020,2022,73.04
64A,21852.764,3416.374,MN,lower,vest2020_tiger2022,2020,2022,72.96
64B,22288.218,4805.665,MN,lower,vest2020_tiger2022,2020,2022,64.526
65A,14396.109,3026.737,MN,lower,vest2020_tiger2022,2020,2022,65.256
65B,16238.197,4416.947,MN,lower,vest2020_tiger2022,2020,2022,57.232
66A,19392.822,3679.958,MN,lower,vest2020_tiger2022,2020,2022,68.101
66B,13381.938,3757.446,MN,lower,vest2020_tiger2022,2020,2022,56.154
67A,11196.647,4114.709,MN,lower,vest2020_tiger2022,2020,2022,46.253
67B,12627.507,4379.587,MN,lower,vest2020_tiger2022,2020,2022,48.497
6A,9813.874,16212.356,MN,lower,vest2020_tiger2022,2020,2022,-24.585
6B,8757.481,15192.464,MN,lower,vest2020_tiger2022,2020,2022,-26.868
7A,10527.264,13627.65,MN,lower,vest2020_tiger2022,2020,2022,-12.835
7B,11721.713,12865.28,MN,lower,vest2020_tiger2022,2020,2022,-4.651
8A,15186.024,6746.207,MN,lower,vest2020_tiger2022,2020,2022,38.481
8B,18400.221,7277.413,MN,lower,vest2020_tiger2022,2020,2022,43.317
9A,8464.987,15046.016,MN,lower,vest2020_tiger2022,2020,2022,-27.991
9B,8223.641,18569.991,MN,lower,vest2020_tiger2022,2020,2022,-38.615
1,45389.684,60827.173,WI,upper,vest2020_tiger2022,2020,2022,-14.534
10,41551.334,60033.812,WI,upper,vest2020_tiger2022,2020,2022,-18.194
11,42549.815,53911.877,WI,upper,vest2020_tiger2022,2020,2022,-11.779
12,39039.308,67318.266,WI,upper,vest2020_tiger2022,2020,2022,-26.589
13,43158.608,60491.896,WI,upper,vest2020_tiger2022,2020,2022,-16.723
14,37302.014,60006.118,WI,upper,vest2020_tiger2022,2020,2022,-23.332
15,56676.118,38618.85,WI,upper,vest2020_tiger2022,2020,2022,18.949
16,82040.4,23547.679,WI,upper,vest2020_tiger2022,2020,2022,55.397
17,40807.022,50994.05,WI,upper,vest2020_tiger2022,2020,2022,-11.097
18,40065.439,51094.881,WI,upper,vest2020_tiger2022,2020,2022,-12.099
19,48303.216,49993.171,WI,upper,vest2020_tiger2022,2020,2022,-1.719
2,40358.341,60579.47,WI,upper,vest2020_tiger2022,2020,2022,-20.033
20,36137.538,75917.118,WI,upper,vest2020_tiger2022,2020,2022,-35.5
21,43029.973,63608.865,WI,upper,vest2020_tiger2022,2020,2022,-19.298
22,47189.24,31473.075,WI,upper,vest2020_tiger2022,2020,2022,19.979
23,36824.702,54294.871,WI,upper,vest2020_tiger2022,2020,2022,-19.173
24,42425.924,54732.778,WI,upper,vest2020_tiger2022,2020,2022,-12.667
25,45897.019,56534.944,WI,upper,vest2020_tiger2022,2020,2022,-10.385
26,90331.02,13468.231,WI,upper,vest2020_tiger2022,2020,2022,74.049
27,74974.189,36607.067,WI,upper,vest2020_tiger2022,2020,2022,34.385
28,45370.311,63556.262,WI,upper,vest2020_tiger2022,2020,2022,-16.696
29,38696.232,59038.475,WI,upper,vest2020_tiger2022,2020,2022,-20.814
3,40463.318,18969.655,WI,upper,vest2020_tiger2022,2020,2022,36.165
30,38931.47,47628.151,WI,upper,vest2020_tiger2022,2020,2022,-10.047
31,45258.564,49065.817,WI,upper,vest2020_tiger2022,2020,2022,-4.036
32,50883.57,45101.847,WI,upper,vest2020_tiger2022,2020,2022,6.024
33,43693.895,68658.244,WI,upper,vest2020_tiger2022,2020,2022,-22.22
4,68529.843,12420.653,WI,upper,vest2020_tiger2022,2020,2022,69.313
5,55935.486,55358.153,WI,upper,vest2020_tiger2022,2020,2022,0.519
6,68480.105,11005.028,WI,upper,vest2020_tiger2022,2020,2022,72.309
7,64371.245,35886.812,WI,upper,vest2020_tiger2022,2020,2022,28.411
8,56261.69,62160.11,WI,upper,vest2020_tiger2022,2020,2022,-4.981
9,39886.383,57239.965,WI,upper,vest2020_tiger2022,2020,2022,-17.867
1,15983.556,21545.645,WI,lower,vest2020_tiger2022,2020,2022,-14.821
10,26983.343,4442.827,WI,lower,vest2020_tiger2022,2020,2022,71.725
11,21385.077,2729.681,WI,lower,vest2020_tiger2022,2020,2022,77.361
12,20161.423,5248.145,WI,lower,vest2020_tiger2022,2020,2022,58.692
13,18458.123,20845.57,WI,lower,vest2020_tiger2022,2020,2022,-6.074
14,21202.689,12998.398,WI,lower,vest2020_tiger2022,2020,2022,23.988
15,16274.675,21514.185,WI,lower,vest2020_tiger2022,2020,2022,-13.865
16,20366.128,2143.109,WI,lower,vest2020_tiger2022,2020,2022,80.958
17,25313.534,4578.589,WI,lower,vest2020_tiger2022,2020,2022,69.366
18,22800.443,4283.331,WI,lower,vest2020_tiger2022,2020,2022,68.37
19,27412.954,6343.565,WI,lower,vest2020_tiger2022,2020,2022,62.416
2,14151.009,19730.164,WI,lower,vest2020_tiger2022,2020,2022,-16.467
20,20927.413,12802.555,WI,lower,vest2020_tiger2022,2020,2022,24.088
21,16030.878,16740.692,WI,lower,vest2020_tiger2022,2020,2022,-2.166
22,14950.576,25253.771,WI,lower,vest2020_tiger2022,2020,2022,-25.627
23,25492.063,14661.825,WI,lower,vest2020_tiger2022,2020,2022,26.972
24,15819.052,22244.515,WI,lower,vest2020_tiger2022,2020,2022,-16.881
25,12081.558,19107.254,WI,lower,vest2020_tiger2022,2020,2022,-22.526
26,13024.03,18664.26,WI,lower,vest2020_tiger2022,2020,2022,-17.799
27,14780.795,19468.451,WI,lower,vest2020_tiger2022,2020,2022,-13.687
28,12619.991,20999.591,WI,lower,vest2020_tiger2022,2020,2022,-24.925
29,12113.56,18311.606,WI,lower,vest2020_tiger2022,2020,2022,-20.371
3,15255.118,19551.364,WI,lower,vest2020_tiger2022,2020,2022,-12.343
30,16817.783,20722.614,WI,lower,vest2020_tiger2022,2020,2022,-10.402
31,13787.111,17586.564,WI,lower,vest2020_tiger2022,2020,2022,-12.11
32,12809.977,18881.138,WI,lower,vest2020_tiger2022,2020,2022,-19.157
33,15952.728,17444.175,WI,lower,vest2020_tiger2022,2020,2022,-4.466
34,15596.458,22334.997,WI,lower,vest2020_tiger2022,2020,2022,-17.765
35,12402.682,22403.189,WI,lower,vest2020_tiger2022,2020,2022,-28.732
36,11040.169,22580.081,WI,lower,vest2020_tiger2022,2020,2022,-34.324
37,15391.132,18803.646,WI,lower,vest2020_tiger2022,2020,2022,-9.98
38,15846.9,20639.882,WI,lower,vest2020_tiger2022,2020,2022,-13.136
39,11920.576,21048.367,WI,lower,vest2020_tiger2022,2020,2022,-27.686
4,16454.027,18230.953,WI,lower,vest2020_tiger2022,2020,2022,-5.123
40,11090.803,21962.255,WI,lower,vest2020_tiger2022,2020,2022,-32.891
41,12580.743,18433.157,WI,lower,vest2020_tiger2022,2020,2022,-18.87
42,13630.468,19610.705,WI,lower,vest2020_tiger2022,2020,2022,-17.99
43,23457.307,14274.615,WI,lower,vest2020_tiger2022,2020,2022,24.337
44,17576.543,11846.93,WI,lower,vest2020_tiger2022,2020,2022,19.473
45,15642.268,12497.305,WI,lower,vest2020_tiger2022,2020,2022,11.176
46,24032.946,10591.736,WI,lower,vest2020_tiger2022,2020,2022,38.82
47,27658.798,7135.338,WI,lower,vest2020_tiger2022,2020,2022,58.985
48,30348.656,5820.605,WI,lower,vest2020_tiger2022,2020,2022,67.815
49,12852.105,16467.79,WI,lower,vest2020_tiger2022,2020,2022,-12.332
5,13776.247,19265.609,WI,lower,vest2020_tiger2022,2020,2022,-16.613
50,12049.754,18165.097,WI,lower,vest2020_tiger2022,2020,2022,-20.24
51,15905.163,16361.163,WI,lower,vest2020_tiger2022,2020,2022,-1.413
52,12378.896,17879.508,WI,lower,vest2020_tiger2022,2020,2022,-18.179
53,11789.012,20065.147,WI,lower,vest2020_tiger2022,2020,2022,-25.981
54,15897.531,13150.226,WI,lower,vest2020_tiger2022,2020,2022,9.458
55,16112.0,18111.608,WI,lower,vest2020_tiger2022,2020,2022,-5.843
56,15487.035,19430.524,WI,lower,vest2020_tiger2022,2020,2022,-11.294
57,16704.181,12451.039,WI,lower,vest2020_tiger2022,2020,2022,14.588
58,11582.495,24921.335,WI,lower,vest2020_tiger2022,2020,2022,-36.541
59,10178.097,26489.74,WI,lower,vest2020_tiger2022,2020,2022,-44.485
6,10128.067,23082.909,WI,lower,vest2020_tiger2022,2020,2022,-39.008
60,14376.946,24506.043,WI,lower,vest2020_tiger2022,2020,2022,-26.05
61,13679.394,22045.599,WI,lower,vest2020_tiger2022,2020,2022,-23.418
62,15510.469,21584.267,WI,lower,vest2020_tiger2022,2020,2022,-16.374
63,13840.11,19978.999,WI,lower,vest2020_tiger2022,2020,2022,-18.152
64,16504.684,13713.973,WI,lower,vest2020_tiger2022,2020,2022,9.235
65,14806.028,10428.883,WI,lower,vest2020_tiger2022,2020,2022,17.346
66,15878.528,7330.218,WI,lower,vest2020_tiger2022,2020,2022,36.832
67,13513.551,19459.976,WI,lower,vest2020_tiger2022,2020,2022,-18.034
68,12134.204,16719.416,WI,lower,vest2020_tiger2022,2020,2022,-15.891
69,11176.947,18115.479,WI,lower,vest2020_tiger2022,2020,2022,-23.687
7,16622.827,10818.533,WI,lower,vest2020_tiger2022,2020,2022,21.152
70,12268.235,19776.741,WI,lower,vest2020_tiger2022,2020,2022,-23.431
71,17539.025,15296.172,WI,lower,vest2020_tiger2022,2020,2022,6.831
72,12618.665,19659.866,WI,lower,vest2020_tiger2022,2020,2022,-21.814
73,16346.493,16964.037,WI,lower,vest2020_tiger2022,2020,2022,-1.854
74,17523.243,19008.392,WI,lower,vest2020_tiger2022,2020,2022,-4.065
75,12027.282,20562.515,WI,lower,vest2020_tiger2022,2020,2022,-26.19
76,29796.164,3339.121,WI,lower,vest2020_tiger2022,2020,2022,79.846
77,30303.546,3381.687,WI,lower,vest2020_tiger2022,2020,2022,79.922
78,30231.31,6747.423,WI,lower,vest2020_tiger2022,2020,2022,63.506
79,27791.797,9731.727,WI,lower,vest2020_tiger2022,2020,2022,48.13
8,10553.108,2788.73,WI,lower,vest2020_tiger2022,2020,2022,58.196
80,26644.98,11746.333,WI,lower,vest2020_tiger2022,2020,2022,38.807
81,20537.412,15129.007,WI,lower,vest2020_tiger2022,2020,2022,15.164
82,16240.235,20029.631,WI,lower,vest2020_tiger2022,2020,2022,-10.448
83,12156.848,27292.359,WI,lower,vest2020_tiger2022,2020,2022,-38.367
84,16973.228,16234.272,WI,lower,vest2020_tiger2022,2020,2022,2.225
85,14719.526,15971.689,WI,lower,vest2020_tiger2022,2020,2022,-4.08
86,13441.079,21369.022,WI,lower,vest2020_tiger2022,2020,2022,-22.775
87,10535.627,21697.764,WI,lower,vest2020_tiger2022,2020,2022,-34.629
88,13956.248,16445.494,WI,lower,vest2020_tiger2022,2020,2022,-8.188
89,11290.33,21443.191,WI,lower,vest2020_tiger2022,2020,2022,-31.017
9,13287.383,5362.393,WI,lower,vest2020_tiger2022,2020,2022,42.494
90,13684.892,9739.466,WI,lower,vest2020_tiger2022,2020,2022,16.843
91,19039.931,11273.132,WI,lower,vest2020_tiger2022,2020,2022,25.622
92,12277.692,18579.027,WI,lower,vest2020_tiger2022,2020,2022,-20.421
93,13940.941,19213.659,WI,lower,vest2020_tiger2022,2020,2022,-15.903
94,17529.384,17595.566,WI,lower,vest2020_tiger2022,2020,2022,-0.188
95,19923.671,10498.908,WI,lower,vest2020_tiger2022,2020,2022,30.98
96,13430.514,17007.374,WI,lower,vest2020_tiger2022,2020,2022,-11.751
97,14497.646,21240.349,WI,lower,vest2020_tiger2022,2020,2022,-18.867
98,14914.232,20061.792,WI,lower,vest2020_tiger2022,2020,2022,-14.717
99,14282.016,27356.103,WI,lower,vest2020_tiger2022,2020,2022,-31.399
1,49772.651,91634.072,AZ,upper,vest2020_tiger2022,2020,2022,-29.604
10,46499.939,70803.466,AZ,upper,vest2020_tiger2022,2020,2022,-20.719
11,58646.206,18260.976,AZ,upper,vest2020_tiger2022,2020,2022,52.512
12,79134.891,54024.157,AZ,upper,vest2020_tiger2022,2020,2022,18.858
13,63477.71,59638.101,AZ,upper,vest2020_tiger2022,2020,2022,3.119
14,54811.884,74626.449,AZ,upper,vest2020_tiger2022,2020,2022,-15.308
15,42499.125,74683.995,AZ,upper,vest2020_tiger2022,2020,2022,-27.465
16,48269.236,52138.249,AZ,upper,vest2020_tiger2022,2020,2022,-3.853
17,70876.788,77361.312,AZ,upper,vest2020_tiger2022,2020,2022,-4.374
18,84032.059,50979.826,AZ,upper,vest2020_tiger2022,2020,2022,24.481
19,41349.586,66499.815,AZ,upper,vest2020_tiger2022,2020,2022,-23.32
2,52542.041,54398.486,AZ,upper,vest2020_tiger2022,2020,2022,-1.736
20,68625.64,22004.787,AZ,upper,vest2020_tiger2022,2020,2022,51.441
21,62383.909,35310.036,AZ,upper,vest2020_tiger2022,2020,2022,27.713
22,51060.977,24447.157,AZ,upper,vest2020_tiger2022,2020,2022,35.246
23,46316.314,35686.585,AZ,upper,vest2020_tiger2022,2020,2022,12.963
24,40474.805,20536.364,AZ,upper,vest2020_tiger2022,2020,2022,32.68
25,39426.368,64919.643,AZ,upper,vest2020_tiger2022,2020,2022,-24.431
26,39032.906,16965.906,AZ,upper,vest2020_tiger2022,2020,2022,39.406
27,52448.517,61833.313,AZ,upper,vest2020_tiger2022,2020,2022,-8.212
28,53965.436,87184.067,AZ,upper,vest2020_tiger2022,2020,2022,-23.534
29,50185.44,65503.847,AZ,upper,vest2020_tiger2022,2020,2022,-13.241
3,62931.888,96607.517,AZ,upper,vest2020_tiger2022,2020,2022,-21.108
30,27826.534,86563.011,AZ,upper,vest2020_tiger2022,2020,2022,-51.348
4,77111.746,75790.69,AZ,upper,vest2020_tiger2022,2020,2022,0.864
5,76074.569,32484.117,AZ,upper,vest2020_tiger2022,2020,2022,40.154
6,73589.909,36809.797,AZ,upper,vest2020_tiger2022,2020,2022,33.315
7,44529.077,75262.505,AZ,upper,vest2020_tiger2022,2020,2022,-25.656
8,66564.836,36687.313,AZ,upper,vest2020_tiger2022,2020,2022,28.936
9,47627.89,41993.313,AZ,upper,vest2020_tiger2022,2020,2022,6.287
1,49772.651,91634.072,AZ,lower,vest2020_tiger2022,2020,2022,-29.604
10,46499.939,70803.466,AZ,lower,vest2020_tiger2022,2020,2022,-20.719
11,58646.206,18260.976,AZ,lower,vest2020_tiger2022,2020,2022,52.512
12,79134.891,54024.157,AZ,lower,vest2020_tiger2022,2020,2022,18.858
13,63477.71,59638.101,AZ,lower,vest2020_tiger2022,2020,2022,3.119
14,54811.884,74626.449,AZ,lower,vest2020_tiger2022,2020,2022,-15.308
15,42499.125,74683.995,AZ,lower,vest2020_tiger2022,2020,2022,-27.465
16,48269.236,52138.249,AZ,lower,vest2020_tiger2022,2020,2022,-3.853
17,70876.788,77361.312,AZ,lower,vest2020_tiger2022,2020,2022,-4.374
18,84032.059,50979.826,AZ,lower,vest2020_tiger2022,2020,2022,24.481
19,41349.586,66499.815,AZ,lower,vest2020_tiger2022,2020,2022,-23.32
2,52542.041,54398.486,AZ,lower,vest2020_tiger2022,2020,2022,-1.736
20,68625.64,22004.787,AZ,lower,vest2020_tiger2022,2020,2022,51.441
21,62383.909,35310.036,AZ,lower,vest2020_tiger2022,2020,2022,27.713
22,51060.977,24447.157,AZ,lower,vest2020_tiger2022,2020,2022,35.246
23,46316.314,35686.585,AZ,lower,vest2020_tiger2022,2020,2022,12.963
24,40474.805,20536.364,AZ,lower,vest2020_tiger2022,2020,2022,32.68
25,39426.368,64919.643,AZ,lower,vest2020_tiger2022,2020,2022,-24.431
26,39032.906,16965.906,AZ,lower,vest2020_tiger2022,2020,2022,39.406
27,52448.517,61833.313,AZ,lower,vest2020_tiger2022,2020,2022,-8.212
28,53965.436,87184.067,AZ,lower,vest2020_tiger2022,2020,2022,-23.534
29,50185.44,65503.847,AZ,lower,vest2020_tiger2022,2020,2022,-13.241
3,62931.888,96607.517,AZ,lower,vest2020_tiger2022,2020,2022,-21.108
30,27826.534,86563.011,AZ,lower,vest2020_tiger2022,2020,2022,-51.348
4,77111.746,75790.69,AZ,lower,vest2020_tiger2022,2020,2022,0.864
5,76074.569,32484.117,AZ,lower,vest2020_tiger2022,2020,2022,40.154
6,73589.909,36809.797,AZ,lower,vest2020_tiger2022,2020,2022,33.315
7,44529.077,75262.505,AZ,lower,vest2020_tiger2022,2020,2022,-25.656
8,66564.836,36687.313,AZ,lower,vest2020_tiger2022,2020,2022,28.936
9,47627.89,41993.313,AZ,lower,vest2020_tiger2022,2020,2022,6.287
1,107808.811,25408.004,PA,upper,vest2020_tiger2022,2020,2022,61.855
10,94945.986,70795.394,PA,upper,vest2020_tiger2022,2020,2022,14.571
11,60481.0,51651.0,PA,upper,vest2020_tiger2022,2020,2022,7.875
12,95861.094,64197.256,PA,upper,vest2020_tiger2022,2020,2022,19.783
13,52934.0,67289.0,PA,upper,vest2020_tiger2022,2020,2022,-11.94
14,65667.998,56593.271,PA,upper,vest2020_tiger2022,2020,2022,7.422
15,75766.0,55939.0,PA,upper,vest2020_tiger2022,2020,2022,15.054
16,72535.002,83561.729,PA,upper,vest2020_tiger2022,2020,2022,-7.064
17,106082.714,42122.688,PA,upper,vest2020_tiger2022,2020,2022,43.156
18,74256.0,63536.0,PA,upper,vest2020_tiger2022,2020,2022,7.78
19,88229.0,57352.0,PA,upper,vest2020_tiger2022,2020,2022,21.209
2,66967.102,22000.388,PA,upper,vest2020_tiger2022,2020,2022,50.543
20,55495.498,89716.976,PA,upper,vest2020_tiger2022,2020,2022,-23.566
21,39257.0,96991.0,PA,upper,vest2020_tiger2022,2020,2022,-42.374
22,66676.378,54619.551,PA,upper,vest2020_tiger2022,2020,2022,9.94
23,38368.123,93779.473,PA,upper,vest2020_tiger2022,2020,2022,-41.931
24,74947.0,74814.0,PA,upper,vest2020_tiger2022,2020,2022,0.089
25,46441.362,83646.164,PA,upper,vest2020_tiger2022,2020,2022,-28.6
26,89321.688,55871.491,PA,upper,vest2020_tiger2022,2020,2022,23.038
27,40655.0,87031.0,PA,upper,vest2020_tiger2022,2020,2022,-36.32
28,49583.945,91093.052,PA,upper,vest2020_tiger2022,2020,2022,-29.507
29,39430.0,83201.0,PA,upper,vest2020_tiger2022,2020,2022,-35.693
3,103005.232,8032.045,PA,upper,vest2020_tiger2022,2020,2022,85.533
30,31022.681,95510.023,PA,upper,vest2020_tiger2022,2020,2022,-50.965
31,55750.942,73443.831,PA,upper,vest2020_tiger2022,2020,2022,-13.695
32,34278.0,97256.0,PA,upper,vest2020_tiger2022,2020,2022,-47.88
33,40676.0,94812.0,PA,upper,vest2020_tiger2022,2020,2022,-39.956
34,54191.113,88170.117,PA,upper,vest2020_tiger2022,2020,2022,-23.868
35,45396.957,88243.813,PA,upper,vest2020_tiger2022,2020,2022,-32.061
36,61135.0,85725.0,PA,upper,vest2020_tiger2022,2020,2022,-16.744
37,73896.194,75864.245,PA,upper,vest2020_tiger2022,2020,2022,-1.314
38,84884.592,69421.045,PA,upper,vest2020_tiger2022,2020,2022,10.021
39,54230.743,97899.344,PA,upper,vest2020_tiger2022,2020,2022,-28.705
4,135776.495,22735.648,PA,upper,vest2020_tiger2022,2020,2022,71.314
40,64974.0,65595.0,PA,upper,vest2020_tiger2022,2020,2022,-0.476
41,39879.257,93320.655,PA,upper,vest2020_tiger2022,2020,2022,-40.121
42,92536.006,45427.731,PA,upper,vest2020_tiger2022,2020,2022,34.145
43,107043.208,29866.98,PA,upper,vest2020_tiger2022,2020,2022,56.37
44,86649.0,67285.0,PA,upper,vest2020_tiger2022,2020,2022,12.579
45,72399.0,62333.0,PA,upper,vest2020_tiger2022,2020,2022,7.471
46,50921.846,87154.673,PA,upper,vest2020_tiger2022,2020,2022,-26.241
47,58651.154,87673.327,PA,upper,vest2020_tiger2022,2020,2022,-19.834
48,45032.0,90897.0,PA,upper,vest2020_tiger2022,2020,2022,-33.742
49,67073.0,63886.0,PA,upper,vest2020_tiger2022,2020,2022,2.434
5,61049.898,53515.612,PA,upper,vest2020_tiger2022,2020,2022,6.576
50,47038.0,88508.0,PA,upper,vest2020_tiger2022,2020,2022,-30.595
6,80892.014,81152.606,PA,upper,vest2020_tiger2022,2020,2022,-0.161
7,118146.177,17356.05,PA,upper,vest2020_tiger2022,2020,2022,74.383
8,106180.48,17585.586,PA,upper,vest2020_tiger2022,2020,2022,71.583
9,86055.305,58562.231,PA,upper,vest2020_tiger2022,2020,2022,19.011
1,16400.0,9200.0,PA,lower,vest2020_tiger2022,2020,2022,28.125
10,25063.037,1528.798,PA,lower,vest2020_tiger2022,2020,2022,88.502
100,6673.0,19862.0,PA,lower,vest2020_tiger2022,2020,2022,-49.704
101,11501.0,17979.0,PA,lower,vest2020_tiger2022,2020,2022,-21.974
102,9697.0,24167.0,PA,lower,vest2020_tiger2022,2020,2022,-42.73
103,20422.442,11750.289,PA,lower,vest2020_tiger2022,2020,2022,26.955
104,17318.368,8646.348,PA,lower,vest2020_tiger2022,2020,2022,33.399
105,21202.992,12271.994,PA,lower,vest2020_tiger2022,2020,2022,26.68
106,17051.262,20223.631,PA,lower,vest2020_tiger2022,2020,2022,-8.511
107,8205.0,22872.0,PA,lower,vest2020_tiger2022,2020,2022,-47.196
108,10666.0,20975.0,PA,lower,vest2020_tiger2022,2020,2022,-32.581
109,10532.0,20098.0,PA,lower,vest2020_tiger2022,2020,2022,-31.231
11,11079.234,24404.923,PA,lower,vest2020_tiger2022,2020,2022,-37.554
110,10147.774,22871.661,PA,lower,vest2020_tiger2022,2020,2022,-38.535
111,10829.987,24707.96,PA,lower,vest2020_tiger2022,2020,2022,-39.051
112,19043.0,16647.0,PA,lower,vest2020_tiger2022,2020,2022,6.713
113,15677.96,11955.911,PA,lower,vest2020_tiger2022,2020,2022,13.469
114,19078.526,15093.696,PA,lower,vest2020_tiger2022,2020,2022,11.661
115,16995.556,12494.482,PA,lower,vest2020_tiger2022,2020,2022,15.263
116,7619.0,13464.0,PA,lower,vest2020_tiger2022,2020,2022,-27.724
117,10255.344,23635.159,PA,lower,vest2020_tiger2022,2020,2022,-39.48
118,17316.807,18310.574,PA,lower,vest2020_tiger2022,2020,2022,-2.789
119,12597.005,16524.01,PA,lower,vest2020_tiger2022,2020,2022,-13.485
12,16023.0,24065.0,PA,lower,vest2020_tiger2022,2020,2022,-20.061
120,15457.772,18259.608,PA,lower,vest2020_tiger2022,2020,2022,-8.31
121,12130.0,10885.0,PA,lower,vest2020_tiger2022,2020,2022,5.41
122,11212.0,21984.0,PA,lower,vest2020_tiger2022,2020,2022,-32.45
123,10893.0,21073.0,PA,lower,vest2020_tiger2022,2020,2022,-31.846
124,10396.0,22725.0,PA,lower,vest2020_tiger2022,2020,2022,-37.224
125,13404.378,23699.027,PA,lower,vest2020_tiger2022,2020,2022,-27.746
126,14770.124,11744.391,PA,lower,vest2020_tiger2022,2020,2022,11.412
127,11873.0,6158.0,PA,lower,vest2020_tiger2022,2020,2022,31.695
128,15376.876,20933.609,PA,lower,vest2020_tiger2022,2020,2022,-15.303
129,16022.0,10981.0,PA,lower,vest2020_tiger2022,2020,2022,18.668
13,16587.0,17380.0,PA,lower,vest2020_tiger2022,2020,2022,-2.335
130,13384.0,22932.0,PA,lower,vest2020_tiger2022,2020,2022,-26.291
131,18050.882,21454.587,PA,lower,vest2020_tiger2022,2020,2022,-8.616
132,19821.307,14528.867,PA,lower,vest2020_tiger2022,2020,2022,15.407
133,18310.8,13921.475,PA,lower,vest2020_tiger2022,2020,2022,13.618
134,15571.657,10079.881,PA,lower,vest2020_tiger2022,2020,2022,21.409
135,20764.257,11271.289,PA,lower,vest2020_tiger2022,2020,2022,29.633
136,16785.865,12559.686,PA,lower,vest2020_tiger2022,2020,2022,14.401
137,19406.185,19199.217,PA,lower,vest2020_tiger2022,2020,2022,0.536
138,15611.957,23202.903,PA,lower,vest2020_tiger2022,2020,2022,-19.557
139,13263.0,23568.0,PA,lower,vest2020_tiger2022,2020,2022,-27.979
14,13777.0,22814.0,PA,lower,vest2020_tiger2022,2020,2022,-24.697
140,18201.783,14738.24,PA,lower,vest2020_tiger2022,2020,2022,10.515
141,17911.717,14217.794,PA,lower,vest2020_tiger2022,2020,2022,11.497
142,20131.433,19348.03,PA,lower,vest2020_tiger2022,2020,2022,1.984
143,20192.719,21398.504,PA,lower,vest2020_tiger2022,2020,2022,-2.899
144,20491.0,19166.0,PA,lower,vest2020_tiger2022,2020,2022,3.341
145,15927.281,20784.496,PA,lower,vest2020_tiger2022,2020,2022,-13.231
146,18902.0,14706.0,PA,lower,vest2020_tiger2022,2020,2022,12.485
147,18263.0,21180.0,PA,lower,vest2020_tiger2022,2020,2022,-7.395
148,32001.911,10193.908,PA,lower,vest2020_tiger2022,2020,2022,51.683
149,26490.09,10792.092,PA,lower,vest2020_tiger2022,2020,2022,42.106
15,12764.342,25153.139,PA,lower,vest2020_tiger2022,2020,2022,-32.673
150,22105.0,15242.0,PA,lower,vest2020_tiger2022,2020,2022,18.376
151,25467.492,15160.269,PA,lower,vest2020_tiger2022,2020,2022,25.37
152,22021.556,14201.855,PA,lower,vest2020_tiger2022,2020,2022,21.587
153,26605.87,12971.904,PA,lower,vest2020_tiger2022,2020,2022,34.449
154,32134.081,7637.973,PA,lower,vest2020_tiger2022,2020,2022,61.591
155,23200.0,15986.0,PA,lower,vest2020_tiger2022,2020,2022,18.41
156,23189.647,14493.796,PA,lower,vest2020_tiger2022,2020,2022,23.076
157,26080.0,15013.0,PA,lower,vest2020_tiger2022,2020,2022,26.932
158,22083.0,14692.0,PA,lower,vest2020_tiger2022,2020,2022,20.098
159,19691.966,8238.179,PA,lower,vest2020_tiger2022,2020,2022,41.009
16,16684.353,17937.184,PA,lower,vest2020_tiger2022,2020,2022,-3.619
160,22408.881,19569.833,PA,lower,vest2020_tiger2022,2020,2022,6.763
161,22357.961,16116.025,PA,lower,vest2020_tiger2022,2020,2022,16.224
162,20568.09,15293.707,PA,lower,vest2020_tiger2022,2020,2022,14.708
163,21825.062,12868.575,PA,lower,vest2020_tiger2022,2020,2022,25.816
164,22585.781,5101.399,PA,lower,vest2020_tiger2022,2020,2022,63.15
165,24751.549,16571.272,PA,lower,vest2020_tiger2022,2020,2022,19.796
166,26480.417,15138.66,PA,lower,vest2020_tiger2022,2020,2022,27.251
167,23666.353,14484.204,PA,lower,vest2020_tiger2022,2020,2022,24.068
168,23083.577,14221.019,PA,lower,vest2020_tiger2022,2020,2022,23.757
169,11511.0,22861.0,PA,lower,vest2020_tiger2022,2020,2022,-33.021
17,8913.0,24016.0,PA,lower,vest2020_tiger2022,2020,2022,-45.865
170,13729.0,16323.0,PA,lower,vest2020_tiger2022,2020,2022,-8.632
171,10141.74,22500.596,PA,lower,vest2020_tiger2022,2020,2022,-37.861
172,15141.749,13135.068,PA,lower,vest2020_tiger2022,2020,2022,7.097
173,13857.949,10952.994,PA,lower,vest2020_tiger2022,2020,2022,11.708
174,14805.302,11749.939,PA,lower,vest2020_tiger2022,2020,2022,11.506
175,29090.0,5376.0,PA,lower,vest2020_tiger2022,2020,2022,68.804
176,14238.395,18251.804,PA,lower,vest2020_tiger2022,2020,2022,-12.353
177,17247.0,9536.0,PA,lower,vest2020_tiger2022,2020,2022,28.791
178,20348.462,24208.829,PA,lower,vest2020_tiger2022,2020,2022,-8.664
179,18211.0,3125.0,PA,lower,vest2020_tiger2022,2020,2022,70.707
18,17188.0,15480.0,PA,lower,vest2020_tiger2022,2020,2022,5.228
180,15064.0,3559.0,PA,lower,vest2020_tiger2022,2020,2022,61.778
181,22671.0,1908.0,PA,lower,vest2020_tiger2022,2020,2022,84.475
182,33841.492,4430.933,PA,lower,vest2020_tiger2022,2020,2022,76.845
183,15129.228,22868.029,PA,lower,vest2020_tiger2022,2020,2022,-20.367
184,20048.502,9527.629,PA,lower,vest2020_tiger2022,2020,2022,35.572
185,21116.186,8839.586,PA,lower,vest2020_tiger2022,2020,2022,40.982
186,30009.095,3112.046,PA,lower,vest2020_tiger2022,2020,2022,81.208
187,17865.0,21062.0,PA,lower,vest2020_tiger2022,2020,2022,-8.213
188,26944.0,1287.0,PA,lower,vest2020_tiger2022,2020,2022,90.882
189,16481.049,12187.714,PA,lower,vest2020_tiger2022,2020,2022,14.976
19,22470.88,4735.081,PA,lower,vest2020_tiger2022,2020,2022,65.191
190,29328.194,1206.054,PA,lower,vest2020_tiger2022,2020,2022,92.1
191,27270.436,1295.137,PA,lower,vest2020_tiger2022,2020,2022,90.932
192,30111.999,1372.0,PA,lower,vest2020_tiger2022,2020,2022,91.284
193,9646.987,22299.076,PA,lower,vest2020_tiger2022,2020,2022,-39.605
194,28101.849,8099.375,PA,lower,vest2020_tiger2022,2020,2022,55.254
195,28815.769,1992.148,PA,lower,vest2020_tiger2022,2020,2022,87.067
196,11639.124,23818.791,PA,lower,vest2020_tiger2022,2020,2022,-34.35
197,20716.0,2731.0,PA,lower,vest2020_tiger2022,2020,2022,76.705
198,28273.0,1383.0,PA,lower,vest2020_tiger2022,2020,2022,90.673
199,13362.641,19171.823,PA,lower,vest2020_tiger2022,2020,2022,-17.855
2,17845.0,14953.0,PA,lower,vest2020_tiger2022,2020,2022,8.818
20,21236.064,15272.323,PA,lower,vest2020_tiger2022,2020,2022,16.335
200,39891.151,1354.625,PA,lower,vest2020_tiger2022,2020,2022,93.431
201,31479.0,1069.0,PA,lower,vest2020_tiger2022,2020,2022,93.431
202,13716.0,5618.0,PA,lower,vest2020_tiger2022,2020,2022,41.885
203,21188.0,4496.0,PA,lower,vest2020_tiger2022,2020,2022,64.99
21,24024.065,14951.319,PA,lower,vest2020_tiger2022,2020,2022,23.278
22,12317.864,6069.065,PA,lower,vest2020_tiger2022,2020,2022,33.985
23,27009.722,5364.313,PA,lower,vest2020_tiger2022,2020,2022,66.86
24,29858.125,3284.767,PA,lower,vest2020_tiger2022,2020,2022,80.178
25,19596.315,16357.986,PA,lower,vest2020_tiger2022,2020,2022,9.007
26,21266.0,16276.0,PA,lower,vest2020_tiger2022,2020,2022,13.292
27,20951.776,13393.403,PA,lower,vest2020_tiger2022,2020,2022,22.007
28,18008.972,21327.815,PA,lower,vest2020_tiger2022,2020,2022,-8.437
29,26374.934,18646.276,PA,lower,vest2020_tiger2022,2020,2022,17.167
3,19734.0,18877.0,PA,lower,vest2020_tiger2022,2020,2022,2.22
30,21307.028,18955.185,PA,lower,vest2020_tiger2022,2020,2022,5.841
31,27944.671,19378.832,PA,lower,vest2020_tiger2022,2020,2022,18.101
32,23726.685,13865.014,PA,lower,vest2020_tiger2022,2020,2022,26.234
33,18643.0,17184.0,PA,lower,vest2020_tiger2022,2020,2022,4.072
34,29702.859,6887.455,PA,lower,vest2020_tiger2022,2020,2022,62.354
35,18592.0,13383.0,PA,lower,vest2020_tiger2022,2020,2022,16.291
36,20529.509,11461.339,PA,lower,vest2020_tiger2022,2020,2022,28.346
37,13471.0,24473.0,PA,lower,vest2020_tiger2022,2020,2022,-28.995
38,18617.0,17270.0,PA,lower,vest2020_tiger2022,2020,2022,3.753
39,16098.766,22961.086,PA,lower,vest2020_tiger2022,2020,2022,-17.569
4,12658.0,20928.0,PA,lower,vest2020_tiger2022,2020,2022,-24.623
40,20013.491,23311.193,PA,lower,vest2020_tiger2022,2020,2022,-7.612
41,16516.497,18137.418,PA,lower,vest2020_tiger2022,2020,2022,-4.677
42,26548.0,14713.0,PA,lower,vest2020_tiger2022,2020,2022,28.683
43,9353.0,19371.0,PA,lower,vest2020_tiger2022,2020,2022,-34.877
44,18157.0,19381.0,PA,lower,vest2020_tiger2022,2020,2022,-3.261
45,19182.0,17227.0,PA,lower,vest2020_tiger2022,2020,2022,5.37
46,16347.421,21499.422,PA,lower,vest2020_tiger2022,2020,2022,-13.613
47,13624.136,20441.43,PA,lower,vest2020_tiger2022,2020,2022,-20.012
48,14224.011,21979.59,PA,lower,vest2020_tiger2022,2020,2022,-21.422
49,16313.503,7732.582,PA,lower,vest2020_tiger2022,2020,2022,35.685
5,12751.0,22053.0,PA,lower,vest2020_tiger2022,2020,2022,-26.727
50,10809.615,21661.385,PA,lower,vest2020_tiger2022,2020,2022,-33.42
51,10850.0,19888.0,PA,lower,vest2020_tiger2022,2020,2022,-29.403
52,9606.0,21355.0,PA,lower,vest2020_tiger2022,2020,2022,-37.948
53,20034.0,14697.0,PA,lower,vest2020_tiger2022,2020,2022,15.367
54,20087.0,7897.0,PA,lower,vest2020_tiger2022,2020,2022,43.561
55,14926.415,23830.038,PA,lower,vest2020_tiger2022,2020,2022,-22.973
56,13681.0,24907.0,PA,lower,vest2020_tiger2022,2020,2022,-29.092
57,14244.0,23243.0,PA,lower,vest2020_tiger2022,2020,2022,-24.006
58,12152.1,23364.511,PA,lower,vest2020_tiger2022,2020,2022,-31.569
59,12068.012,25981.591,PA,lower,vest2020_tiger2022,2020,2022,-36.567
6,10750.0,21498.0,PA,lower,vest2020_tiger2022,2020,2022,-33.329
60,10820.472,24498.955,PA,lower,vest2020_tiger2022,2020,2022,-38.728
61,25709.0,15991.0,PA,lower,vest2020_tiger2022,2020,2022,23.305
62,11041.0,21233.0,PA,lower,vest2020_tiger2022,2020,2022,-31.58
63,7435.001,26540.905,PA,lower,vest2020_tiger2022,2020,2022,-56.234
64,8998.239,22320.781,PA,lower,vest2020_tiger2022,2020,2022,-42.538
65,9203.761,22341.219,PA,lower,vest2020_tiger2022,2020,2022,-41.647
66,6120.0,24816.0,PA,lower,vest2020_tiger2022,2020,2022,-60.434
67,7458.001,23093.002,PA,lower,vest2020_tiger2022,2020,2022,-51.177
68,7558.824,24408.42,PA,lower,vest2020_tiger2022,2020,2022,-52.709
69,7242.0,28104.0,PA,lower,vest2020_tiger2022,2020,2022,-59.022
7,14952.0,19174.0,PA,lower,vest2020_tiger2022,2020,2022,-12.372
70,23640.0,16844.0,PA,lower,vest2020_tiger2022,2020,2022,16.787
71,9485.0,24008.0,PA,lower,vest2020_tiger2022,2020,2022,-43.361
72,11622.0,21239.0,PA,lower,vest2020_tiger2022,2020,2022,-29.266
73,7509.022,23027.577,PA,lower,vest2020_tiger2022,2020,2022,-50.82
74,17700.0,13623.0,PA,lower,vest2020_tiger2022,2020,2022,13.016
75,8717.999,24507.998,PA,lower,vest2020_tiger2022,2020,2022,-47.523
76,9599.116,19745.369,PA,lower,vest2020_tiger2022,2020,2022,-34.576
77,17697.109,12092.171,PA,lower,vest2020_tiger2022,2020,2022,18.815
78,5452.0,29849.0,PA,lower,vest2020_tiger2022,2020,2022,-69.111
79,10022.982,19946.718,PA,lower,vest2020_tiger2022,2020,2022,-33.113
8,11447.548,27844.282,PA,lower,vest2020_tiger2022,2020,2022,-41.731
80,7940.923,26543.476,PA,lower,vest2020_tiger2022,2020,2022,-53.945
81,7831.838,25453.328,PA,lower,vest2020_tiger2022,2020,2022,-52.941
82,15401.271,13452.766,PA,lower,vest2020_tiger2022,2020,2022,6.753
83,10207.0,17888.0,PA,lower,vest2020_tiger2022,2020,2022,-27.339
84,8278.0,28354.001,PA,lower,vest2020_tiger2022,2020,2022,-54.805
85,9527.0,23760.0,PA,lower,vest2020_tiger2022,2020,2022,-42.758
86,7791.0,25520.0,PA,lower,vest2020_tiger2022,2020,2022,-53.223
87,16411.285,21220.505,PA,lower,vest2020_tiger2022,2020,2022,-12.78
88,18121.645,18699.307,PA,lower,vest2020_tiger2022,2020,2022,-1.569
89,11272.0,22290.999,PA,lower,vest2020_tiger2022,2020,2022,-32.831
9,12138.218,20594.795,PA,lower,vest2020_tiger2022,2020,2022,-25.835
90,8436.0,25378.001,PA,lower,vest2020_tiger2022,2020,2022,-50.104
91,12540.0,23205.0,PA,lower,vest2020_tiger2022,2020,2022,-29.836
92,12304.876,25475.209,PA,lower,vest2020_tiger2022,2020,2022,-34.861
93,13412.0,23484.0,PA,lower,vest2020_tiger2022,2020,2022,-27.298
94,11022.864,22375.57,PA,lower,vest2020_tiger2022,2020,2022,-33.992
95,14600.0,8277.0,PA,lower,vest2020_tiger2022,2020,2022,27.639
96,21592.483,13650.935,PA,lower,vest2020_tiger2022,2020,2022,22.533
97,15598.517,22179.065,PA,lower,vest2020_tiger2022,2020,2022,-17.419
98,13686.0,23121.0,PA,lower,vest2020_tiger2022,2020,2022,-25.634
99,9044.0,21922.0,PA,lower,vest2020_tiger2022,2020,2022,-41.588
1,14759.0,15380.0,NH,upper,vest2020_tiger2022,2020,2022,-2.06
10,22079.0,11603.0,NH,upper,vest2020_tiger2022,2020,2022,31.103
11,19496.99,16091.336,NH,upper,vest2020_tiger2022,2020,2022,9.57
12,19549.697,17384.521,NH,upper,vest2020_tiger2022,2020,2022,5.862
13,15684.313,9845.143,NH,upper,vest2020_tiger2022,2020,2022,22.872
14,15989.0,17914.0,NH,upper,vest2020_tiger2022,2020,2022,-5.678
15,21455.0,11550.0,NH,upper,vest2020_tiger2022,2020,2022,30.011
16,15785.2,16804.025,NH,upper,vest2020_tiger2022,2020,2022,-3.126
17,15224.0,18065.0,NH,upper,vest2020_tiger2022,2020,2022,-8.534
18,14244.651,12857.787,NH,upper,vest2020_tiger2022,2020,2022,5.117
19,15276.0,17911.0,NH,upper,vest2020_tiger2022,2020,2022,-7.94
2,16678.923,17565.555,NH,upper,vest2020_tiger2022,2020,2022,-2.589
20,14375.149,9935.188,NH,upper,vest2020_tiger2022,2020,2022,18.264
21,25009.0,10016.0,NH,upper,vest2020_tiger2022,2020,2022,42.807
22,15413.0,20521.0,NH,upper,vest2020_tiger2022,2020,2022,-14.215
23,15748.419,19748.974,NH,upper,vest2020_tiger2022,2020,2022,-11.27
24,23071.194,15434.324,NH,upper,vest2020_tiger2022,2020,2022,19.833
3,18077.0,18380.0,NH,upper,vest2020_tiger2022,2020,2022,-0.831
4,20023.0,12349.0,NH,upper,vest2020_tiger2022,2020,2022,23.706
5,25386.077,10069.445,NH,upper,vest2020_tiger2022,2020,2022,43.2
6,14012.0,16727.0,NH,upper,vest2020_tiger2022,2020,2022,-8.832
7,15353.0,16069.0,NH,upper,vest2020_tiger2022,2020,2022,-2.279
8,14551.0,16843.0,NH,upper,vest2020_tiger2022,2020,2022,-7.301
9,17151.0,16278.0,NH,upper,vest2020_tiger2022,2020,2022,2.612
1,44755.0,72158.0,NC,upper,vest2020_tiger2022,2020,2022,-23.439
10,41256.715,68352.164,NC,upper,vest2020_tiger2022,2020,2022,-24.72
11,54257.003,55119.002,NC,upper,vest2020_tiger2022,2020,2022,-0.788
12,34685.812,53455.039,NC,upper,vest2020_tiger2022,2020,2022,-21.295
13,74164.806,39448.998,NC,upper,vest2020_tiger2022,2020,2022,30.556
14,70887.063,28226.521,NC,upper,vest2020_tiger2022,2020,2022,43.042
15,74694.376,32754.732,NC,upper,vest2020_tiger2022,2020,2022,39.032
16,70486.022,34695.298,NC,upper,vest2020_tiger2022,2020,2022,34.028
17,58827.939,52996.049,NC,upper,vest2020_tiger2022,2020,2022,5.215
18,58748.6,54636.734,NC,upper,vest2020_tiger2022,2020,2022,3.626
19,55933.582,45372.169,NC,upper,vest2020_tiger2022,2020,2022,10.425
2,44386.0,62059.0,NC,upper,vest2020_tiger2022,2020,2022,-16.603
20,85819.431,32066.863,NC,upper,vest2020_tiger2022,2020,2022,45.597
21,49314.416,51423.831,NC,upper,vest2020_tiger2022,2020,2022,-2.094
22,85666.681,21581.75,NC,upper,vest2020_tiger2022,2020,2022,59.754
23,76919.321,40449.251,NC,upper,vest2020_tiger2022,2020,2022,31.073
24,38010.0,44732.0,NC,upper,vest2020_tiger2022,2020,2022,-8.124
25,43543.887,64746.47,NC,upper,vest2020_tiger2022,2020,2022,-19.579
26,51622.831,69695.831,NC,upper,vest2020_tiger2022,2020,2022,-14.897
27,60506.885,44549.834,NC,upper,vest2020_tiger2022,2020,2022,15.189
28,76952.943,24364.09,NC,upper,vest2020_tiger2022,2020,2022,51.905
29,34253.872,74626.567,NC,upper,vest2020_tiger2022,2020,2022,-37.08
3,55997.0,52029.0,NC,upper,vest2020_tiger2022,2020,2022,3.673
30,29352.652,82890.921,NC,upper,vest2020_tiger2022,2020,2022,-47.698
31,47965.522,61014.943,NC,upper,vest2020_tiger2022,2020,2022,-11.974
32,70354.278,44197.882,NC,upper,vest2020_tiger2022,2020,2022,22.834
33,31264.918,74773.275,NC,upper,vest2020_tiger2022,2020,2022,-41.031
34,50867.528,59832.468,NC,upper,vest2020_tiger2022,2020,2022,-8.098
35,45513.896,72903.186,NC,upper,vest2020_tiger2022,2020,2022,-23.13
36,24138.472,86933.246,NC,upper,vest2020_tiger2022,2020,2022,-56.535
37,41980.662,76931.555,NC,upper,vest2020_tiger2022,2020,2022,-29.392
38,81990.98,19036.995,NC,upper,vest2020_tiger2022,2020,2022,62.313
39,75187.003,36171.002,NC,upper,vest2020_tiger2022,2020,2022,35.037
4,48801.0,55164.0,NC,upper,vest2020_tiger2022,2020,2022,-6.12
40,66638.99,27769.997,NC,upper,vest2020_tiger2022,2020,2022,41.171
41,75760.224,34656.55,NC,upper,vest2020_tiger2022,2020,2022,37.226
42,70429.997,51643.999,NC,upper,vest2020_tiger2022,2020,2022,15.389
43,39352.0,66189.999,NC,upper,vest2020_tiger2022,2020,2022,-25.429
44,31835.962,76981.879,NC,upper,vest2020_tiger2022,2020,2022,-41.488
45,32793.956,80319.834,NC,upper,vest2020_tiger2022,2020,2022,-42.016
46,41263.113,68068.191,NC,upper,vest2020_tiger2022,2020,2022,-24.517
47,42979.501,77245.345,NC,upper,vest2020_tiger2022,2020,2022,-28.501
48,40864.0,72612.0,NC,upper,vest2020_tiger2022,2020,2022,-27.978
49,74201.887,42245.81,NC,upper,vest2020_tiger2022,2020,2022,27.442
5,63341.0,48188.0,NC,upper,vest2020_tiger2022,2020,2022,13.587
50,41954.0,76984.0,NC,upper,vest2020_tiger2022,2020,2022,-29.452
6,24266.0,46078.0,NC,upper,vest2020_tiger2022,2020,2022,-31.008
7,60651.078,60401.549,NC,upper,vest2020_tiger2022,2020,2022,0.206
8,48242.922,75611.451,NC,upper,vest2020_tiger2022,2020,2022,-22.097
9,40610.236,64389.608,NC,upper,vest2020_tiger2022,2020,2022,-22.647
1,18519.946,30622.153,NC,lower,vest2020_tiger2022,2020,2022,-24.627
10,17942.646,21510.544,NC,lower,vest2020_tiger2022,2020,2022,-9.043
100,24690.0,7767.0,NC,lower,vest2020_tiger2022,2020,2022,52.14
101,29445.002,9007.001,NC,lower,vest2020_tiger2022,2020,2022,53.152
102,35565.0,8792.0,NC,lower,vest2020_tiger2022,2020,2022,60.358
103,28284.001,23897.001,NC,lower,vest2020_tiger2022,2020,2022,8.407
104,29954.998,20961.999,NC,lower,vest2020_tiger2022,2020,2022,17.662
105,27364.0,19292.0,NC,lower,vest2020_tiger2022,2020,2022,17.301
106,31610.379,12943.53,NC,lower,vest2020_tiger2022,2020,2022,41.897
107,34180.998,6951.0,NC,lower,vest2020_tiger2022,2020,2022,66.201
108,13891.999,28127.998,NC,lower,vest2020_tiger2022,2020,2022,-33.879
109,19001.04,27346.059,NC,lower,vest2020_tiger2022,2020,2022,-18.005
11,28088.92,13228.914,NC,lower,vest2020_tiger2022,2020,2022,35.965
110,13739.961,29855.942,NC,lower,vest2020_tiger2022,2020,2022,-36.967
111,13585.962,32015.879,NC,lower,vest2020_tiger2022,2020,2022,-40.415
112,25792.991,16005.997,NC,lower,vest2020_tiger2022,2020,2022,23.414
113,16891.946,33223.875,NC,lower,vest2020_tiger2022,2020,2022,-32.588
114,36266.799,18670.983,NC,lower,vest2020_tiger2022,2020,2022,32.029
115,28259.001,21969.001,NC,lower,vest2020_tiger2022,2020,2022,12.523
116,31989.201,21772.017,NC,lower,vest2020_tiger2022,2020,2022,19.005
117,22346.053,31414.124,NC,lower,vest2020_tiger2022,2020,2022,-16.868
118,18045.0,30813.0,NC,lower,vest2020_tiger2022,2020,2022,-26.133
119,20815.0,27153.0,NC,lower,vest2020_tiger2022,2020,2022,-13.213
12,19634.0,22744.0,NC,lower,vest2020_tiger2022,2020,2022,-7.339
120,12417.0,35661.0,NC,lower,vest2020_tiger2022,2020,2022,-48.346
13,14976.271,34210.378,NC,lower,vest2020_tiger2022,2020,2022,-39.104
14,8663.0,14797.0,NC,lower,vest2020_tiger2022,2020,2022,-26.147
15,12715.0,22763.0,NC,lower,vest2020_tiger2022,2020,2022,-28.322
16,14611.0,30474.0,NC,lower,vest2020_tiger2022,2020,2022,-35.185
17,21863.0,34687.0,NC,lower,vest2020_tiger2022,2020,2022,-22.677
18,28281.89,22781.799,NC,lower,vest2020_tiger2022,2020,2022,10.771
19,22993.0,36086.0,NC,lower,vest2020_tiger2022,2020,2022,-22.162
2,27903.754,22495.679,NC,lower,vest2020_tiger2022,2020,2022,10.73
20,26310.11,25626.201,NC,lower,vest2020_tiger2022,2020,2022,1.317
21,27283.294,12638.782,NC,lower,vest2020_tiger2022,2020,2022,36.683
22,18292.327,27087.86,NC,lower,vest2020_tiger2022,2020,2022,-19.382
23,27939.0,19555.0,NC,lower,vest2020_tiger2022,2020,2022,17.653
24,21608.0,21249.0,NC,lower,vest2020_tiger2022,2020,2022,0.838
25,25093.0,24159.0,NC,lower,vest2020_tiger2022,2020,2022,1.896
26,20446.042,27593.024,NC,lower,vest2020_tiger2022,2020,2022,-14.877
27,28014.0,17821.0,NC,lower,vest2020_tiger2022,2020,2022,22.238
28,12845.673,26627.14,NC,lower,vest2020_tiger2022,2020,2022,-34.914
29,46647.002,8113.0,NC,lower,vest2020_tiger2022,2020,2022,70.369
3,18264.729,26849.622,NC,lower,vest2020_tiger2022,2020,2022,-19.029
30,41118.931,6323.071,NC,lower,vest2020_tiger2022,2020,2022,73.344
31,37494.067,8715.025,NC,lower,vest2020_tiger2022,2020,2022,62.28
32,23371.449,19116.794,NC,lower,vest2020_tiger2022,2020,2022,10.014
33,29226.866,17341.569,NC,lower,vest2020_tiger2022,2020,2022,25.522
34,33984.488,19107.21,NC,lower,vest2020_tiger2022,2020,2022,28.022
35,26433.854,23898.432,NC,lower,vest2020_tiger2022,2020,2022,5.037
36,29525.996,20827.251,NC,lower,vest2020_tiger2022,2020,2022,17.275
37,24490.008,25941.219,NC,lower,vest2020_tiger2022,2020,2022,-2.878
38,37054.923,6322.574,NC,lower,vest2020_tiger2022,2020,2022,70.849
39,27971.307,17542.981,NC,lower,vest2020_tiger2022,2020,2022,22.912
4,15039.354,22991.456,NC,lower,vest2020_tiger2022,2020,2022,-20.91
40,33411.219,25147.405,NC,lower,vest2020_tiger2022,2020,2022,14.112
41,32746.732,17483.461,NC,lower,vest2020_tiger2022,2020,2022,30.387
42,19748.467,8151.175,NC,lower,vest2020_tiger2022,2020,2022,41.568
43,20325.813,21657.933,NC,lower,vest2020_tiger2022,2020,2022,-3.173
44,23495.718,14441.892,NC,lower,vest2020_tiger2022,2020,2022,23.865
45,20899.0,15781.0,NC,lower,vest2020_tiger2022,2020,2022,13.953
46,14099.158,25900.736,NC,lower,vest2020_tiger2022,2020,2022,-29.504
47,14366.842,18737.264,NC,lower,vest2020_tiger2022,2020,2022,-13.202
48,18990.0,16926.0,NC,lower,vest2020_tiger2022,2020,2022,5.747
49,33700.484,14668.558,NC,lower,vest2020_tiger2022,2020,2022,39.347
5,21012.0,20928.0,NC,lower,vest2020_tiger2022,2020,2022,0.2
50,28792.852,21539.744,NC,lower,vest2020_tiger2022,2020,2022,14.41
51,15116.001,23773.001,NC,lower,vest2020_tiger2022,2020,2022,-22.261
52,18239.939,24767.449,NC,lower,vest2020_tiger2022,2020,2022,-15.178
53,16553.719,31101.787,NC,lower,vest2020_tiger2022,2020,2022,-30.528
54,27826.359,23856.837,NC,lower,vest2020_tiger2022,2020,2022,7.68
55,16226.91,24162.446,NC,lower,vest2020_tiger2022,2020,2022,-19.648
56,39661.468,5725.508,NC,lower,vest2020_tiger2022,2020,2022,74.77
57,30713.386,21452.842,NC,lower,vest2020_tiger2022,2020,2022,17.752
58,30714.053,11752.535,NC,lower,vest2020_tiger2022,2020,2022,44.65
59,25086.127,24566.009,NC,lower,vest2020_tiger2022,2020,2022,1.048
6,13585.001,18288.999,NC,lower,vest2020_tiger2022,2020,2022,-14.758
60,25600.317,15555.471,NC,lower,vest2020_tiger2022,2020,2022,24.407
61,33048.869,7731.99,NC,lower,vest2020_tiger2022,2020,2022,62.08
62,27927.905,26249.907,NC,lower,vest2020_tiger2022,2020,2022,3.097
63,20382.798,19001.413,NC,lower,vest2020_tiger2022,2020,2022,3.507
64,18442.2,27054.586,NC,lower,vest2020_tiger2022,2020,2022,-18.93
65,15992.001,31301.001,NC,lower,vest2020_tiger2022,2020,2022,-32.371
66,29325.713,11962.973,NC,lower,vest2020_tiger2022,2020,2022,42.052
67,12455.081,33865.671,NC,lower,vest2020_tiger2022,2020,2022,-46.222
68,20679.985,29958.522,NC,lower,vest2020_tiger2022,2020,2022,-18.323
69,17607.105,31582.031,NC,lower,vest2020_tiger2022,2020,2022,-28.411
7,19503.556,26822.211,NC,lower,vest2020_tiger2022,2020,2022,-15.798
70,10143.638,33414.145,NC,lower,vest2020_tiger2022,2020,2022,-53.424
71,27835.497,10971.322,NC,lower,vest2020_tiger2022,2020,2022,43.457
72,30346.243,9067.125,NC,lower,vest2020_tiger2022,2020,2022,53.99
73,22823.087,20797.974,NC,lower,vest2020_tiger2022,2020,2022,4.643
74,26059.42,26846.461,NC,lower,vest2020_tiger2022,2020,2022,-1.488
75,19942.126,24696.852,NC,lower,vest2020_tiger2022,2020,2022,-10.652
76,16532.267,26949.584,NC,lower,vest2020_tiger2022,2020,2022,-23.958
77,11973.663,38629.686,NC,lower,vest2020_tiger2022,2020,2022,-52.676
78,12753.044,37321.416,NC,lower,vest2020_tiger2022,2020,2022,-49.064
79,18896.054,30875.847,NC,lower,vest2020_tiger2022,2020,2022,-24.069
8,23928.802,17360.718,NC,lower,vest2020_tiger2022,2020,2022,15.907
80,10751.014,33186.308,NC,lower,vest2020_tiger2022,2020,2022,-51.062
81,11888.036,31475.244,NC,lower,vest2020_tiger2022,2020,2022,-45.17
82,21760.118,24046.386,NC,lower,vest2020_tiger2022,2020,2022,-4.991
83,12667.361,36280.464,NC,lower,vest2020_tiger2022,2020,2022,-48.241
84,14340.023,29168.165,NC,lower,vest2020_tiger2022,2020,2022,-34.081
85,12899.0,36120.0,NC,lower,vest2020_tiger2022,2020,2022,-47.371
86,13118.0,31019.0,NC,lower,vest2020_tiger2022,2020,2022,-40.558
87,11707.192,33597.188,NC,lower,vest2020_tiger2022,2020,2022,-48.318
88,30354.002,11925.001,NC,lower,vest2020_tiger2022,2020,2022,43.589
89,11747.794,35212.107,NC,lower,vest2020_tiger2022,2020,2022,-49.967
9,23323.198,21621.282,NC,lower,vest2020_tiger2022,2020,2022,3.787
90,9773.003,32878.709,NC,lower,vest2020_tiger2022,2020,2022,-54.173
91,14136.515,33631.066,NC,lower,vest2020_tiger2022,2020,2022,-40.811
92,29408.0,12593.0,NC,lower,vest2020_tiger2022,2020,2022,40.035
93,21308.264,28958.991,NC,lower,vest2020_tiger2022,2020,2022,-15.22
94,10602.975,38123.099,NC,lower,vest2020_tiger2022,2020,2022,-56.479
95,17283.846,31313.944,NC,lower,vest2020_tiger2022,2020,2022,-28.87
96,16198.203,27892.885,NC,lower,vest2020_tiger2022,2020,2022,-26.524
97,13274.0,36341.001,NC,lower,vest2020_tiger2022,2020,2022,-46.492
98,25586.618,24313.468,NC,lower,vest2020_tiger2022,2020,2022,2.551
99,25871.003,4762.001,NC,lower,vest2020_tiger2022,2020,2022,68.909
1,37757.734,49202.504,GA,upper,vest2020_tiger2022,2020,2022,-13.161
10,79070.817,20007.481,GA,upper,vest2020_tiger2022,2020,2022,59.613
11,27397.0,50294.001,GA,upper,vest2020_tiger2022,2020,2022,-29.472
12,47115.489,33893.885,GA,upper,vest2020_tiger2022,2020,2022,16.321
13,23543.538,55887.234,GA,upper,vest2020_tiger2022,2020,2022,-40.719
14,58232.969,38635.522,GA,upper,vest2020_tiger2022,2020,2022,20.231
15,45396.497,22510.573,GA,upper,vest2020_tiger2022,2020,2022,33.702
16,36466.37,65233.303,GA,upper,vest2020_tiger2022,2020,2022,-28.286
17,39611.98,59964.539,GA,upper,vest2020_tiger2022,2020,2022,-20.439
18,37215.283,58043.293,GA,upper,vest2020_tiger2022,2020,2022,-21.865
19,18644.302,55377.669,GA,upper,vest2020_tiger2022,2020,2022,-49.625
2,54895.055,20254.676,GA,upper,vest2020_tiger2022,2020,2022,46.095
20,30130.573,57691.983,GA,upper,vest2020_tiger2022,2020,2022,-31.383
21,34441.037,67770.677,GA,upper,vest2020_tiger2022,2020,2022,-32.608
22,56468.619,22815.661,GA,upper,vest2020_tiger2022,2020,2022,42.446
23,36676.359,49535.05,GA,upper,vest2020_tiger2022,2020,2022,-14.915
24,33804.021,69459.298,GA,upper,vest2020_tiger2022,2020,2022,-34.529
25,37367.044,54158.638,GA,upper,vest2020_tiger2022,2020,2022,-18.346
26,49945.835,27684.668,GA,upper,vest2020_tiger2022,2020,2022,28.676
27,29963.069,67418.107,GA,upper,vest2020_tiger2022,2020,2022,-38.462
28,31845.251,65952.678,GA,upper,vest2020_tiger2022,2020,2022,-34.875
29,34252.542,57072.551,GA,upper,vest2020_tiger2022,2020,2022,-24.988
3,30334.774,58044.293,GA,upper,vest2020_tiger2022,2020,2022,-31.353
30,27730.05,60451.738,GA,upper,vest2020_tiger2022,2020,2022,-37.107
31,30612.051,61375.841,GA,upper,vest2020_tiger2022,2020,2022,-33.443
32,42743.439,55660.113,GA,upper,vest2020_tiger2022,2020,2022,-13.126
33,55632.361,22481.09,GA,upper,vest2020_tiger2022,2020,2022,42.44
34,59558.898,12451.501,GA,upper,vest2020_tiger2022,2020,2022,65.417
35,72764.187,16099.594,GA,upper,vest2020_tiger2022,2020,2022,63.766
36,77373.77,8965.171,GA,upper,vest2020_tiger2022,2020,2022,79.233
37,48953.203,60998.199,GA,upper,vest2020_tiger2022,2020,2022,-10.955
38,75512.656,15644.843,GA,upper,vest2020_tiger2022,2020,2022,65.675
39,74550.516,10014.849,GA,upper,vest2020_tiger2022,2020,2022,76.315
4,26955.548,53698.39,GA,upper,vest2020_tiger2022,2020,2022,-33.158
40,53403.873,28887.198,GA,upper,vest2020_tiger2022,2020,2022,29.793
41,68200.491,14383.691,GA,upper,vest2020_tiger2022,2020,2022,65.166
42,87033.804,15543.93,GA,upper,vest2020_tiger2022,2020,2022,69.693
43,65211.349,23531.444,GA,upper,vest2020_tiger2022,2020,2022,46.967
44,73603.585,10970.953,GA,upper,vest2020_tiger2022,2020,2022,74.056
45,36705.139,52133.248,GA,upper,vest2020_tiger2022,2020,2022,-17.366
46,37303.548,54397.953,GA,upper,vest2020_tiger2022,2020,2022,-18.641
47,35690.197,51580.67,GA,upper,vest2020_tiger2022,2020,2022,-18.208
48,46508.966,49691.154,GA,upper,vest2020_tiger2022,2020,2022,-3.308
49,23424.607,61292.476,GA,upper,vest2020_tiger2022,2020,2022,-44.699
5,38463.617,13820.782,GA,upper,vest2020_tiger2022,2020,2022,47.132
50,16545.879,72477.562,GA,upper,vest2020_tiger2022,2020,2022,-62.828
51,17864.988,84148.015,GA,upper,vest2020_tiger2022,2020,2022,-64.975
52,21439.935,60928.105,GA,upper,vest2020_tiger2022,2020,2022,-47.941
53,17599.979,67265.814,GA,upper,vest2020_tiger2022,2020,2022,-58.523
54,16795.789,54738.655,GA,upper,vest2020_tiger2022,2020,2022,-53.041
55,75011.243,19403.186,GA,upper,vest2020_tiger2022,2020,2022,58.898
56,50491.921,64960.669,GA,upper,vest2020_tiger2022,2020,2022,-12.532
6,61396.785,38009.816,GA,upper,vest2020_tiger2022,2020,2022,23.527
7,50023.527,35395.615,GA,upper,vest2020_tiger2022,2020,2022,17.125
8,26111.277,48874.139,GA,upper,vest2020_tiger2022,2020,2022,-30.356
9,52675.042,34598.195,GA,upper,vest2020_tiger2022,2020,2022,20.713
1,5247.745,19823.867,GA,lower,vest2020_tiger2022,2020,2022,-58.138
10,5001.887,22054.277,GA,lower,vest2020_tiger2022,2020,2022,-63.026
100,11420.464,17266.369,GA,lower,vest2020_tiger2022,2020,2022,-20.378
101,15596.034,12075.016,GA,lower,vest2020_tiger2022,2020,2022,12.725
102,16069.415,8265.888,GA,lower,vest2020_tiger2022,2020,2022,32.067
103,12081.657,15947.568,GA,lower,vest2020_tiger2022,2020,2022,-13.792
104,10205.644,18006.36,GA,lower,vest2020_tiger2022,2020,2022,-27.65
105,14823.861,12667.12,GA,lower,vest2020_tiger2022,2020,2022,7.845
106,17979.132,12312.835,GA,lower,vest2020_tiger2022,2020,2022,18.706
107,14865.32,6581.787,GA,lower,vest2020_tiger2022,2020,2022,38.623
108,15527.815,12580.979,GA,lower,vest2020_tiger2022,2020,2022,10.484
109,13028.417,4433.479,GA,lower,vest2020_tiger2022,2020,2022,49.221
11,6188.915,26574.084,GA,lower,vest2020_tiger2022,2020,2022,-62.22
110,19371.666,10844.557,GA,lower,vest2020_tiger2022,2020,2022,28.22
111,10833.254,20390.215,GA,lower,vest2020_tiger2022,2020,2022,-30.608
112,7233.033,22937.313,GA,lower,vest2020_tiger2022,2020,2022,-52.052
113,17670.69,8039.028,GA,lower,vest2020_tiger2022,2020,2022,37.463
114,9857.717,21513.597,GA,lower,vest2020_tiger2022,2020,2022,-37.155
115,18318.3,11718.34,GA,lower,vest2020_tiger2022,2020,2022,21.973
116,19467.643,8325.395,GA,lower,vest2020_tiger2022,2020,2022,40.09
117,16265.944,17152.584,GA,lower,vest2020_tiger2022,2020,2022,-2.653
118,8048.277,21480.386,GA,lower,vest2020_tiger2022,2020,2022,-45.488
119,7123.701,18781.102,GA,lower,vest2020_tiger2022,2020,2022,-45.001
12,5550.893,20178.062,GA,lower,vest2020_tiger2022,2020,2022,-56.851
120,12724.108,15685.068,GA,lower,vest2020_tiger2022,2020,2022,-10.423
121,14302.34,16544.751,GA,lower,vest2020_tiger2022,2020,2022,-7.269
122,15738.371,4242.925,GA,lower,vest2020_tiger2022,2020,2022,57.531
123,9481.034,20197.023,GA,lower,vest2020_tiger2022,2020,2022,-36.107
124,12680.217,19220.151,GA,lower,vest2020_tiger2022,2020,2022,-20.501
125,10810.444,17998.778,GA,lower,vest2020_tiger2022,2020,2022,-24.952
126,16908.717,10382.498,GA,lower,vest2020_tiger2022,2020,2022,23.913
127,12100.048,19950.235,GA,lower,vest2020_tiger2022,2020,2022,-24.493
128,14200.071,14056.832,GA,lower,vest2020_tiger2022,2020,2022,0.507
129,15368.21,6911.725,GA,lower,vest2020_tiger2022,2020,2022,37.956
13,7914.073,14870.64,GA,lower,vest2020_tiger2022,2020,2022,-30.532
130,16585.361,7643.219,GA,lower,vest2020_tiger2022,2020,2022,36.907
131,11149.31,19291.061,GA,lower,vest2020_tiger2022,2020,2022,-26.747
132,16055.852,6809.316,GA,lower,vest2020_tiger2022,2020,2022,40.439
133,11607.847,13834.293,GA,lower,vest2020_tiger2022,2020,2022,-8.751
134,9441.669,16457.488,GA,lower,vest2020_tiger2022,2020,2022,-27.089
135,7755.17,21673.47,GA,lower,vest2020_tiger2022,2020,2022,-47.295
136,10253.849,19065.195,GA,lower,vest2020_tiger2022,2020,2022,-30.053
137,16055.579,10990.572,GA,lower,vest2020_tiger2022,2020,2022,18.727
138,9406.489,21853.778,GA,lower,vest2020_tiger2022,2020,2022,-39.818
139,10651.263,16628.423,GA,lower,vest2020_tiger2022,2020,2022,-21.911
14,5521.639,23408.69,GA,lower,vest2020_tiger2022,2020,2022,-61.828
140,12656.782,4040.102,GA,lower,vest2020_tiger2022,2020,2022,51.607
141,16108.309,6236.119,GA,lower,vest2020_tiger2022,2020,2022,44.182
142,17599.586,8770.299,GA,lower,vest2020_tiger2022,2020,2022,33.482
143,16939.463,6921.724,GA,lower,vest2020_tiger2022,2020,2022,41.983
144,12595.406,19522.451,GA,lower,vest2020_tiger2022,2020,2022,-21.568
145,10558.527,14871.027,GA,lower,vest2020_tiger2022,2020,2022,-16.959
146,10697.626,17003.603,GA,lower,vest2020_tiger2022,2020,2022,-22.764
147,12406.798,13887.947,GA,lower,vest2020_tiger2022,2020,2022,-5.633
148,9626.472,19817.032,GA,lower,vest2020_tiger2022,2020,2022,-34.611
149,8604.936,17093.928,GA,lower,vest2020_tiger2022,2020,2022,-33.033
15,7495.54,18665.673,GA,lower,vest2020_tiger2022,2020,2022,-42.697
150,12390.458,10430.384,GA,lower,vest2020_tiger2022,2020,2022,8.589
151,12446.189,12990.333,GA,lower,vest2020_tiger2022,2020,2022,-2.139
152,8668.801,20017.147,GA,lower,vest2020_tiger2022,2020,2022,-39.561
153,15553.602,7190.224,GA,lower,vest2020_tiger2022,2020,2022,36.772
154,14424.205,12624.926,GA,lower,vest2020_tiger2022,2020,2022,6.652
155,9295.0,17343.0,GA,lower,vest2020_tiger2022,2020,2022,-30.212
156,6539.331,15433.913,GA,lower,vest2020_tiger2022,2020,2022,-40.479
157,5808.017,17322.135,GA,lower,vest2020_tiger2022,2020,2022,-49.78
158,8686.122,16045.477,GA,lower,vest2020_tiger2022,2020,2022,-29.757
159,8433.217,19473.68,GA,lower,vest2020_tiger2022,2020,2022,-39.562
16,5911.895,20515.251,GA,lower,vest2020_tiger2022,2020,2022,-55.259
160,6733.668,14453.308,GA,lower,vest2020_tiger2022,2020,2022,-36.436
161,10552.546,15437.875,GA,lower,vest2020_tiger2022,2020,2022,-18.797
162,15555.653,7520.66,GA,lower,vest2020_tiger2022,2020,2022,34.819
163,18100.174,6726.022,GA,lower,vest2020_tiger2022,2020,2022,45.815
164,10065.329,13648.909,GA,lower,vest2020_tiger2022,2020,2022,-15.112
165,18662.291,5205.163,GA,lower,vest2020_tiger2022,2020,2022,56.383
166,14895.807,26366.253,GA,lower,vest2020_tiger2022,2020,2022,-27.799
167,8438.312,17134.122,GA,lower,vest2020_tiger2022,2020,2022,-34.005
168,12787.823,7743.0,GA,lower,vest2020_tiger2022,2020,2022,24.572
169,6111.64,16225.56,GA,lower,vest2020_tiger2022,2020,2022,-45.278
17,10170.577,18579.01,GA,lower,vest2020_tiger2022,2020,2022,-29.247
170,6624.937,16655.795,GA,lower,vest2020_tiger2022,2020,2022,-43.087
171,9541.181,14568.421,GA,lower,vest2020_tiger2022,2020,2022,-20.852
172,5977.026,15897.11,GA,lower,vest2020_tiger2022,2020,2022,-45.351
173,11126.804,15420.569,GA,lower,vest2020_tiger2022,2020,2022,-16.174
174,5860.47,20655.823,GA,lower,vest2020_tiger2022,2020,2022,-55.797
175,11585.282,19711.786,GA,lower,vest2020_tiger2022,2020,2022,-25.966
176,6376.294,15587.718,GA,lower,vest2020_tiger2022,2020,2022,-41.939
177,9342.482,5295.437,GA,lower,vest2020_tiger2022,2020,2022,27.648
178,4176.024,22194.498,GA,lower,vest2020_tiger2022,2020,2022,-68.328
179,12027.126,16587.965,GA,lower,vest2020_tiger2022,2020,2022,-15.939
18,4549.558,24012.672,GA,lower,vest2020_tiger2022,2020,2022,-68.143
180,8857.582,17018.059,GA,lower,vest2020_tiger2022,2020,2022,-31.537
19,10947.195,18102.473,GA,lower,vest2020_tiger2022,2020,2022,-24.631
2,5325.382,22451.769,GA,lower,vest2020_tiger2022,2020,2022,-61.656
20,10923.926,21749.423,GA,lower,vest2020_tiger2022,2020,2022,-33.132
21,9641.646,25114.436,GA,lower,vest2020_tiger2022,2020,2022,-44.518
22,12509.564,17690.802,GA,lower,vest2020_tiger2022,2020,2022,-17.156
23,7394.727,21456.169,GA,lower,vest2020_tiger2022,2020,2022,-48.738
24,11000.539,18410.926,GA,lower,vest2020_tiger2022,2020,2022,-25.196
25,13495.05,17112.205,GA,lower,vest2020_tiger2022,2020,2022,-11.818
26,9941.911,20577.894,GA,lower,vest2020_tiger2022,2020,2022,-34.849
27,5477.791,23662.551,GA,lower,vest2020_tiger2022,2020,2022,-62.404
28,7348.692,23183.277,GA,lower,vest2020_tiger2022,2020,2022,-51.862
29,7127.871,9299.696,GA,lower,vest2020_tiger2022,2020,2022,-13.221
3,6187.996,21673.993,GA,lower,vest2020_tiger2022,2020,2022,-55.581
30,8717.434,21972.853,GA,lower,vest2020_tiger2022,2020,2022,-43.191
31,6643.74,21221.055,GA,lower,vest2020_tiger2022,2020,2022,-52.314
32,4742.229,22879.532,GA,lower,vest2020_tiger2022,2020,2022,-65.663
33,5537.115,22878.892,GA,lower,vest2020_tiger2022,2020,2022,-61.028
34,15767.717,21285.104,GA,lower,vest2020_tiger2022,2020,2022,-14.891
35,15658.793,11696.926,GA,lower,vest2020_tiger2022,2020,2022,14.483
36,15010.46,22256.437,GA,lower,vest2020_tiger2022,2020,2022,-19.443
37,15580.329,9950.077,GA,lower,vest2020_tiger2022,2020,2022,22.053
38,21031.305,8008.24,GA,lower,vest2020_tiger2022,2020,2022,44.846
39,19305.665,5184.649,GA,lower,vest2020_tiger2022,2020,2022,57.66
4,6377.996,10204.271,GA,lower,vest2020_tiger2022,2020,2022,-23.075
40,22568.878,11180.882,GA,lower,vest2020_tiger2022,2020,2022,33.742
41,15720.756,6377.693,GA,lower,vest2020_tiger2022,2020,2022,42.279
42,18058.033,7126.776,GA,lower,vest2020_tiger2022,2020,2022,43.404
43,14506.849,9670.792,GA,lower,vest2020_tiger2022,2020,2022,20.002
44,14641.749,17202.223,GA,lower,vest2020_tiger2022,2020,2022,-8.041
45,18008.567,19572.445,GA,lower,vest2020_tiger2022,2020,2022,-4.161
46,16256.164,19910.666,GA,lower,vest2020_tiger2022,2020,2022,-10.105
47,13276.133,16702.566,GA,lower,vest2020_tiger2022,2020,2022,-11.43
48,16989.549,15992.543,GA,lower,vest2020_tiger2022,2020,2022,3.023
49,17506.838,18939.294,GA,lower,vest2020_tiger2022,2020,2022,-3.93
5,4580.824,20108.097,GA,lower,vest2020_tiger2022,2020,2022,-62.892
50,17556.143,12011.089,GA,lower,vest2020_tiger2022,2020,2022,18.754
51,18276.414,11779.904,GA,lower,vest2020_tiger2022,2020,2022,21.614
52,18531.103,10601.515,GA,lower,vest2020_tiger2022,2020,2022,27.219
53,18689.563,15487.212,GA,lower,vest2020_tiger2022,2020,2022,9.37
54,18463.749,11779.162,GA,lower,vest2020_tiger2022,2020,2022,22.103
55,23805.807,5382.651,GA,lower,vest2020_tiger2022,2020,2022,63.118
56,19839.112,2276.487,GA,lower,vest2020_tiger2022,2020,2022,79.413
57,27220.607,6408.387,GA,lower,vest2020_tiger2022,2020,2022,61.888
58,24442.646,2088.959,GA,lower,vest2020_tiger2022,2020,2022,84.253
59,23620.039,1683.452,GA,lower,vest2020_tiger2022,2020,2022,86.694
6,3995.074,20267.252,GA,lower,vest2020_tiger2022,2020,2022,-67.068
60,23445.667,5612.368,GA,lower,vest2020_tiger2022,2020,2022,61.371
61,24084.988,4238.278,GA,lower,vest2020_tiger2022,2020,2022,70.072
62,23982.126,1927.615,GA,lower,vest2020_tiger2022,2020,2022,85.121
63,20828.839,2103.159,GA,lower,vest2020_tiger2022,2020,2022,81.657
64,13002.101,17558.214,GA,lower,vest2020_tiger2022,2020,2022,-14.909
65,22910.947,9872.187,GA,lower,vest2020_tiger2022,2020,2022,39.773
66,18775.178,8438.879,GA,lower,vest2020_tiger2022,2020,2022,37.981
67,17992.901,9284.211,GA,lower,vest2020_tiger2022,2020,2022,31.927
68,19238.221,10266.736,GA,lower,vest2020_tiger2022,2020,2022,30.407
69,23907.499,8345.662,GA,lower,vest2020_tiger2022,2020,2022,48.249
7,6006.999,27231.997,GA,lower,vest2020_tiger2022,2020,2022,-63.856
70,10840.335,17278.157,GA,lower,vest2020_tiger2022,2020,2022,-22.895
71,8973.18,18362.147,GA,lower,vest2020_tiger2022,2020,2022,-34.347
72,7392.259,18448.027,GA,lower,vest2020_tiger2022,2020,2022,-42.785
73,11508.88,20652.805,GA,lower,vest2020_tiger2022,2020,2022,-28.431
74,12374.236,19711.11,GA,lower,vest2020_tiger2022,2020,2022,-22.867
75,18618.494,2918.384,GA,lower,vest2020_tiger2022,2020,2022,72.899
76,19210.131,3341.574,GA,lower,vest2020_tiger2022,2020,2022,70.365
77,18527.752,2186.365,GA,lower,vest2020_tiger2022,2020,2022,78.89
78,23862.783,5301.177,GA,lower,vest2020_tiger2022,2020,2022,63.646
79,16314.948,2216.667,GA,lower,vest2020_tiger2022,2020,2022,76.077
8,6409.856,28836.072,GA,lower,vest2020_tiger2022,2020,2022,-63.628
80,16354.11,10190.052,GA,lower,vest2020_tiger2022,2020,2022,23.222
81,20121.131,7997.284,GA,lower,vest2020_tiger2022,2020,2022,43.117
82,25365.555,6138.626,GA,lower,vest2020_tiger2022,2020,2022,61.03
83,15074.137,7767.971,GA,lower,vest2020_tiger2022,2020,2022,31.986
84,31795.617,2298.722,GA,lower,vest2020_tiger2022,2020,2022,86.516
85,20900.308,2284.711,GA,lower,vest2020_tiger2022,2020,2022,80.291
86,22628.862,2591.458,GA,lower,vest2020_tiger2022,2020,2022,79.449
87,22819.857,3083.462,GA,lower,vest2020_tiger2022,2020,2022,76.193
88,22046.445,4881.221,GA,lower,vest2020_tiger2022,2020,2022,63.746
89,30757.109,2713.956,GA,lower,vest2020_tiger2022,2020,2022,83.783
9,5221.226,25418.246,GA,lower,vest2020_tiger2022,2020,2022,-65.918
90,32350.618,2044.418,GA,lower,vest2020_tiger2022,2020,2022,88.112
91,24097.106,6555.251,GA,lower,vest2020_tiger2022,2020,2022,57.228
92,23150.488,7278.217,GA,lower,vest2020_tiger2022,2020,2022,52.162
93,18610.282,6202.914,GA,lower,vest2020_tiger2022,2020,2022,50.003
94,23753.658,5285.379,GA,lower,vest2020_tiger2022,2020,2022,63.598
95,24907.931,6344.51,GA,lower,vest2020_tiger2022,2020,2022,59.398
96,11978.771,5933.039,GA,lower,vest2020_tiger2022,2020,2022,33.753
97,15543.779,8767.896,GA,lower,vest2020_tiger2022,2020,2022,27.871
98,9203.181,3121.574,GA,lower,vest2020_tiger2022,2020,2022,49.345
99,15276.26,13650.04,GA,lower,vest2020_tiger2022,2020,2022,5.622
1,11383.38,12058.936,IA,upper,vest2020_tiger2022,2020,2022,-2.882
10,12459.243,13750.334,IA,upper,vest2020_tiger2022,2020,2022,-4.926
11,15023.366,21793.435,IA,upper,vest2020_tiger2022,2020,2022,-18.389
12,10725.761,24463.559,IA,upper,vest2020_tiger2022,2020,2022,-39.04
13,9651.567,19648.191,IA,upper,vest2020_tiger2022,2020,2022,-34.118
14,18145.845,17439.242,IA,upper,vest2020_tiger2022,2020,2022,1.986
15,16114.705,10088.7,IA,upper,vest2020_tiger2022,2020,2022,22.997
16,22168.298,14890.854,IA,upper,vest2020_tiger2022,2020,2022,19.637
17,17177.077,6660.654,IA,upper,vest2020_tiger2022,2020,2022,44.117
18,25952.723,9392.418,IA,upper,vest2020_tiger2022,2020,2022,46.853
19,11847.62,22539.564,IA,upper,vest2020_tiger2022,2020,2022,-31.093
2,6376.554,27720.978,IA,upper,vest2020_tiger2022,2020,2022,-62.598
20,15826.707,15800.206,IA,upper,vest2020_tiger2022,2020,2022,0.084
21,18364.005,18127.496,IA,upper,vest2020_tiger2022,2020,2022,0.648
22,20185.998,16974.827,IA,upper,vest2020_tiger2022,2020,2022,8.641
23,15606.01,20560.155,IA,upper,vest2020_tiger2022,2020,2022,-13.698
24,14360.604,20603.782,IA,upper,vest2020_tiger2022,2020,2022,-17.856
25,20078.716,9232.025,IA,upper,vest2020_tiger2022,2020,2022,37.006
26,14013.565,17236.238,IA,upper,vest2020_tiger2022,2020,2022,-10.313
27,14289.064,22857.415,IA,upper,vest2020_tiger2022,2020,2022,-23.066
28,11091.645,22656.45,IA,upper,vest2020_tiger2022,2020,2022,-34.268
29,13407.323,22200.861,IA,upper,vest2020_tiger2022,2020,2022,-24.695
3,8996.548,22050.482,IA,upper,vest2020_tiger2022,2020,2022,-42.046
30,14969.679,19532.147,IA,upper,vest2020_tiger2022,2020,2022,-13.224
31,16978.181,10811.595,IA,upper,vest2020_tiger2022,2020,2022,22.19
32,13855.824,21535.177,IA,upper,vest2020_tiger2022,2020,2022,-21.699
33,14178.442,23101.028,IA,upper,vest2020_tiger2022,2020,2022,-23.934
34,12622.788,21368.171,IA,upper,vest2020_tiger2022,2020,2022,-25.729
35,14183.955,18529.371,IA,upper,vest2020_tiger2022,2020,2022,-13.283
36,17546.864,14476.618,IA,upper,vest2020_tiger2022,2020,2022,9.587
37,20076.459,15187.749,IA,upper,vest2020_tiger2022,2020,2022,13.863
38,16076.866,15618.496,IA,upper,vest2020_tiger2022,2020,2022,1.446
39,19433.759,10547.764,IA,upper,vest2020_tiger2022,2020,2022,29.638
4,10405.223,21514.419,IA,upper,vest2020_tiger2022,2020,2022,-34.804
40,20126.64,14582.872,IA,upper,vest2020_tiger2022,2020,2022,15.972
41,15804.448,17165.03,IA,upper,vest2020_tiger2022,2020,2022,-4.127
42,16220.962,21708.421,IA,upper,vest2020_tiger2022,2020,2022,-14.468
43,23673.975,9324.358,IA,upper,vest2020_tiger2022,2020,2022,43.486
44,10858.612,20601.314,IA,upper,vest2020_tiger2022,2020,2022,-30.969
45,26531.48,6337.93,IA,upper,vest2020_tiger2022,2020,2022,61.436
46,17078.731,20241.714,IA,upper,vest2020_tiger2022,2020,2022,-8.475
47,18584.437,19754.287,IA,upper,vest2020_tiger2022,2020,2022,-3.051
48,13088.294,20105.774,IA,upper,vest2020_tiger2022,2020,2022,-21.141
49,16806.449,11593.81,IA,upper,vest2020_tiger2022,2020,2022,18.354
5,11849.599,25008.065,IA,upper,vest2020_tiger2022,2020,2022,-35.701
50,13380.058,16535.44,IA,upper,vest2020_tiger2022,2020,2022,-10.548
6,10007.304,23213.582,IA,upper,vest2020_tiger2022,2020,2022,-39.753
7,10344.915,22318.53,IA,upper,vest2020_tiger2022,2020,2022,-36.658
8,11757.471,25611.146,IA,upper,vest2020_tiger2022,2020,2022,-37.073
9,9373.248,22600.369,IA,upper,vest2020_tiger2022,2020,2022,-41.369
1,5532.971,4680.81,IA,lower,vest2020_tiger2022,2020,2022,8.343
10,6058.344,13216.386,IA,lower,vest2020_tiger2022,2020,2022,-37.137
100,5970.528,8643.009,IA,lower,vest2020_tiger2022,2020,2022,-18.288
11,5528.538,12328.867,IA,lower,vest2020_tiger2022,2020,2022,-38.081
12,4478.766,10884.716,IA,lower,vest2020_tiger2022,2020,2022,-41.696
13,4430.746,13045.161,IA,lower,vest2020_tiger2022,2020,2022,-49.293
14,5914.169,9273.369,IA,lower,vest2020_tiger2022,2020,2022,-22.118
15,6553.721,13119.768,IA,lower,vest2020_tiger2022,2020,2022,-33.375
16,5203.75,12491.377,IA,lower,vest2020_tiger2022,2020,2022,-41.184
17,4326.395,10847.77,IA,lower,vest2020_tiger2022,2020,2022,-42.977
18,5046.853,11752.599,IA,lower,vest2020_tiger2022,2020,2022,-39.916
19,6808.572,7683.668,IA,lower,vest2020_tiger2022,2020,2022,-6.038
2,5850.409,7378.126,IA,lower,vest2020_tiger2022,2020,2022,-11.549
20,5650.671,6066.666,IA,lower,vest2020_tiger2022,2020,2022,-3.55
21,7122.551,10513.455,IA,lower,vest2020_tiger2022,2020,2022,-19.227
22,7900.814,11279.98,IA,lower,vest2020_tiger2022,2020,2022,-17.617
23,6159.324,13208.735,IA,lower,vest2020_tiger2022,2020,2022,-36.397
24,4566.438,11254.824,IA,lower,vest2020_tiger2022,2020,2022,-42.275
25,5363.657,8114.701,IA,lower,vest2020_tiger2022,2020,2022,-20.411
26,4287.91,11533.49,IA,lower,vest2020_tiger2022,2020,2022,-45.796
27,9246.658,8648.943,IA,lower,vest2020_tiger2022,2020,2022,3.34
28,8899.187,8790.299,IA,lower,vest2020_tiger2022,2020,2022,0.616
29,7632.43,4626.901,IA,lower,vest2020_tiger2022,2020,2022,24.516
3,4032.365,13091.262,IA,lower,vest2020_tiger2022,2020,2022,-52.903
30,8482.275,5461.799,IA,lower,vest2020_tiger2022,2020,2022,21.661
31,11189.119,7767.104,IA,lower,vest2020_tiger2022,2020,2022,18.052
32,10979.179,7123.75,IA,lower,vest2020_tiger2022,2020,2022,21.297
33,7946.799,3916.564,IA,lower,vest2020_tiger2022,2020,2022,33.972
34,9230.278,2744.09,IA,lower,vest2020_tiger2022,2020,2022,54.167
35,12469.263,5295.265,IA,lower,vest2020_tiger2022,2020,2022,40.384
36,13483.46,4097.153,IA,lower,vest2020_tiger2022,2020,2022,53.39
37,5252.595,13180.133,IA,lower,vest2020_tiger2022,2020,2022,-43.008
38,6595.025,9359.431,IA,lower,vest2020_tiger2022,2020,2022,-17.327
39,7761.968,7028.065,IA,lower,vest2020_tiger2022,2020,2022,4.962
4,2344.19,14629.716,IA,lower,vest2020_tiger2022,2020,2022,-72.379
40,8064.738,8772.141,IA,lower,vest2020_tiger2022,2020,2022,-4.202
41,9500.967,9376.763,IA,lower,vest2020_tiger2022,2020,2022,0.658
42,8863.038,8750.733,IA,lower,vest2020_tiger2022,2020,2022,0.638
43,9709.632,8826.554,IA,lower,vest2020_tiger2022,2020,2022,4.764
44,10476.366,8148.272,IA,lower,vest2020_tiger2022,2020,2022,12.5
45,7032.142,11117.639,IA,lower,vest2020_tiger2022,2020,2022,-22.51
46,8573.868,9442.516,IA,lower,vest2020_tiger2022,2020,2022,-4.821
47,6300.117,10399.215,IA,lower,vest2020_tiger2022,2020,2022,-24.546
48,8060.487,10204.567,IA,lower,vest2020_tiger2022,2020,2022,-11.739
49,8742.748,3977.225,IA,lower,vest2020_tiger2022,2020,2022,37.465
5,4215.155,13077.481,IA,lower,vest2020_tiger2022,2020,2022,-51.249
50,11335.968,5254.801,IA,lower,vest2020_tiger2022,2020,2022,36.654
51,7455.82,10798.236,IA,lower,vest2020_tiger2022,2020,2022,-18.311
52,6557.746,6438.002,IA,lower,vest2020_tiger2022,2020,2022,0.921
53,7154.116,9481.666,IA,lower,vest2020_tiger2022,2020,2022,-13.991
54,7134.948,13375.749,IA,lower,vest2020_tiger2022,2020,2022,-30.427
55,6195.716,10842.216,IA,lower,vest2020_tiger2022,2020,2022,-27.272
56,4895.928,11814.234,IA,lower,vest2020_tiger2022,2020,2022,-41.402
57,6876.608,10865.947,IA,lower,vest2020_tiger2022,2020,2022,-22.485
58,6530.715,11334.914,IA,lower,vest2020_tiger2022,2020,2022,-26.891
59,8367.01,8298.027,IA,lower,vest2020_tiger2022,2020,2022,0.414
6,4781.393,8973.001,IA,lower,vest2020_tiger2022,2020,2022,-30.475
60,6602.669,11234.121,IA,lower,vest2020_tiger2022,2020,2022,-25.966
61,8562.123,6584.208,IA,lower,vest2020_tiger2022,2020,2022,13.059
62,8416.059,4227.387,IA,lower,vest2020_tiger2022,2020,2022,33.129
63,7797.003,10319.288,IA,lower,vest2020_tiger2022,2020,2022,-13.923
64,6058.821,11215.89,IA,lower,vest2020_tiger2022,2020,2022,-29.853
65,7640.989,11883.905,IA,lower,vest2020_tiger2022,2020,2022,-21.731
66,6537.453,11217.124,IA,lower,vest2020_tiger2022,2020,2022,-26.358
67,5796.344,10519.642,IA,lower,vest2020_tiger2022,2020,2022,-28.949
68,6826.444,10848.529,IA,lower,vest2020_tiger2022,2020,2022,-22.756
69,7663.23,8097.812,IA,lower,vest2020_tiger2022,2020,2022,-2.757
7,4504.277,12660.825,IA,lower,vest2020_tiger2022,2020,2022,-47.518
70,6520.725,10431.56,IA,lower,vest2020_tiger2022,2020,2022,-23.07
71,8921.965,6565.766,IA,lower,vest2020_tiger2022,2020,2022,15.213
72,8624.899,7910.852,IA,lower,vest2020_tiger2022,2020,2022,4.318
73,9843.186,8376.272,IA,lower,vest2020_tiger2022,2020,2022,8.051
74,10233.273,6811.477,IA,lower,vest2020_tiger2022,2020,2022,20.075
75,9942.051,7279.2,IA,lower,vest2020_tiger2022,2020,2022,15.463
76,6134.815,8339.296,IA,lower,vest2020_tiger2022,2020,2022,-15.231
77,8582.429,5784.458,IA,lower,vest2020_tiger2022,2020,2022,19.475
78,10851.329,4763.305,IA,lower,vest2020_tiger2022,2020,2022,38.989
79,10039.016,6406.313,IA,lower,vest2020_tiger2022,2020,2022,22.09
8,5900.946,8853.593,IA,lower,vest2020_tiger2022,2020,2022,-20.012
80,10087.624,8176.559,IA,lower,vest2020_tiger2022,2020,2022,10.463
81,8577.439,7161.082,IA,lower,vest2020_tiger2022,2020,2022,8.999
82,7227.009,10003.948,IA,lower,vest2020_tiger2022,2020,2022,-16.116
83,9182.679,10594.147,IA,lower,vest2020_tiger2022,2020,2022,-7.137
84,7038.283,11114.274,IA,lower,vest2020_tiger2022,2020,2022,-22.454
85,10805.384,5513.307,IA,lower,vest2020_tiger2022,2020,2022,32.43
86,12868.591,3811.051,IA,lower,vest2020_tiger2022,2020,2022,54.303
87,6426.963,8964.396,IA,lower,vest2020_tiger2022,2020,2022,-16.486
88,4431.649,11636.917,IA,lower,vest2020_tiger2022,2020,2022,-44.841
89,12947.077,3050.342,IA,lower,vest2020_tiger2022,2020,2022,61.865
9,5791.255,11791.678,IA,lower,vest2020_tiger2022,2020,2022,-34.126
90,13584.403,3287.587,IA,lower,vest2020_tiger2022,2020,2022,61.029
91,9818.022,11267.468,IA,lower,vest2020_tiger2022,2020,2022,-6.874
92,7260.709,8974.246,IA,lower,vest2020_tiger2022,2020,2022,-10.555
93,9162.846,9790.821,IA,lower,vest2020_tiger2022,2020,2022,-3.313
94,9421.59,9963.466,IA,lower,vest2020_tiger2022,2020,2022,-2.795
95,6238.701,12437.741,IA,lower,vest2020_tiger2022,2020,2022,-33.192
96,6849.592,7668.033,IA,lower,vest2020_tiger2022,2020,2022,-5.638
97,9064.585,5005.805,IA,lower,vest2020_tiger2022,2020,2022,28.846
98,7741.864,6588.005,IA,lower,vest2020_tiger2022,2020,2022,8.052
99,7409.53,7892.431,IA,lower,vest2020_tiger2022,2020,2022,-3.156
1,98796.204,292897.346,TX,upper,vest2020_tiger2022,2020,2022,-49.554
10,155373.744,214955.099,TX,upper,vest2020_tiger2022,2020,2022,-16.089
11,160024.79,228251.386,TX,upper,vest2020_tiger2022,2020,2022,-17.572
12,198944.717,253496.099,TX,upper,vest2020_tiger2022,2020,2022,-12.057
13,226733.398,60286.673,TX,upper,vest2020_tiger2022,2020,2022,57.991
14,345966.611,108938.548,TX,upper,vest2020_tiger2022,2020,2022,52.105
15,230878.239,119725.189,TX,upper,vest2020_tiger2022,2020,2022,31.703
16,187808.437,99499.6,TX,upper,vest2020_tiger2022,2020,2022,30.737
17,156608.267,225347.786,TX,upper,vest2020_tiger2022,2020,2022,-17.997
18,158173.931,234393.492,TX,upper,vest2020_tiger2022,2020,2022,-19.416
19,175543.327,134421.174,TX,upper,vest2020_tiger2022,2020,2022,13.267
2,161334.553,220931.173,TX,upper,vest2020_tiger2022,2020,2022,-15.59
20,144906.305,118947.301,TX,upper,vest2020_tiger2022,2020,2022,9.838
21,174870.145,123166.115,TX,upper,vest2020_tiger2022,2020,2022,17.348
22,147762.748,232460.428,TX,upper,vest2020_tiger2022,2020,2022,-22.276
23,264216.39,72205.504,TX,upper,vest2020_tiger2022,2020,2022,57.074
24,157180.195,234102.869,TX,upper,vest2020_tiger2022,2020,2022,-19.659
25,199670.793,290126.452,TX,upper,vest2020_tiger2022,2020,2022,-18.468
26,212167.249,109049.218,TX,upper,vest2020_tiger2022,2020,2022,32.102
27,136699.673,124344.687,TX,upper,vest2020_tiger2022,2020,2022,4.733
28,90666.359,255230.164,TX,upper,vest2020_tiger2022,2020,2022,-47.576
29,185722.346,94778.962,TX,upper,vest2020_tiger2022,2020,2022,32.422
3,102387.852,286942.538,TX,upper,vest2020_tiger2022,2020,2022,-47.403
30,159865.9,258645.4,TX,upper,vest2020_tiger2022,2020,2022,-23.603
31,62280.84,239264.861,TX,upper,vest2020_tiger2022,2020,2022,-58.692
4,136239.566,260845.355,TX,upper,vest2020_tiger2022,2020,2022,-31.38
5,157096.49,229040.509,TX,upper,vest2020_tiger2022,2020,2022,-18.632
6,145863.394,72164.479,TX,upper,vest2020_tiger2022,2020,2022,33.803
7,168126.882,233830.819,TX,upper,vest2020_tiger2022,2020,2022,-16.346
8,191541.146,245242.321,TX,upper,vest2020_tiger2022,2020,2022,-12.295
9,165823.394,217024.329,TX,upper,vest2020_tiger2022,2020,2022,-13.374
1,20907.71,63259.096,TX,lower,vest2020_tiger2022,2020,2022,-50.318
10,27569.335,56717.689,TX,lower,vest2020_tiger2022,2020,2022,-34.582
100,39989.537,7070.995,TX,lower,vest2020_tiger2022,2020,2022,69.949
101,45662.95,21821.592,TX,lower,vest2020_tiger2022,2020,2022,35.329
102,37435.252,19490.089,TX,lower,vest2020_tiger2022,2020,2022,31.524
103,41314.092,15126.968,TX,lower,vest2020_tiger2022,2020,2022,46.397
104,32724.346,14116.11,TX,lower,vest2020_tiger2022,2020,2022,39.727
105,29266.945,18587.166,TX,lower,vest2020_tiger2022,2020,2022,22.317
106,39192.797,51579.721,TX,lower,vest2020_tiger2022,2020,2022,-13.646
107,29611.429,16424.798,TX,lower,vest2020_tiger2022,2020,2022,28.644
108,54544.185,55405.463,TX,lower,vest2020_tiger2022,2020,2022,-0.783
109,57160.448,14396.008,TX,lower,vest2020_tiger2022,2020,2022,59.763
11,19595.534,60877.989,TX,lower,vest2020_tiger2022,2020,2022,-51.299
110,36837.45,5987.178,TX,lower,vest2020_tiger2022,2020,2022,72.039
111,56596.156,14223.016,TX,lower,vest2020_tiger2022,2020,2022,59.833
112,44980.664,45483.762,TX,lower,vest2020_tiger2022,2020,2022,-0.556
113,39505.588,26374.203,TX,lower,vest2020_tiger2022,2020,2022,19.932
114,53164.342,23605.107,TX,lower,vest2020_tiger2022,2020,2022,38.504
115,45537.406,30906.209,TX,lower,vest2020_tiger2022,2020,2022,19.14
116,46297.992,21004.086,TX,lower,vest2020_tiger2022,2020,2022,37.583
117,40761.7,24264.518,TX,lower,vest2020_tiger2022,2020,2022,25.37
118,36579.77,34602.643,TX,lower,vest2020_tiger2022,2020,2022,2.778
119,42934.582,22892.462,TX,lower,vest2020_tiger2022,2020,2022,30.447
12,23023.691,57207.525,TX,lower,vest2020_tiger2022,2020,2022,-42.607
120,42423.431,19797.828,TX,lower,vest2020_tiger2022,2020,2022,36.363
121,50105.561,52548.802,TX,lower,vest2020_tiger2022,2020,2022,-2.38
122,50049.823,59925.93,TX,lower,vest2020_tiger2022,2020,2022,-8.98
123,49387.371,24513.186,TX,lower,vest2020_tiger2022,2020,2022,33.659
124,39481.605,18441.272,TX,lower,vest2020_tiger2022,2020,2022,36.325
125,50428.995,30626.305,TX,lower,vest2020_tiger2022,2020,2022,24.431
126,35302.958,50015.437,TX,lower,vest2020_tiger2022,2020,2022,-17.244
127,38273.4,53054.02,TX,lower,vest2020_tiger2022,2020,2022,-16.184
128,22012.408,46904.612,TX,lower,vest2020_tiger2022,2020,2022,-36.119
129,38416.991,50707.573,TX,lower,vest2020_tiger2022,2020,2022,-13.79
13,20364.006,52014.618,TX,lower,vest2020_tiger2022,2020,2022,-43.729
130,29751.371,58928.374,TX,lower,vest2020_tiger2022,2020,2022,-32.902
131,42166.885,10341.697,TX,lower,vest2020_tiger2022,2020,2022,60.609
132,35255.214,45783.727,TX,lower,vest2020_tiger2022,2020,2022,-12.992
133,40374.5,42056.639,TX,lower,vest2020_tiger2022,2020,2022,-2.041
134,67025.882,38740.208,TX,lower,vest2020_tiger2022,2020,2022,26.744
135,40617.039,26228.736,TX,lower,vest2020_tiger2022,2020,2022,21.525
136,52372.869,30159.035,TX,lower,vest2020_tiger2022,2020,2022,26.915
137,24925.705,12650.107,TX,lower,vest2020_tiger2022,2020,2022,32.669
138,37446.876,41731.066,TX,lower,vest2020_tiger2022,2020,2022,-5.411
139,49991.413,17059.713,TX,lower,vest2020_tiger2022,2020,2022,49.114
14,30765.394,37904.218,TX,lower,vest2020_tiger2022,2020,2022,-10.396
140,24043.773,10759.431,TX,lower,vest2020_tiger2022,2020,2022,38.17
141,38442.779,8078.38,TX,lower,vest2020_tiger2022,2020,2022,65.27
142,41338.071,13900.643,TX,lower,vest2020_tiger2022,2020,2022,49.671
143,28460.13,15667.754,TX,lower,vest2020_tiger2022,2020,2022,28.989
144,25573.047,19811.661,TX,lower,vest2020_tiger2022,2020,2022,12.695
145,45306.427,18241.083,TX,lower,vest2020_tiger2022,2020,2022,42.591
146,52401.578,12538.406,TX,lower,vest2020_tiger2022,2020,2022,61.385
147,55827.538,15085.945,TX,lower,vest2020_tiger2022,2020,2022,57.453
148,34587.677,24219.678,TX,lower,vest2020_tiger2022,2020,2022,17.63
149,36471.663,22279.953,TX,lower,vest2020_tiger2022,2020,2022,24.155
15,35420.592,59733.882,TX,lower,vest2020_tiger2022,2020,2022,-25.551
150,34145.13,45777.097,TX,lower,vest2020_tiger2022,2020,2022,-14.554
16,18077.049,62411.651,TX,lower,vest2020_tiger2022,2020,2022,-55.082
17,28166.459,49511.282,TX,lower,vest2020_tiger2022,2020,2022,-27.479
18,13302.294,64897.362,TX,lower,vest2020_tiger2022,2020,2022,-65.979
19,34697.202,81172.903,TX,lower,vest2020_tiger2022,2020,2022,-40.11
2,15468.052,64152.298,TX,lower,vest2020_tiger2022,2020,2022,-61.145
20,42305.076,55994.752,TX,lower,vest2020_tiger2022,2020,2022,-13.926
21,18562.909,65070.401,TX,lower,vest2020_tiger2022,2020,2022,-55.609
22,36821.221,24228.982,TX,lower,vest2020_tiger2022,2020,2022,20.626
23,30904.362,48684.604,TX,lower,vest2020_tiger2022,2020,2022,-22.34
24,31933.879,62565.003,TX,lower,vest2020_tiger2022,2020,2022,-32.414
25,28672.938,41150.086,TX,lower,vest2020_tiger2022,2020,2022,-17.87
26,38541.34,47307.693,TX,lower,vest2020_tiger2022,2020,2022,-10.211
27,61792.381,23923.432,TX,lower,vest2020_tiger2022,2020,2022,44.18
28,40165.797,48755.401,TX,lower,vest2020_tiger2022,2020,2022,-9.66
29,33593.234,49300.412,TX,lower,vest2020_tiger2022,2020,2022,-18.949
3,19180.222,63665.607,TX,lower,vest2020_tiger2022,2020,2022,-53.697
30,18849.999,56889.998,TX,lower,vest2020_tiger2022,2020,2022,-50.224
31,25790.0,43120.0,TX,lower,vest2020_tiger2022,2020,2022,-25.149
32,31673.34,47633.256,TX,lower,vest2020_tiger2022,2020,2022,-20.124
33,35514.928,53262.638,TX,lower,vest2020_tiger2022,2020,2022,-19.991
34,32169.514,26229.143,TX,lower,vest2020_tiger2022,2020,2022,10.172
35,23223.514,17049.429,TX,lower,vest2020_tiger2022,2020,2022,15.331
36,27007.837,19405.984,TX,lower,vest2020_tiger2022,2020,2022,16.378
37,27428.218,26191.535,TX,lower,vest2020_tiger2022,2020,2022,2.306
38,29183.0,17359.683,TX,lower,vest2020_tiger2022,2020,2022,25.403
39,27864.108,18680.808,TX,lower,vest2020_tiger2022,2020,2022,19.73
4,22691.353,53036.244,TX,lower,vest2020_tiger2022,2020,2022,-40.071
40,27283.606,17703.698,TX,lower,vest2020_tiger2022,2020,2022,21.295
41,33379.717,25608.862,TX,lower,vest2020_tiger2022,2020,2022,13.173
42,32244.557,20243.403,TX,lower,vest2020_tiger2022,2020,2022,22.865
43,27030.148,43394.601,TX,lower,vest2020_tiger2022,2020,2022,-23.237
44,30752.515,53179.348,TX,lower,vest2020_tiger2022,2020,2022,-26.72
45,49110.095,33256.961,TX,lower,vest2020_tiger2022,2020,2022,19.247
46,64515.674,19917.864,TX,lower,vest2020_tiger2022,2020,2022,52.82
47,68542.756,40650.313,TX,lower,vest2020_tiger2022,2020,2022,25.544
48,80927.433,31326.744,TX,lower,vest2020_tiger2022,2020,2022,44.186
49,89043.057,17447.06,TX,lower,vest2020_tiger2022,2020,2022,67.233
5,15862.941,66125.554,TX,lower,vest2020_tiger2022,2020,2022,-61.304
50,54301.151,16169.615,TX,lower,vest2020_tiger2022,2020,2022,54.11
51,60705.695,11604.222,TX,lower,vest2020_tiger2022,2020,2022,67.904
52,49107.017,53527.681,TX,lower,vest2020_tiger2022,2020,2022,-4.307
53,22852.008,75912.003,TX,lower,vest2020_tiger2022,2020,2022,-53.724
54,26661.159,30968.518,TX,lower,vest2020_tiger2022,2020,2022,-7.474
55,30367.478,36964.001,TX,lower,vest2020_tiger2022,2020,2022,-9.797
56,27564.197,52404.11,TX,lower,vest2020_tiger2022,2020,2022,-31.062
57,36278.233,48764.097,TX,lower,vest2020_tiger2022,2020,2022,-14.682
58,17222.982,58713.044,TX,lower,vest2020_tiger2022,2020,2022,-54.638
59,16821.261,59404.911,TX,lower,vest2020_tiger2022,2020,2022,-55.865
6,25229.997,54162.992,TX,lower,vest2020_tiger2022,2020,2022,-36.443
60,15592.001,75609.004,TX,lower,vest2020_tiger2022,2020,2022,-65.807
61,43254.877,50786.555,TX,lower,vest2020_tiger2022,2020,2022,-8.009
62,18368.202,62657.682,TX,lower,vest2020_tiger2022,2020,2022,-54.661
63,41895.736,46251.592,TX,lower,vest2020_tiger2022,2020,2022,-4.942
64,32428.67,51505.49,TX,lower,vest2020_tiger2022,2020,2022,-22.728
65,43677.163,51071.29,TX,lower,vest2020_tiger2022,2020,2022,-7.804
66,43875.194,51575.512,TX,lower,vest2020_tiger2022,2020,2022,-8.067
67,39897.556,47774.708,TX,lower,vest2020_tiger2022,2020,2022,-8.985
68,12527.346,75746.331,TX,lower,vest2020_tiger2022,2020,2022,-71.617
69,16953.001,54609.005,TX,lower,vest2020_tiger2022,2020,2022,-52.62
7,24043.062,57429.464,TX,lower,vest2020_tiger2022,2020,2022,-40.979
70,45226.115,36083.604,TX,lower,vest2020_tiger2022,2020,2022,11.244
71,17482.999,55349.996,TX,lower,vest2020_tiger2022,2020,2022,-51.992
72,16068.0,53359.0,TX,lower,vest2020_tiger2022,2020,2022,-53.713
73,35125.696,77049.477,TX,lower,vest2020_tiger2022,2020,2022,-37.373
74,31118.912,28418.777,TX,lower,vest2020_tiger2022,2020,2022,4.535
75,33219.56,15967.763,TX,lower,vest2020_tiger2022,2020,2022,35.074
76,47451.317,29820.367,TX,lower,vest2020_tiger2022,2020,2022,22.817
77,43659.697,14182.033,TX,lower,vest2020_tiger2022,2020,2022,50.963
78,46233.499,28417.447,TX,lower,vest2020_tiger2022,2020,2022,23.866
79,45976.681,21396.952,TX,lower,vest2020_tiger2022,2020,2022,36.483
8,16039.767,57510.877,TX,lower,vest2020_tiger2022,2020,2022,-56.384
80,27096.442,29570.595,TX,lower,vest2020_tiger2022,2020,2022,-4.366
81,12493.066,37751.644,TX,lower,vest2020_tiger2022,2020,2022,-50.271
82,13424.931,50431.328,TX,lower,vest2020_tiger2022,2020,2022,-57.953
83,18202.81,60584.215,TX,lower,vest2020_tiger2022,2020,2022,-53.792
84,25604.192,36145.793,TX,lower,vest2020_tiger2022,2020,2022,-17.071
85,28508.011,63245.185,TX,lower,vest2020_tiger2022,2020,2022,-37.859
86,15104.018,61436.628,TX,lower,vest2020_tiger2022,2020,2022,-60.533
87,12932.88,44387.704,TX,lower,vest2020_tiger2022,2020,2022,-54.875
88,10105.944,52472.558,TX,lower,vest2020_tiger2022,2020,2022,-67.702
89,39555.159,49482.422,TX,lower,vest2020_tiger2022,2020,2022,-11.15
9,20550.539,67490.075,TX,lower,vest2020_tiger2022,2020,2022,-53.316
90,36024.01,15295.467,TX,lower,vest2020_tiger2022,2020,2022,40.391
91,29777.276,44986.495,TX,lower,vest2020_tiger2022,2020,2022,-20.343
92,34218.223,20811.912,TX,lower,vest2020_tiger2022,2020,2022,24.362
93,34222.022,45828.294,TX,lower,vest2020_tiger2022,2020,2022,-14.499
94,38139.401,45983.313,TX,lower,vest2020_tiger2022,2020,2022,-9.324
95,45424.552,14030.166,TX,lower,vest2020_tiger2022,2020,2022,52.804
96,39480.821,48061.026,TX,lower,vest2020_tiger2022,2020,2022,-9.801
97,38224.506,46531.94,TX,lower,vest2020_tiger2022,2020,2022,-9.802
98,39293.415,62706.723,TX,lower,vest2020_tiger2022,2020,2022,-22.954
99,31240.717,43997.869,TX,lower,vest2020_tiger2022,2020,2022,-16.956
10,8966.0,3764.0,NH,upper,m2022_labels_vest2020_towns,2020,2022,40.864
12,9762.0,7108.0,NH,upper,m2022_labels_vest2020_towns,2020,2022,15.732
13,17008.0,10698.0,NH,upper,m2022_labels_vest2020_towns,2020,2022,22.775
15,15511.0,7983.0,NH,upper,m2022_labels_vest2020_towns,2020,2022,32.042
16,3352.0,2165.0,NH,upper,m2022_labels_vest2020_towns,2020,2022,21.515
18,11701.0,10020.0,NH,upper,m2022_labels_vest2020_towns,2020,2022,7.739
2,4141.0,4642.0,NH,upper,m2022_labels_vest2020_towns,2020,2022,-5.704
20,14411.0,9942.0,NH,upper,m2022_labels_vest2020_towns,2020,2022,18.351
21,10663.0,3836.0,NH,upper,m2022_labels_vest2020_towns,2020,2022,47.086
4,15930.0,8881.0,NH,upper,m2022_labels_vest2020_towns,2020,2022,28.411
5,5895.0,1954.0,NH,upper,m2022_labels_vest2020_towns,2020,2022,50.21
6,8132.0,8367.0,NH,upper,m2022_labels_vest2020_towns,2020,2022,-1.424
7,1804.0,2281.0,NH,upper,m2022_labels_vest2020_towns,2020,2022,-11.677
8,2895.0,2788.0,NH,upper,m2022_labels_vest2020_towns,2020,2022,1.883
Belknap 5,3556.0,3977.0,NH,lower,m2022_labels_vest2020_towns,2020,2022,-5.589
Belknap 6,585.0,665.0,NH,lower,m2022_labels_vest2020_towns,2020,2022,-6.4
Cheshire 1,1301.0,443.0,NH,lower,m2022_labels_vest2020_towns,2020,2022,49.197
Cheshire 15,7117.0,3052.0,NH,lower,m2022_labels_vest2020_towns,2020,2022,39.974
Cheshire 16,1849.0,712.0,NH,lower,m2022_labels_vest2020_towns,2020,2022,44.397
Cheshire 2,1695.0,800.0,NH,lower,m2022_labels_vest2020_towns,2020,2022,35.872
Cheshire 3,2200.0,889.0,NH,lower,m2022_labels_vest2020_towns,2020,2022,42.441
Cheshire 4,1921.0,920.0,NH,lower,m2022_labels_vest2020_towns,2020,2022,35.234
Cheshire 7,1849.0,712.0,NH,lower,m2022_labels_vest2020_towns,2020,2022,44.397
Grafton 13,2020.0,635.0,NH,lower,m2022_labels_vest2020_towns,2020,2022,52.166
Grafton 14,1822.0,606.0,NH,lower,m2022_labels_vest2020_towns,2020,2022,50.082
Grafton 15,2053.0,713.0,NH,lower,m2022_labels_vest2020_towns,2020,2022,48.445
Grafton 17,5895.0,1954.0,NH,lower,m2022_labels_vest2020_towns,2020,2022,50.21
Hillsborough 10,3362.0,2250.0,NH,lower,m2022_labels_vest2020_towns,2020,2022,19.815
Hillsborough 11,3474.0,1965.0,NH,lower,m2022_labels_vest2020_towns,2020,2022,27.744
Hillsborough 15,2672.0,2652.0,NH,lower,m2022_labels_vest2020_towns,2020,2022,0.376
Hillsborough 16,2761.0,2574.0,NH,lower,m2022_labels_vest2020_towns,2020,2022,3.505
Hillsborough 17,2997.0,2021.0,NH,lower,m2022_labels_vest2020_towns,2020,2022,19.45
Hillsborough 18,2707.0,2020.0,NH,lower,m2022_labels_vest2020_towns,2020,2022,14.534
Hillsborough 19,2294.0,1855.0,NH,lower,m2022_labels_vest2020_towns,2020,2022,10.581
Hillsborough 20,2430.0,1995.0,NH,lower,m2022_labels_vest2020_towns,2020,2022,9.831
Hillsborough 21,3352.0,2165.0,NH,lower,m2022_labels_vest2020_towns,2020,2022,21.515
Hillsborough 22,2107.0,1439.0,NH,lower,m2022_labels_vest2020_towns,2020,2022,18.838
Hillsborough 23,2228.0,1174.0,NH,lower,m2022_labels_vest2020_towns,2020,2022,30.982
Hillsborough 24,2078.0,1433.0,NH,lower,m2022_labels_vest2020_towns,2020,2022,18.371
Hillsborough 25,1670.0,1121.0,NH,lower,m2022_labels_vest2020_towns,2020,2022,19.67
Hillsborough 26,2168.0,1678.0,NH,lower,m2022_labels_vest2020_towns,2020,2022,12.741
Hillsborough 3,2132.0,1180.0,NH,lower,m2022_labels_vest2020_towns,2020,2022,28.744
Hillsborough 39,7863.0,7221.0,NH,lower,m2022_labels_vest2020_towns,2020,2022,4.256
Hillsborough 4,2985.0,2004.0,NH,lower,m2022_labels_vest2020_towns,2020,2022,19.663
Hillsborough 40,12688.0,8653.0,NH,lower,m2022_labels_vest2020_towns,2020,2022,18.907
Hillsborough 41,8913.0,6253.0,NH,lower,m2022_labels_vest2020_towns,2020,2022,17.539
Hillsborough 5,3426.0,2450.0,NH,lower,m2022_labels_vest2020_towns,2020,2022,16.61
Hillsborough 6,2994.0,1925.0,NH,lower,m2022_labels_vest2020_towns,2020,2022,21.732
Hillsborough 7,2493.0,1727.0,NH,lower,m2022_labels_vest2020_towns,2020,2022,18.152
Hillsborough 8,2553.0,1651.0,NH,lower,m2022_labels_vest2020_towns,2020,2022,21.456
Hillsborough 9,3351.0,2654.0,NH,lower,m2022_labels_vest2020_towns,2020,2022,11.607
Merrimack 15,1545.0,979.0,NH,lower,m2022_labels_vest2020_towns,2020,2022,22.425
Merrimack 16,1368.0,923.0,NH,lower,m2022_labels_vest2020_towns,2020,2022,19.424
Merrimack 17,1142.0,580.0,NH,lower,m2022_labels_vest2020_towns,2020,2022,32.636
Merrimack 18,1504.0,589.0,NH,lower,m2022_labels_vest2020_towns,2020,2022,43.717
Merrimack 19,1981.0,650.0,NH,lower,m2022_labels_vest2020_towns,2020,2022,50.589
Merrimack 20,1407.0,740.0,NH,lower,m2022_labels_vest2020_towns,2020,2022,31.067
Merrimack 21,1904.0,822.0,NH,lower,m2022_labels_vest2020_towns,2020,2022,39.692
Merrimack 22,1415.0,905.0,NH,lower,m2022_labels_vest2020_towns,2020,2022,21.983
Merrimack 23,1285.0,648.0,NH,lower,m2022_labels_vest2020_towns,2020,2022,32.954
Merrimack 24,1960.0,1147.0,NH,lower,m2022_labels_vest2020_towns,2020,2022,26.167
Merrimack 25,1804.0,2281.0,NH,lower,m2022_labels_vest2020_towns,2020,2022,-11.677
Merrimack 28,4055.0,2482.0,NH,lower,m2022_labels_vest2020_towns,2020,2022,24.063
Merrimack 29,4749.0,2384.0,NH,lower,m2022_labels_vest2020_towns,2020,2022,33.156
Merrimack 3,1804.0,2281.0,NH,lower,m2022_labels_vest2020_towns,2020,2022,-11.677
Merrimack 30,6707.0,3117.0,NH,lower,m2022_labels_vest2020_towns,2020,2022,36.543
Rockingham 21,2124.0,823.0,NH,lower,m2022_labels_vest2020_towns,2020,2022,44.147
Rockingham 22,2207.0,623.0,NH,lower,m2022_labels_vest2020_towns,2020,2022,55.972
Rockingham 26,1906.0,830.0,NH,lower,m2022_labels_vest2020_towns,2020,2022,39.327
Rockingham 27,1781.0,861.0,NH,lower,m2022_labels_vest2020_towns,2020,2022,34.822
Rockingham 28,2645.0,699.0,NH,lower,m2022_labels_vest2020_towns,2020,2022,58.194
Rockingham 37,4331.0,1446.0,NH,lower,m2022_labels_vest2020_towns,2020,2022,49.939
Rockingham 39,6332.0,2390.0,NH,lower,m2022_labels_vest2020_towns,2020,2022,45.196
Strafford 11,2167.0,1202.0,NH,lower,m2022_labels_vest2020_towns,2020,2022,28.644
Strafford 12,3422.0,2550.0,NH,lower,m2022_labels_vest2020_towns,2020,2022,14.601
Strafford 13,1579.0,995.0,NH,lower,m2022_labels_vest2020_towns,2020,2022,22.688
Strafford 14,2328.0,794.0,NH,lower,m2022_labels_vest2020_towns,2020,2022,49.135
Strafford 15,4757.0,2305.0,NH,lower,m2022_labels_vest2020_towns,2020,2022,34.721
Strafford 17,1677.0,1035.0,NH,lower,m2022_labels_vest2020_towns,2020,2022,23.673
Strafford 19,6814.0,6869.0,NH,lower,m2022_labels_vest2020_towns,2020,2022,-0.402
Strafford 2,1318.0,1498.0,NH,lower,m2022_labels_vest2020_towns,2020,2022,-6.392
Strafford 20,2167.0,1202.0,NH,lower,m2022_labels_vest2020_towns,2020,2022,28.644
Strafford 21,10341.0,5129.0,NH,lower,m2022_labels_vest2020_towns,2020,2022,33.691
Strafford 5,1420.0,1470.0,NH,lower,m2022_labels_vest2020_towns,2020,2022,-1.73
Strafford 6,1389.0,1490.0,NH,lower,m2022_labels_vest2020_towns,2020,2022,-3.508
Strafford 7,1420.0,1549.0,NH,lower,m2022_labels_vest2020_towns,2020,2022,-4.345
Strafford 8,1374.0,1251.0,NH,lower,m2022_labels_vest2020_towns,2020,2022,4.686
Strafford 9,1211.0,1109.0,NH,lower,m2022_labels_vest2020_towns,2020,2022,4.397
Sullivan 6,2895.0,2788.0,NH,lower,m2022_labels_vest2020_towns,2020,2022,1.883
Sullivan 8,2895.0,2788.0,NH,lower,m2022_labels_vest2020_towns,2020,2022,1.883
