year,d,dem_seats
1990,-25.0,178
1990,-24.9,178
1990,-24.8,178
1990,-24.7,178
1990,-24.6,178
1990,-24.5,178
1990,-24.4,178
1990,-24.3,178
1990,-24.2,179
1990,-24.1,180
1990,-24.0,180
1990,-23.9,181
1990,-23.8,182
1990,-23.7,183
1990,-23.6,184
1990,-23.5,184
1990,-23.4,185
1990,-23.3,185
1990,-23.2,185
1990,-23.1,186
1990,-23.0,187
1990,-22.9,188
1990,-22.8,188
1990,-22.7,189
1990,-22.6,190
1990,-22.5,191
1990,-22.4,192
1990,-22.3,192
1990,-22.2,194
1990,-22.1,194
1990,-22.0,195
1990,-21.9,196
1990,-21.8,196
1990,-21.7,197
1990,-21.6,197
1990,-21.5,198
1990,-21.4,199
1990,-21.3,201
1990,-21.2,202
1990,-21.1,203
1990,-21.0,205
1990,-20.9,205
1990,-20.8,206
1990,-20.7,206
1990,-20.6,206
1990,-20.5,206
1990,-20.4,206
1990,-20.3,207
1990,-20.2,208
1990,-20.1,208
1990,-20.0,209
1990,-19.9,209
1990,-19.8,209
1990,-19.7,209
1990,-19.6,209
1990,-19.5,209
1990,-19.4,210
1990,-19.3,210
1990,-19.2,210
1990,-19.1,211
1990,-19.0,211
1990,-18.9,211
1990,-18.8,211
1990,-18.7,212
1990,-18.6,212
1990,-18.5,213
1990,-18.4,215
1990,-18.3,215
1990,-18.2,217
1990,-18.1,217
1990,-18.0,218
1990,-17.9,218
1990,-17.8,218
1990,-17.7,219
1990,-17.6,219
1990,-17.5,219
1990,-17.4,219
1990,-17.3,219
1990,-17.2,219
1990,-17.1,219
1990,-17.0,219
1990,-16.9,219
1990,-16.8,220
1990,-16.7,220
1990,-16.6,220
1990,-16.5,221
1990,-16.4,221
1990,-16.3,222
1990,-16.2,222
1990,-16.1,225
1990,-16.0,225
1990,-15.9,225
1990,-15.8,225
1990,-15.7,226
1990,-15.6,226
1990,-15.5,226
1990,-15.4,227
1990,-15.3,227
1990,-15.2,227
1990,-15.1,227
1990,-15.0,228
1990,-14.9,228
1990,-14.8,229
1990,-14.7,229
1990,-14.6,229
1990,-14.5,229
1990,-14.4,229
1990,-14.3,229
1990,-14.2,229
1990,-14.1,229
1990,-14.0,230
1990,-13.9,230
1990,-13.8,231
1990,-13.7,231
1990,-13.6,231
1990,-13.5,232
1990,-13.4,232
1990,-13.3,232
1990,-13.2,233
1990,-13.1,233
1990,-13.0,233
1990,-12.9,234
1990,-12.8,234
1990,-12.7,234
1990,-12.6,234
1990,-12.5,234
1990,-12.4,234
1990,-12.3,234
1990,-12.2,234
1990,-12.1,234
1990,-12.0,234
1990,-11.9,234
1990,-11.8,235
1990,-11.7,235
1990,-11.6,237
1990,-11.5,237
1990,-11.4,237
1990,-11.3,237
1990,-11.2,237
1990,-11.1,238
1990,-11.0,238
1990,-10.9,239
1990,-10.8,239
1990,-10.7,239
1990,-10.6,239
1990,-10.5,240
1990,-10.4,240
1990,-10.3,240
1990,-10.2,240
1990,-10.1,242
1990,-10.0,242
1990,-9.9,243
1990,-9.8,243
1990,-9.7,243
1990,-9.6,243
1990,-9.5,243
1990,-9.4,244
1990,-9.3,244
1990,-9.2,244
1990,-9.1,246
1990,-9.0,247
1990,-8.9,247
1990,-8.8,247
1990,-8.7,247
1990,-8.6,248
1990,-8.5,248
1990,-8.4,249
1990,-8.3,249
1990,-8.2,249
1990,-8.1,249
1990,-8.0,249
1990,-7.9,249
1990,-7.8,249
1990,-7.7,249
1990,-7.6,249
1990,-7.5,250
1990,-7.4,250
1990,-7.3,251
1990,-7.2,251
1990,-7.1,252
1990,-7.0,252
1990,-6.9,253
1990,-6.8,254
1990,-6.7,254
1990,-6.6,254
1990,-6.5,254
1990,-6.4,254
1990,-6.3,254
1990,-6.2,255
1990,-6.1,255
1990,-6.0,256
1990,-5.9,256
1990,-5.8,256
1990,-5.7,256
1990,-5.6,256
1990,-5.5,256
1990,-5.4,257
1990,-5.3,258
1990,-5.2,258
1990,-5.1,258
1990,-5.0,258
1990,-4.9,258
1990,-4.8,259
1990,-4.7,259
1990,-4.6,259
1990,-4.5,260
1990,-4.4,261
1990,-4.3,262
1990,-4.2,263
1990,-4.1,263
1990,-4.0,263
1990,-3.9,264
1990,-3.8,265
1990,-3.7,265
1990,-3.6,265
1990,-3.5,265
1990,-3.4,265
1990,-3.3,265
1990,-3.2,265
1990,-3.1,265
1990,-3.0,265
1990,-2.9,265
1990,-2.8,265
1990,-2.7,266
1990,-2.6,266
1990,-2.5,266
1990,-2.4,266
1990,-2.3,266
1990,-2.2,266
1990,-2.1,267
1990,-2.0,267
1990,-1.9,267
1990,-1.8,267
1990,-1.7,268
1990,-1.6,269
1990,-1.5,269
1990,-1.4,269
1990,-1.3,269
1990,-1.2,269
1990,-1.1,269
1990,-1.0,269
1990,-0.9,269
1990,-0.8,269
1990,-0.7,269
1990,-0.6,269
1990,-0.5,269
1990,-0.4,269
1990,-0.3,269
1990,-0.2,269
1990,-0.1,269
1990,0.0,270
1990,0.1,270
1990,0.2,270
1990,0.3,270
1990,0.4,270
1990,0.5,270
1990,0.6,270
1990,0.7,271
1990,0.8,271
1990,0.9,271
1990,1.0,271
1990,1.1,272
1990,1.2,272
1990,1.3,272
1990,1.4,273
1990,1.5,273
1990,1.6,273
1990,1.7,275
1990,1.8,275
1990,1.9,275
1990,2.0,276
1990,2.1,277
1990,2.2,277
1990,2.3,278
1990,2.4,278
1990,2.5,278
1990,2.6,279
1990,2.7,279
1990,2.8,279
1990,2.9,280
1990,3.0,280
1990,3.1,281
1990,3.2,281
1990,3.3,281
1990,3.4,281
1990,3.5,281
1990,3.6,281
1990,3.7,281
1990,3.8,281
1990,3.9,283
1990,4.0,283
1990,4.1,284
1990,4.2,284
1990,4.3,285
1990,4.4,285
1990,4.5,285
1990,4.6,286
1990,4.7,286
1990,4.8,286
1990,4.9,286
1990,5.0,286
1990,5.1,286
1990,5.2,286
1990,5.3,287
1990,5.4,287
1990,5.5,287
1990,5.6,287
1990,5.7,287
1990,5.8,287
1990,5.9,287
1990,6.0,287
1990,6.1,288
1990,6.2,288
1990,6.3,288
1990,6.4,288
1990,6.5,289
1990,6.6,289
1990,6.7,289
1990,6.8,289
1990,6.9,289
1990,7.0,289
1990,7.1,290
1990,7.2,290
1990,7.3,290
1990,7.4,290
1990,7.5,290
1990,7.6,290
1990,7.7,290
1990,7.8,290
1990,7.9,290
1990,8.0,290
1990,8.1,290
1990,8.2,291
1990,8.3,291
1990,8.4,291
1990,8.5,291
1990,8.6,291
1990,8.7,291
1990,8.8,292
1990,8.9,292
1990,9.0,292
1990,9.1,292
1990,9.2,292
1990,9.3,292
1990,9.4,292
1990,9.5,292
1990,9.6,293
1990,9.7,293
1990,9.8,293
1990,9.9,293
1990,10.0,293
1990,10.1,293
1990,10.2,294
1990,10.3,295
1990,10.4,296
1990,10.5,297
1990,10.6,297
1990,10.7,297
1990,10.8,297
1990,10.9,297
1990,11.0,297
1990,11.1,297
1990,11.2,297
1990,11.3,297
1990,11.4,297
1990,11.5,297
1990,11.6,297
1990,11.7,297
1990,11.8,297
1990,11.9,298
1990,12.0,299
1990,12.1,299
1990,12.2,299
1990,12.3,299
1990,12.4,299
1990,12.5,300
1990,12.6,300
1990,12.7,300
1990,12.8,300
1990,12.9,300
1990,13.0,300
1990,13.1,300
1990,13.2,302
1990,13.3,302
1990,13.4,302
1990,13.5,302
1990,13.6,302
1990,13.7,303
1990,13.8,303
1990,13.9,303
1990,14.0,303
1990,14.1,303
1990,14.2,303
1990,14.3,303
1990,14.4,304
1990,14.5,304
1990,14.6,305
1990,14.7,305
1990,14.8,305
1990,14.9,305
1990,15.0,305
1990,15.1,305
1990,15.2,306
1990,15.3,306
1990,15.4,306
1990,15.5,306
1990,15.6,307
1990,15.7,307
1990,15.8,307
1990,15.9,307
1990,16.0,307
1990,16.1,307
1990,16.2,308
1990,16.3,309
1990,16.4,310
1990,16.5,310
1990,16.6,310
1990,16.7,310
1990,16.8,310
1990,16.9,310
1990,17.0,310
1990,17.1,310
1990,17.2,310
1990,17.3,310
1990,17.4,310
1990,17.5,310
1990,17.6,310
1990,17.7,310
1990,17.8,310
1990,17.9,311
1990,18.0,311
1990,18.1,311
1990,18.2,311
1990,18.3,311
1990,18.4,312
1990,18.5,313
1990,18.6,314
1990,18.7,314
1990,18.8,315
1990,18.9,315
1990,19.0,315
1990,19.1,315
1990,19.2,316
1990,19.3,316
1990,19.4,316
1990,19.5,317
1990,19.6,317
1990,19.7,317
1990,19.8,318
1990,19.9,318
1990,20.0,318
1990,20.1,318
1990,20.2,319
1990,20.3,319
1990,20.4,319
1990,20.5,319
1990,20.6,319
1990,20.7,320
1990,20.8,321
1990,20.9,321
1990,21.0,321
1990,21.1,321
1990,21.2,322
1990,21.3,322
1990,21.4,322
1990,21.5,322
1990,21.6,322
1990,21.7,322
1990,21.8,322
1990,21.9,322
1990,22.0,322
1990,22.1,323
1990,22.2,323
1990,22.3,324
1990,22.4,324
1990,22.5,324
1990,22.6,326
1990,22.7,327
1990,22.8,327
1990,22.9,327
1990,23.0,327
1990,23.1,327
1990,23.2,327
1990,23.3,327
1990,23.4,327
1990,23.5,328
1990,23.6,328
1990,23.7,329
1990,23.8,330
1990,23.9,331
1990,24.0,331
1990,24.1,333
1990,24.2,334
1990,24.3,334
1990,24.4,334
1990,24.5,334
1990,24.6,334
1990,24.7,334
1990,24.8,334
1990,24.9,334
1990,25.0,334
1992,-25.0,148
1992,-24.9,148
1992,-24.8,148
1992,-24.7,148
1992,-24.6,148
1992,-24.5,148
1992,-24.4,148
1992,-24.3,148
1992,-24.2,148
1992,-24.1,149
1992,-24.0,149
1992,-23.9,149
1992,-23.8,149
1992,-23.7,149
1992,-23.6,149
1992,-23.5,150
1992,-23.4,151
1992,-23.3,151
1992,-23.2,152
1992,-23.1,152
1992,-23.0,152
1992,-22.9,152
1992,-22.8,153
1992,-22.7,153
1992,-22.6,154
1992,-22.5,155
1992,-22.4,157
1992,-22.3,159
1992,-22.2,159
1992,-22.1,160
1992,-22.0,160
1992,-21.9,160
1992,-21.8,160
1992,-21.7,160
1992,-21.6,160
1992,-21.5,161
1992,-21.4,162
1992,-21.3,163
1992,-21.2,163
1992,-21.1,163
1992,-21.0,163
1992,-20.9,163
1992,-20.8,165
1992,-20.7,166
1992,-20.6,167
1992,-20.5,167
1992,-20.4,168
1992,-20.3,168
1992,-20.2,170
1992,-20.1,170
1992,-20.0,170
1992,-19.9,170
1992,-19.8,170
1992,-19.7,170
1992,-19.6,170
1992,-19.5,171
1992,-19.4,171
1992,-19.3,172
1992,-19.2,172
1992,-19.1,172
1992,-19.0,172
1992,-18.9,173
1992,-18.8,174
1992,-18.7,174
1992,-18.6,174
1992,-18.5,175
1992,-18.4,176
1992,-18.3,177
1992,-18.2,177
1992,-18.1,178
1992,-18.0,179
1992,-17.9,179
1992,-17.8,179
1992,-17.7,179
1992,-17.6,180
1992,-17.5,180
1992,-17.4,180
1992,-17.3,181
1992,-17.2,181
1992,-17.1,182
1992,-17.0,182
1992,-16.9,182
1992,-16.8,182
1992,-16.7,182
1992,-16.6,182
1992,-16.5,182
1992,-16.4,183
1992,-16.3,184
1992,-16.2,185
1992,-16.1,185
1992,-16.0,185
1992,-15.9,185
1992,-15.8,186
1992,-15.7,186
1992,-15.6,186
1992,-15.5,186
1992,-15.4,186
1992,-15.3,186
1992,-15.2,186
1992,-15.1,186
1992,-15.0,186
1992,-14.9,188
1992,-14.8,190
1992,-14.7,191
1992,-14.6,192
1992,-14.5,192
1992,-14.4,192
1992,-14.3,192
1992,-14.2,192
1992,-14.1,192
1992,-14.0,192
1992,-13.9,192
1992,-13.8,193
1992,-13.7,193
1992,-13.6,193
1992,-13.5,193
1992,-13.4,193
1992,-13.3,195
1992,-13.2,195
1992,-13.1,196
1992,-13.0,198
1992,-12.9,198
1992,-12.8,198
1992,-12.7,198
1992,-12.6,198
1992,-12.5,199
1992,-12.4,199
1992,-12.3,199
1992,-12.2,200
1992,-12.1,201
1992,-12.0,201
1992,-11.9,203
1992,-11.8,203
1992,-11.7,203
1992,-11.6,203
1992,-11.5,203
1992,-11.4,205
1992,-11.3,207
1992,-11.2,207
1992,-11.1,208
1992,-11.0,208
1992,-10.9,208
1992,-10.8,209
1992,-10.7,210
1992,-10.6,211
1992,-10.5,211
1992,-10.4,212
1992,-10.3,213
1992,-10.2,214
1992,-10.1,214
1992,-10.0,214
1992,-9.9,214
1992,-9.8,214
1992,-9.7,214
1992,-9.6,215
1992,-9.5,216
1992,-9.4,216
1992,-9.3,217
1992,-9.2,217
1992,-9.1,218
1992,-9.0,220
1992,-8.9,220
1992,-8.8,220
1992,-8.7,220
1992,-8.6,220
1992,-8.5,221
1992,-8.4,222
1992,-8.3,222
1992,-8.2,222
1992,-8.1,222
1992,-8.0,222
1992,-7.9,222
1992,-7.8,223
1992,-7.7,223
1992,-7.6,224
1992,-7.5,225
1992,-7.4,225
1992,-7.3,226
1992,-7.2,226
1992,-7.1,227
1992,-7.0,229
1992,-6.9,230
1992,-6.8,231
1992,-6.7,231
1992,-6.6,232
1992,-6.5,232
1992,-6.4,232
1992,-6.3,232
1992,-6.2,233
1992,-6.1,233
1992,-6.0,233
1992,-5.9,234
1992,-5.8,234
1992,-5.7,234
1992,-5.6,235
1992,-5.5,235
1992,-5.4,236
1992,-5.3,236
1992,-5.2,237
1992,-5.1,237
1992,-5.0,238
1992,-4.9,238
1992,-4.8,238
1992,-4.7,238
1992,-4.6,238
1992,-4.5,238
1992,-4.4,238
1992,-4.3,238
1992,-4.2,238
1992,-4.1,239
1992,-4.0,240
1992,-3.9,240
1992,-3.8,242
1992,-3.7,243
1992,-3.6,243
1992,-3.5,244
1992,-3.4,245
1992,-3.3,245
1992,-3.2,245
1992,-3.1,245
1992,-3.0,245
1992,-2.9,245
1992,-2.8,245
1992,-2.7,246
1992,-2.6,246
1992,-2.5,246
1992,-2.4,248
1992,-2.3,248
1992,-2.2,249
1992,-2.1,249
1992,-2.0,249
1992,-1.9,249
1992,-1.8,249
1992,-1.7,249
1992,-1.6,250
1992,-1.5,251
1992,-1.4,254
1992,-1.3,257
1992,-1.2,257
1992,-1.1,257
1992,-1.0,257
1992,-0.9,257
1992,-0.8,257
1992,-0.7,257
1992,-0.6,257
1992,-0.5,259
1992,-0.4,259
1992,-0.3,259
1992,-0.2,260
1992,-0.1,260
1992,0.0,260
1992,0.1,260
1992,0.2,260
1992,0.3,261
1992,0.4,261
1992,0.5,261
1992,0.6,261
1992,0.7,261
1992,0.8,261
1992,0.9,261
1992,1.0,261
1992,1.1,262
1992,1.2,263
1992,1.3,263
1992,1.4,263
1992,1.5,263
1992,1.6,263
1992,1.7,264
1992,1.8,264
1992,1.9,264
1992,2.0,265
1992,2.1,266
1992,2.2,267
1992,2.3,267
1992,2.4,267
1992,2.5,267
1992,2.6,267
1992,2.7,267
1992,2.8,267
1992,2.9,268
1992,3.0,269
1992,3.1,270
1992,3.2,271
1992,3.3,272
1992,3.4,272
1992,3.5,272
1992,3.6,272
1992,3.7,272
1992,3.8,272
1992,3.9,272
1992,4.0,273
1992,4.1,273
1992,4.2,273
1992,4.3,274
1992,4.4,275
1992,4.5,276
1992,4.6,276
1992,4.7,277
1992,4.8,277
1992,4.9,278
1992,5.0,278
1992,5.1,279
1992,5.2,279
1992,5.3,279
1992,5.4,279
1992,5.5,279
1992,5.6,280
1992,5.7,280
1992,5.8,282
1992,5.9,282
1992,6.0,282
1992,6.1,283
1992,6.2,283
1992,6.3,283
1992,6.4,285
1992,6.5,286
1992,6.6,286
1992,6.7,286
1992,6.8,287
1992,6.9,287
1992,7.0,287
1992,7.1,287
1992,7.2,287
1992,7.3,287
1992,7.4,287
1992,7.5,287
1992,7.6,289
1992,7.7,289
1992,7.8,289
1992,7.9,290
1992,8.0,290
1992,8.1,290
1992,8.2,290
1992,8.3,290
1992,8.4,291
1992,8.5,291
1992,8.6,291
1992,8.7,291
1992,8.8,291
1992,8.9,291
1992,9.0,291
1992,9.1,291
1992,9.2,291
1992,9.3,292
1992,9.4,293
1992,9.5,293
1992,9.6,294
1992,9.7,294
1992,9.8,294
1992,9.9,294
1992,10.0,295
1992,10.1,295
1992,10.2,296
1992,10.3,296
1992,10.4,296
1992,10.5,296
1992,10.6,296
1992,10.7,296
1992,10.8,296
1992,10.9,296
1992,11.0,296
1992,11.1,296
1992,11.2,299
1992,11.3,300
1992,11.4,300
1992,11.5,302
1992,11.6,302
1992,11.7,302
1992,11.8,302
1992,11.9,302
1992,12.0,302
1992,12.1,302
1992,12.2,302
1992,12.3,302
1992,12.4,303
1992,12.5,303
1992,12.6,303
1992,12.7,303
1992,12.8,303
1992,12.9,303
1992,13.0,305
1992,13.1,305
1992,13.2,307
1992,13.3,307
1992,13.4,308
1992,13.5,308
1992,13.6,310
1992,13.7,310
1992,13.8,311
1992,13.9,311
1992,14.0,311
1992,14.1,311
1992,14.2,311
1992,14.3,311
1992,14.4,312
1992,14.5,312
1992,14.6,312
1992,14.7,312
1992,14.8,312
1992,14.9,312
1992,15.0,314
1992,15.1,314
1992,15.2,314
1992,15.3,314
1992,15.4,314
1992,15.5,315
1992,15.6,316
1992,15.7,319
1992,15.8,319
1992,15.9,319
1992,16.0,320
1992,16.1,320
1992,16.2,320
1992,16.3,320
1992,16.4,320
1992,16.5,320
1992,16.6,321
1992,16.7,321
1992,16.8,323
1992,16.9,323
1992,17.0,323
1992,17.1,323
1992,17.2,323
1992,17.3,323
1992,17.4,323
1992,17.5,323
1992,17.6,323
1992,17.7,323
1992,17.8,323
1992,17.9,325
1992,18.0,325
1992,18.1,325
1992,18.2,325
1992,18.3,325
1992,18.4,325
1992,18.5,325
1992,18.6,325
1992,18.7,325
1992,18.8,326
1992,18.9,326
1992,19.0,328
1992,19.1,329
1992,19.2,329
1992,19.3,329
1992,19.4,329
1992,19.5,330
1992,19.6,331
1992,19.7,331
1992,19.8,331
1992,19.9,331
1992,20.0,332
1992,20.1,333
1992,20.2,335
1992,20.3,335
1992,20.4,335
1992,20.5,335
1992,20.6,335
1992,20.7,335
1992,20.8,335
1992,20.9,335
1992,21.0,335
1992,21.1,335
1992,21.2,335
1992,21.3,336
1992,21.4,337
1992,21.5,337
1992,21.6,337
1992,21.7,338
1992,21.8,338
1992,21.9,339
1992,22.0,339
1992,22.1,339
1992,22.2,339
1992,22.3,340
1992,22.4,340
1992,22.5,340
1992,22.6,340
1992,22.7,340
1992,22.8,340
1992,22.9,342
1992,23.0,342
1992,23.1,343
1992,23.2,343
1992,23.3,345
1992,23.4,346
1992,23.5,346
1992,23.6,346
1992,23.7,347
1992,23.8,347
1992,23.9,347
1992,24.0,347
1992,24.1,347
1992,24.2,348
1992,24.3,348
1992,24.4,348
1992,24.5,348
1992,24.6,348
1992,24.7,348
1992,24.8,348
1992,24.9,348
1992,25.0,349
1994,-25.0,107
1994,-24.9,107
1994,-24.8,107
1994,-24.7,108
1994,-24.6,108
1994,-24.5,109
1994,-24.4,109
1994,-24.3,109
1994,-24.2,109
1994,-24.1,109
1994,-24.0,110
1994,-23.9,110
1994,-23.8,110
1994,-23.7,110
1994,-23.6,110
1994,-23.5,110
1994,-23.4,111
1994,-23.3,112
1994,-23.2,113
1994,-23.1,114
1994,-23.0,114
1994,-22.9,114
1994,-22.8,114
1994,-22.7,114
1994,-22.6,115
1994,-22.5,115
1994,-22.4,116
1994,-22.3,116
1994,-22.2,116
1994,-22.1,117
1994,-22.0,117
1994,-21.9,117
1994,-21.8,117
1994,-21.7,118
1994,-21.6,118
1994,-21.5,118
1994,-21.4,119
1994,-21.3,119
1994,-21.2,120
1994,-21.1,120
1994,-21.0,120
1994,-20.9,120
1994,-20.8,120
1994,-20.7,120
1994,-20.6,120
1994,-20.5,120
1994,-20.4,120
1994,-20.3,121
1994,-20.2,122
1994,-20.1,122
1994,-20.0,123
1994,-19.9,123
1994,-19.8,125
1994,-19.7,125
1994,-19.6,125
1994,-19.5,126
1994,-19.4,126
1994,-19.3,127
1994,-19.2,128
1994,-19.1,128
1994,-19.0,128
1994,-18.9,128
1994,-18.8,128
1994,-18.7,129
1994,-18.6,129
1994,-18.5,130
1994,-18.4,131
1994,-18.3,132
1994,-18.2,133
1994,-18.1,134
1994,-18.0,134
1994,-17.9,134
1994,-17.8,134
1994,-17.7,134
1994,-17.6,136
1994,-17.5,137
1994,-17.4,137
1994,-17.3,137
1994,-17.2,137
1994,-17.1,139
1994,-17.0,139
1994,-16.9,139
1994,-16.8,139
1994,-16.7,140
1994,-16.6,142
1994,-16.5,142
1994,-16.4,142
1994,-16.3,142
1994,-16.2,142
1994,-16.1,142
1994,-16.0,142
1994,-15.9,143
1994,-15.8,143
1994,-15.7,144
1994,-15.6,144
1994,-15.5,145
1994,-15.4,145
1994,-15.3,146
1994,-15.2,146
1994,-15.1,146
1994,-15.0,147
1994,-14.9,147
1994,-14.8,147
1994,-14.7,148
1994,-14.6,148
1994,-14.5,148
1994,-14.4,149
1994,-14.3,149
1994,-14.2,150
1994,-14.1,150
1994,-14.0,151
1994,-13.9,151
1994,-13.8,151
1994,-13.7,151
1994,-13.6,151
1994,-13.5,152
1994,-13.4,153
1994,-13.3,155
1994,-13.2,155
1994,-13.1,156
1994,-13.0,156
1994,-12.9,157
1994,-12.8,157
1994,-12.7,157
1994,-12.6,157
1994,-12.5,157
1994,-12.4,157
1994,-12.3,158
1994,-12.2,158
1994,-12.1,158
1994,-12.0,158
1994,-11.9,159
1994,-11.8,159
1994,-11.7,159
1994,-11.6,159
1994,-11.5,159
1994,-11.4,159
1994,-11.3,159
1994,-11.2,160
1994,-11.1,160
1994,-11.0,160
1994,-10.9,160
1994,-10.8,160
1994,-10.7,160
1994,-10.6,160
1994,-10.5,161
1994,-10.4,161
1994,-10.3,162
1994,-10.2,162
1994,-10.1,162
1994,-10.0,162
1994,-9.9,162
1994,-9.8,162
1994,-9.7,162
1994,-9.6,164
1994,-9.5,164
1994,-9.4,164
1994,-9.3,164
1994,-9.2,164
1994,-9.1,164
1994,-9.0,166
1994,-8.9,166
1994,-8.8,166
1994,-8.7,166
1994,-8.6,167
1994,-8.5,167
1994,-8.4,167
1994,-8.3,168
1994,-8.2,169
1994,-8.1,169
1994,-8.0,169
1994,-7.9,170
1994,-7.8,170
1994,-7.7,170
1994,-7.6,170
1994,-7.5,170
1994,-7.4,172
1994,-7.3,173
1994,-7.2,174
1994,-7.1,174
1994,-7.0,175
1994,-6.9,177
1994,-6.8,178
1994,-6.7,178
1994,-6.6,178
1994,-6.5,179
1994,-6.4,179
1994,-6.3,179
1994,-6.2,179
1994,-6.1,180
1994,-6.0,180
1994,-5.9,180
1994,-5.8,180
1994,-5.7,181
1994,-5.6,183
1994,-5.5,183
1994,-5.4,184
1994,-5.3,184
1994,-5.2,184
1994,-5.1,184
1994,-5.0,184
1994,-4.9,184
1994,-4.8,184
1994,-4.7,185
1994,-4.6,185
1994,-4.5,185
1994,-4.4,185
1994,-4.3,185
1994,-4.2,187
1994,-4.1,187
1994,-4.0,188
1994,-3.9,188
1994,-3.8,190
1994,-3.7,191
1994,-3.6,191
1994,-3.5,191
1994,-3.4,191
1994,-3.3,191
1994,-3.2,191
1994,-3.1,193
1994,-3.0,193
1994,-2.9,193
1994,-2.8,193
1994,-2.7,194
1994,-2.6,194
1994,-2.5,195
1994,-2.4,195
1994,-2.3,195
1994,-2.2,196
1994,-2.1,196
1994,-2.0,196
1994,-1.9,196
1994,-1.8,197
1994,-1.7,197
1994,-1.6,197
1994,-1.5,197
1994,-1.4,197
1994,-1.3,197
1994,-1.2,198
1994,-1.1,198
1994,-1.0,199
1994,-0.9,199
1994,-0.8,199
1994,-0.7,199
1994,-0.6,200
1994,-0.5,200
1994,-0.4,201
1994,-0.3,203
1994,-0.2,204
1994,-0.1,205
1994,0.0,206
1994,0.1,206
1994,0.2,206
1994,0.3,206
1994,0.4,206
1994,0.5,206
1994,0.6,206
1994,0.7,207
1994,0.8,209
1994,0.9,209
1994,1.0,211
1994,1.1,211
1994,1.2,211
1994,1.3,211
1994,1.4,212
1994,1.5,212
1994,1.6,212
1994,1.7,212
1994,1.8,212
1994,1.9,214
1994,2.0,215
1994,2.1,215
1994,2.2,215
1994,2.3,215
1994,2.4,215
1994,2.5,215
1994,2.6,215
1994,2.7,217
1994,2.8,217
1994,2.9,217
1994,3.0,217
1994,3.1,217
1994,3.2,219
1994,3.3,219
1994,3.4,220
1994,3.5,220
1994,3.6,221
1994,3.7,222
1994,3.8,223
1994,3.9,224
1994,4.0,224
1994,4.1,224
1994,4.2,225
1994,4.3,225
1994,4.4,225
1994,4.5,226
1994,4.6,226
1994,4.7,226
1994,4.8,226
1994,4.9,227
1994,5.0,227
1994,5.1,227
1994,5.2,227
1994,5.3,227
1994,5.4,227
1994,5.5,229
1994,5.6,229
1994,5.7,230
1994,5.8,230
1994,5.9,231
1994,6.0,231
1994,6.1,232
1994,6.2,232
1994,6.3,233
1994,6.4,234
1994,6.5,234
1994,6.6,235
1994,6.7,236
1994,6.8,237
1994,6.9,238
1994,7.0,239
1994,7.1,239
1994,7.2,239
1994,7.3,239
1994,7.4,239
1994,7.5,239
1994,7.6,240
1994,7.7,240
1994,7.8,242
1994,7.9,242
1994,8.0,243
1994,8.1,243
1994,8.2,243
1994,8.3,243
1994,8.4,243
1994,8.5,243
1994,8.6,243
1994,8.7,243
1994,8.8,243
1994,8.9,245
1994,9.0,246
1994,9.1,246
1994,9.2,246
1994,9.3,246
1994,9.4,247
1994,9.5,247
1994,9.6,247
1994,9.7,247
1994,9.8,247
1994,9.9,247
1994,10.0,247
1994,10.1,247
1994,10.2,247
1994,10.3,247
1994,10.4,247
1994,10.5,248
1994,10.6,249
1994,10.7,249
1994,10.8,249
1994,10.9,252
1994,11.0,252
1994,11.1,252
1994,11.2,252
1994,11.3,252
1994,11.4,253
1994,11.5,253
1994,11.6,253
1994,11.7,253
1994,11.8,253
1994,11.9,253
1994,12.0,253
1994,12.1,254
1994,12.2,255
1994,12.3,256
1994,12.4,256
1994,12.5,256
1994,12.6,256
1994,12.7,258
1994,12.8,258
1994,12.9,258
1994,13.0,258
1994,13.1,258
1994,13.2,259
1994,13.3,259
1994,13.4,259
1994,13.5,259
1994,13.6,259
1994,13.7,260
1994,13.8,260
1994,13.9,260
1994,14.0,260
1994,14.1,260
1994,14.2,260
1994,14.3,260
1994,14.4,260
1994,14.5,260
1994,14.6,261
1994,14.7,262
1994,14.8,263
1994,14.9,264
1994,15.0,264
1994,15.1,264
1994,15.2,264
1994,15.3,266
1994,15.4,266
1994,15.5,266
1994,15.6,266
1994,15.7,266
1994,15.8,267
1994,15.9,267
1994,16.0,267
1994,16.1,267
1994,16.2,268
1994,16.3,268
1994,16.4,268
1994,16.5,268
1994,16.6,268
1994,16.7,268
1994,16.8,268
1994,16.9,268
1994,17.0,268
1994,17.1,269
1994,17.2,269
1994,17.3,270
1994,17.4,270
1994,17.5,271
1994,17.6,271
1994,17.7,271
1994,17.8,272
1994,17.9,273
1994,18.0,273
1994,18.1,274
1994,18.2,274
1994,18.3,274
1994,18.4,274
1994,18.5,274
1994,18.6,274
1994,18.7,274
1994,18.8,275
1994,18.9,275
1994,19.0,275
1994,19.1,275
1994,19.2,275
1994,19.3,276
1994,19.4,276
1994,19.5,277
1994,19.6,278
1994,19.7,278
1994,19.8,278
1994,19.9,278
1994,20.0,278
1994,20.1,278
1994,20.2,279
1994,20.3,280
1994,20.4,280
1994,20.5,280
1994,20.6,280
1994,20.7,280
1994,20.8,280
1994,20.9,280
1994,21.0,281
1994,21.1,283
1994,21.2,283
1994,21.3,285
1994,21.4,285
1994,21.5,285
1994,21.6,285
1994,21.7,285
1994,21.8,285
1994,21.9,287
1994,22.0,287
1994,22.1,287
1994,22.2,287
1994,22.3,287
1994,22.4,287
1994,22.5,287
1994,22.6,287
1994,22.7,287
1994,22.8,289
1994,22.9,289
1994,23.0,289
1994,23.1,289
1994,23.2,289
1994,23.3,290
1994,23.4,290
1994,23.5,290
1994,23.6,290
1994,23.7,290
1994,23.8,290
1994,23.9,290
1994,24.0,290
1994,24.1,290
1994,24.2,290
1994,24.3,291
1994,24.4,291
1994,24.5,291
1994,24.6,291
1994,24.7,291
1994,24.8,291
1994,24.9,291
1994,25.0,291
1996,-25.0,126
1996,-24.9,126
1996,-24.8,126
1996,-24.7,126
1996,-24.6,126
1996,-24.5,126
1996,-24.4,126
1996,-24.3,126
1996,-24.2,127
1996,-24.1,127
1996,-24.0,127
1996,-23.9,128
1996,-23.8,128
1996,-23.7,128
1996,-23.6,128
1996,-23.5,128
1996,-23.4,128
1996,-23.3,129
1996,-23.2,129
1996,-23.1,129
1996,-23.0,129
1996,-22.9,129
1996,-22.8,129
1996,-22.7,129
1996,-22.6,129
1996,-22.5,129
1996,-22.4,129
1996,-22.3,130
1996,-22.2,130
1996,-22.1,131
1996,-22.0,131
1996,-21.9,131
1996,-21.8,132
1996,-21.7,133
1996,-21.6,133
1996,-21.5,134
1996,-21.4,134
1996,-21.3,134
1996,-21.2,134
1996,-21.1,134
1996,-21.0,134
1996,-20.9,134
1996,-20.8,134
1996,-20.7,136
1996,-20.6,136
1996,-20.5,136
1996,-20.4,136
1996,-20.3,137
1996,-20.2,137
1996,-20.1,137
1996,-20.0,137
1996,-19.9,137
1996,-19.8,137
1996,-19.7,138
1996,-19.6,138
1996,-19.5,138
1996,-19.4,138
1996,-19.3,138
1996,-19.2,138
1996,-19.1,138
1996,-19.0,138
1996,-18.9,139
1996,-18.8,139
1996,-18.7,139
1996,-18.6,139
1996,-18.5,140
1996,-18.4,140
1996,-18.3,140
1996,-18.2,140
1996,-18.1,141
1996,-18.0,141
1996,-17.9,142
1996,-17.8,142
1996,-17.7,142
1996,-17.6,142
1996,-17.5,142
1996,-17.4,142
1996,-17.3,143
1996,-17.2,146
1996,-17.1,146
1996,-17.0,146
1996,-16.9,146
1996,-16.8,146
1996,-16.7,146
1996,-16.6,146
1996,-16.5,146
1996,-16.4,146
1996,-16.3,146
1996,-16.2,147
1996,-16.1,147
1996,-16.0,147
1996,-15.9,147
1996,-15.8,148
1996,-15.7,148
1996,-15.6,148
1996,-15.5,150
1996,-15.4,151
1996,-15.3,151
1996,-15.2,152
1996,-15.1,152
1996,-15.0,152
1996,-14.9,152
1996,-14.8,152
1996,-14.7,152
1996,-14.6,153
1996,-14.5,155
1996,-14.4,156
1996,-14.3,156
1996,-14.2,156
1996,-14.1,158
1996,-14.0,159
1996,-13.9,159
1996,-13.8,161
1996,-13.7,162
1996,-13.6,162
1996,-13.5,162
1996,-13.4,162
1996,-13.3,163
1996,-13.2,164
1996,-13.1,166
1996,-13.0,167
1996,-12.9,167
1996,-12.8,167
1996,-12.7,167
1996,-12.6,167
1996,-12.5,167
1996,-12.4,167
1996,-12.3,167
1996,-12.2,167
1996,-12.1,167
1996,-12.0,168
1996,-11.9,168
1996,-11.8,169
1996,-11.7,169
1996,-11.6,170
1996,-11.5,170
1996,-11.4,170
1996,-11.3,171
1996,-11.2,171
1996,-11.1,171
1996,-11.0,172
1996,-10.9,172
1996,-10.8,173
1996,-10.7,173
1996,-10.6,174
1996,-10.5,174
1996,-10.4,174
1996,-10.3,174
1996,-10.2,174
1996,-10.1,174
1996,-10.0,174
1996,-9.9,174
1996,-9.8,175
1996,-9.7,175
1996,-9.6,175
1996,-9.5,175
1996,-9.4,175
1996,-9.3,175
1996,-9.2,175
1996,-9.1,175
1996,-9.0,175
1996,-8.9,175
1996,-8.8,177
1996,-8.7,177
1996,-8.6,178
1996,-8.5,178
1996,-8.4,178
1996,-8.3,178
1996,-8.2,178
1996,-8.1,178
1996,-8.0,178
1996,-7.9,179
1996,-7.8,179
1996,-7.7,181
1996,-7.6,181
1996,-7.5,181
1996,-7.4,181
1996,-7.3,181
1996,-7.2,181
1996,-7.1,182
1996,-7.0,182
1996,-6.9,183
1996,-6.8,185
1996,-6.7,186
1996,-6.6,186
1996,-6.5,186
1996,-6.4,186
1996,-6.3,186
1996,-6.2,188
1996,-6.1,188
1996,-6.0,188
1996,-5.9,188
1996,-5.8,188
1996,-5.7,188
1996,-5.6,189
1996,-5.5,189
1996,-5.4,190
1996,-5.3,191
1996,-5.2,191
1996,-5.1,191
1996,-5.0,191
1996,-4.9,191
1996,-4.8,192
1996,-4.7,192
1996,-4.6,194
1996,-4.5,195
1996,-4.4,195
1996,-4.3,196
1996,-4.2,196
1996,-4.1,197
1996,-4.0,199
1996,-3.9,199
1996,-3.8,199
1996,-3.7,199
1996,-3.6,199
1996,-3.5,199
1996,-3.4,199
1996,-3.3,199
1996,-3.2,200
1996,-3.1,200
1996,-3.0,200
1996,-2.9,201
1996,-2.8,202
1996,-2.7,202
1996,-2.6,203
1996,-2.5,203
1996,-2.4,203
1996,-2.3,203
1996,-2.2,203
1996,-2.1,203
1996,-2.0,203
1996,-1.9,203
1996,-1.8,203
1996,-1.7,204
1996,-1.6,204
1996,-1.5,205
1996,-1.4,205
1996,-1.3,205
1996,-1.2,205
1996,-1.1,205
1996,-1.0,206
1996,-0.9,207
1996,-0.8,207
1996,-0.7,207
1996,-0.6,207
1996,-0.5,207
1996,-0.4,207
1996,-0.3,207
1996,-0.2,207
1996,-0.1,208
1996,0.0,208
1996,0.1,209
1996,0.2,209
1996,0.3,209
1996,0.4,210
1996,0.5,210
1996,0.6,212
1996,0.7,212
1996,0.8,214
1996,0.9,214
1996,1.0,214
1996,1.1,215
1996,1.2,215
1996,1.3,215
1996,1.4,216
1996,1.5,216
1996,1.6,216
1996,1.7,217
1996,1.8,218
1996,1.9,219
1996,2.0,219
1996,2.1,219
1996,2.2,219
1996,2.3,219
1996,2.4,219
1996,2.5,221
1996,2.6,221
1996,2.7,221
1996,2.8,221
1996,2.9,221
1996,3.0,221
1996,3.1,221
1996,3.2,222
1996,3.3,222
1996,3.4,222
1996,3.5,222
1996,3.6,225
1996,3.7,226
1996,3.8,226
1996,3.9,226
1996,4.0,228
1996,4.1,229
1996,4.2,229
1996,4.3,229
1996,4.4,229
1996,4.5,229
1996,4.6,229
1996,4.7,231
1996,4.8,231
1996,4.9,231
1996,5.0,231
1996,5.1,231
1996,5.2,232
1996,5.3,232
1996,5.4,233
1996,5.5,233
1996,5.6,234
1996,5.7,234
1996,5.8,234
1996,5.9,234
1996,6.0,235
1996,6.1,235
1996,6.2,236
1996,6.3,236
1996,6.4,236
1996,6.5,237
1996,6.6,237
1996,6.7,238
1996,6.8,238
1996,6.9,239
1996,7.0,239
1996,7.1,240
1996,7.2,241
1996,7.3,241
1996,7.4,242
1996,7.5,245
1996,7.6,245
1996,7.7,246
1996,7.8,246
1996,7.9,246
1996,8.0,246
1996,8.1,247
1996,8.2,247
1996,8.3,247
1996,8.4,247
1996,8.5,247
1996,8.6,247
1996,8.7,247
1996,8.8,247
1996,8.9,247
1996,9.0,247
1996,9.1,248
1996,9.2,248
1996,9.3,248
1996,9.4,248
1996,9.5,249
1996,9.6,249
1996,9.7,251
1996,9.8,251
1996,9.9,251
1996,10.0,251
1996,10.1,251
1996,10.2,251
1996,10.3,252
1996,10.4,253
1996,10.5,253
1996,10.6,253
1996,10.7,253
1996,10.8,253
1996,10.9,253
1996,11.0,254
1996,11.1,255
1996,11.2,256
1996,11.3,256
1996,11.4,257
1996,11.5,257
1996,11.6,257
1996,11.7,257
1996,11.8,257
1996,11.9,258
1996,12.0,258
1996,12.1,258
1996,12.2,258
1996,12.3,258
1996,12.4,259
1996,12.5,259
1996,12.6,259
1996,12.7,259
1996,12.8,259
1996,12.9,260
1996,13.0,260
1996,13.1,260
1996,13.2,260
1996,13.3,260
1996,13.4,260
1996,13.5,260
1996,13.6,261
1996,13.7,262
1996,13.8,262
1996,13.9,262
1996,14.0,264
1996,14.1,264
1996,14.2,264
1996,14.3,265
1996,14.4,266
1996,14.5,266
1996,14.6,266
1996,14.7,267
1996,14.8,267
1996,14.9,267
1996,15.0,267
1996,15.1,268
1996,15.2,268
1996,15.3,268
1996,15.4,268
1996,15.5,268
1996,15.6,268
1996,15.7,270
1996,15.8,270
1996,15.9,270
1996,16.0,270
1996,16.1,270
1996,16.2,271
1996,16.3,271
1996,16.4,271
1996,16.5,271
1996,16.6,272
1996,16.7,273
1996,16.8,273
1996,16.9,274
1996,17.0,275
1996,17.1,275
1996,17.2,275
1996,17.3,276
1996,17.4,276
1996,17.5,276
1996,17.6,276
1996,17.7,276
1996,17.8,276
1996,17.9,276
1996,18.0,276
1996,18.1,276
1996,18.2,277
1996,18.3,279
1996,18.4,279
1996,18.5,279
1996,18.6,281
1996,18.7,281
1996,18.8,281
1996,18.9,281
1996,19.0,281
1996,19.1,281
1996,19.2,281
1996,19.3,282
1996,19.4,282
1996,19.5,282
1996,19.6,283
1996,19.7,283
1996,19.8,284
1996,19.9,285
1996,20.0,286
1996,20.1,286
1996,20.2,286
1996,20.3,286
1996,20.4,287
1996,20.5,287
1996,20.6,290
1996,20.7,290
1996,20.8,290
1996,20.9,291
1996,21.0,292
1996,21.1,292
1996,21.2,292
1996,21.3,292
1996,21.4,292
1996,21.5,292
1996,21.6,292
1996,21.7,292
1996,21.8,293
1996,21.9,294
1996,22.0,294
1996,22.1,294
1996,22.2,294
1996,22.3,295
1996,22.4,295
1996,22.5,295
1996,22.6,295
1996,22.7,298
1996,22.8,298
1996,22.9,298
1996,23.0,298
1996,23.1,298
1996,23.2,300
1996,23.3,301
1996,23.4,301
1996,23.5,301
1996,23.6,301
1996,23.7,302
1996,23.8,303
1996,23.9,303
1996,24.0,304
1996,24.1,304
1996,24.2,305
1996,24.3,306
1996,24.4,307
1996,24.5,308
1996,24.6,309
1996,24.7,310
1996,24.8,310
1996,24.9,311
1996,25.0,311
1998,-25.0,145
1998,-24.9,145
1998,-24.8,145
1998,-24.7,145
1998,-24.6,145
1998,-24.5,145
1998,-24.4,145
1998,-24.3,145
1998,-24.2,145
1998,-24.1,145
1998,-24.0,145
1998,-23.9,145
1998,-23.8,145
1998,-23.7,145
1998,-23.6,145
1998,-23.5,145
1998,-23.4,145
1998,-23.3,145
1998,-23.2,145
1998,-23.1,145
1998,-23.0,146
1998,-22.9,146
1998,-22.8,146
1998,-22.7,146
1998,-22.6,146
1998,-22.5,146
1998,-22.4,147
1998,-22.3,147
1998,-22.2,147
1998,-22.1,148
1998,-22.0,149
1998,-21.9,149
1998,-21.8,150
1998,-21.7,150
1998,-21.6,150
1998,-21.5,150
1998,-21.4,151
1998,-21.3,151
1998,-21.2,152
1998,-21.1,152
1998,-21.0,152
1998,-20.9,152
1998,-20.8,152
1998,-20.7,153
1998,-20.6,153
1998,-20.5,153
1998,-20.4,153
1998,-20.3,153
1998,-20.2,153
1998,-20.1,153
1998,-20.0,153
1998,-19.9,154
1998,-19.8,154
1998,-19.7,154
1998,-19.6,155
1998,-19.5,157
1998,-19.4,158
1998,-19.3,158
1998,-19.2,158
1998,-19.1,158
1998,-19.0,158
1998,-18.9,158
1998,-18.8,159
1998,-18.7,160
1998,-18.6,160
1998,-18.5,160
1998,-18.4,160
1998,-18.3,160
1998,-18.2,160
1998,-18.1,160
1998,-18.0,161
1998,-17.9,162
1998,-17.8,163
1998,-17.7,163
1998,-17.6,163
1998,-17.5,163
1998,-17.4,163
1998,-17.3,163
1998,-17.2,163
1998,-17.1,164
1998,-17.0,164
1998,-16.9,165
1998,-16.8,166
1998,-16.7,168
1998,-16.6,170
1998,-16.5,171
1998,-16.4,171
1998,-16.3,171
1998,-16.2,171
1998,-16.1,171
1998,-16.0,173
1998,-15.9,175
1998,-15.8,176
1998,-15.7,176
1998,-15.6,178
1998,-15.5,179
1998,-15.4,179
1998,-15.3,179
1998,-15.2,179
1998,-15.1,179
1998,-15.0,180
1998,-14.9,180
1998,-14.8,181
1998,-14.7,181
1998,-14.6,181
1998,-14.5,181
1998,-14.4,181
1998,-14.3,182
1998,-14.2,182
1998,-14.1,183
1998,-14.0,185
1998,-13.9,186
1998,-13.8,186
1998,-13.7,186
1998,-13.6,186
1998,-13.5,187
1998,-13.4,187
1998,-13.3,187
1998,-13.2,187
1998,-13.1,187
1998,-13.0,187
1998,-12.9,187
1998,-12.8,187
1998,-12.7,187
1998,-12.6,187
1998,-12.5,188
1998,-12.4,188
1998,-12.3,188
1998,-12.2,188
1998,-12.1,188
1998,-12.0,189
1998,-11.9,189
1998,-11.8,189
1998,-11.7,189
1998,-11.6,189
1998,-11.5,189
1998,-11.4,189
1998,-11.3,189
1998,-11.2,189
1998,-11.1,189
1998,-11.0,189
1998,-10.9,189
1998,-10.8,190
1998,-10.7,190
1998,-10.6,190
1998,-10.5,190
1998,-10.4,190
1998,-10.3,191
1998,-10.2,192
1998,-10.1,192
1998,-10.0,192
1998,-9.9,192
1998,-9.8,192
1998,-9.7,192
1998,-9.6,192
1998,-9.5,192
1998,-9.4,192
1998,-9.3,194
1998,-9.2,194
1998,-9.1,194
1998,-9.0,194
1998,-8.9,194
1998,-8.8,194
1998,-8.7,194
1998,-8.6,195
1998,-8.5,195
1998,-8.4,195
1998,-8.3,196
1998,-8.2,196
1998,-8.1,196
1998,-8.0,196
1998,-7.9,196
1998,-7.8,196
1998,-7.7,196
1998,-7.6,196
1998,-7.5,196
1998,-7.4,196
1998,-7.3,196
1998,-7.2,197
1998,-7.1,197
1998,-7.0,197
1998,-6.9,197
1998,-6.8,198
1998,-6.7,198
1998,-6.6,198
1998,-6.5,198
1998,-6.4,198
1998,-6.3,198
1998,-6.2,198
1998,-6.1,198
1998,-6.0,200
1998,-5.9,200
1998,-5.8,201
1998,-5.7,201
1998,-5.6,201
1998,-5.5,201
1998,-5.4,201
1998,-5.3,201
1998,-5.2,201
1998,-5.1,201
1998,-5.0,202
1998,-4.9,202
1998,-4.8,202
1998,-4.7,203
1998,-4.6,203
1998,-4.5,203
1998,-4.4,203
1998,-4.3,203
1998,-4.2,203
1998,-4.1,204
1998,-4.0,204
1998,-3.9,204
1998,-3.8,204
1998,-3.7,205
1998,-3.6,205
1998,-3.5,205
1998,-3.4,205
1998,-3.3,205
1998,-3.2,205
1998,-3.1,206
1998,-3.0,207
1998,-2.9,208
1998,-2.8,209
1998,-2.7,209
1998,-2.6,209
1998,-2.5,210
1998,-2.4,210
1998,-2.3,210
1998,-2.2,210
1998,-2.1,210
1998,-2.0,210
1998,-1.9,210
1998,-1.8,210
1998,-1.7,210
1998,-1.6,210
1998,-1.5,211
1998,-1.4,211
1998,-1.3,211
1998,-1.2,211
1998,-1.1,211
1998,-1.0,211
1998,-0.9,211
1998,-0.8,211
1998,-0.7,211
1998,-0.6,211
1998,-0.5,211
1998,-0.4,211
1998,-0.3,211
1998,-0.2,211
1998,-0.1,211
1998,0.0,211
1998,0.1,211
1998,0.2,211
1998,0.3,211
1998,0.4,212
1998,0.5,212
1998,0.6,212
1998,0.7,212
1998,0.8,212
1998,0.9,212
1998,1.0,212
1998,1.1,212
1998,1.2,212
1998,1.3,212
1998,1.4,212
1998,1.5,213
1998,1.6,213
1998,1.7,213
1998,1.8,213
1998,1.9,213
1998,2.0,213
1998,2.1,213
1998,2.2,213
1998,2.3,213
1998,2.4,214
1998,2.5,215
1998,2.6,216
1998,2.7,216
1998,2.8,216
1998,2.9,216
1998,3.0,216
1998,3.1,216
1998,3.2,216
1998,3.3,216
1998,3.4,216
1998,3.5,216
1998,3.6,216
1998,3.7,216
1998,3.8,216
1998,3.9,216
1998,4.0,216
1998,4.1,217
1998,4.2,217
1998,4.3,217
1998,4.4,217
1998,4.5,218
1998,4.6,218
1998,4.7,218
1998,4.8,218
1998,4.9,218
1998,5.0,218
1998,5.1,218
1998,5.2,218
1998,5.3,218
1998,5.4,218
1998,5.5,218
1998,5.6,218
1998,5.7,218
1998,5.8,218
1998,5.9,218
1998,6.0,219
1998,6.1,219
1998,6.2,219
1998,6.3,220
1998,6.4,220
1998,6.5,220
1998,6.6,220
1998,6.7,221
1998,6.8,221
1998,6.9,221
1998,7.0,221
1998,7.1,221
1998,7.2,221
1998,7.3,223
1998,7.4,223
1998,7.5,223
1998,7.6,224
1998,7.7,224
1998,7.8,224
1998,7.9,224
1998,8.0,224
1998,8.1,225
1998,8.2,225
1998,8.3,225
1998,8.4,226
1998,8.5,226
1998,8.6,227
1998,8.7,227
1998,8.8,227
1998,8.9,229
1998,9.0,229
1998,9.1,229
1998,9.2,229
1998,9.3,230
1998,9.4,230
1998,9.5,230
1998,9.6,231
1998,9.7,233
1998,9.8,233
1998,9.9,233
1998,10.0,234
1998,10.1,234
1998,10.2,234
1998,10.3,234
1998,10.4,236
1998,10.5,236
1998,10.6,237
1998,10.7,237
1998,10.8,239
1998,10.9,239
1998,11.0,239
1998,11.1,239
1998,11.2,239
1998,11.3,240
1998,11.4,240
1998,11.5,240
1998,11.6,240
1998,11.7,240
1998,11.8,240
1998,11.9,240
1998,12.0,240
1998,12.1,240
1998,12.2,240
1998,12.3,240
1998,12.4,240
1998,12.5,241
1998,12.6,241
1998,12.7,241
1998,12.8,241
1998,12.9,242
1998,13.0,242
1998,13.1,242
1998,13.2,242
1998,13.3,242
1998,13.4,243
1998,13.5,243
1998,13.6,243
1998,13.7,244
1998,13.8,244
1998,13.9,244
1998,14.0,244
1998,14.1,244
1998,14.2,244
1998,14.3,244
1998,14.4,244
1998,14.5,247
1998,14.6,247
1998,14.7,248
1998,14.8,249
1998,14.9,249
1998,15.0,249
1998,15.1,250
1998,15.2,250
1998,15.3,250
1998,15.4,250
1998,15.5,250
1998,15.6,250
1998,15.7,250
1998,15.8,250
1998,15.9,251
1998,16.0,251
1998,16.1,251
1998,16.2,251
1998,16.3,252
1998,16.4,252
1998,16.5,252
1998,16.6,252
1998,16.7,252
1998,16.8,252
1998,16.9,252
1998,17.0,253
1998,17.1,253
1998,17.2,253
1998,17.3,253
1998,17.4,253
1998,17.5,253
1998,17.6,253
1998,17.7,254
1998,17.8,254
1998,17.9,256
1998,18.0,256
1998,18.1,256
1998,18.2,256
1998,18.3,256
1998,18.4,257
1998,18.5,257
1998,18.6,257
1998,18.7,258
1998,18.8,258
1998,18.9,258
1998,19.0,260
1998,19.1,260
1998,19.2,262
1998,19.3,263
1998,19.4,263
1998,19.5,264
1998,19.6,264
1998,19.7,264
1998,19.8,264
1998,19.9,266
1998,20.0,266
1998,20.1,267
1998,20.2,268
1998,20.3,268
1998,20.4,269
1998,20.5,269
1998,20.6,270
1998,20.7,271
1998,20.8,271
1998,20.9,271
1998,21.0,271
1998,21.1,271
1998,21.2,271
1998,21.3,271
1998,21.4,271
1998,21.5,271
1998,21.6,271
1998,21.7,271
1998,21.8,271
1998,21.9,271
1998,22.0,272
1998,22.1,273
1998,22.2,273
1998,22.3,274
1998,22.4,274
1998,22.5,274
1998,22.6,275
1998,22.7,275
1998,22.8,275
1998,22.9,275
1998,23.0,277
1998,23.1,278
1998,23.2,279
1998,23.3,279
1998,23.4,279
1998,23.5,279
1998,23.6,280
1998,23.7,280
1998,23.8,280
1998,23.9,280
1998,24.0,281
1998,24.1,281
1998,24.2,281
1998,24.3,281
1998,24.4,281
1998,24.5,281
1998,24.6,281
1998,24.7,281
1998,24.8,282
1998,24.9,282
1998,25.0,282
2000,-25.0,160
2000,-24.9,161
2000,-24.8,161
2000,-24.7,161
2000,-24.6,161
2000,-24.5,161
2000,-24.4,161
2000,-24.3,161
2000,-24.2,161
2000,-24.1,162
2000,-24.0,162
2000,-23.9,162
2000,-23.8,162
2000,-23.7,162
2000,-23.6,162
2000,-23.5,162
2000,-23.4,162
2000,-23.3,162
2000,-23.2,163
2000,-23.1,163
2000,-23.0,163
2000,-22.9,163
2000,-22.8,164
2000,-22.7,164
2000,-22.6,164
2000,-22.5,165
2000,-22.4,165
2000,-22.3,165
2000,-22.2,165
2000,-22.1,165
2000,-22.0,165
2000,-21.9,165
2000,-21.8,166
2000,-21.7,168
2000,-21.6,168
2000,-21.5,168
2000,-21.4,169
2000,-21.3,169
2000,-21.2,169
2000,-21.1,169
2000,-21.0,170
2000,-20.9,170
2000,-20.8,170
2000,-20.7,170
2000,-20.6,170
2000,-20.5,170
2000,-20.4,171
2000,-20.3,171
2000,-20.2,171
2000,-20.1,171
2000,-20.0,171
2000,-19.9,171
2000,-19.8,171
2000,-19.7,172
2000,-19.6,173
2000,-19.5,173
2000,-19.4,173
2000,-19.3,173
2000,-19.2,173
2000,-19.1,174
2000,-19.0,174
2000,-18.9,174
2000,-18.8,174
2000,-18.7,175
2000,-18.6,176
2000,-18.5,176
2000,-18.4,176
2000,-18.3,176
2000,-18.2,177
2000,-18.1,177
2000,-18.0,177
2000,-17.9,177
2000,-17.8,177
2000,-17.7,178
2000,-17.6,178
2000,-17.5,180
2000,-17.4,180
2000,-17.3,180
2000,-17.2,180
2000,-17.1,180
2000,-17.0,180
2000,-16.9,180
2000,-16.8,180
2000,-16.7,180
2000,-16.6,180
2000,-16.5,180
2000,-16.4,180
2000,-16.3,180
2000,-16.2,181
2000,-16.1,181
2000,-16.0,181
2000,-15.9,181
2000,-15.8,181
2000,-15.7,182
2000,-15.6,182
2000,-15.5,182
2000,-15.4,182
2000,-15.3,182
2000,-15.2,182
2000,-15.1,183
2000,-15.0,185
2000,-14.9,185
2000,-14.8,185
2000,-14.7,185
2000,-14.6,185
2000,-14.5,185
2000,-14.4,185
2000,-14.3,185
2000,-14.2,185
2000,-14.1,185
2000,-14.0,185
2000,-13.9,185
2000,-13.8,185
2000,-13.7,186
2000,-13.6,186
2000,-13.5,187
2000,-13.4,187
2000,-13.3,187
2000,-13.2,187
2000,-13.1,187
2000,-13.0,187
2000,-12.9,187
2000,-12.8,187
2000,-12.7,187
2000,-12.6,187
2000,-12.5,188
2000,-12.4,189
2000,-12.3,189
2000,-12.2,190
2000,-12.1,190
2000,-12.0,190
2000,-11.9,190
2000,-11.8,190
2000,-11.7,190
2000,-11.6,190
2000,-11.5,190
2000,-11.4,190
2000,-11.3,190
2000,-11.2,190
2000,-11.1,190
2000,-11.0,190
2000,-10.9,191
2000,-10.8,191
2000,-10.7,191
2000,-10.6,191
2000,-10.5,193
2000,-10.4,193
2000,-10.3,193
2000,-10.2,193
2000,-10.1,193
2000,-10.0,193
2000,-9.9,193
2000,-9.8,193
2000,-9.7,194
2000,-9.6,194
2000,-9.5,195
2000,-9.4,195
2000,-9.3,195
2000,-9.2,196
2000,-9.1,196
2000,-9.0,197
2000,-8.9,197
2000,-8.8,197
2000,-8.7,197
2000,-8.6,198
2000,-8.5,199
2000,-8.4,199
2000,-8.3,199
2000,-8.2,199
2000,-8.1,199
2000,-8.0,199
2000,-7.9,199
2000,-7.8,200
2000,-7.7,200
2000,-7.6,200
2000,-7.5,200
2000,-7.4,200
2000,-7.3,200
2000,-7.2,200
2000,-7.1,201
2000,-7.0,202
2000,-6.9,203
2000,-6.8,203
2000,-6.7,203
2000,-6.6,203
2000,-6.5,203
2000,-6.4,203
2000,-6.3,203
2000,-6.2,203
2000,-6.1,203
2000,-6.0,203
2000,-5.9,203
2000,-5.8,203
2000,-5.7,203
2000,-5.6,203
2000,-5.5,203
2000,-5.4,203
2000,-5.3,203
2000,-5.2,203
2000,-5.1,203
2000,-5.0,203
2000,-4.9,203
2000,-4.8,203
2000,-4.7,203
2000,-4.6,203
2000,-4.5,203
2000,-4.4,203
2000,-4.3,203
2000,-4.2,204
2000,-4.1,205
2000,-4.0,205
2000,-3.9,205
2000,-3.8,205
2000,-3.7,205
2000,-3.6,206
2000,-3.5,206
2000,-3.4,206
2000,-3.3,206
2000,-3.2,207
2000,-3.1,207
2000,-3.0,207
2000,-2.9,207
2000,-2.8,207
2000,-2.7,208
2000,-2.6,208
2000,-2.5,208
2000,-2.4,208
2000,-2.3,208
2000,-2.2,208
2000,-2.1,208
2000,-2.0,208
2000,-1.9,210
2000,-1.8,210
2000,-1.7,210
2000,-1.6,210
2000,-1.5,211
2000,-1.4,211
2000,-1.3,211
2000,-1.2,211
2000,-1.1,211
2000,-1.0,211
2000,-0.9,211
2000,-0.8,211
2000,-0.7,211
2000,-0.6,211
2000,-0.5,211
2000,-0.4,211
2000,-0.3,211
2000,-0.2,212
2000,-0.1,212
2000,0.0,212
2000,0.1,214
2000,0.2,214
2000,0.3,215
2000,0.4,215
2000,0.5,215
2000,0.6,215
2000,0.7,215
2000,0.8,215
2000,0.9,215
2000,1.0,215
2000,1.1,216
2000,1.2,216
2000,1.3,217
2000,1.4,217
2000,1.5,217
2000,1.6,217
2000,1.7,218
2000,1.8,218
2000,1.9,218
2000,2.0,218
2000,2.1,218
2000,2.2,218
2000,2.3,218
2000,2.4,219
2000,2.5,219
2000,2.6,219
2000,2.7,219
2000,2.8,220
2000,2.9,220
2000,3.0,220
2000,3.1,220
2000,3.2,220
2000,3.3,220
2000,3.4,220
2000,3.5,220
2000,3.6,220
2000,3.7,220
2000,3.8,220
2000,3.9,220
2000,4.0,220
2000,4.1,221
2000,4.2,222
2000,4.3,222
2000,4.4,222
2000,4.5,222
2000,4.6,222
2000,4.7,222
2000,4.8,222
2000,4.9,222
2000,5.0,222
2000,5.1,222
2000,5.2,223
2000,5.3,223
2000,5.4,224
2000,5.5,224
2000,5.6,224
2000,5.7,224
2000,5.8,224
2000,5.9,224
2000,6.0,224
2000,6.1,224
2000,6.2,225
2000,6.3,225
2000,6.4,225
2000,6.5,226
2000,6.6,228
2000,6.7,228
2000,6.8,228
2000,6.9,228
2000,7.0,228
2000,7.1,228
2000,7.2,228
2000,7.3,228
2000,7.4,228
2000,7.5,228
2000,7.6,230
2000,7.7,230
2000,7.8,230
2000,7.9,230
2000,8.0,231
2000,8.1,231
2000,8.2,231
2000,8.3,231
2000,8.4,231
2000,8.5,231
2000,8.6,232
2000,8.7,232
2000,8.8,232
2000,8.9,232
2000,9.0,233
2000,9.1,233
2000,9.2,233
2000,9.3,233
2000,9.4,234
2000,9.5,234
2000,9.6,234
2000,9.7,234
2000,9.8,235
2000,9.9,235
2000,10.0,235
2000,10.1,235
2000,10.2,235
2000,10.3,235
2000,10.4,235
2000,10.5,235
2000,10.6,236
2000,10.7,236
2000,10.8,236
2000,10.9,236
2000,11.0,236
2000,11.1,236
2000,11.2,237
2000,11.3,237
2000,11.4,237
2000,11.5,237
2000,11.6,237
2000,11.7,237
2000,11.8,238
2000,11.9,239
2000,12.0,239
2000,12.1,239
2000,12.2,239
2000,12.3,240
2000,12.4,240
2000,12.5,240
2000,12.6,240
2000,12.7,240
2000,12.8,242
2000,12.9,242
2000,13.0,242
2000,13.1,242
2000,13.2,242
2000,13.3,243
2000,13.4,244
2000,13.5,245
2000,13.6,245
2000,13.7,245
2000,13.8,245
2000,13.9,245
2000,14.0,245
2000,14.1,246
2000,14.2,247
2000,14.3,247
2000,14.4,247
2000,14.5,247
2000,14.6,247
2000,14.7,247
2000,14.8,247
2000,14.9,247
2000,15.0,247
2000,15.1,248
2000,15.2,248
2000,15.3,248
2000,15.4,248
2000,15.5,248
2000,15.6,249
2000,15.7,249
2000,15.8,249
2000,15.9,250
2000,16.0,251
2000,16.1,252
2000,16.2,252
2000,16.3,254
2000,16.4,255
2000,16.5,256
2000,16.6,256
2000,16.7,256
2000,16.8,256
2000,16.9,256
2000,17.0,256
2000,17.1,257
2000,17.2,257
2000,17.3,257
2000,17.4,257
2000,17.5,257
2000,17.6,258
2000,17.7,258
2000,17.8,258
2000,17.9,260
2000,18.0,261
2000,18.1,262
2000,18.2,262
2000,18.3,262
2000,18.4,262
2000,18.5,262
2000,18.6,262
2000,18.7,262
2000,18.8,262
2000,18.9,262
2000,19.0,262
2000,19.1,262
2000,19.2,263
2000,19.3,263
2000,19.4,263
2000,19.5,264
2000,19.6,264
2000,19.7,264
2000,19.8,264
2000,19.9,265
2000,20.0,266
2000,20.1,266
2000,20.2,266
2000,20.3,266
2000,20.4,266
2000,20.5,267
2000,20.6,269
2000,20.7,269
2000,20.8,269
2000,20.9,269
2000,21.0,271
2000,21.1,271
2000,21.2,271
2000,21.3,271
2000,21.4,271
2000,21.5,273
2000,21.6,273
2000,21.7,275
2000,21.8,275
2000,21.9,276
2000,22.0,277
2000,22.1,277
2000,22.2,278
2000,22.3,278
2000,22.4,278
2000,22.5,279
2000,22.6,279
2000,22.7,279
2000,22.8,279
2000,22.9,279
2000,23.0,279
2000,23.1,279
2000,23.2,279
2000,23.3,279
2000,23.4,279
2000,23.5,279
2000,23.6,279
2000,23.7,281
2000,23.8,282
2000,23.9,282
2000,24.0,282
2000,24.1,282
2000,24.2,283
2000,24.3,283
2000,24.4,283
2000,24.5,284
2000,24.6,284
2000,24.7,284
2000,24.8,284
2000,24.9,284
2000,25.0,284
2002,-25.0,153
2002,-24.9,154
2002,-24.8,155
2002,-24.7,155
2002,-24.6,155
2002,-24.5,155
2002,-24.4,156
2002,-24.3,156
2002,-24.2,156
2002,-24.1,156
2002,-24.0,157
2002,-23.9,158
2002,-23.8,158
2002,-23.7,158
2002,-23.6,158
2002,-23.5,158
2002,-23.4,158
2002,-23.3,159
2002,-23.2,160
2002,-23.1,161
2002,-23.0,161
2002,-22.9,161
2002,-22.8,163
2002,-22.7,163
2002,-22.6,163
2002,-22.5,163
2002,-22.4,163
2002,-22.3,163
2002,-22.2,163
2002,-22.1,163
2002,-22.0,163
2002,-21.9,163
2002,-21.8,163
2002,-21.7,163
2002,-21.6,163
2002,-21.5,163
2002,-21.4,163
2002,-21.3,163
2002,-21.2,163
2002,-21.1,164
2002,-21.0,164
2002,-20.9,165
2002,-20.8,165
2002,-20.7,165
2002,-20.6,165
2002,-20.5,168
2002,-20.4,168
2002,-20.3,168
2002,-20.2,168
2002,-20.1,168
2002,-20.0,168
2002,-19.9,168
2002,-19.8,168
2002,-19.7,168
2002,-19.6,168
2002,-19.5,168
2002,-19.4,168
2002,-19.3,168
2002,-19.2,169
2002,-19.1,170
2002,-19.0,170
2002,-18.9,171
2002,-18.8,171
2002,-18.7,171
2002,-18.6,171
2002,-18.5,173
2002,-18.4,173
2002,-18.3,173
2002,-18.2,174
2002,-18.1,174
2002,-18.0,174
2002,-17.9,174
2002,-17.8,174
2002,-17.7,175
2002,-17.6,175
2002,-17.5,175
2002,-17.4,175
2002,-17.3,175
2002,-17.2,175
2002,-17.1,175
2002,-17.0,175
2002,-16.9,175
2002,-16.8,176
2002,-16.7,176
2002,-16.6,176
2002,-16.5,176
2002,-16.4,176
2002,-16.3,176
2002,-16.2,176
2002,-16.1,176
2002,-16.0,176
2002,-15.9,176
2002,-15.8,176
2002,-15.7,176
2002,-15.6,176
2002,-15.5,176
2002,-15.4,176
2002,-15.3,176
2002,-15.2,176
2002,-15.1,176
2002,-15.0,176
2002,-14.9,176
2002,-14.8,176
2002,-14.7,177
2002,-14.6,178
2002,-14.5,178
2002,-14.4,178
2002,-14.3,178
2002,-14.2,178
2002,-14.1,178
2002,-14.0,178
2002,-13.9,178
2002,-13.8,178
2002,-13.7,178
2002,-13.6,178
2002,-13.5,178
2002,-13.4,179
2002,-13.3,179
2002,-13.2,179
2002,-13.1,179
2002,-13.0,180
2002,-12.9,180
2002,-12.8,181
2002,-12.7,181
2002,-12.6,183
2002,-12.5,183
2002,-12.4,183
2002,-12.3,183
2002,-12.2,183
2002,-12.1,183
2002,-12.0,183
2002,-11.9,184
2002,-11.8,184
2002,-11.7,184
2002,-11.6,184
2002,-11.5,184
2002,-11.4,185
2002,-11.3,185
2002,-11.2,185
2002,-11.1,185
2002,-11.0,185
2002,-10.9,185
2002,-10.8,185
2002,-10.7,185
2002,-10.6,185
2002,-10.5,185
2002,-10.4,185
2002,-10.3,185
2002,-10.2,185
2002,-10.1,185
2002,-10.0,185
2002,-9.9,185
2002,-9.8,185
2002,-9.7,185
2002,-9.6,186
2002,-9.5,186
2002,-9.4,186
2002,-9.3,186
2002,-9.2,187
2002,-9.1,187
2002,-9.0,187
2002,-8.9,187
2002,-8.8,187
2002,-8.7,187
2002,-8.6,188
2002,-8.5,189
2002,-8.4,189
2002,-8.3,190
2002,-8.2,190
2002,-8.1,190
2002,-8.0,190
2002,-7.9,190
2002,-7.8,190
2002,-7.7,190
2002,-7.6,190
2002,-7.5,190
2002,-7.4,190
2002,-7.3,190
2002,-7.2,190
2002,-7.1,190
2002,-7.0,190
2002,-6.9,190
2002,-6.8,190
2002,-6.7,190
2002,-6.6,190
2002,-6.5,190
2002,-6.4,190
2002,-6.3,190
2002,-6.2,190
2002,-6.1,190
2002,-6.0,190
2002,-5.9,190
2002,-5.8,190
2002,-5.7,190
2002,-5.6,191
2002,-5.5,191
2002,-5.4,191
2002,-5.3,191
2002,-5.2,191
2002,-5.1,192
2002,-5.0,192
2002,-4.9,192
2002,-4.8,193
2002,-4.7,193
2002,-4.6,193
2002,-4.5,194
2002,-4.4,195
2002,-4.3,195
2002,-4.2,196
2002,-4.1,196
2002,-4.0,198
2002,-3.9,198
2002,-3.8,198
2002,-3.7,198
2002,-3.6,200
2002,-3.5,200
2002,-3.4,200
2002,-3.3,201
2002,-3.2,201
2002,-3.1,201
2002,-3.0,201
2002,-2.9,201
2002,-2.8,202
2002,-2.7,202
2002,-2.6,202
2002,-2.5,202
2002,-2.4,202
2002,-2.3,202
2002,-2.2,202
2002,-2.1,202
2002,-2.0,202
2002,-1.9,202
2002,-1.8,202
2002,-1.7,202
2002,-1.6,203
2002,-1.5,203
2002,-1.4,203
2002,-1.3,203
2002,-1.2,203
2002,-1.1,203
2002,-1.0,204
2002,-0.9,204
2002,-0.8,204
2002,-0.7,205
2002,-0.6,205
2002,-0.5,205
2002,-0.4,205
2002,-0.3,205
2002,-0.2,205
2002,-0.1,205
2002,0.0,205
2002,0.1,206
2002,0.2,206
2002,0.3,206
2002,0.4,206
2002,0.5,206
2002,0.6,206
2002,0.7,206
2002,0.8,206
2002,0.9,206
2002,1.0,206
2002,1.1,206
2002,1.2,206
2002,1.3,206
2002,1.4,206
2002,1.5,206
2002,1.6,206
2002,1.7,206
2002,1.8,207
2002,1.9,207
2002,2.0,207
2002,2.1,207
2002,2.2,208
2002,2.3,208
2002,2.4,208
2002,2.5,208
2002,2.6,208
2002,2.7,208
2002,2.8,209
2002,2.9,209
2002,3.0,209
2002,3.1,209
2002,3.2,209
2002,3.3,211
2002,3.4,211
2002,3.5,211
2002,3.6,211
2002,3.7,211
2002,3.8,212
2002,3.9,212
2002,4.0,212
2002,4.1,212
2002,4.2,212
2002,4.3,212
2002,4.4,213
2002,4.5,213
2002,4.6,213
2002,4.7,213
2002,4.8,213
2002,4.9,214
2002,5.0,214
2002,5.1,214
2002,5.2,214
2002,5.3,214
2002,5.4,214
2002,5.5,215
2002,5.6,215
2002,5.7,215
2002,5.8,215
2002,5.9,215
2002,6.0,215
2002,6.1,215
2002,6.2,215
2002,6.3,215
2002,6.4,215
2002,6.5,215
2002,6.6,216
2002,6.7,216
2002,6.8,216
2002,6.9,216
2002,7.0,216
2002,7.1,216
2002,7.2,216
2002,7.3,216
2002,7.4,216
2002,7.5,216
2002,7.6,216
2002,7.7,217
2002,7.8,217
2002,7.9,217
2002,8.0,218
2002,8.1,218
2002,8.2,219
2002,8.3,219
2002,8.4,219
2002,8.5,219
2002,8.6,219
2002,8.7,219
2002,8.8,219
2002,8.9,219
2002,9.0,219
2002,9.1,219
2002,9.2,220
2002,9.3,220
2002,9.4,220
2002,9.5,220
2002,9.6,222
2002,9.7,222
2002,9.8,222
2002,9.9,222
2002,10.0,222
2002,10.1,222
2002,10.2,222
2002,10.3,222
2002,10.4,223
2002,10.5,223
2002,10.6,223
2002,10.7,224
2002,10.8,224
2002,10.9,224
2002,11.0,224
2002,11.1,224
2002,11.2,224
2002,11.3,225
2002,11.4,225
2002,11.5,225
2002,11.6,225
2002,11.7,226
2002,11.8,226
2002,11.9,226
2002,12.0,227
2002,12.1,227
2002,12.2,227
2002,12.3,227
2002,12.4,227
2002,12.5,227
2002,12.6,228
2002,12.7,228
2002,12.8,228
2002,12.9,228
2002,13.0,229
2002,13.1,229
2002,13.2,229
2002,13.3,229
2002,13.4,229
2002,13.5,229
2002,13.6,229
2002,13.7,229
2002,13.8,231
2002,13.9,231
2002,14.0,231
2002,14.1,231
2002,14.2,231
2002,14.3,231
2002,14.4,231
2002,14.5,231
2002,14.6,232
2002,14.7,232
2002,14.8,233
2002,14.9,234
2002,15.0,234
2002,15.1,234
2002,15.2,234
2002,15.3,234
2002,15.4,234
2002,15.5,234
2002,15.6,234
2002,15.7,234
2002,15.8,234
2002,15.9,234
2002,16.0,234
2002,16.1,234
2002,16.2,234
2002,16.3,234
2002,16.4,235
2002,16.5,235
2002,16.6,235
2002,16.7,235
2002,16.8,235
2002,16.9,235
2002,17.0,235
2002,17.1,235
2002,17.2,235
2002,17.3,236
2002,17.4,236
2002,17.5,236
2002,17.6,237
2002,17.7,237
2002,17.8,237
2002,17.9,237
2002,18.0,237
2002,18.1,237
2002,18.2,238
2002,18.3,239
2002,18.4,239
2002,18.5,239
2002,18.6,240
2002,18.7,240
2002,18.8,240
2002,18.9,240
2002,19.0,240
2002,19.1,240
2002,19.2,241
2002,19.3,241
2002,19.4,241
2002,19.5,241
2002,19.6,241
2002,19.7,241
2002,19.8,241
2002,19.9,241
2002,20.0,241
2002,20.1,242
2002,20.2,244
2002,20.3,245
2002,20.4,246
2002,20.5,246
2002,20.6,246
2002,20.7,247
2002,20.8,247
2002,20.9,247
2002,21.0,247
2002,21.1,247
2002,21.2,247
2002,21.3,247
2002,21.4,247
2002,21.5,248
2002,21.6,248
2002,21.7,249
2002,21.8,249
2002,21.9,249
2002,22.0,249
2002,22.1,250
2002,22.2,250
2002,22.3,250
2002,22.4,250
2002,22.5,250
2002,22.6,250
2002,22.7,251
2002,22.8,251
2002,22.9,251
2002,23.0,251
2002,23.1,251
2002,23.2,253
2002,23.3,253
2002,23.4,254
2002,23.5,254
2002,23.6,254
2002,23.7,255
2002,23.8,255
2002,23.9,255
2002,24.0,255
2002,24.1,255
2002,24.2,257
2002,24.3,258
2002,24.4,259
2002,24.5,259
2002,24.6,259
2002,24.7,260
2002,24.8,260
2002,24.9,260
2002,25.0,260
2004,-25.0,162
2004,-24.9,162
2004,-24.8,162
2004,-24.7,162
2004,-24.6,162
2004,-24.5,163
2004,-24.4,163
2004,-24.3,163
2004,-24.2,163
2004,-24.1,163
2004,-24.0,163
2004,-23.9,163
2004,-23.8,164
2004,-23.7,165
2004,-23.6,166
2004,-23.5,166
2004,-23.4,166
2004,-23.3,166
2004,-23.2,167
2004,-23.1,167
2004,-23.0,167
2004,-22.9,167
2004,-22.8,167
2004,-22.7,167
2004,-22.6,167
2004,-22.5,167
2004,-22.4,167
2004,-22.3,167
2004,-22.2,167
2004,-22.1,167
2004,-22.0,167
2004,-21.9,167
2004,-21.8,167
2004,-21.7,167
2004,-21.6,167
2004,-21.5,167
2004,-21.4,167
2004,-21.3,169
2004,-21.2,169
2004,-21.1,169
2004,-21.0,169
2004,-20.9,170
2004,-20.8,170
2004,-20.7,172
2004,-20.6,172
2004,-20.5,173
2004,-20.4,173
2004,-20.3,173
2004,-20.2,174
2004,-20.1,174
2004,-20.0,174
2004,-19.9,174
2004,-19.8,174
2004,-19.7,175
2004,-19.6,175
2004,-19.5,175
2004,-19.4,176
2004,-19.3,176
2004,-19.2,176
2004,-19.1,177
2004,-19.0,178
2004,-18.9,178
2004,-18.8,179
2004,-18.7,179
2004,-18.6,179
2004,-18.5,179
2004,-18.4,179
2004,-18.3,179
2004,-18.2,179
2004,-18.1,179
2004,-18.0,179
2004,-17.9,180
2004,-17.8,180
2004,-17.7,180
2004,-17.6,180
2004,-17.5,181
2004,-17.4,181
2004,-17.3,181
2004,-17.2,181
2004,-17.1,182
2004,-17.0,182
2004,-16.9,182
2004,-16.8,182
2004,-16.7,182
2004,-16.6,182
2004,-16.5,182
2004,-16.4,182
2004,-16.3,183
2004,-16.2,183
2004,-16.1,183
2004,-16.0,183
2004,-15.9,183
2004,-15.8,183
2004,-15.7,183
2004,-15.6,183
2004,-15.5,183
2004,-15.4,183
2004,-15.3,183
2004,-15.2,183
2004,-15.1,183
2004,-15.0,183
2004,-14.9,184
2004,-14.8,184
2004,-14.7,184
2004,-14.6,184
2004,-14.5,184
2004,-14.4,184
2004,-14.3,184
2004,-14.2,184
2004,-14.1,184
2004,-14.0,184
2004,-13.9,184
2004,-13.8,184
2004,-13.7,184
2004,-13.6,184
2004,-13.5,184
2004,-13.4,185
2004,-13.3,185
2004,-13.2,185
2004,-13.1,185
2004,-13.0,185
2004,-12.9,186
2004,-12.8,186
2004,-12.7,186
2004,-12.6,186
2004,-12.5,186
2004,-12.4,187
2004,-12.3,187
2004,-12.2,187
2004,-12.1,187
2004,-12.0,187
2004,-11.9,187
2004,-11.8,187
2004,-11.7,188
2004,-11.6,189
2004,-11.5,189
2004,-11.4,190
2004,-11.3,190
2004,-11.2,190
2004,-11.1,190
2004,-11.0,190
2004,-10.9,190
2004,-10.8,191
2004,-10.7,191
2004,-10.6,191
2004,-10.5,191
2004,-10.4,192
2004,-10.3,192
2004,-10.2,192
2004,-10.1,192
2004,-10.0,192
2004,-9.9,192
2004,-9.8,192
2004,-9.7,192
2004,-9.6,192
2004,-9.5,192
2004,-9.4,192
2004,-9.3,192
2004,-9.2,192
2004,-9.1,192
2004,-9.0,192
2004,-8.9,192
2004,-8.8,192
2004,-8.7,193
2004,-8.6,193
2004,-8.5,193
2004,-8.4,193
2004,-8.3,193
2004,-8.2,193
2004,-8.1,193
2004,-8.0,193
2004,-7.9,193
2004,-7.8,194
2004,-7.7,194
2004,-7.6,194
2004,-7.5,195
2004,-7.4,195
2004,-7.3,195
2004,-7.2,195
2004,-7.1,195
2004,-7.0,195
2004,-6.9,195
2004,-6.8,196
2004,-6.7,196
2004,-6.6,196
2004,-6.5,196
2004,-6.4,196
2004,-6.3,196
2004,-6.2,196
2004,-6.1,196
2004,-6.0,196
2004,-5.9,196
2004,-5.8,196
2004,-5.7,196
2004,-5.6,196
2004,-5.5,196
2004,-5.4,196
2004,-5.3,196
2004,-5.2,196
2004,-5.1,196
2004,-5.0,196
2004,-4.9,196
2004,-4.8,196
2004,-4.7,196
2004,-4.6,196
2004,-4.5,196
2004,-4.4,196
2004,-4.3,196
2004,-4.2,196
2004,-4.1,197
2004,-4.0,197
2004,-3.9,197
2004,-3.8,198
2004,-3.7,198
2004,-3.6,199
2004,-3.5,199
2004,-3.4,199
2004,-3.3,200
2004,-3.2,200
2004,-3.1,200
2004,-3.0,200
2004,-2.9,200
2004,-2.8,200
2004,-2.7,200
2004,-2.6,200
2004,-2.5,200
2004,-2.4,200
2004,-2.3,200
2004,-2.2,200
2004,-2.1,200
2004,-2.0,200
2004,-1.9,200
2004,-1.8,200
2004,-1.7,200
2004,-1.6,200
2004,-1.5,200
2004,-1.4,200
2004,-1.3,201
2004,-1.2,201
2004,-1.1,201
2004,-1.0,201
2004,-0.9,201
2004,-0.8,201
2004,-0.7,201
2004,-0.6,201
2004,-0.5,201
2004,-0.4,202
2004,-0.3,202
2004,-0.2,202
2004,-0.1,202
2004,0.0,202
2004,0.1,202
2004,0.2,202
2004,0.3,202
2004,0.4,202
2004,0.5,202
2004,0.6,203
2004,0.7,203
2004,0.8,203
2004,0.9,203
2004,1.0,203
2004,1.1,203
2004,1.2,203
2004,1.3,203
2004,1.4,203
2004,1.5,203
2004,1.6,203
2004,1.7,203
2004,1.8,203
2004,1.9,203
2004,2.0,203
2004,2.1,204
2004,2.2,204
2004,2.3,204
2004,2.4,204
2004,2.5,204
2004,2.6,204
2004,2.7,204
2004,2.8,204
2004,2.9,204
2004,3.0,204
2004,3.1,204
2004,3.2,204
2004,3.3,204
2004,3.4,204
2004,3.5,204
2004,3.6,204
2004,3.7,204
2004,3.8,204
2004,3.9,204
2004,4.0,204
2004,4.1,204
2004,4.2,204
2004,4.3,204
2004,4.4,204
2004,4.5,204
2004,4.6,204
2004,4.7,204
2004,4.8,204
2004,4.9,206
2004,5.0,206
2004,5.1,206
2004,5.2,206
2004,5.3,206
2004,5.4,206
2004,5.5,206
2004,5.6,206
2004,5.7,206
2004,5.8,206
2004,5.9,206
2004,6.0,206
2004,6.1,206
2004,6.2,206
2004,6.3,206
2004,6.4,206
2004,6.5,206
2004,6.6,207
2004,6.7,207
2004,6.8,207
2004,6.9,207
2004,7.0,207
2004,7.1,207
2004,7.2,207
2004,7.3,207
2004,7.4,207
2004,7.5,207
2004,7.6,207
2004,7.7,207
2004,7.8,207
2004,7.9,207
2004,8.0,207
2004,8.1,208
2004,8.2,208
2004,8.3,208
2004,8.4,208
2004,8.5,209
2004,8.6,209
2004,8.7,209
2004,8.8,209
2004,8.9,210
2004,9.0,210
2004,9.1,211
2004,9.2,211
2004,9.3,211
2004,9.4,211
2004,9.5,211
2004,9.6,211
2004,9.7,211
2004,9.8,212
2004,9.9,213
2004,10.0,214
2004,10.1,214
2004,10.2,214
2004,10.3,215
2004,10.4,215
2004,10.5,216
2004,10.6,216
2004,10.7,218
2004,10.8,219
2004,10.9,219
2004,11.0,219
2004,11.1,220
2004,11.2,221
2004,11.3,222
2004,11.4,222
2004,11.5,222
2004,11.6,223
2004,11.7,224
2004,11.8,224
2004,11.9,224
2004,12.0,224
2004,12.1,225
2004,12.2,226
2004,12.3,227
2004,12.4,227
2004,12.5,227
2004,12.6,227
2004,12.7,227
2004,12.8,227
2004,12.9,228
2004,13.0,228
2004,13.1,228
2004,13.2,228
2004,13.3,228
2004,13.4,228
2004,13.5,228
2004,13.6,228
2004,13.7,228
2004,13.8,228
2004,13.9,229
2004,14.0,229
2004,14.1,229
2004,14.2,229
2004,14.3,229
2004,14.4,229
2004,14.5,229
2004,14.6,229
2004,14.7,230
2004,14.8,231
2004,14.9,232
2004,15.0,232
2004,15.1,232
2004,15.2,232
2004,15.3,233
2004,15.4,233
2004,15.5,234
2004,15.6,234
2004,15.7,234
2004,15.8,234
2004,15.9,234
2004,16.0,234
2004,16.1,234
2004,16.2,234
2004,16.3,235
2004,16.4,236
2004,16.5,236
2004,16.6,236
2004,16.7,238
2004,16.8,238
2004,16.9,238
2004,17.0,238
2004,17.1,238
2004,17.2,238
2004,17.3,239
2004,17.4,240
2004,17.5,240
2004,17.6,240
2004,17.7,241
2004,17.8,241
2004,17.9,241
2004,18.0,242
2004,18.1,242
2004,18.2,242
2004,18.3,242
2004,18.4,242
2004,18.5,242
2004,18.6,243
2004,18.7,244
2004,18.8,244
2004,18.9,244
2004,19.0,244
2004,19.1,244
2004,19.2,244
2004,19.3,245
2004,19.4,246
2004,19.5,246
2004,19.6,246
2004,19.7,247
2004,19.8,248
2004,19.9,248
2004,20.0,248
2004,20.1,249
2004,20.2,251
2004,20.3,251
2004,20.4,252
2004,20.5,252
2004,20.6,252
2004,20.7,253
2004,20.8,253
2004,20.9,254
2004,21.0,254
2004,21.1,255
2004,21.2,255
2004,21.3,256
2004,21.4,256
2004,21.5,256
2004,21.6,256
2004,21.7,256
2004,21.8,257
2004,21.9,258
2004,22.0,259
2004,22.1,260
2004,22.2,261
2004,22.3,261
2004,22.4,262
2004,22.5,264
2004,22.6,264
2004,22.7,264
2004,22.8,264
2004,22.9,264
2004,23.0,265
2004,23.1,266
2004,23.2,267
2004,23.3,268
2004,23.4,268
2004,23.5,268
2004,23.6,269
2004,23.7,269
2004,23.8,269
2004,23.9,269
2004,24.0,271
2004,24.1,271
2004,24.2,271
2004,24.3,271
2004,24.4,271
2004,24.5,271
2004,24.6,272
2004,24.7,273
2004,24.8,273
2004,24.9,273
2004,25.0,273
2006,-25.0,182
2006,-24.9,182
2006,-24.8,182
2006,-24.7,182
2006,-24.6,184
2006,-24.5,184
2006,-24.4,185
2006,-24.3,185
2006,-24.2,185
2006,-24.1,187
2006,-24.0,187
2006,-23.9,187
2006,-23.8,187
2006,-23.7,187
2006,-23.6,187
2006,-23.5,188
2006,-23.4,188
2006,-23.3,188
2006,-23.2,188
2006,-23.1,188
2006,-23.0,188
2006,-22.9,188
2006,-22.8,188
2006,-22.7,188
2006,-22.6,188
2006,-22.5,189
2006,-22.4,190
2006,-22.3,190
2006,-22.2,190
2006,-22.1,190
2006,-22.0,192
2006,-21.9,192
2006,-21.8,192
2006,-21.7,192
2006,-21.6,192
2006,-21.5,193
2006,-21.4,193
2006,-21.3,193
2006,-21.2,193
2006,-21.1,193
2006,-21.0,194
2006,-20.9,194
2006,-20.8,194
2006,-20.7,194
2006,-20.6,194
2006,-20.5,194
2006,-20.4,194
2006,-20.3,194
2006,-20.2,194
2006,-20.1,194
2006,-20.0,194
2006,-19.9,194
2006,-19.8,194
2006,-19.7,194
2006,-19.6,194
2006,-19.5,194
2006,-19.4,194
2006,-19.3,194
2006,-19.2,194
2006,-19.1,194
2006,-19.0,194
2006,-18.9,194
2006,-18.8,194
2006,-18.7,194
2006,-18.6,195
2006,-18.5,195
2006,-18.4,195
2006,-18.3,195
2006,-18.2,195
2006,-18.1,195
2006,-18.0,197
2006,-17.9,197
2006,-17.8,197
2006,-17.7,197
2006,-17.6,197
2006,-17.5,197
2006,-17.4,197
2006,-17.3,197
2006,-17.2,197
2006,-17.1,197
2006,-17.0,197
2006,-16.9,197
2006,-16.8,197
2006,-16.7,197
2006,-16.6,197
2006,-16.5,197
2006,-16.4,197
2006,-16.3,197
2006,-16.2,197
2006,-16.1,197
2006,-16.0,197
2006,-15.9,197
2006,-15.8,197
2006,-15.7,197
2006,-15.6,197
2006,-15.5,197
2006,-15.4,197
2006,-15.3,197
2006,-15.2,197
2006,-15.1,197
2006,-15.0,197
2006,-14.9,197
2006,-14.8,197
2006,-14.7,197
2006,-14.6,197
2006,-14.5,197
2006,-14.4,197
2006,-14.3,198
2006,-14.2,198
2006,-14.1,198
2006,-14.0,198
2006,-13.9,198
2006,-13.8,199
2006,-13.7,199
2006,-13.6,199
2006,-13.5,199
2006,-13.4,199
2006,-13.3,199
2006,-13.2,200
2006,-13.1,200
2006,-13.0,200
2006,-12.9,201
2006,-12.8,201
2006,-12.7,202
2006,-12.6,203
2006,-12.5,203
2006,-12.4,203
2006,-12.3,203
2006,-12.2,203
2006,-12.1,203
2006,-12.0,204
2006,-11.9,204
2006,-11.8,204
2006,-11.7,204
2006,-11.6,204
2006,-11.5,205
2006,-11.4,205
2006,-11.3,205
2006,-11.2,205
2006,-11.1,205
2006,-11.0,205
2006,-10.9,205
2006,-10.8,205
2006,-10.7,205
2006,-10.6,205
2006,-10.5,205
2006,-10.4,205
2006,-10.3,205
2006,-10.2,205
2006,-10.1,205
2006,-10.0,205
2006,-9.9,205
2006,-9.8,205
2006,-9.7,205
2006,-9.6,205
2006,-9.5,205
2006,-9.4,205
2006,-9.3,205
2006,-9.2,205
2006,-9.1,205
2006,-9.0,206
2006,-8.9,206
2006,-8.8,207
2006,-8.7,207
2006,-8.6,207
2006,-8.5,208
2006,-8.4,208
2006,-8.3,208
2006,-8.2,208
2006,-8.1,208
2006,-8.0,208
2006,-7.9,209
2006,-7.8,209
2006,-7.7,209
2006,-7.6,209
2006,-7.5,211
2006,-7.4,211
2006,-7.3,211
2006,-7.2,213
2006,-7.1,213
2006,-7.0,213
2006,-6.9,213
2006,-6.8,213
2006,-6.7,213
2006,-6.6,213
2006,-6.5,214
2006,-6.4,214
2006,-6.3,214
2006,-6.2,214
2006,-6.1,215
2006,-6.0,215
2006,-5.9,215
2006,-5.8,216
2006,-5.7,216
2006,-5.6,217
2006,-5.5,217
2006,-5.4,218
2006,-5.3,218
2006,-5.2,218
2006,-5.1,218
2006,-5.0,218
2006,-4.9,218
2006,-4.8,218
2006,-4.7,219
2006,-4.6,219
2006,-4.5,219
2006,-4.4,219
2006,-4.3,219
2006,-4.2,219
2006,-4.1,220
2006,-4.0,220
2006,-3.9,220
2006,-3.8,222
2006,-3.7,222
2006,-3.6,222
2006,-3.5,223
2006,-3.4,223
2006,-3.3,223
2006,-3.2,223
2006,-3.1,223
2006,-3.0,223
2006,-2.9,223
2006,-2.8,224
2006,-2.7,224
2006,-2.6,225
2006,-2.5,225
2006,-2.4,227
2006,-2.3,227
2006,-2.2,227
2006,-2.1,228
2006,-2.0,228
2006,-1.9,229
2006,-1.8,229
2006,-1.7,229
2006,-1.6,229
2006,-1.5,229
2006,-1.4,229
2006,-1.3,229
2006,-1.2,229
2006,-1.1,229
2006,-1.0,230
2006,-0.9,230
2006,-0.8,230
2006,-0.7,230
2006,-0.6,232
2006,-0.5,232
2006,-0.4,232
2006,-0.3,232
2006,-0.2,232
2006,-0.1,232
2006,0.0,233
2006,0.1,233
2006,0.2,234
2006,0.3,235
2006,0.4,235
2006,0.5,237
2006,0.6,238
2006,0.7,238
2006,0.8,238
2006,0.9,238
2006,1.0,238
2006,1.1,239
2006,1.2,239
2006,1.3,239
2006,1.4,240
2006,1.5,240
2006,1.6,242
2006,1.7,242
2006,1.8,242
2006,1.9,242
2006,2.0,243
2006,2.1,243
2006,2.2,243
2006,2.3,243
2006,2.4,243
2006,2.5,243
2006,2.6,243
2006,2.7,243
2006,2.8,244
2006,2.9,246
2006,3.0,248
2006,3.1,248
2006,3.2,248
2006,3.3,248
2006,3.4,249
2006,3.5,250
2006,3.6,250
2006,3.7,250
2006,3.8,250
2006,3.9,250
2006,4.0,251
2006,4.1,251
2006,4.2,252
2006,4.3,252
2006,4.4,252
2006,4.5,253
2006,4.6,253
2006,4.7,253
2006,4.8,253
2006,4.9,253
2006,5.0,253
2006,5.1,253
2006,5.2,253
2006,5.3,253
2006,5.4,253
2006,5.5,255
2006,5.6,255
2006,5.7,256
2006,5.8,256
2006,5.9,256
2006,6.0,256
2006,6.1,256
2006,6.2,256
2006,6.3,256
2006,6.4,256
2006,6.5,256
2006,6.6,256
2006,6.7,256
2006,6.8,257
2006,6.9,257
2006,7.0,257
2006,7.1,257
2006,7.2,258
2006,7.3,258
2006,7.4,258
2006,7.5,258
2006,7.6,258
2006,7.7,258
2006,7.8,258
2006,7.9,258
2006,8.0,258
2006,8.1,258
2006,8.2,258
2006,8.3,258
2006,8.4,258
2006,8.5,258
2006,8.6,259
2006,8.7,260
2006,8.8,262
2006,8.9,262
2006,9.0,262
2006,9.1,262
2006,9.2,262
2006,9.3,262
2006,9.4,263
2006,9.5,263
2006,9.6,263
2006,9.7,263
2006,9.8,263
2006,9.9,263
2006,10.0,265
2006,10.1,265
2006,10.2,266
2006,10.3,266
2006,10.4,267
2006,10.5,267
2006,10.6,267
2006,10.7,267
2006,10.8,267
2006,10.9,268
2006,11.0,268
2006,11.1,268
2006,11.2,268
2006,11.3,269
2006,11.4,269
2006,11.5,270
2006,11.6,270
2006,11.7,270
2006,11.8,270
2006,11.9,271
2006,12.0,272
2006,12.1,274
2006,12.2,274
2006,12.3,274
2006,12.4,274
2006,12.5,274
2006,12.6,276
2006,12.7,276
2006,12.8,277
2006,12.9,277
2006,13.0,277
2006,13.1,277
2006,13.2,277
2006,13.3,277
2006,13.4,277
2006,13.5,277
2006,13.6,278
2006,13.7,279
2006,13.8,279
2006,13.9,279
2006,14.0,279
2006,14.1,279
2006,14.2,279
2006,14.3,279
2006,14.4,281
2006,14.5,282
2006,14.6,282
2006,14.7,283
2006,14.8,283
2006,14.9,283
2006,15.0,283
2006,15.1,283
2006,15.2,284
2006,15.3,284
2006,15.4,284
2006,15.5,284
2006,15.6,286
2006,15.7,287
2006,15.8,287
2006,15.9,288
2006,16.0,288
2006,16.1,288
2006,16.2,288
2006,16.3,288
2006,16.4,288
2006,16.5,288
2006,16.6,288
2006,16.7,291
2006,16.8,293
2006,16.9,293
2006,17.0,294
2006,17.1,295
2006,17.2,296
2006,17.3,296
2006,17.4,296
2006,17.5,297
2006,17.6,297
2006,17.7,297
2006,17.8,298
2006,17.9,298
2006,18.0,298
2006,18.1,298
2006,18.2,298
2006,18.3,298
2006,18.4,298
2006,18.5,298
2006,18.6,298
2006,18.7,298
2006,18.8,298
2006,18.9,298
2006,19.0,300
2006,19.1,301
2006,19.2,304
2006,19.3,305
2006,19.4,306
2006,19.5,306
2006,19.6,307
2006,19.7,307
2006,19.8,309
2006,19.9,310
2006,20.0,311
2006,20.1,313
2006,20.2,315
2006,20.3,317
2006,20.4,318
2006,20.5,318
2006,20.6,318
2006,20.7,319
2006,20.8,319
2006,20.9,319
2006,21.0,319
2006,21.1,320
2006,21.2,321
2006,21.3,323
2006,21.4,324
2006,21.5,326
2006,21.6,327
2006,21.7,327
2006,21.8,327
2006,21.9,327
2006,22.0,327
2006,22.1,327
2006,22.2,327
2006,22.3,328
2006,22.4,328
2006,22.5,328
2006,22.6,329
2006,22.7,329
2006,22.8,329
2006,22.9,329
2006,23.0,331
2006,23.1,331
2006,23.2,331
2006,23.3,331
2006,23.4,333
2006,23.5,333
2006,23.6,334
2006,23.7,337
2006,23.8,338
2006,23.9,338
2006,24.0,339
2006,24.1,340
2006,24.2,340
2006,24.3,341
2006,24.4,342
2006,24.5,343
2006,24.6,343
2006,24.7,344
2006,24.8,345
2006,24.9,345
2006,25.0,345
2008,-25.0,191
2008,-24.9,192
2008,-24.8,192
2008,-24.7,193
2008,-24.6,193
2008,-24.5,193
2008,-24.4,193
2008,-24.3,193
2008,-24.2,194
2008,-24.1,194
2008,-24.0,194
2008,-23.9,195
2008,-23.8,196
2008,-23.7,196
2008,-23.6,196
2008,-23.5,196
2008,-23.4,196
2008,-23.3,196
2008,-23.2,197
2008,-23.1,197
2008,-23.0,197
2008,-22.9,197
2008,-22.8,197
2008,-22.7,197
2008,-22.6,197
2008,-22.5,197
2008,-22.4,197
2008,-22.3,197
2008,-22.2,197
2008,-22.1,197
2008,-22.0,197
2008,-21.9,197
2008,-21.8,197
2008,-21.7,197
2008,-21.6,199
2008,-21.5,199
2008,-21.4,200
2008,-21.3,200
2008,-21.2,200
2008,-21.1,200
2008,-21.0,200
2008,-20.9,200
2008,-20.8,200
2008,-20.7,200
2008,-20.6,201
2008,-20.5,201
2008,-20.4,201
2008,-20.3,202
2008,-20.2,202
2008,-20.1,203
2008,-20.0,203
2008,-19.9,203
2008,-19.8,203
2008,-19.7,204
2008,-19.6,204
2008,-19.5,204
2008,-19.4,204
2008,-19.3,204
2008,-19.2,204
2008,-19.1,206
2008,-19.0,206
2008,-18.9,206
2008,-18.8,206
2008,-18.7,207
2008,-18.6,208
2008,-18.5,208
2008,-18.4,208
2008,-18.3,208
2008,-18.2,208
2008,-18.1,208
2008,-18.0,208
2008,-17.9,208
2008,-17.8,208
2008,-17.7,208
2008,-17.6,208
2008,-17.5,208
2008,-17.4,209
2008,-17.3,210
2008,-17.2,211
2008,-17.1,212
2008,-17.0,212
2008,-16.9,212
2008,-16.8,212
2008,-16.7,213
2008,-16.6,213
2008,-16.5,213
2008,-16.4,213
2008,-16.3,214
2008,-16.2,214
2008,-16.1,214
2008,-16.0,214
2008,-15.9,214
2008,-15.8,214
2008,-15.7,215
2008,-15.6,215
2008,-15.5,215
2008,-15.4,216
2008,-15.3,218
2008,-15.2,218
2008,-15.1,218
2008,-15.0,218
2008,-14.9,218
2008,-14.8,218
2008,-14.7,218
2008,-14.6,218
2008,-14.5,218
2008,-14.4,220
2008,-14.3,220
2008,-14.2,220
2008,-14.1,221
2008,-14.0,221
2008,-13.9,221
2008,-13.8,221
2008,-13.7,221
2008,-13.6,221
2008,-13.5,221
2008,-13.4,221
2008,-13.3,222
2008,-13.2,222
2008,-13.1,222
2008,-13.0,222
2008,-12.9,222
2008,-12.8,222
2008,-12.7,222
2008,-12.6,223
2008,-12.5,223
2008,-12.4,223
2008,-12.3,224
2008,-12.2,225
2008,-12.1,225
2008,-12.0,225
2008,-11.9,227
2008,-11.8,227
2008,-11.7,228
2008,-11.6,228
2008,-11.5,228
2008,-11.4,228
2008,-11.3,229
2008,-11.2,229
2008,-11.1,229
2008,-11.0,229
2008,-10.9,229
2008,-10.8,229
2008,-10.7,232
2008,-10.6,232
2008,-10.5,233
2008,-10.4,233
2008,-10.3,233
2008,-10.2,233
2008,-10.1,233
2008,-10.0,233
2008,-9.9,235
2008,-9.8,235
2008,-9.7,236
2008,-9.6,236
2008,-9.5,236
2008,-9.4,236
2008,-9.3,237
2008,-9.2,237
2008,-9.1,237
2008,-9.0,237
2008,-8.9,237
2008,-8.8,237
2008,-8.7,237
2008,-8.6,237
2008,-8.5,237
2008,-8.4,237
2008,-8.3,237
2008,-8.2,237
2008,-8.1,238
2008,-8.0,238
2008,-7.9,238
2008,-7.8,238
2008,-7.7,238
2008,-7.6,238
2008,-7.5,239
2008,-7.4,239
2008,-7.3,239
2008,-7.2,239
2008,-7.1,239
2008,-7.0,239
2008,-6.9,239
2008,-6.8,239
2008,-6.7,239
2008,-6.6,239
2008,-6.5,239
2008,-6.4,239
2008,-6.3,239
2008,-6.2,239
2008,-6.1,239
2008,-6.0,240
2008,-5.9,240
2008,-5.8,240
2008,-5.7,241
2008,-5.6,241
2008,-5.5,241
2008,-5.4,241
2008,-5.3,241
2008,-5.2,241
2008,-5.1,241
2008,-5.0,241
2008,-4.9,243
2008,-4.8,243
2008,-4.7,243
2008,-4.6,243
2008,-4.5,243
2008,-4.4,243
2008,-4.3,243
2008,-4.2,243
2008,-4.1,244
2008,-4.0,245
2008,-3.9,246
2008,-3.8,247
2008,-3.7,247
2008,-3.6,248
2008,-3.5,248
2008,-3.4,248
2008,-3.3,248
2008,-3.2,249
2008,-3.1,249
2008,-3.0,249
2008,-2.9,249
2008,-2.8,249
2008,-2.7,249
2008,-2.6,249
2008,-2.5,249
2008,-2.4,251
2008,-2.3,251
2008,-2.2,251
2008,-2.1,251
2008,-2.0,251
2008,-1.9,252
2008,-1.8,252
2008,-1.7,252
2008,-1.6,252
2008,-1.5,252
2008,-1.4,252
2008,-1.3,252
2008,-1.2,253
2008,-1.1,253
2008,-1.0,253
2008,-0.9,253
2008,-0.8,255
2008,-0.7,255
2008,-0.6,256
2008,-0.5,256
2008,-0.4,256
2008,-0.3,256
2008,-0.2,257
2008,-0.1,257
2008,0.0,257
2008,0.1,257
2008,0.2,257
2008,0.3,257
2008,0.4,258
2008,0.5,259
2008,0.6,259
2008,0.7,259
2008,0.8,259
2008,0.9,259
2008,1.0,259
2008,1.1,259
2008,1.2,259
2008,1.3,259
2008,1.4,259
2008,1.5,259
2008,1.6,259
2008,1.7,259
2008,1.8,259
2008,1.9,259
2008,2.0,259
2008,2.1,259
2008,2.2,259
2008,2.3,259
2008,2.4,260
2008,2.5,260
2008,2.6,261
2008,2.7,261
2008,2.8,261
2008,2.9,262
2008,3.0,262
2008,3.1,262
2008,3.2,262
2008,3.3,262
2008,3.4,263
2008,3.5,263
2008,3.6,263
2008,3.7,263
2008,3.8,263
2008,3.9,264
2008,4.0,264
2008,4.1,265
2008,4.2,265
2008,4.3,266
2008,4.4,266
2008,4.5,266
2008,4.6,267
2008,4.7,267
2008,4.8,267
2008,4.9,267
2008,5.0,267
2008,5.1,267
2008,5.2,269
2008,5.3,269
2008,5.4,270
2008,5.5,271
2008,5.6,272
2008,5.7,272
2008,5.8,272
2008,5.9,272
2008,6.0,273
2008,6.1,273
2008,6.2,274
2008,6.3,275
2008,6.4,275
2008,6.5,275
2008,6.6,275
2008,6.7,275
2008,6.8,275
2008,6.9,275
2008,7.0,275
2008,7.1,275
2008,7.2,275
2008,7.3,276
2008,7.4,276
2008,7.5,276
2008,7.6,277
2008,7.7,277
2008,7.8,277
2008,7.9,277
2008,8.0,277
2008,8.1,277
2008,8.2,278
2008,8.3,278
2008,8.4,278
2008,8.5,278
2008,8.6,279
2008,8.7,280
2008,8.8,280
2008,8.9,281
2008,9.0,282
2008,9.1,282
2008,9.2,282
2008,9.3,282
2008,9.4,282
2008,9.5,282
2008,9.6,282
2008,9.7,282
2008,9.8,282
2008,9.9,283
2008,10.0,283
2008,10.1,283
2008,10.2,284
2008,10.3,285
2008,10.4,285
2008,10.5,285
2008,10.6,285
2008,10.7,285
2008,10.8,285
2008,10.9,285
2008,11.0,285
2008,11.1,286
2008,11.2,287
2008,11.3,287
2008,11.4,287
2008,11.5,287
2008,11.6,287
2008,11.7,288
2008,11.8,288
2008,11.9,288
2008,12.0,288
2008,12.1,288
2008,12.2,288
2008,12.3,288
2008,12.4,288
2008,12.5,289
2008,12.6,289
2008,12.7,289
2008,12.8,289
2008,12.9,289
2008,13.0,290
2008,13.1,290
2008,13.2,291
2008,13.3,291
2008,13.4,291
2008,13.5,291
2008,13.6,291
2008,13.7,291
2008,13.8,293
2008,13.9,293
2008,14.0,293
2008,14.1,293
2008,14.2,294
2008,14.3,294
2008,14.4,294
2008,14.5,294
2008,14.6,294
2008,14.7,294
2008,14.8,295
2008,14.9,295
2008,15.0,296
2008,15.1,297
2008,15.2,300
2008,15.3,300
2008,15.4,301
2008,15.5,302
2008,15.6,303
2008,15.7,303
2008,15.8,305
2008,15.9,306
2008,16.0,306
2008,16.1,307
2008,16.2,308
2008,16.3,308
2008,16.4,309
2008,16.5,310
2008,16.6,311
2008,16.7,311
2008,16.8,312
2008,16.9,313
2008,17.0,313
2008,17.1,314
2008,17.2,315
2008,17.3,316
2008,17.4,316
2008,17.5,316
2008,17.6,316
2008,17.7,316
2008,17.8,316
2008,17.9,316
2008,18.0,316
2008,18.1,316
2008,18.2,316
2008,18.3,317
2008,18.4,317
2008,18.5,317
2008,18.6,317
2008,18.7,317
2008,18.8,317
2008,18.9,317
2008,19.0,317
2008,19.1,317
2008,19.2,318
2008,19.3,318
2008,19.4,319
2008,19.5,319
2008,19.6,319
2008,19.7,320
2008,19.8,321
2008,19.9,321
2008,20.0,321
2008,20.1,321
2008,20.2,323
2008,20.3,323
2008,20.4,325
2008,20.5,326
2008,20.6,326
2008,20.7,326
2008,20.8,326
2008,20.9,327
2008,21.0,327
2008,21.1,327
2008,21.2,328
2008,21.3,328
2008,21.4,330
2008,21.5,331
2008,21.6,331
2008,21.7,332
2008,21.8,334
2008,21.9,334
2008,22.0,334
2008,22.1,334
2008,22.2,334
2008,22.3,335
2008,22.4,336
2008,22.5,336
2008,22.6,336
2008,22.7,336
2008,22.8,336
2008,22.9,336
2008,23.0,336
2008,23.1,338
2008,23.2,338
2008,23.3,339
2008,23.4,340
2008,23.5,341
2008,23.6,341
2008,23.7,342
2008,23.8,342
2008,23.9,343
2008,24.0,343
2008,24.1,345
2008,24.2,345
2008,24.3,345
2008,24.4,345
2008,24.5,346
2008,24.6,347
2008,24.7,347
2008,24.8,347
2008,24.9,347
2008,25.0,347
2010,-25.0,99
2010,-24.9,99
2010,-24.8,99
2010,-24.7,99
2010,-24.6,99
2010,-24.5,99
2010,-24.4,100
2010,-24.3,101
2010,-24.2,101
2010,-24.1,103
2010,-24.0,104
2010,-23.9,104
2010,-23.8,104
2010,-23.7,104
2010,-23.6,105
2010,-23.5,105
2010,-23.4,105
2010,-23.3,105
2010,-23.2,106
2010,-23.1,106
2010,-23.0,106
2010,-22.9,106
2010,-22.8,106
2010,-22.7,107
2010,-22.6,107
2010,-22.5,107
2010,-22.4,108
2010,-22.3,108
2010,-22.2,108
2010,-22.1,108
2010,-22.0,108
2010,-21.9,108
2010,-21.8,110
2010,-21.7,111
2010,-21.6,112
2010,-21.5,112
2010,-21.4,112
2010,-21.3,113
2010,-21.2,113
2010,-21.1,114
2010,-21.0,114
2010,-20.9,114
2010,-20.8,114
2010,-20.7,114
2010,-20.6,114
2010,-20.5,115
2010,-20.4,116
2010,-20.3,116
2010,-20.2,116
2010,-20.1,117
2010,-20.0,117
2010,-19.9,117
2010,-19.8,117
2010,-19.7,117
2010,-19.6,117
2010,-19.5,117
2010,-19.4,117
2010,-19.3,117
2010,-19.2,118
2010,-19.1,118
2010,-19.0,118
2010,-18.9,119
2010,-18.8,119
2010,-18.7,120
2010,-18.6,121
2010,-18.5,121
2010,-18.4,121
2010,-18.3,121
2010,-18.2,121
2010,-18.1,121
2010,-18.0,122
2010,-17.9,122
2010,-17.8,122
2010,-17.7,123
2010,-17.6,123
2010,-17.5,123
2010,-17.4,123
2010,-17.3,123
2010,-17.2,124
2010,-17.1,124
2010,-17.0,124
2010,-16.9,125
2010,-16.8,125
2010,-16.7,125
2010,-16.6,125
2010,-16.5,125
2010,-16.4,125
2010,-16.3,125
2010,-16.2,125
2010,-16.1,125
2010,-16.0,127
2010,-15.9,127
2010,-15.8,127
2010,-15.7,127
2010,-15.6,127
2010,-15.5,127
2010,-15.4,127
2010,-15.3,128
2010,-15.2,128
2010,-15.1,128
2010,-15.0,128
2010,-14.9,128
2010,-14.8,129
2010,-14.7,130
2010,-14.6,131
2010,-14.5,132
2010,-14.4,132
2010,-14.3,134
2010,-14.2,134
2010,-14.1,134
2010,-14.0,134
2010,-13.9,135
2010,-13.8,136
2010,-13.7,136
2010,-13.6,137
2010,-13.5,138
2010,-13.4,138
2010,-13.3,138
2010,-13.2,140
2010,-13.1,141
2010,-13.0,142
2010,-12.9,143
2010,-12.8,143
2010,-12.7,143
2010,-12.6,144
2010,-12.5,144
2010,-12.4,144
2010,-12.3,144
2010,-12.2,145
2010,-12.1,145
2010,-12.0,146
2010,-11.9,146
2010,-11.8,146
2010,-11.7,146
2010,-11.6,146
2010,-11.5,146
2010,-11.4,147
2010,-11.3,147
2010,-11.2,148
2010,-11.1,149
2010,-11.0,150
2010,-10.9,151
2010,-10.8,153
2010,-10.7,153
2010,-10.6,153
2010,-10.5,153
2010,-10.4,153
2010,-10.3,153
2010,-10.2,154
2010,-10.1,154
2010,-10.0,154
2010,-9.9,154
2010,-9.8,154
2010,-9.7,155
2010,-9.6,156
2010,-9.5,156
2010,-9.4,157
2010,-9.3,158
2010,-9.2,158
2010,-9.1,158
2010,-9.0,158
2010,-8.9,159
2010,-8.8,159
2010,-8.7,159
2010,-8.6,160
2010,-8.5,160
2010,-8.4,160
2010,-8.3,160
2010,-8.2,160
2010,-8.1,162
2010,-8.0,162
2010,-7.9,162
2010,-7.8,162
2010,-7.7,162
2010,-7.6,162
2010,-7.5,162
2010,-7.4,162
2010,-7.3,163
2010,-7.2,165
2010,-7.1,165
2010,-7.0,165
2010,-6.9,165
2010,-6.8,165
2010,-6.7,165
2010,-6.6,165
2010,-6.5,165
2010,-6.4,166
2010,-6.3,168
2010,-6.2,168
2010,-6.1,169
2010,-6.0,169
2010,-5.9,169
2010,-5.8,169
2010,-5.7,169
2010,-5.6,170
2010,-5.5,170
2010,-5.4,171
2010,-5.3,172
2010,-5.2,173
2010,-5.1,173
2010,-5.0,174
2010,-4.9,174
2010,-4.8,174
2010,-4.7,174
2010,-4.6,174
2010,-4.5,175
2010,-4.4,175
2010,-4.3,176
2010,-4.2,176
2010,-4.1,176
2010,-4.0,176
2010,-3.9,177
2010,-3.8,177
2010,-3.7,177
2010,-3.6,178
2010,-3.5,178
2010,-3.4,179
2010,-3.3,179
2010,-3.2,179
2010,-3.1,179
2010,-3.0,179
2010,-2.9,179
2010,-2.8,180
2010,-2.7,180
2010,-2.6,181
2010,-2.5,181
2010,-2.4,181
2010,-2.3,182
2010,-2.2,182
2010,-2.1,183
2010,-2.0,184
2010,-1.9,184
2010,-1.8,184
2010,-1.7,184
2010,-1.6,185
2010,-1.5,187
2010,-1.4,188
2010,-1.3,188
2010,-1.2,189
2010,-1.1,190
2010,-1.0,190
2010,-0.9,190
2010,-0.8,190
2010,-0.7,190
2010,-0.6,190
2010,-0.5,190
2010,-0.4,191
2010,-0.3,192
2010,-0.2,193
2010,-0.1,193
2010,0.0,193
2010,0.1,193
2010,0.2,194
2010,0.3,194
2010,0.4,195
2010,0.5,195
2010,0.6,195
2010,0.7,196
2010,0.8,198
2010,0.9,199
2010,1.0,199
2010,1.1,199
2010,1.2,199
2010,1.3,199
2010,1.4,199
2010,1.5,199
2010,1.6,199
2010,1.7,201
2010,1.8,201
2010,1.9,201
2010,2.0,201
2010,2.1,201
2010,2.2,203
2010,2.3,203
2010,2.4,204
2010,2.5,204
2010,2.6,204
2010,2.7,204
2010,2.8,205
2010,2.9,205
2010,3.0,205
2010,3.1,205
2010,3.2,205
2010,3.3,205
2010,3.4,206
2010,3.5,206
2010,3.6,206
2010,3.7,206
2010,3.8,206
2010,3.9,206
2010,4.0,207
2010,4.1,207
2010,4.2,208
2010,4.3,208
2010,4.4,208
2010,4.5,208
2010,4.6,209
2010,4.7,209
2010,4.8,209
2010,4.9,209
2010,5.0,210
2010,5.1,211
2010,5.2,212
2010,5.3,214
2010,5.4,216
2010,5.5,216
2010,5.6,217
2010,5.7,218
2010,5.8,218
2010,5.9,218
2010,6.0,219
2010,6.1,219
2010,6.2,220
2010,6.3,220
2010,6.4,220
2010,6.5,221
2010,6.6,222
2010,6.7,222
2010,6.8,222
2010,6.9,222
2010,7.0,222
2010,7.1,223
2010,7.2,223
2010,7.3,223
2010,7.4,224
2010,7.5,224
2010,7.6,224
2010,7.7,224
2010,7.8,224
2010,7.9,225
2010,8.0,226
2010,8.1,226
2010,8.2,226
2010,8.3,226
2010,8.4,226
2010,8.5,226
2010,8.6,226
2010,8.7,226
2010,8.8,228
2010,8.9,228
2010,9.0,228
2010,9.1,228
2010,9.2,228
2010,9.3,229
2010,9.4,229
2010,9.5,230
2010,9.6,230
2010,9.7,231
2010,9.8,232
2010,9.9,233
2010,10.0,235
2010,10.1,237
2010,10.2,237
2010,10.3,237
2010,10.4,239
2010,10.5,239
2010,10.6,240
2010,10.7,241
2010,10.8,241
2010,10.9,242
2010,11.0,242
2010,11.1,243
2010,11.2,244
2010,11.3,245
2010,11.4,245
2010,11.5,246
2010,11.6,247
2010,11.7,247
2010,11.8,247
2010,11.9,249
2010,12.0,250
2010,12.1,251
2010,12.2,251
2010,12.3,251
2010,12.4,251
2010,12.5,251
2010,12.6,251
2010,12.7,252
2010,12.8,252
2010,12.9,253
2010,13.0,253
2010,13.1,253
2010,13.2,253
2010,13.3,254
2010,13.4,254
2010,13.5,255
2010,13.6,255
2010,13.7,255
2010,13.8,256
2010,13.9,256
2010,14.0,256
2010,14.1,256
2010,14.2,257
2010,14.3,258
2010,14.4,259
2010,14.5,259
2010,14.6,259
2010,14.7,260
2010,14.8,260
2010,14.9,260
2010,15.0,260
2010,15.1,261
2010,15.2,261
2010,15.3,261
2010,15.4,262
2010,15.5,262
2010,15.6,262
2010,15.7,262
2010,15.8,263
2010,15.9,264
2010,16.0,264
2010,16.1,264
2010,16.2,264
2010,16.3,264
2010,16.4,264
2010,16.5,264
2010,16.6,264
2010,16.7,264
2010,16.8,264
2010,16.9,264
2010,17.0,264
2010,17.1,264
2010,17.2,264
2010,17.3,264
2010,17.4,264
2010,17.5,264
2010,17.6,264
2010,17.7,264
2010,17.8,264
2010,17.9,264
2010,18.0,264
2010,18.1,264
2010,18.2,264
2010,18.3,264
2010,18.4,264
2010,18.5,264
2010,18.6,265
2010,18.7,265
2010,18.8,266
2010,18.9,266
2010,19.0,268
2010,19.1,268
2010,19.2,268
2010,19.3,268
2010,19.4,270
2010,19.5,271
2010,19.6,271
2010,19.7,271
2010,19.8,271
2010,19.9,272
2010,20.0,272
2010,20.1,272
2010,20.2,272
2010,20.3,272
2010,20.4,273
2010,20.5,274
2010,20.6,274
2010,20.7,275
2010,20.8,275
2010,20.9,275
2010,21.0,275
2010,21.1,275
2010,21.2,276
2010,21.3,277
2010,21.4,277
2010,21.5,277
2010,21.6,277
2010,21.7,278
2010,21.8,278
2010,21.9,278
2010,22.0,278
2010,22.1,278
2010,22.2,278
2010,22.3,278
2010,22.4,278
2010,22.5,278
2010,22.6,278
2010,22.7,278
2010,22.8,278
2010,22.9,279
2010,23.0,279
2010,23.1,279
2010,23.2,279
2010,23.3,279
2010,23.4,280
2010,23.5,281
2010,23.6,281
2010,23.7,282
2010,23.8,282
2010,23.9,282
2010,24.0,282
2010,24.1,282
2010,24.2,282
2010,24.3,282
2010,24.4,283
2010,24.5,284
2010,24.6,284
2010,24.7,284
2010,24.8,284
2010,24.9,284
2010,25.0,285
2012,-25.0,140
2012,-24.9,140
2012,-24.8,140
2012,-24.7,140
2012,-24.6,140
2012,-24.5,141
2012,-24.4,141
2012,-24.3,141
2012,-24.2,142
2012,-24.1,142
2012,-24.0,142
2012,-23.9,142
2012,-23.8,142
2012,-23.7,142
2012,-23.6,142
2012,-23.5,142
2012,-23.4,142
2012,-23.3,142
2012,-23.2,142
2012,-23.1,142
2012,-23.0,142
2012,-22.9,142
2012,-22.8,143
2012,-22.7,143
2012,-22.6,144
2012,-22.5,144
2012,-22.4,144
2012,-22.3,144
2012,-22.2,146
2012,-22.1,146
2012,-22.0,146
2012,-21.9,146
2012,-21.8,146
2012,-21.7,146
2012,-21.6,146
2012,-21.5,147
2012,-21.4,147
2012,-21.3,147
2012,-21.2,147
2012,-21.1,147
2012,-21.0,147
2012,-20.9,147
2012,-20.8,147
2012,-20.7,147
2012,-20.6,148
2012,-20.5,148
2012,-20.4,149
2012,-20.3,149
2012,-20.2,149
2012,-20.1,149
2012,-20.0,149
2012,-19.9,150
2012,-19.8,150
2012,-19.7,150
2012,-19.6,150
2012,-19.5,150
2012,-19.4,150
2012,-19.3,150
2012,-19.2,150
2012,-19.1,150
2012,-19.0,150
2012,-18.9,150
2012,-18.8,150
2012,-18.7,150
2012,-18.6,150
2012,-18.5,150
2012,-18.4,150
2012,-18.3,151
2012,-18.2,151
2012,-18.1,152
2012,-18.0,152
2012,-17.9,154
2012,-17.8,154
2012,-17.7,154
2012,-17.6,154
2012,-17.5,154
2012,-17.4,154
2012,-17.3,154
2012,-17.2,154
2012,-17.1,156
2012,-17.0,156
2012,-16.9,156
2012,-16.8,156
2012,-16.7,156
2012,-16.6,156
2012,-16.5,156
2012,-16.4,157
2012,-16.3,158
2012,-16.2,158
2012,-16.1,158
2012,-16.0,158
2012,-15.9,158
2012,-15.8,158
2012,-15.7,158
2012,-15.6,158
2012,-15.5,159
2012,-15.4,159
2012,-15.3,159
2012,-15.2,160
2012,-15.1,160
2012,-15.0,160
2012,-14.9,160
2012,-14.8,162
2012,-14.7,162
2012,-14.6,162
2012,-14.5,162
2012,-14.4,162
2012,-14.3,162
2012,-14.2,162
2012,-14.1,162
2012,-14.0,162
2012,-13.9,162
2012,-13.8,162
2012,-13.7,162
2012,-13.6,162
2012,-13.5,162
2012,-13.4,163
2012,-13.3,164
2012,-13.2,164
2012,-13.1,165
2012,-13.0,165
2012,-12.9,166
2012,-12.8,166
2012,-12.7,166
2012,-12.6,166
2012,-12.5,166
2012,-12.4,166
2012,-12.3,166
2012,-12.2,166
2012,-12.1,166
2012,-12.0,167
2012,-11.9,167
2012,-11.8,167
2012,-11.7,167
2012,-11.6,167
2012,-11.5,167
2012,-11.4,167
2012,-11.3,167
2012,-11.2,167
2012,-11.1,168
2012,-11.0,168
2012,-10.9,169
2012,-10.8,169
2012,-10.7,169
2012,-10.6,169
2012,-10.5,169
2012,-10.4,169
2012,-10.3,169
2012,-10.2,169
2012,-10.1,170
2012,-10.0,170
2012,-9.9,170
2012,-9.8,170
2012,-9.7,170
2012,-9.6,170
2012,-9.5,170
2012,-9.4,172
2012,-9.3,172
2012,-9.2,174
2012,-9.1,174
2012,-9.0,174
2012,-8.9,175
2012,-8.8,175
2012,-8.7,175
2012,-8.6,176
2012,-8.5,176
2012,-8.4,177
2012,-8.3,177
2012,-8.2,177
2012,-8.1,177
2012,-8.0,177
2012,-7.9,178
2012,-7.8,179
2012,-7.7,179
2012,-7.6,179
2012,-7.5,179
2012,-7.4,180
2012,-7.3,180
2012,-7.2,180
2012,-7.1,180
2012,-7.0,180
2012,-6.9,180
2012,-6.8,180
2012,-6.7,180
2012,-6.6,180
2012,-6.5,181
2012,-6.4,181
2012,-6.3,181
2012,-6.2,181
2012,-6.1,181
2012,-6.0,181
2012,-5.9,182
2012,-5.8,183
2012,-5.7,183
2012,-5.6,183
2012,-5.5,183
2012,-5.4,183
2012,-5.3,184
2012,-5.2,184
2012,-5.1,184
2012,-5.0,185
2012,-4.9,186
2012,-4.8,187
2012,-4.7,187
2012,-4.6,187
2012,-4.5,187
2012,-4.4,187
2012,-4.3,188
2012,-4.2,188
2012,-4.1,188
2012,-4.0,188
2012,-3.9,189
2012,-3.8,191
2012,-3.7,191
2012,-3.6,191
2012,-3.5,191
2012,-3.4,191
2012,-3.3,192
2012,-3.2,192
2012,-3.1,192
2012,-3.0,192
2012,-2.9,192
2012,-2.8,192
2012,-2.7,192
2012,-2.6,193
2012,-2.5,193
2012,-2.4,193
2012,-2.3,194
2012,-2.2,194
2012,-2.1,194
2012,-2.0,195
2012,-1.9,195
2012,-1.8,195
2012,-1.7,195
2012,-1.6,195
2012,-1.5,195
2012,-1.4,195
2012,-1.3,195
2012,-1.2,197
2012,-1.1,197
2012,-1.0,197
2012,-0.9,197
2012,-0.8,198
2012,-0.7,198
2012,-0.6,198
2012,-0.5,199
2012,-0.4,199
2012,-0.3,200
2012,-0.2,200
2012,-0.1,201
2012,0.0,201
2012,0.1,201
2012,0.2,201
2012,0.3,201
2012,0.4,202
2012,0.5,202
2012,0.6,203
2012,0.7,203
2012,0.8,203
2012,0.9,203
2012,1.0,203
2012,1.1,203
2012,1.2,203
2012,1.3,204
2012,1.4,204
2012,1.5,205
2012,1.6,207
2012,1.7,207
2012,1.8,207
2012,1.9,207
2012,2.0,207
2012,2.1,207
2012,2.2,208
2012,2.3,208
2012,2.4,208
2012,2.5,208
2012,2.6,208
2012,2.7,208
2012,2.8,208
2012,2.9,208
2012,3.0,208
2012,3.1,208
2012,3.2,208
2012,3.3,208
2012,3.4,208
2012,3.5,210
2012,3.6,210
2012,3.7,210
2012,3.8,210
2012,3.9,211
2012,4.0,212
2012,4.1,213
2012,4.2,213
2012,4.3,213
2012,4.4,213
2012,4.5,213
2012,4.6,213
2012,4.7,213
2012,4.8,213
2012,4.9,213
2012,5.0,213
2012,5.1,213
2012,5.2,213
2012,5.3,213
2012,5.4,213
2012,5.5,216
2012,5.6,216
2012,5.7,216
2012,5.8,217
2012,5.9,217
2012,6.0,217
2012,6.1,217
2012,6.2,217
2012,6.3,218
2012,6.4,218
2012,6.5,218
2012,6.6,219
2012,6.7,219
2012,6.8,220
2012,6.9,220
2012,7.0,220
2012,7.1,220
2012,7.2,220
2012,7.3,221
2012,7.4,221
2012,7.5,221
2012,7.6,221
2012,7.7,222
2012,7.8,222
2012,7.9,222
2012,8.0,223
2012,8.1,224
2012,8.2,225
2012,8.3,226
2012,8.4,226
2012,8.5,226
2012,8.6,226
2012,8.7,226
2012,8.8,227
2012,8.9,227
2012,9.0,228
2012,9.1,230
2012,9.2,230
2012,9.3,230
2012,9.4,230
2012,9.5,230
2012,9.6,231
2012,9.7,231
2012,9.8,231
2012,9.9,231
2012,10.0,231
2012,10.1,231
2012,10.2,231
2012,10.3,231
2012,10.4,231
2012,10.5,231
2012,10.6,231
2012,10.7,232
2012,10.8,233
2012,10.9,234
2012,11.0,235
2012,11.1,235
2012,11.2,237
2012,11.3,237
2012,11.4,237
2012,11.5,237
2012,11.6,238
2012,11.7,238
2012,11.8,239
2012,11.9,239
2012,12.0,240
2012,12.1,240
2012,12.2,240
2012,12.3,240
2012,12.4,242
2012,12.5,242
2012,12.6,243
2012,12.7,243
2012,12.8,245
2012,12.9,245
2012,13.0,245
2012,13.1,246
2012,13.2,246
2012,13.3,247
2012,13.4,247
2012,13.5,247
2012,13.6,249
2012,13.7,250
2012,13.8,250
2012,13.9,250
2012,14.0,251
2012,14.1,252
2012,14.2,252
2012,14.3,253
2012,14.4,253
2012,14.5,255
2012,14.6,255
2012,14.7,255
2012,14.8,256
2012,14.9,259
2012,15.0,259
2012,15.1,260
2012,15.2,261
2012,15.3,261
2012,15.4,261
2012,15.5,262
2012,15.6,264
2012,15.7,264
2012,15.8,264
2012,15.9,264
2012,16.0,264
2012,16.1,264
2012,16.2,264
2012,16.3,264
2012,16.4,266
2012,16.5,267
2012,16.6,268
2012,16.7,268
2012,16.8,268
2012,16.9,269
2012,17.0,270
2012,17.1,272
2012,17.2,272
2012,17.3,274
2012,17.4,275
2012,17.5,276
2012,17.6,276
2012,17.7,278
2012,17.8,279
2012,17.9,279
2012,18.0,280
2012,18.1,280
2012,18.2,280
2012,18.3,282
2012,18.4,282
2012,18.5,283
2012,18.6,283
2012,18.7,283
2012,18.8,285
2012,18.9,285
2012,19.0,285
2012,19.1,286
2012,19.2,287
2012,19.3,288
2012,19.4,290
2012,19.5,290
2012,19.6,290
2012,19.7,290
2012,19.8,290
2012,19.9,291
2012,20.0,291
2012,20.1,291
2012,20.2,291
2012,20.3,292
2012,20.4,292
2012,20.5,292
2012,20.6,292
2012,20.7,292
2012,20.8,293
2012,20.9,293
2012,21.0,293
2012,21.1,293
2012,21.2,295
2012,21.3,295
2012,21.4,295
2012,21.5,296
2012,21.6,296
2012,21.7,297
2012,21.8,297
2012,21.9,299
2012,22.0,300
2012,22.1,300
2012,22.2,301
2012,22.3,303
2012,22.4,304
2012,22.5,304
2012,22.6,304
2012,22.7,304
2012,22.8,308
2012,22.9,308
2012,23.0,308
2012,23.1,309
2012,23.2,310
2012,23.3,310
2012,23.4,311
2012,23.5,311
2012,23.6,311
2012,23.7,313
2012,23.8,315
2012,23.9,316
2012,24.0,317
2012,24.1,317
2012,24.2,318
2012,24.3,318
2012,24.4,320
2012,24.5,320
2012,24.6,320
2012,24.7,320
2012,24.8,320
2012,24.9,320
2012,25.0,321
2014,-25.0,117
2014,-24.9,117
2014,-24.8,118
2014,-24.7,118
2014,-24.6,119
2014,-24.5,119
2014,-24.4,119
2014,-24.3,119
2014,-24.2,119
2014,-24.1,119
2014,-24.0,119
2014,-23.9,119
2014,-23.8,119
2014,-23.7,119
2014,-23.6,119
2014,-23.5,119
2014,-23.4,120
2014,-23.3,120
2014,-23.2,120
2014,-23.1,120
2014,-23.0,121
2014,-22.9,121
2014,-22.8,121
2014,-22.7,121
2014,-22.6,121
2014,-22.5,122
2014,-22.4,122
2014,-22.3,122
2014,-22.2,122
2014,-22.1,122
2014,-22.0,122
2014,-21.9,122
2014,-21.8,123
2014,-21.7,124
2014,-21.6,124
2014,-21.5,124
2014,-21.4,124
2014,-21.3,125
2014,-21.2,126
2014,-21.1,127
2014,-21.0,127
2014,-20.9,127
2014,-20.8,127
2014,-20.7,127
2014,-20.6,127
2014,-20.5,127
2014,-20.4,127
2014,-20.3,127
2014,-20.2,127
2014,-20.1,127
2014,-20.0,128
2014,-19.9,128
2014,-19.8,128
2014,-19.7,128
2014,-19.6,128
2014,-19.5,129
2014,-19.4,129
2014,-19.3,132
2014,-19.2,133
2014,-19.1,133
2014,-19.0,133
2014,-18.9,133
2014,-18.8,133
2014,-18.7,134
2014,-18.6,134
2014,-18.5,135
2014,-18.4,135
2014,-18.3,137
2014,-18.2,137
2014,-18.1,138
2014,-18.0,138
2014,-17.9,138
2014,-17.8,138
2014,-17.7,138
2014,-17.6,139
2014,-17.5,139
2014,-17.4,139
2014,-17.3,139
2014,-17.2,139
2014,-17.1,140
2014,-17.0,140
2014,-16.9,141
2014,-16.8,141
2014,-16.7,141
2014,-16.6,141
2014,-16.5,141
2014,-16.4,141
2014,-16.3,141
2014,-16.2,141
2014,-16.1,141
2014,-16.0,142
2014,-15.9,142
2014,-15.8,142
2014,-15.7,142
2014,-15.6,142
2014,-15.5,143
2014,-15.4,143
2014,-15.3,143
2014,-15.2,143
2014,-15.1,143
2014,-15.0,143
2014,-14.9,143
2014,-14.8,143
2014,-14.7,143
2014,-14.6,143
2014,-14.5,143
2014,-14.4,143
2014,-14.3,144
2014,-14.2,144
2014,-14.1,144
2014,-14.0,144
2014,-13.9,144
2014,-13.8,144
2014,-13.7,144
2014,-13.6,144
2014,-13.5,145
2014,-13.4,147
2014,-13.3,147
2014,-13.2,149
2014,-13.1,149
2014,-13.0,150
2014,-12.9,150
2014,-12.8,151
2014,-12.7,151
2014,-12.6,151
2014,-12.5,151
2014,-12.4,151
2014,-12.3,151
2014,-12.2,151
2014,-12.1,151
2014,-12.0,151
2014,-11.9,152
2014,-11.8,152
2014,-11.7,152
2014,-11.6,152
2014,-11.5,153
2014,-11.4,154
2014,-11.3,154
2014,-11.2,154
2014,-11.1,155
2014,-11.0,156
2014,-10.9,157
2014,-10.8,157
2014,-10.7,157
2014,-10.6,157
2014,-10.5,157
2014,-10.4,157
2014,-10.3,157
2014,-10.2,157
2014,-10.1,158
2014,-10.0,160
2014,-9.9,161
2014,-9.8,161
2014,-9.7,161
2014,-9.6,161
2014,-9.5,162
2014,-9.4,163
2014,-9.3,163
2014,-9.2,163
2014,-9.1,163
2014,-9.0,163
2014,-8.9,163
2014,-8.8,163
2014,-8.7,163
2014,-8.6,163
2014,-8.5,165
2014,-8.4,165
2014,-8.3,166
2014,-8.2,166
2014,-8.1,166
2014,-8.0,166
2014,-7.9,166
2014,-7.8,166
2014,-7.7,166
2014,-7.6,166
2014,-7.5,167
2014,-7.4,168
2014,-7.3,168
2014,-7.2,168
2014,-7.1,168
2014,-7.0,168
2014,-6.9,169
2014,-6.8,170
2014,-6.7,170
2014,-6.6,170
2014,-6.5,170
2014,-6.4,170
2014,-6.3,170
2014,-6.2,170
2014,-6.1,170
2014,-6.0,170
2014,-5.9,170
2014,-5.8,170
2014,-5.7,170
2014,-5.6,171
2014,-5.5,171
2014,-5.4,172
2014,-5.3,172
2014,-5.2,173
2014,-5.1,174
2014,-5.0,174
2014,-4.9,174
2014,-4.8,174
2014,-4.7,175
2014,-4.6,175
2014,-4.5,175
2014,-4.4,175
2014,-4.3,175
2014,-4.2,175
2014,-4.1,175
2014,-4.0,175
2014,-3.9,175
2014,-3.8,177
2014,-3.7,177
2014,-3.6,177
2014,-3.5,178
2014,-3.4,179
2014,-3.3,179
2014,-3.2,179
2014,-3.1,180
2014,-3.0,180
2014,-2.9,180
2014,-2.8,180
2014,-2.7,180
2014,-2.6,181
2014,-2.5,181
2014,-2.4,181
2014,-2.3,181
2014,-2.2,181
2014,-2.1,181
2014,-2.0,181
2014,-1.9,182
2014,-1.8,182
2014,-1.7,182
2014,-1.6,182
2014,-1.5,182
2014,-1.4,185
2014,-1.3,185
2014,-1.2,185
2014,-1.1,186
2014,-1.0,186
2014,-0.9,186
2014,-0.8,186
2014,-0.7,187
2014,-0.6,187
2014,-0.5,187
2014,-0.4,188
2014,-0.3,188
2014,-0.2,188
2014,-0.1,188
2014,0.0,188
2014,0.1,189
2014,0.2,189
2014,0.3,189
2014,0.4,189
2014,0.5,189
2014,0.6,189
2014,0.7,189
2014,0.8,189
2014,0.9,189
2014,1.0,189
2014,1.1,189
2014,1.2,189
2014,1.3,189
2014,1.4,189
2014,1.5,189
2014,1.6,189
2014,1.7,189
2014,1.8,189
2014,1.9,189
2014,2.0,189
2014,2.1,189
2014,2.2,190
2014,2.3,191
2014,2.4,191
2014,2.5,191
2014,2.6,192
2014,2.7,192
2014,2.8,192
2014,2.9,192
2014,3.0,194
2014,3.1,194
2014,3.2,194
2014,3.3,194
2014,3.4,194
2014,3.5,194
2014,3.6,195
2014,3.7,196
2014,3.8,196
2014,3.9,196
2014,4.0,196
2014,4.1,196
2014,4.2,196
2014,4.3,196
2014,4.4,196
2014,4.5,196
2014,4.6,196
2014,4.7,196
2014,4.8,196
2014,4.9,196
2014,5.0,196
2014,5.1,196
2014,5.2,196
2014,5.3,197
2014,5.4,197
2014,5.5,197
2014,5.6,197
2014,5.7,197
2014,5.8,197
2014,5.9,198
2014,6.0,198
2014,6.1,198
2014,6.2,198
2014,6.3,198
2014,6.4,198
2014,6.5,198
2014,6.6,198
2014,6.7,198
2014,6.8,198
2014,6.9,198
2014,7.0,198
2014,7.1,199
2014,7.2,199
2014,7.3,199
2014,7.4,199
2014,7.5,199
2014,7.6,199
2014,7.7,199
2014,7.8,199
2014,7.9,199
2014,8.0,199
2014,8.1,199
2014,8.2,199
2014,8.3,199
2014,8.4,199
2014,8.5,199
2014,8.6,199
2014,8.7,200
2014,8.8,200
2014,8.9,201
2014,9.0,201
2014,9.1,201
2014,9.2,201
2014,9.3,201
2014,9.4,202
2014,9.5,202
2014,9.6,203
2014,9.7,203
2014,9.8,204
2014,9.9,204
2014,10.0,204
2014,10.1,204
2014,10.2,204
2014,10.3,204
2014,10.4,204
2014,10.5,204
2014,10.6,204
2014,10.7,204
2014,10.8,205
2014,10.9,206
2014,11.0,206
2014,11.1,207
2014,11.2,207
2014,11.3,208
2014,11.4,208
2014,11.5,208
2014,11.6,208
2014,11.7,209
2014,11.8,209
2014,11.9,209
2014,12.0,209
2014,12.1,209
2014,12.2,209
2014,12.3,211
2014,12.4,211
2014,12.5,211
2014,12.6,212
2014,12.7,212
2014,12.8,212
2014,12.9,212
2014,13.0,214
2014,13.1,214
2014,13.2,215
2014,13.3,215
2014,13.4,215
2014,13.5,215
2014,13.6,215
2014,13.7,215
2014,13.8,215
2014,13.9,215
2014,14.0,215
2014,14.1,215
2014,14.2,215
2014,14.3,215
2014,14.4,215
2014,14.5,215
2014,14.6,215
2014,14.7,216
2014,14.8,216
2014,14.9,216
2014,15.0,216
2014,15.1,216
2014,15.2,216
2014,15.3,216
2014,15.4,216
2014,15.5,217
2014,15.6,217
2014,15.7,219
2014,15.8,219
2014,15.9,219
2014,16.0,219
2014,16.1,220
2014,16.2,221
2014,16.3,222
2014,16.4,222
2014,16.5,222
2014,16.6,222
2014,16.7,223
2014,16.8,223
2014,16.9,223
2014,17.0,223
2014,17.1,223
2014,17.2,223
2014,17.3,223
2014,17.4,225
2014,17.5,225
2014,17.6,226
2014,17.7,227
2014,17.8,228
2014,17.9,228
2014,18.0,228
2014,18.1,229
2014,18.2,230
2014,18.3,231
2014,18.4,231
2014,18.5,231
2014,18.6,232
2014,18.7,232
2014,18.8,232
2014,18.9,232
2014,19.0,233
2014,19.1,233
2014,19.2,233
2014,19.3,235
2014,19.4,235
2014,19.5,236
2014,19.6,237
2014,19.7,237
2014,19.8,237
2014,19.9,237
2014,20.0,239
2014,20.1,240
2014,20.2,241
2014,20.3,242
2014,20.4,243
2014,20.5,243
2014,20.6,244
2014,20.7,244
2014,20.8,244
2014,20.9,245
2014,21.0,245
2014,21.1,245
2014,21.2,245
2014,21.3,247
2014,21.4,248
2014,21.5,248
2014,21.6,248
2014,21.7,248
2014,21.8,248
2014,21.9,249
2014,22.0,249
2014,22.1,252
2014,22.2,252
2014,22.3,252
2014,22.4,252
2014,22.5,252
2014,22.6,252
2014,22.7,252
2014,22.8,253
2014,22.9,253
2014,23.0,253
2014,23.1,256
2014,23.2,258
2014,23.3,258
2014,23.4,260
2014,23.5,260
2014,23.6,260
2014,23.7,260
2014,23.8,261
2014,23.9,262
2014,24.0,263
2014,24.1,264
2014,24.2,264
2014,24.3,264
2014,24.4,265
2014,24.5,267
2014,24.6,268
2014,24.7,269
2014,24.8,269
2014,24.9,270
2014,25.0,270
2016,-25.0,138
2016,-24.9,138
2016,-24.8,139
2016,-24.7,140
2016,-24.6,140
2016,-24.5,140
2016,-24.4,140
2016,-24.3,140
2016,-24.2,140
2016,-24.1,141
2016,-24.0,141
2016,-23.9,142
2016,-23.8,142
2016,-23.7,142
2016,-23.6,142
2016,-23.5,143
2016,-23.4,144
2016,-23.3,144
2016,-23.2,144
2016,-23.1,144
2016,-23.0,145
2016,-22.9,145
2016,-22.8,145
2016,-22.7,145
2016,-22.6,145
2016,-22.5,145
2016,-22.4,146
2016,-22.3,146
2016,-22.2,146
2016,-22.1,146
2016,-22.0,146
2016,-21.9,146
2016,-21.8,147
2016,-21.7,147
2016,-21.6,147
2016,-21.5,148
2016,-21.4,148
2016,-21.3,148
2016,-21.2,149
2016,-21.1,149
2016,-21.0,149
2016,-20.9,150
2016,-20.8,151
2016,-20.7,152
2016,-20.6,154
2016,-20.5,154
2016,-20.4,154
2016,-20.3,154
2016,-20.2,154
2016,-20.1,154
2016,-20.0,154
2016,-19.9,154
2016,-19.8,155
2016,-19.7,155
2016,-19.6,155
2016,-19.5,155
2016,-19.4,155
2016,-19.3,155
2016,-19.2,155
2016,-19.1,156
2016,-19.0,156
2016,-18.9,156
2016,-18.8,156
2016,-18.7,157
2016,-18.6,157
2016,-18.5,157
2016,-18.4,157
2016,-18.3,157
2016,-18.2,157
2016,-18.1,157
2016,-18.0,157
2016,-17.9,157
2016,-17.8,158
2016,-17.7,158
2016,-17.6,158
2016,-17.5,158
2016,-17.4,158
2016,-17.3,159
2016,-17.2,159
2016,-17.1,159
2016,-17.0,159
2016,-16.9,159
2016,-16.8,159
2016,-16.7,159
2016,-16.6,162
2016,-16.5,163
2016,-16.4,163
2016,-16.3,163
2016,-16.2,163
2016,-16.1,164
2016,-16.0,167
2016,-15.9,167
2016,-15.8,167
2016,-15.7,168
2016,-15.6,168
2016,-15.5,168
2016,-15.4,168
2016,-15.3,168
2016,-15.2,168
2016,-15.1,168
2016,-15.0,169
2016,-14.9,170
2016,-14.8,170
2016,-14.7,171
2016,-14.6,171
2016,-14.5,171
2016,-14.4,171
2016,-14.3,171
2016,-14.2,171
2016,-14.1,171
2016,-14.0,171
2016,-13.9,171
2016,-13.8,171
2016,-13.7,171
2016,-13.6,171
2016,-13.5,171
2016,-13.4,171
2016,-13.3,171
2016,-13.2,171
2016,-13.1,171
2016,-13.0,172
2016,-12.9,172
2016,-12.8,172
2016,-12.7,172
2016,-12.6,172
2016,-12.5,172
2016,-12.4,172
2016,-12.3,173
2016,-12.2,173
2016,-12.1,174
2016,-12.0,174
2016,-11.9,174
2016,-11.8,174
2016,-11.7,174
2016,-11.6,174
2016,-11.5,174
2016,-11.4,174
2016,-11.3,174
2016,-11.2,175
2016,-11.1,175
2016,-11.0,175
2016,-10.9,175
2016,-10.8,177
2016,-10.7,177
2016,-10.6,177
2016,-10.5,177
2016,-10.4,177
2016,-10.3,177
2016,-10.2,177
2016,-10.1,177
2016,-10.0,177
2016,-9.9,177
2016,-9.8,177
2016,-9.7,177
2016,-9.6,177
2016,-9.5,177
2016,-9.4,177
2016,-9.3,177
2016,-9.2,177
2016,-9.1,177
2016,-9.0,177
2016,-8.9,177
2016,-8.8,177
2016,-8.7,177
2016,-8.6,177
2016,-8.5,177
2016,-8.4,177
2016,-8.3,177
2016,-8.2,177
2016,-8.1,177
2016,-8.0,177
2016,-7.9,177
2016,-7.8,177
2016,-7.7,178
2016,-7.6,179
2016,-7.5,179
2016,-7.4,180
2016,-7.3,180
2016,-7.2,180
2016,-7.1,180
2016,-7.0,180
2016,-6.9,180
2016,-6.8,181
2016,-6.7,181
2016,-6.6,181
2016,-6.5,181
2016,-6.4,181
2016,-6.3,181
2016,-6.2,181
2016,-6.1,181
2016,-6.0,182
2016,-5.9,182
2016,-5.8,182
2016,-5.7,182
2016,-5.6,182
2016,-5.5,182
2016,-5.4,182
2016,-5.3,182
2016,-5.2,183
2016,-5.1,183
2016,-5.0,184
2016,-4.9,184
2016,-4.8,184
2016,-4.7,184
2016,-4.6,185
2016,-4.5,186
2016,-4.4,186
2016,-4.3,187
2016,-4.2,187
2016,-4.1,187
2016,-4.0,187
2016,-3.9,187
2016,-3.8,188
2016,-3.7,188
2016,-3.6,188
2016,-3.5,188
2016,-3.4,188
2016,-3.3,188
2016,-3.2,188
2016,-3.1,188
2016,-3.0,188
2016,-2.9,189
2016,-2.8,189
2016,-2.7,189
2016,-2.6,189
2016,-2.5,189
2016,-2.4,189
2016,-2.3,190
2016,-2.2,190
2016,-2.1,190
2016,-2.0,190
2016,-1.9,190
2016,-1.8,190
2016,-1.7,190
2016,-1.6,190
2016,-1.5,191
2016,-1.4,191
2016,-1.3,192
2016,-1.2,192
2016,-1.1,192
2016,-1.0,192
2016,-0.9,192
2016,-0.8,192
2016,-0.7,193
2016,-0.6,193
2016,-0.5,194
2016,-0.4,194
2016,-0.3,194
2016,-0.2,194
2016,-0.1,194
2016,0.0,194
2016,0.1,194
2016,0.2,194
2016,0.3,194
2016,0.4,194
2016,0.5,194
2016,0.6,195
2016,0.7,195
2016,0.8,195
2016,0.9,195
2016,1.0,195
2016,1.1,195
2016,1.2,195
2016,1.3,196
2016,1.4,197
2016,1.5,197
2016,1.6,197
2016,1.7,197
2016,1.8,197
2016,1.9,197
2016,2.0,198
2016,2.1,198
2016,2.2,198
2016,2.3,198
2016,2.4,198
2016,2.5,198
2016,2.6,198
2016,2.7,198
2016,2.8,198
2016,2.9,198
2016,3.0,198
2016,3.1,198
2016,3.2,198
2016,3.3,198
2016,3.4,198
2016,3.5,199
2016,3.6,199
2016,3.7,199
2016,3.8,199
2016,3.9,199
2016,4.0,199
2016,4.1,199
2016,4.2,199
2016,4.3,199
2016,4.4,199
2016,4.5,199
2016,4.6,199
2016,4.7,199
2016,4.8,199
2016,4.9,199
2016,5.0,199
2016,5.1,199
2016,5.2,199
2016,5.3,199
2016,5.4,199
2016,5.5,199
2016,5.6,199
2016,5.7,199
2016,5.8,200
2016,5.9,200
2016,6.0,200
2016,6.1,200
2016,6.2,200
2016,6.3,202
2016,6.4,202
2016,6.5,202
2016,6.6,202
2016,6.7,202
2016,6.8,202
2016,6.9,202
2016,7.0,202
2016,7.1,202
2016,7.2,202
2016,7.3,202
2016,7.4,202
2016,7.5,202
2016,7.6,202
2016,7.7,203
2016,7.8,203
2016,7.9,203
2016,8.0,203
2016,8.1,203
2016,8.2,204
2016,8.3,204
2016,8.4,204
2016,8.5,204
2016,8.6,204
2016,8.7,204
2016,8.8,204
2016,8.9,206
2016,9.0,206
2016,9.1,206
2016,9.2,206
2016,9.3,207
2016,9.4,207
2016,9.5,207
2016,9.6,207
2016,9.7,208
2016,9.8,209
2016,9.9,209
2016,10.0,209
2016,10.1,209
2016,10.2,209
2016,10.3,209
2016,10.4,209
2016,10.5,209
2016,10.6,209
2016,10.7,209
2016,10.8,209
2016,10.9,210
2016,11.0,210
2016,11.1,210
2016,11.2,210
2016,11.3,212
2016,11.4,212
2016,11.5,212
2016,11.6,212
2016,11.7,213
2016,11.8,213
2016,11.9,213
2016,12.0,213
2016,12.1,213
2016,12.2,213
2016,12.3,214
2016,12.4,215
2016,12.5,215
2016,12.6,216
2016,12.7,216
2016,12.8,216
2016,12.9,216
2016,13.0,216
2016,13.1,217
2016,13.2,217
2016,13.3,217
2016,13.4,217
2016,13.5,219
2016,13.6,219
2016,13.7,219
2016,13.8,221
2016,13.9,221
2016,14.0,222
2016,14.1,222
2016,14.2,222
2016,14.3,222
2016,14.4,222
2016,14.5,225
2016,14.6,225
2016,14.7,225
2016,14.8,226
2016,14.9,226
2016,15.0,227
2016,15.1,228
2016,15.2,229
2016,15.3,229
2016,15.4,230
2016,15.5,230
2016,15.6,231
2016,15.7,232
2016,15.8,232
2016,15.9,233
2016,16.0,233
2016,16.1,233
2016,16.2,234
2016,16.3,234
2016,16.4,236
2016,16.5,237
2016,16.6,238
2016,16.7,240
2016,16.8,240
2016,16.9,241
2016,17.0,241
2016,17.1,241
2016,17.2,243
2016,17.3,243
2016,17.4,243
2016,17.5,244
2016,17.6,245
2016,17.7,248
2016,17.8,248
2016,17.9,248
2016,18.0,248
2016,18.1,248
2016,18.2,249
2016,18.3,249
2016,18.4,249
2016,18.5,252
2016,18.6,252
2016,18.7,253
2016,18.8,253
2016,18.9,253
2016,19.0,254
2016,19.1,255
2016,19.2,255
2016,19.3,256
2016,19.4,257
2016,19.5,257
2016,19.6,258
2016,19.7,258
2016,19.8,260
2016,19.9,261
2016,20.0,261
2016,20.1,261
2016,20.2,261
2016,20.3,261
2016,20.4,262
2016,20.5,262
2016,20.6,262
2016,20.7,262
2016,20.8,263
2016,20.9,264
2016,21.0,265
2016,21.1,266
2016,21.2,268
2016,21.3,268
2016,21.4,268
2016,21.5,269
2016,21.6,269
2016,21.7,271
2016,21.8,271
2016,21.9,272
2016,22.0,272
2016,22.1,274
2016,22.2,275
2016,22.3,275
2016,22.4,275
2016,22.5,276
2016,22.6,276
2016,22.7,279
2016,22.8,280
2016,22.9,281
2016,23.0,282
2016,23.1,283
2016,23.2,283
2016,23.3,285
2016,23.4,288
2016,23.5,289
2016,23.6,291
2016,23.7,291
2016,23.8,292
2016,23.9,292
2016,24.0,292
2016,24.1,292
2016,24.2,294
2016,24.3,295
2016,24.4,295
2016,24.5,295
2016,24.6,296
2016,24.7,296
2016,24.8,297
2016,24.9,297
2016,25.0,297
2018,-25.0,149
2018,-24.9,149
2018,-24.8,149
2018,-24.7,150
2018,-24.6,150
2018,-24.5,150
2018,-24.4,150
2018,-24.3,150
2018,-24.2,150
2018,-24.1,151
2018,-24.0,152
2018,-23.9,152
2018,-23.8,155
2018,-23.7,155
2018,-23.6,156
2018,-23.5,156
2018,-23.4,156
2018,-23.3,156
2018,-23.2,156
2018,-23.1,156
2018,-23.0,157
2018,-22.9,157
2018,-22.8,157
2018,-22.7,157
2018,-22.6,158
2018,-22.5,158
2018,-22.4,159
2018,-22.3,159
2018,-22.2,159
2018,-22.1,160
2018,-22.0,160
2018,-21.9,161
2018,-21.8,161
2018,-21.7,161
2018,-21.6,162
2018,-21.5,162
2018,-21.4,162
2018,-21.3,162
2018,-21.2,163
2018,-21.1,163
2018,-21.0,163
2018,-20.9,163
2018,-20.8,163
2018,-20.7,163
2018,-20.6,163
2018,-20.5,163
2018,-20.4,163
2018,-20.3,163
2018,-20.2,163
2018,-20.1,163
2018,-20.0,163
2018,-19.9,164
2018,-19.8,164
2018,-19.7,164
2018,-19.6,164
2018,-19.5,164
2018,-19.4,164
2018,-19.3,165
2018,-19.2,166
2018,-19.1,166
2018,-19.0,166
2018,-18.9,166
2018,-18.8,167
2018,-18.7,167
2018,-18.6,167
2018,-18.5,168
2018,-18.4,168
2018,-18.3,168
2018,-18.2,168
2018,-18.1,168
2018,-18.0,169
2018,-17.9,171
2018,-17.8,171
2018,-17.7,172
2018,-17.6,172
2018,-17.5,172
2018,-17.4,173
2018,-17.3,173
2018,-17.2,173
2018,-17.1,174
2018,-17.0,174
2018,-16.9,174
2018,-16.8,174
2018,-16.7,174
2018,-16.6,174
2018,-16.5,174
2018,-16.4,174
2018,-16.3,174
2018,-16.2,174
2018,-16.1,175
2018,-16.0,176
2018,-15.9,176
2018,-15.8,176
2018,-15.7,176
2018,-15.6,176
2018,-15.5,177
2018,-15.4,177
2018,-15.3,178
2018,-15.2,179
2018,-15.1,179
2018,-15.0,180
2018,-14.9,180
2018,-14.8,181
2018,-14.7,181
2018,-14.6,181
2018,-14.5,181
2018,-14.4,181
2018,-14.3,181
2018,-14.2,181
2018,-14.1,181
2018,-14.0,181
2018,-13.9,181
2018,-13.8,182
2018,-13.7,182
2018,-13.6,184
2018,-13.5,184
2018,-13.4,184
2018,-13.3,184
2018,-13.2,184
2018,-13.1,184
2018,-13.0,184
2018,-12.9,185
2018,-12.8,186
2018,-12.7,186
2018,-12.6,186
2018,-12.5,188
2018,-12.4,188
2018,-12.3,189
2018,-12.2,189
2018,-12.1,189
2018,-12.0,189
2018,-11.9,189
2018,-11.8,189
2018,-11.7,190
2018,-11.6,190
2018,-11.5,191
2018,-11.4,192
2018,-11.3,192
2018,-11.2,192
2018,-11.1,192
2018,-11.0,192
2018,-10.9,193
2018,-10.8,193
2018,-10.7,193
2018,-10.6,193
2018,-10.5,193
2018,-10.4,193
2018,-10.3,194
2018,-10.2,194
2018,-10.1,194
2018,-10.0,195
2018,-9.9,196
2018,-9.8,196
2018,-9.7,196
2018,-9.6,196
2018,-9.5,197
2018,-9.4,198
2018,-9.3,198
2018,-9.2,199
2018,-9.1,199
2018,-9.0,199
2018,-8.9,199
2018,-8.8,199
2018,-8.7,200
2018,-8.6,201
2018,-8.5,202
2018,-8.4,202
2018,-8.3,202
2018,-8.2,202
2018,-8.1,202
2018,-8.0,202
2018,-7.9,202
2018,-7.8,203
2018,-7.7,203
2018,-7.6,204
2018,-7.5,204
2018,-7.4,204
2018,-7.3,204
2018,-7.2,204
2018,-7.1,206
2018,-7.0,206
2018,-6.9,206
2018,-6.8,207
2018,-6.7,207
2018,-6.6,208
2018,-6.5,208
2018,-6.4,209
2018,-6.3,209
2018,-6.2,209
2018,-6.1,210
2018,-6.0,210
2018,-5.9,210
2018,-5.8,210
2018,-5.7,210
2018,-5.6,210
2018,-5.5,211
2018,-5.4,211
2018,-5.3,212
2018,-5.2,213
2018,-5.1,213
2018,-5.0,216
2018,-4.9,216
2018,-4.8,217
2018,-4.7,217
2018,-4.6,217
2018,-4.5,218
2018,-4.4,218
2018,-4.3,218
2018,-4.2,219
2018,-4.1,220
2018,-4.0,220
2018,-3.9,221
2018,-3.8,221
2018,-3.7,221
2018,-3.6,221
2018,-3.5,221
2018,-3.4,221
2018,-3.3,221
2018,-3.2,221
2018,-3.1,222
2018,-3.0,222
2018,-2.9,222
2018,-2.8,222
2018,-2.7,222
2018,-2.6,222
2018,-2.5,222
2018,-2.4,222
2018,-2.3,222
2018,-2.2,224
2018,-2.1,224
2018,-2.0,224
2018,-1.9,225
2018,-1.8,226
2018,-1.7,228
2018,-1.6,228
2018,-1.5,228
2018,-1.4,228
2018,-1.3,231
2018,-1.2,231
2018,-1.1,231
2018,-1.0,232
2018,-0.9,232
2018,-0.8,232
2018,-0.7,233
2018,-0.6,233
2018,-0.5,233
2018,-0.4,233
2018,-0.3,233
2018,-0.2,234
2018,-0.1,234
2018,0.0,234
2018,0.1,234
2018,0.2,235
2018,0.3,235
2018,0.4,237
2018,0.5,239
2018,0.6,239
2018,0.7,239
2018,0.8,240
2018,0.9,242
2018,1.0,242
2018,1.1,242
2018,1.2,242
2018,1.3,242
2018,1.4,242
2018,1.5,242
2018,1.6,242
2018,1.7,242
2018,1.8,242
2018,1.9,242
2018,2.0,243
2018,2.1,243
2018,2.2,243
2018,2.3,243
2018,2.4,243
2018,2.5,243
2018,2.6,244
2018,2.7,246
2018,2.8,246
2018,2.9,246
2018,3.0,247
2018,3.1,247
2018,3.2,248
2018,3.3,249
2018,3.4,249
2018,3.5,251
2018,3.6,251
2018,3.7,251
2018,3.8,251
2018,3.9,251
2018,4.0,251
2018,4.1,252
2018,4.2,253
2018,4.3,254
2018,4.4,256
2018,4.5,257
2018,4.6,257
2018,4.7,257
2018,4.8,259
2018,4.9,259
2018,5.0,259
2018,5.1,260
2018,5.2,260
2018,5.3,261
2018,5.4,262
2018,5.5,263
2018,5.6,263
2018,5.7,264
2018,5.8,265
2018,5.9,265
2018,6.0,265
2018,6.1,266
2018,6.2,267
2018,6.3,268
2018,6.4,269
2018,6.5,270
2018,6.6,271
2018,6.7,272
2018,6.8,272
2018,6.9,272
2018,7.0,272
2018,7.1,272
2018,7.2,272
2018,7.3,272
2018,7.4,272
2018,7.5,273
2018,7.6,274
2018,7.7,274
2018,7.8,275
2018,7.9,275
2018,8.0,275
2018,8.1,275
2018,8.2,275
2018,8.3,276
2018,8.4,277
2018,8.5,278
2018,8.6,278
2018,8.7,279
2018,8.8,279
2018,8.9,280
2018,9.0,280
2018,9.1,280
2018,9.2,281
2018,9.3,281
2018,9.4,281
2018,9.5,281
2018,9.6,282
2018,9.7,283
2018,9.8,284
2018,9.9,284
2018,10.0,284
2018,10.1,284
2018,10.2,285
2018,10.3,285
2018,10.4,286
2018,10.5,288
2018,10.6,288
2018,10.7,289
2018,10.8,289
2018,10.9,289
2018,11.0,290
2018,11.1,291
2018,11.2,291
2018,11.3,291
2018,11.4,292
2018,11.5,292
2018,11.6,293
2018,11.7,293
2018,11.8,293
2018,11.9,293
2018,12.0,293
2018,12.1,293
2018,12.2,293
2018,12.3,293
2018,12.4,293
2018,12.5,293
2018,12.6,295
2018,12.7,298
2018,12.8,299
2018,12.9,299
2018,13.0,302
2018,13.1,303
2018,13.2,303
2018,13.3,303
2018,13.4,303
2018,13.5,304
2018,13.6,305
2018,13.7,305
2018,13.8,305
2018,13.9,306
2018,14.0,307
2018,14.1,309
2018,14.2,309
2018,14.3,309
2018,14.4,309
2018,14.5,309
2018,14.6,309
2018,14.7,309
2018,14.8,309
2018,14.9,309
2018,15.0,309
2018,15.1,309
2018,15.2,309
2018,15.3,310
2018,15.4,310
2018,15.5,311
2018,15.6,311
2018,15.7,311
2018,15.8,313
2018,15.9,314
2018,16.0,314
2018,16.1,314
2018,16.2,314
2018,16.3,314
2018,16.4,314
2018,16.5,315
2018,16.6,316
2018,16.7,316
2018,16.8,316
2018,16.9,316
2018,17.0,316
2018,17.1,316
2018,17.2,316
2018,17.3,316
2018,17.4,316
2018,17.5,317
2018,17.6,317
2018,17.7,318
2018,17.8,318
2018,17.9,318
2018,18.0,319
2018,18.1,319
2018,18.2,320
2018,18.3,321
2018,18.4,322
2018,18.5,322
2018,18.6,324
2018,18.7,324
2018,18.8,324
2018,18.9,327
2018,19.0,328
2018,19.1,329
2018,19.2,329
2018,19.3,330
2018,19.4,330
2018,19.5,331
2018,19.6,332
2018,19.7,332
2018,19.8,332
2018,19.9,332
2018,20.0,332
2018,20.1,332
2018,20.2,332
2018,20.3,333
2018,20.4,333
2018,20.5,333
2018,20.6,333
2018,20.7,334
2018,20.8,335
2018,20.9,336
2018,21.0,338
2018,21.1,338
2018,21.2,338
2018,21.3,339
2018,21.4,340
2018,21.5,340
2018,21.6,340
2018,21.7,340
2018,21.8,340
2018,21.9,340
2018,22.0,341
2018,22.1,341
2018,22.2,342
2018,22.3,342
2018,22.4,344
2018,22.5,344
2018,22.6,344
2018,22.7,344
2018,22.8,344
2018,22.9,344
2018,23.0,344
2018,23.1,345
2018,23.2,345
2018,23.3,345
2018,23.4,345
2018,23.5,345
2018,23.6,346
2018,23.7,346
2018,23.8,346
2018,23.9,346
2018,24.0,348
2018,24.1,348
2018,24.2,348
2018,24.3,348
2018,24.4,348
2018,24.5,349
2018,24.6,351
2018,24.7,351
2018,24.8,351
2018,24.9,352
2018,25.0,352
2020,-25.0,130
2020,-24.9,131
2020,-24.8,132
2020,-24.7,132
2020,-24.6,132
2020,-24.5,133
2020,-24.4,133
2020,-24.3,134
2020,-24.2,134
2020,-24.1,134
2020,-24.0,134
2020,-23.9,134
2020,-23.8,134
2020,-23.7,134
2020,-23.6,134
2020,-23.5,134
2020,-23.4,135
2020,-23.3,135
2020,-23.2,136
2020,-23.1,137
2020,-23.0,137
2020,-22.9,137
2020,-22.8,137
2020,-22.7,137
2020,-22.6,137
2020,-22.5,138
2020,-22.4,138
2020,-22.3,140
2020,-22.2,141
2020,-22.1,141
2020,-22.0,142
2020,-21.9,142
2020,-21.8,142
2020,-21.7,142
2020,-21.6,143
2020,-21.5,143
2020,-21.4,143
2020,-21.3,143
2020,-21.2,143
2020,-21.1,144
2020,-21.0,144
2020,-20.9,144
2020,-20.8,144
2020,-20.7,145
2020,-20.6,146
2020,-20.5,147
2020,-20.4,148
2020,-20.3,149
2020,-20.2,149
2020,-20.1,149
2020,-20.0,151
2020,-19.9,151
2020,-19.8,152
2020,-19.7,152
2020,-19.6,152
2020,-19.5,152
2020,-19.4,152
2020,-19.3,152
2020,-19.2,153
2020,-19.1,153
2020,-19.0,154
2020,-18.9,154
2020,-18.8,155
2020,-18.7,156
2020,-18.6,156
2020,-18.5,156
2020,-18.4,156
2020,-18.3,156
2020,-18.2,157
2020,-18.1,157
2020,-18.0,157
2020,-17.9,157
2020,-17.8,157
2020,-17.7,158
2020,-17.6,159
2020,-17.5,159
2020,-17.4,159
2020,-17.3,161
2020,-17.2,163
2020,-17.1,163
2020,-17.0,163
2020,-16.9,163
2020,-16.8,163
2020,-16.7,164
2020,-16.6,165
2020,-16.5,165
2020,-16.4,166
2020,-16.3,167
2020,-16.2,167
2020,-16.1,167
2020,-16.0,167
2020,-15.9,167
2020,-15.8,167
2020,-15.7,167
2020,-15.6,167
2020,-15.5,167
2020,-15.4,167
2020,-15.3,167
2020,-15.2,167
2020,-15.1,168
2020,-15.0,168
2020,-14.9,168
2020,-14.8,168
2020,-14.7,168
2020,-14.6,168
2020,-14.5,168
2020,-14.4,168
2020,-14.3,168
2020,-14.2,168
2020,-14.1,168
2020,-14.0,168
2020,-13.9,169
2020,-13.8,169
2020,-13.7,169
2020,-13.6,169
2020,-13.5,169
2020,-13.4,169
2020,-13.3,169
2020,-13.2,171
2020,-13.1,173
2020,-13.0,173
2020,-12.9,173
2020,-12.8,173
2020,-12.7,175
2020,-12.6,175
2020,-12.5,176
2020,-12.4,176
2020,-12.3,176
2020,-12.2,177
2020,-12.1,178
2020,-12.0,179
2020,-11.9,179
2020,-11.8,180
2020,-11.7,181
2020,-11.6,181
2020,-11.5,181
2020,-11.4,181
2020,-11.3,181
2020,-11.2,182
2020,-11.1,182
2020,-11.0,182
2020,-10.9,182
2020,-10.8,182
2020,-10.7,182
2020,-10.6,182
2020,-10.5,182
2020,-10.4,183
2020,-10.3,185
2020,-10.2,186
2020,-10.1,186
2020,-10.0,186
2020,-9.9,186
2020,-9.8,186
2020,-9.7,186
2020,-9.6,186
2020,-9.5,186
2020,-9.4,186
2020,-9.3,187
2020,-9.2,187
2020,-9.1,188
2020,-9.0,188
2020,-8.9,188
2020,-8.8,188
2020,-8.7,188
2020,-8.6,188
2020,-8.5,188
2020,-8.4,188
2020,-8.3,189
2020,-8.2,189
2020,-8.1,189
2020,-8.0,189
2020,-7.9,189
2020,-7.8,190
2020,-7.7,191
2020,-7.6,192
2020,-7.5,193
2020,-7.4,193
2020,-7.3,193
2020,-7.2,193
2020,-7.1,193
2020,-7.0,193
2020,-6.9,195
2020,-6.8,195
2020,-6.7,195
2020,-6.6,196
2020,-6.5,196
2020,-6.4,196
2020,-6.3,196
2020,-6.2,197
2020,-6.1,198
2020,-6.0,200
2020,-5.9,201
2020,-5.8,201
2020,-5.7,201
2020,-5.6,201
2020,-5.5,201
2020,-5.4,202
2020,-5.3,202
2020,-5.2,203
2020,-5.1,203
2020,-5.0,204
2020,-4.9,204
2020,-4.8,204
2020,-4.7,204
2020,-4.6,204
2020,-4.5,204
2020,-4.4,204
2020,-4.3,204
2020,-4.2,204
2020,-4.1,204
2020,-4.0,205
2020,-3.9,205
2020,-3.8,205
2020,-3.7,206
2020,-3.6,207
2020,-3.5,209
2020,-3.4,209
2020,-3.3,210
2020,-3.2,211
2020,-3.1,212
2020,-3.0,212
2020,-2.9,213
2020,-2.8,213
2020,-2.7,214
2020,-2.6,215
2020,-2.5,215
2020,-2.4,216
2020,-2.3,217
2020,-2.2,218
2020,-2.1,218
2020,-2.0,218
2020,-1.9,218
2020,-1.8,219
2020,-1.7,219
2020,-1.6,219
2020,-1.5,219
2020,-1.4,220
2020,-1.3,221
2020,-1.2,222
2020,-1.1,222
2020,-1.0,222
2020,-0.9,222
2020,-0.8,222
2020,-0.7,222
2020,-0.6,222
2020,-0.5,222
2020,-0.4,222
2020,-0.3,222
2020,-0.2,222
2020,-0.1,222
2020,0.0,222
2020,0.1,225
2020,0.2,225
2020,0.3,225
2020,0.4,225
2020,0.5,225
2020,0.6,225
2020,0.7,225
2020,0.8,225
2020,0.9,226
2020,1.0,226
2020,1.1,227
2020,1.2,228
2020,1.3,229
2020,1.4,230
2020,1.5,230
2020,1.6,230
2020,1.7,230
2020,1.8,230
2020,1.9,230
2020,2.0,230
2020,2.1,230
2020,2.2,231
2020,2.3,231
2020,2.4,231
2020,2.5,231
2020,2.6,232
2020,2.7,232
2020,2.8,233
2020,2.9,233
2020,3.0,233
2020,3.1,233
2020,3.2,233
2020,3.3,234
2020,3.4,234
2020,3.5,235
2020,3.6,235
2020,3.7,235
2020,3.8,235
2020,3.9,235
2020,4.0,235
2020,4.1,236
2020,4.2,237
2020,4.3,238
2020,4.4,239
2020,4.5,239
2020,4.6,239
2020,4.7,239
2020,4.8,240
2020,4.9,240
2020,5.0,240
2020,5.1,240
2020,5.2,241
2020,5.3,241
2020,5.4,241
2020,5.5,241
2020,5.6,241
2020,5.7,241
2020,5.8,241
2020,5.9,242
2020,6.0,243
2020,6.1,243
2020,6.2,243
2020,6.3,244
2020,6.4,245
2020,6.5,245
2020,6.6,247
2020,6.7,248
2020,6.8,249
2020,6.9,249
2020,7.0,250
2020,7.1,250
2020,7.2,250
2020,7.3,252
2020,7.4,252
2020,7.5,254
2020,7.6,254
2020,7.7,254
2020,7.8,254
2020,7.9,254
2020,8.0,255
2020,8.1,255
2020,8.2,255
2020,8.3,255
2020,8.4,255
2020,8.5,256
2020,8.6,256
2020,8.7,256
2020,8.8,256
2020,8.9,256
2020,9.0,257
2020,9.1,257
2020,9.2,258
2020,9.3,258
2020,9.4,259
2020,9.5,259
2020,9.6,259
2020,9.7,259
2020,9.8,260
2020,9.9,260
2020,10.0,260
2020,10.1,260
2020,10.2,260
2020,10.3,260
2020,10.4,260
2020,10.5,260
2020,10.6,261
2020,10.7,261
2020,10.8,263
2020,10.9,263
2020,11.0,263
2020,11.1,264
2020,11.2,265
2020,11.3,265
2020,11.4,265
2020,11.5,265
2020,11.6,265
2020,11.7,265
2020,11.8,265
2020,11.9,266
2020,12.0,266
2020,12.1,266
2020,12.2,267
2020,12.3,267
2020,12.4,267
2020,12.5,268
2020,12.6,269
2020,12.7,269
2020,12.8,270
2020,12.9,270
2020,13.0,270
2020,13.1,272
2020,13.2,273
2020,13.3,273
2020,13.4,274
2020,13.5,274
2020,13.6,274
2020,13.7,274
2020,13.8,274
2020,13.9,275
2020,14.0,276
2020,14.1,277
2020,14.2,277
2020,14.3,279
2020,14.4,279
2020,14.5,279
2020,14.6,280
2020,14.7,280
2020,14.8,280
2020,14.9,280
2020,15.0,280
2020,15.1,280
2020,15.2,282
2020,15.3,282
2020,15.4,282
2020,15.5,283
2020,15.6,283
2020,15.7,283
2020,15.8,283
2020,15.9,283
2020,16.0,283
2020,16.1,283
2020,16.2,283
2020,16.3,284
2020,16.4,285
2020,16.5,286
2020,16.6,286
2020,16.7,288
2020,16.8,291
2020,16.9,291
2020,17.0,291
2020,17.1,291
2020,17.2,291
2020,17.3,291
2020,17.4,291
2020,17.5,291
2020,17.6,292
2020,17.7,293
2020,17.8,294
2020,17.9,294
2020,18.0,294
2020,18.1,294
2020,18.2,294
2020,18.3,294
2020,18.4,294
2020,18.5,294
2020,18.6,295
2020,18.7,296
2020,18.8,297
2020,18.9,297
2020,19.0,297
2020,19.1,297
2020,19.2,299
2020,19.3,299
2020,19.4,299
2020,19.5,299
2020,19.6,299
2020,19.7,299
2020,19.8,299
2020,19.9,299
2020,20.0,299
2020,20.1,299
2020,20.2,299
2020,20.3,301
2020,20.4,302
2020,20.5,302
2020,20.6,302
2020,20.7,303
2020,20.8,303
2020,20.9,305
2020,21.0,306
2020,21.1,306
2020,21.2,306
2020,21.3,308
2020,21.4,308
2020,21.5,308
2020,21.6,310
2020,21.7,310
2020,21.8,310
2020,21.9,310
2020,22.0,310
2020,22.1,311
2020,22.2,313
2020,22.3,313
2020,22.4,313
2020,22.5,314
2020,22.6,315
2020,22.7,315
2020,22.8,316
2020,22.9,317
2020,23.0,318
2020,23.1,318
2020,23.2,318
2020,23.3,319
2020,23.4,320
2020,23.5,320
2020,23.6,320
2020,23.7,321
2020,23.8,322
2020,23.9,323
2020,24.0,323
2020,24.1,323
2020,24.2,323
2020,24.3,326
2020,24.4,326
2020,24.5,326
2020,24.6,326
2020,24.7,327
2020,24.8,327
2020,24.9,327
2020,25.0,327
2022,-25.0,115
2022,-24.9,115
2022,-24.8,115
2022,-24.7,115
2022,-24.6,115
2022,-24.5,115
2022,-24.4,115
2022,-24.3,115
2022,-24.2,116
2022,-24.1,116
2022,-24.0,117
2022,-23.9,118
2022,-23.8,118
2022,-23.7,119
2022,-23.6,120
2022,-23.5,121
2022,-23.4,121
2022,-23.3,121
2022,-23.2,121
2022,-23.1,122
2022,-23.0,122
2022,-22.9,122
2022,-22.8,122
2022,-22.7,122
2022,-22.6,123
2022,-22.5,124
2022,-22.4,124
2022,-22.3,124
2022,-22.2,124
2022,-22.1,125
2022,-22.0,125
2022,-21.9,125
2022,-21.8,125
2022,-21.7,125
2022,-21.6,125
2022,-21.5,125
2022,-21.4,125
2022,-21.3,125
2022,-21.2,125
2022,-21.1,126
2022,-21.0,126
2022,-20.9,126
2022,-20.8,126
2022,-20.7,126
2022,-20.6,126
2022,-20.5,126
2022,-20.4,127
2022,-20.3,128
2022,-20.2,129
2022,-20.1,130
2022,-20.0,130
2022,-19.9,130
2022,-19.8,131
2022,-19.7,131
2022,-19.6,131
2022,-19.5,131
2022,-19.4,131
2022,-19.3,131
2022,-19.2,132
2022,-19.1,132
2022,-19.0,133
2022,-18.9,134
2022,-18.8,135
2022,-18.7,135
2022,-18.6,136
2022,-18.5,136
2022,-18.4,136
2022,-18.3,138
2022,-18.2,138
2022,-18.1,138
2022,-18.0,138
2022,-17.9,138
2022,-17.8,138
2022,-17.7,138
2022,-17.6,138
2022,-17.5,138
2022,-17.4,138
2022,-17.3,138
2022,-17.2,138
2022,-17.1,138
2022,-17.0,138
2022,-16.9,138
2022,-16.8,138
2022,-16.7,138
2022,-16.6,140
2022,-16.5,141
2022,-16.4,141
2022,-16.3,142
2022,-16.2,142
2022,-16.1,143
2022,-16.0,143
2022,-15.9,143
2022,-15.8,143
2022,-15.7,143
2022,-15.6,143
2022,-15.5,143
2022,-15.4,145
2022,-15.3,147
2022,-15.2,147
2022,-15.1,147
2022,-15.0,147
2022,-14.9,147
2022,-14.8,147
2022,-14.7,149
2022,-14.6,149
2022,-14.5,149
2022,-14.4,149
2022,-14.3,149
2022,-14.2,149
2022,-14.1,150
2022,-14.0,150
2022,-13.9,150
2022,-13.8,150
2022,-13.7,152
2022,-13.6,152
2022,-13.5,152
2022,-13.4,152
2022,-13.3,154
2022,-13.2,156
2022,-13.1,156
2022,-13.0,156
2022,-12.9,157
2022,-12.8,157
2022,-12.7,158
2022,-12.6,158
2022,-12.5,158
2022,-12.4,159
2022,-12.3,160
2022,-12.2,161
2022,-12.1,161
2022,-12.0,161
2022,-11.9,162
2022,-11.8,163
2022,-11.7,164
2022,-11.6,164
2022,-11.5,166
2022,-11.4,166
2022,-11.3,166
2022,-11.2,166
2022,-11.1,166
2022,-11.0,166
2022,-10.9,166
2022,-10.8,166
2022,-10.7,166
2022,-10.6,167
2022,-10.5,168
2022,-10.4,168
2022,-10.3,168
2022,-10.2,169
2022,-10.1,171
2022,-10.0,171
2022,-9.9,172
2022,-9.8,172
2022,-9.7,172
2022,-9.6,173
2022,-9.5,174
2022,-9.4,174
2022,-9.3,174
2022,-9.2,174
2022,-9.1,174
2022,-9.0,175
2022,-8.9,176
2022,-8.8,176
2022,-8.7,178
2022,-8.6,178
2022,-8.5,178
2022,-8.4,178
2022,-8.3,180
2022,-8.2,180
2022,-8.1,181
2022,-8.0,181
2022,-7.9,182
2022,-7.8,182
2022,-7.7,183
2022,-7.6,183
2022,-7.5,183
2022,-7.4,183
2022,-7.3,183
2022,-7.2,184
2022,-7.1,184
2022,-7.0,184
2022,-6.9,184
2022,-6.8,185
2022,-6.7,186
2022,-6.6,186
2022,-6.5,187
2022,-6.4,187
2022,-6.3,187
2022,-6.2,187
2022,-6.1,187
2022,-6.0,187
2022,-5.9,187
2022,-5.8,187
2022,-5.7,188
2022,-5.6,189
2022,-5.5,191
2022,-5.4,192
2022,-5.3,193
2022,-5.2,194
2022,-5.1,194
2022,-5.0,194
2022,-4.9,194
2022,-4.8,196
2022,-4.7,197
2022,-4.6,198
2022,-4.5,198
2022,-4.4,198
2022,-4.3,198
2022,-4.2,198
2022,-4.1,198
2022,-4.0,199
2022,-3.9,201
2022,-3.8,202
2022,-3.7,202
2022,-3.6,202
2022,-3.5,202
2022,-3.4,203
2022,-3.3,203
2022,-3.2,203
2022,-3.1,204
2022,-3.0,204
2022,-2.9,204
2022,-2.8,204
2022,-2.7,204
2022,-2.6,204
2022,-2.5,205
2022,-2.4,206
2022,-2.3,206
2022,-2.2,206
2022,-2.1,206
2022,-2.0,206
2022,-1.9,207
2022,-1.8,207
2022,-1.7,207
2022,-1.6,207
2022,-1.5,207
2022,-1.4,207
2022,-1.3,208
2022,-1.2,208
2022,-1.1,208
2022,-1.0,208
2022,-0.9,208
2022,-0.8,209
2022,-0.7,212
2022,-0.6,212
2022,-0.5,212
2022,-0.4,212
2022,-0.3,212
2022,-0.2,212
2022,-0.1,212
2022,0.0,212
2022,0.1,212
2022,0.2,213
2022,0.3,213
2022,0.4,214
2022,0.5,215
2022,0.6,216
2022,0.7,218
2022,0.8,218
2022,0.9,219
2022,1.0,220
2022,1.1,220
2022,1.2,220
2022,1.3,220
2022,1.4,220
2022,1.5,221
2022,1.6,222
2022,1.7,222
2022,1.8,222
2022,1.9,222
2022,2.0,222
2022,2.1,223
2022,2.2,223
2022,2.3,223
2022,2.4,223
2022,2.5,223
2022,2.6,223
2022,2.7,224
2022,2.8,224
2022,2.9,225
2022,3.0,225
2022,3.1,226
2022,3.2,226
2022,3.3,227
2022,3.4,227
2022,3.5,228
2022,3.6,229
2022,3.7,229
2022,3.8,230
2022,3.9,230
2022,4.0,230
2022,4.1,230
2022,4.2,230
2022,4.3,230
2022,4.4,230
2022,4.5,230
2022,4.6,230
2022,4.7,231
2022,4.8,231
2022,4.9,232
2022,5.0,232
2022,5.1,232
2022,5.2,232
2022,5.3,232
2022,5.4,232
2022,5.5,232
2022,5.6,232
2022,5.7,232
2022,5.8,232
2022,5.9,232
2022,6.0,232
2022,6.1,232
2022,6.2,232
2022,6.3,232
2022,6.4,232
2022,6.5,233
2022,6.6,233
2022,6.7,233
2022,6.8,233
2022,6.9,234
2022,7.0,234
2022,7.1,234
2022,7.2,234
2022,7.3,235
2022,7.4,235
2022,7.5,235
2022,7.6,236
2022,7.7,237
2022,7.8,238
2022,7.9,238
2022,8.0,238
2022,8.1,238
2022,8.2,238
2022,8.3,240
2022,8.4,240
2022,8.5,240
2022,8.6,240
2022,8.7,241
2022,8.8,241
2022,8.9,241
2022,9.0,242
2022,9.1,242
2022,9.2,242
2022,9.3,242
2022,9.4,242
2022,9.5,243
2022,9.6,243
2022,9.7,243
2022,9.8,244
2022,9.9,244
2022,10.0,244
2022,10.1,244
2022,10.2,244
2022,10.3,244
2022,10.4,244
2022,10.5,244
2022,10.6,244
2022,10.7,244
2022,10.8,245
2022,10.9,245
2022,11.0,245
2022,11.1,246
2022,11.2,246
2022,11.3,246
2022,11.4,246
2022,11.5,246
2022,11.6,247
2022,11.7,247
2022,11.8,247
2022,11.9,247
2022,12.0,248
2022,12.1,249
2022,12.2,249
2022,12.3,250
2022,12.4,250
2022,12.5,250
2022,12.6,250
2022,12.7,250
2022,12.8,250
2022,12.9,250
2022,13.0,250
2022,13.1,251
2022,13.2,252
2022,13.3,252
2022,13.4,252
2022,13.5,252
2022,13.6,252
2022,13.7,253
2022,13.8,254
2022,13.9,254
2022,14.0,255
2022,14.1,256
2022,14.2,256
2022,14.3,256
2022,14.4,256
2022,14.5,257
2022,14.6,258
2022,14.7,258
2022,14.8,258
2022,14.9,258
2022,15.0,258
2022,15.1,258
2022,15.2,258
2022,15.3,259
2022,15.4,260
2022,15.5,261
2022,15.6,261
2022,15.7,261
2022,15.8,261
2022,15.9,262
2022,16.0,262
2022,16.1,262
2022,16.2,262
2022,16.3,263
2022,16.4,263
2022,16.5,263
2022,16.6,263
2022,16.7,263
2022,16.8,263
2022,16.9,263
2022,17.0,263
2022,17.1,265
2022,17.2,265
2022,17.3,265
2022,17.4,265
2022,17.5,265
2022,17.6,265
2022,17.7,265
2022,17.8,265
2022,17.9,265
2022,18.0,265
2022,18.1,266
2022,18.2,266
2022,18.3,267
2022,18.4,268
2022,18.5,268
2022,18.6,268
2022,18.7,268
2022,18.8,269
2022,18.9,269
2022,19.0,269
2022,19.1,269
2022,19.2,271
2022,19.3,271
2022,19.4,272
2022,19.5,273
2022,19.6,273
2022,19.7,274
2022,19.8,274
2022,19.9,274
2022,20.0,274
2022,20.1,274
2022,20.2,275
2022,20.3,275
2022,20.4,275
2022,20.5,275
2022,20.6,276
2022,20.7,276
2022,20.8,277
2022,20.9,277
2022,21.0,278
2022,21.1,278
2022,21.2,278
2022,21.3,278
2022,21.4,278
2022,21.5,279
2022,21.6,279
2022,21.7,279
2022,21.8,279
2022,21.9,279
2022,22.0,279
2022,22.1,280
2022,22.2,281
2022,22.3,282
2022,22.4,282
2022,22.5,284
2022,22.6,284
2022,22.7,285
2022,22.8,285
2022,22.9,285
2022,23.0,285
2022,23.1,286
2022,23.2,287
2022,23.3,287
2022,23.4,288
2022,23.5,289
2022,23.6,290
2022,23.7,290
2022,23.8,291
2022,23.9,291
2022,24.0,291
2022,24.1,291
2022,24.2,292
2022,24.3,295
2022,24.4,295
2022,24.5,296
2022,24.6,296
2022,24.7,296
2022,24.8,296
2022,24.9,296
2022,25.0,297
2024,-25.0,114
2024,-24.9,114
2024,-24.8,114
2024,-24.7,115
2024,-24.6,116
2024,-24.5,117
2024,-24.4,118
2024,-24.3,118
2024,-24.2,118
2024,-24.1,120
2024,-24.0,121
2024,-23.9,122
2024,-23.8,122
2024,-23.7,122
2024,-23.6,123
2024,-23.5,123
2024,-23.4,124
2024,-23.3,124
2024,-23.2,124
2024,-23.1,124
2024,-23.0,124
2024,-22.9,124
2024,-22.8,124
2024,-22.7,124
2024,-22.6,124
2024,-22.5,125
2024,-22.4,125
2024,-22.3,125
2024,-22.2,125
2024,-22.1,125
2024,-22.0,126
2024,-21.9,126
2024,-21.8,126
2024,-21.7,126
2024,-21.6,126
2024,-21.5,126
2024,-21.4,126
2024,-21.3,127
2024,-21.2,127
2024,-21.1,127
2024,-21.0,128
2024,-20.9,128
2024,-20.8,128
2024,-20.7,128
2024,-20.6,128
2024,-20.5,128
2024,-20.4,128
2024,-20.3,128
2024,-20.2,128
2024,-20.1,128
2024,-20.0,128
2024,-19.9,129
2024,-19.8,129
2024,-19.7,129
2024,-19.6,131
2024,-19.5,131
2024,-19.4,132
2024,-19.3,132
2024,-19.2,132
2024,-19.1,132
2024,-19.0,135
2024,-18.9,135
2024,-18.8,135
2024,-18.7,135
2024,-18.6,135
2024,-18.5,135
2024,-18.4,135
2024,-18.3,135
2024,-18.2,136
2024,-18.1,137
2024,-18.0,137
2024,-17.9,137
2024,-17.8,137
2024,-17.7,137
2024,-17.6,138
2024,-17.5,138
2024,-17.4,138
2024,-17.3,140
2024,-17.2,140
2024,-17.1,140
2024,-17.0,140
2024,-16.9,141
2024,-16.8,142
2024,-16.7,143
2024,-16.6,143
2024,-16.5,143
2024,-16.4,143
2024,-16.3,144
2024,-16.2,145
2024,-16.1,145
2024,-16.0,146
2024,-15.9,146
2024,-15.8,146
2024,-15.7,147
2024,-15.6,147
2024,-15.5,149
2024,-15.4,149
2024,-15.3,149
2024,-15.2,150
2024,-15.1,150
2024,-15.0,150
2024,-14.9,151
2024,-14.8,151
2024,-14.7,152
2024,-14.6,152
2024,-14.5,152
2024,-14.4,152
2024,-14.3,152
2024,-14.2,152
2024,-14.1,153
2024,-14.0,153
2024,-13.9,153
2024,-13.8,153
2024,-13.7,154
2024,-13.6,155
2024,-13.5,155
2024,-13.4,155
2024,-13.3,156
2024,-13.2,156
2024,-13.1,156
2024,-13.0,157
2024,-12.9,157
2024,-12.8,159
2024,-12.7,160
2024,-12.6,161
2024,-12.5,163
2024,-12.4,163
2024,-12.3,164
2024,-12.2,164
2024,-12.1,165
2024,-12.0,165
2024,-11.9,165
2024,-11.8,165
2024,-11.7,165
2024,-11.6,165
2024,-11.5,166
2024,-11.4,166
2024,-11.3,167
2024,-11.2,168
2024,-11.1,169
2024,-11.0,169
2024,-10.9,169
2024,-10.8,169
2024,-10.7,169
2024,-10.6,169
2024,-10.5,169
2024,-10.4,169
2024,-10.3,169
2024,-10.2,170
2024,-10.1,171
2024,-10.0,171
2024,-9.9,172
2024,-9.8,172
2024,-9.7,172
2024,-9.6,172
2024,-9.5,172
2024,-9.4,172
2024,-9.3,172
2024,-9.2,172
2024,-9.1,174
2024,-9.0,174
2024,-8.9,175
2024,-8.8,176
2024,-8.7,177
2024,-8.6,178
2024,-8.5,178
2024,-8.4,179
2024,-8.3,180
2024,-8.2,180
2024,-8.1,182
2024,-8.0,183
2024,-7.9,183
2024,-7.8,183
2024,-7.7,185
2024,-7.6,185
2024,-7.5,185
2024,-7.4,186
2024,-7.3,186
2024,-7.2,186
2024,-7.1,186
2024,-7.0,187
2024,-6.9,188
2024,-6.8,189
2024,-6.7,189
2024,-6.6,189
2024,-6.5,189
2024,-6.4,189
2024,-6.3,190
2024,-6.2,190
2024,-6.1,190
2024,-6.0,190
2024,-5.9,191
2024,-5.8,192
2024,-5.7,192
2024,-5.6,192
2024,-5.5,193
2024,-5.4,193
2024,-5.3,193
2024,-5.2,193
2024,-5.1,194
2024,-5.0,195
2024,-4.9,195
2024,-4.8,196
2024,-4.7,196
2024,-4.6,196
2024,-4.5,197
2024,-4.4,197
2024,-4.3,198
2024,-4.2,199
2024,-4.1,200
2024,-4.0,200
2024,-3.9,200
2024,-3.8,201
2024,-3.7,201
2024,-3.6,201
2024,-3.5,202
2024,-3.4,202
2024,-3.3,202
2024,-3.2,202
2024,-3.1,202
2024,-3.0,202
2024,-2.9,203
2024,-2.8,204
2024,-2.7,205
2024,-2.6,207
2024,-2.5,208
2024,-2.4,208
2024,-2.3,208
2024,-2.2,209
2024,-2.1,209
2024,-2.0,209
2024,-1.9,209
2024,-1.8,210
2024,-1.7,211
2024,-1.6,211
2024,-1.5,211
2024,-1.4,211
2024,-1.3,211
2024,-1.2,211
2024,-1.1,211
2024,-1.0,211
2024,-0.9,211
2024,-0.8,211
2024,-0.7,211
2024,-0.6,213
2024,-0.5,213
2024,-0.4,213
2024,-0.3,213
2024,-0.2,214
2024,-0.1,214
2024,0.0,215
2024,0.1,215
2024,0.2,216
2024,0.3,216
2024,0.4,216
2024,0.5,216
2024,0.6,216
2024,0.7,216
2024,0.8,217
2024,0.9,217
2024,1.0,217
2024,1.1,219
2024,1.2,219
2024,1.3,220
2024,1.4,220
2024,1.5,220
2024,1.6,220
2024,1.7,221
2024,1.8,221
2024,1.9,222
2024,2.0,223
2024,2.1,223
2024,2.2,223
2024,2.3,223
2024,2.4,223
2024,2.5,223
2024,2.6,224
2024,2.7,224
2024,2.8,225
2024,2.9,225
2024,3.0,225
2024,3.1,225
2024,3.2,225
2024,3.3,225
2024,3.4,226
2024,3.5,226
2024,3.6,226
2024,3.7,226
2024,3.8,226
2024,3.9,229
2024,4.0,230
2024,4.1,230
2024,4.2,230
2024,4.3,230
2024,4.4,230
2024,4.5,230
2024,4.6,230
2024,4.7,230
2024,4.8,230
2024,4.9,230
2024,5.0,230
2024,5.1,231
2024,5.2,232
2024,5.3,232
2024,5.4,232
2024,5.5,232
2024,5.6,233
2024,5.7,233
2024,5.8,233
2024,5.9,233
2024,6.0,233
2024,6.1,233
2024,6.2,233
2024,6.3,233
2024,6.4,234
2024,6.5,234
2024,6.6,234
2024,6.7,234
2024,6.8,234
2024,6.9,235
2024,7.0,235
2024,7.1,235
2024,7.2,235
2024,7.3,235
2024,7.4,235
2024,7.5,235
2024,7.6,235
2024,7.7,235
2024,7.8,235
2024,7.9,235
2024,8.0,236
2024,8.1,236
2024,8.2,236
2024,8.3,236
2024,8.4,236
2024,8.5,236
2024,8.6,236
2024,8.7,236
2024,8.8,236
2024,8.9,236
2024,9.0,237
2024,9.1,237
2024,9.2,237
2024,9.3,237
2024,9.4,237
2024,9.5,237
2024,9.6,237
2024,9.7,238
2024,9.8,238
2024,9.9,238
2024,10.0,238
2024,10.1,238
2024,10.2,238
2024,10.3,238
2024,10.4,238
2024,10.5,239
2024,10.6,240
2024,10.7,240
2024,10.8,240
2024,10.9,240
2024,11.0,241
2024,11.1,241
2024,11.2,241
2024,11.3,241
2024,11.4,241
2024,11.5,241
2024,11.6,241
2024,11.7,241
2024,11.8,241
2024,11.9,242
2024,12.0,242
2024,12.1,242
2024,12.2,243
2024,12.3,243
2024,12.4,245
2024,12.5,245
2024,12.6,245
2024,12.7,245
2024,12.8,245
2024,12.9,247
2024,13.0,248
2024,13.1,250
2024,13.2,250
2024,13.3,250
2024,13.4,250
2024,13.5,250
2024,13.6,251
2024,13.7,251
2024,13.8,251
2024,13.9,251
2024,14.0,251
2024,14.1,251
2024,14.2,251
2024,14.3,252
2024,14.4,252
2024,14.5,253
2024,14.6,254
2024,14.7,255
2024,14.8,255
2024,14.9,255
2024,15.0,255
2024,15.1,256
2024,15.2,256
2024,15.3,256
2024,15.4,256
2024,15.5,256
2024,15.6,256
2024,15.7,256
2024,15.8,257
2024,15.9,257
2024,16.0,257
2024,16.1,258
2024,16.2,259
2024,16.3,260
2024,16.4,260
2024,16.5,260
2024,16.6,260
2024,16.7,261
2024,16.8,261
2024,16.9,261
2024,17.0,261
2024,17.1,262
2024,17.2,265
2024,17.3,266
2024,17.4,266
2024,17.5,266
2024,17.6,266
2024,17.7,266
2024,17.8,266
2024,17.9,267
2024,18.0,267
2024,18.1,268
2024,18.2,268
2024,18.3,268
2024,18.4,268
2024,18.5,268
2024,18.6,269
2024,18.7,269
2024,18.8,269
2024,18.9,269
2024,19.0,271
2024,19.1,272
2024,19.2,272
2024,19.3,273
2024,19.4,274
2024,19.5,274
2024,19.6,274
2024,19.7,275
2024,19.8,276
2024,19.9,277
2024,20.0,277
2024,20.1,277
2024,20.2,278
2024,20.3,280
2024,20.4,280
2024,20.5,280
2024,20.6,280
2024,20.7,282
2024,20.8,285
2024,20.9,285
2024,21.0,285
2024,21.1,285
2024,21.2,285
2024,21.3,285
2024,21.4,287
2024,21.5,287
2024,21.6,287
2024,21.7,287
2024,21.8,287
2024,21.9,288
2024,22.0,289
2024,22.1,289
2024,22.2,289
2024,22.3,289
2024,22.4,289
2024,22.5,289
2024,22.6,290
2024,22.7,290
2024,22.8,291
2024,22.9,291
2024,23.0,291
2024,23.1,291
2024,23.2,291
2024,23.3,294
2024,23.4,294
2024,23.5,295
2024,23.6,296
2024,23.7,297
2024,23.8,297
2024,23.9,297
2024,24.0,298
2024,24.1,298
2024,24.2,299
2024,24.3,300
2024,24.4,300
2024,24.5,301
2024,24.6,302
2024,24.7,302
2024,24.8,302
2024,24.9,302
2024,25.0,304
