1990,1992,1994,1996,1998,2000,2002,2004,2006,2008,2010,2012,2014,2016,2018,2020,2022,2024
3.33,6.393,-6.132,-0.019,0.952,1.147,-4.274,-1.837,7.297,9.801,-6.03,2.207,-5.492,-1.097,7.124,2.375,-2.003,-1.424
2.849,6.387,-5.642,0.063,0.775,0.463,-2.918,-1.149,7.516,9.405,-6.371,1.85,-4.616,-1.352,6.825,2.149,-1.683,-1.582
2.122,6.296,-5.18,-0.059,0.289,0.788,-3.854,-0.683,7.595,9.667,-5.581,2.117,-4.53,-1.584,7.178,2.08,-2.004,-2.548
3.565,6.002,-5.094,0.011,-0.075,0.45,-2.764,-0.9,8.085,9.827,-6.222,2.728,-5.143,-0.413,7.072,2.516,-2.271,-1.641
3.147,6.352,-5.78,-0.246,-0.581,-0.075,-3.512,-1.782,8.599,9.269,-6.069,1.999,-5.275,-1.481,6.793,2.388,-1.909,-2.108
2.003,5.848,-6.004,0.0,0.47,0.322,-3.341,-1.47,7.96,9.947,-6.002,2.263,-5.935,-2.106,6.758,2.04,-1.732,-2.167
1.849,6.374,-5.182,-0.229,0.293,0.805,-3.688,-1.109,7.579,9.439,-5.895,2.031,-5.64,-0.869,7.048,2.005,-2.164,-2.072
2.796,6.308,-5.324,0.161,-0.82,0.565,-3.541,-0.703,7.926,9.382,-5.925,2.168,-5.578,-1.003,7.406,2.174,-1.764,-1.952
2.928,6.117,-5.126,0.105,0.042,1.481,-4.899,-0.503,8.4,9.258,-6.133,2.044,-5.062,-0.222,6.967,2.164,-2.169,-1.357
2.1,6.118,-5.761,-0.209,0.721,-0.134,-3.043,-1.004,7.719,9.798,-5.471,2.208,-5.049,-1.639,7.021,2.547,-2.302,-2.342
2.398,6.316,-5.526,0.288,0.84,0.422,-4.387,-0.915,7.649,9.963,-5.72,2.413,-5.148,-2.208,6.623,2.252,-2.058,-1.975
2.834,6.354,-5.684,-0.031,1.054,0.919,-3.228,-1.952,7.972,9.169,-5.627,2.181,-4.742,-1.486,7.091,1.834,-2.308,-1.908
3.607,5.941,-5.31,-0.03,0.378,0.998,-3.728,-1.004,8.132,9.389,-5.907,1.949,-4.69,-2.122,7.216,2.356,-2.496,-1.953
3.493,6.231,-5.336,-0.259,0.451,1.26,-2.639,-1.158,7.275,10.159,-5.887,2.101,-4.53,-1.252,6.745,2.365,-1.815,-1.67
2.106,5.891,-5.273,0.234,0.132,0.201,-4.498,-1.387,7.665,10.019,-6.277,2.785,-5.28,-1.878,6.694,2.205,-1.914,-2.101
2.288,6.372,-5.979,0.411,-0.56,0.574,-4.782,-1.219,7.763,10.307,-5.937,2.448,-4.43,-1.109,7.363,1.975,-2.078,-1.931
2.291,6.054,-5.794,-0.304,1.323,-0.296,-3.146,-1.341,7.701,10.194,-5.775,2.467,-5.101,-1.535,7.234,2.121,-2.221,-1.596
2.513,6.271,-5.666,0.134,0.886,0.289,-2.647,-1.432,8.295,9.5,-5.867,2.475,-5.714,-1.409,7.305,2.351,-1.995,-2.614
2.629,6.761,-5.344,0.148,-0.144,0.183,-3.833,-0.811,8.505,9.724,-6.122,2.167,-5.337,-1.578,6.478,2.256,-2.075,-2.305
2.536,6.073,-5.535,0.049,1.11,0.055,-3.566,-1.198,7.281,9.543,-5.704,2.349,-5.594,-0.699,6.61,2.355,-2.244,-1.996
2.154,6.445,-5.194,0.358,0.366,0.506,-3.987,-1.52,8.026,9.73,-5.549,2.373,-5.353,-2.124,6.716,2.443,-2.736,-2.368
2.494,6.239,-5.147,-0.228,0.805,0.667,-3.266,-1.136,8.394,9.485,-5.847,2.393,-5.191,-1.44,7.041,1.583,-2.187,-2.018
3.107,6.262,-5.581,-0.128,-0.289,-0.283,-3.916,-1.738,8.063,9.623,-6.239,2.337,-5.223,-2.587,6.553,2.35,-2.414,-2.046
3.28,6.092,-5.842,0.026,-0.031,0.306,-2.681,-1.178,8.156,9.732,-6.055,2.453,-4.175,-1.352,7.152,1.925,-2.063,-2.664
1.526,6.29,-5.677,0.321,0.189,0.511,-3.173,-0.872,8.076,9.924,-5.898,2.414,-4.841,-1.315,7.073,2.163,-2.605,-2.36
3.558,6.674,-5.724,-0.062,-0.18,-0.012,-3.158,-0.897,8.035,9.359,-5.326,2.426,-5.098,-1.567,6.718,2.048,-1.676,-2.117
3.24,6.203,-5.414,-0.035,-0.218,0.367,-3.329,-1.313,8.243,9.501,-5.748,2.666,-4.613,-0.827,6.627,1.96,-2.026,-1.724
3.181,6.23,-5.401,-0.063,-0.999,0.256,-2.834,-1.561,7.848,9.956,-5.884,2.671,-4.571,-0.803,6.641,2.121,-2.098,-2.266
3.39,6.171,-6.643,0.147,0.076,0.287,-3.128,-1.156,8.502,9.654,-5.827,2.677,-4.426,-0.822,6.866,1.763,-1.981,-2.098
1.759,6.205,-5.234,-0.049,-0.819,0.175,-4.037,-1.432,8.397,9.932,-6.101,2.27,-5.231,-2.013,7.125,2.114,-2.09,-1.803
2.536,6.126,-5.336,-0.259,-0.306,0.132,-3.329,-1.51,7.916,9.621,-5.604,2.866,-5.923,-1.296,7.009,2.352,-1.649,-2.063
2.952,6.702,-5.655,0.112,0.724,0.129,-3.553,-1.213,7.343,9.961,-6.005,2.49,-4.32,-1.523,6.956,2.138,-2.201,-2.058
1.997,5.998,-5.115,-0.1,0.489,0.604,-3.478,-1.346,8.044,9.737,-5.615,2.437,-5.122,-1.289,6.875,2.052,-2.332,-2.206
2.699,6.342,-5.739,0.058,0.147,0.57,-4.613,-1.898,7.989,9.538,-5.985,2.494,-5.139,-1.006,6.743,2.191,-1.937,-1.53
3.142,6.423,-5.671,0.036,0.6,0.52,-4.017,-1.243,7.969,9.484,-5.911,2.518,-5.656,-0.549,6.575,2.269,-1.917,-1.715
2.008,6.113,-5.469,-0.348,0.712,0.58,-3.728,-1.365,8.109,9.009,-5.928,2.191,-5.281,-1.106,6.835,2.345,-1.913,-2.145
3.04,6.068,-5.196,0.076,-0.706,0.351,-4.082,-0.515,7.828,9.496,-5.842,2.18,-5.661,-0.119,7.279,2.334,-2.051,-1.584
2.174,6.075,-5.627,0.196,0.523,1.028,-2.855,-1.517,8.075,9.665,-5.792,2.157,-5.094,-1.724,7.272,2.221,-2.062,-1.538
3.074,6.081,-6.145,-0.001,0.187,-0.417,-3.197,-1.08,7.691,9.444,-5.829,3.001,-4.937,-1.16,6.863,2.275,-2.292,-1.662
3.459,6.192,-5.713,0.191,0.607,-0.493,-2.711,-0.835,7.973,9.93,-5.844,2.143,-5.046,-0.774,6.776,2.051,-2.093,-2.358
2.524,5.923,-5.759,-0.124,0.249,0.631,-2.62,-1.401,7.916,8.67,-6.033,1.73,-5.367,-1.135,6.969,2.393,-1.918,-1.71
2.252,6.294,-4.934,-0.188,-0.177,0.668,-4.164,-0.85,7.502,9.754,-5.783,2.204,-4.708,-1.639,7.05,2.556,-1.857,-2.406
3.086,6.067,-5.878,0.252,-0.268,0.365,-3.794,-1.782,8.147,10.44,-6.001,2.395,-4.65,-1.556,6.621,2.095,-1.548,-1.888
2.653,6.33,-6.203,-0.041,0.054,0.829,-3.637,-1.138,8.209,9.681,-5.928,1.911,-4.162,-1.151,7.089,2.347,-2.305,-1.93
2.579,6.095,-5.725,0.012,0.186,0.817,-2.355,-0.642,7.72,9.694,-5.736,1.98,-4.985,-1.382,7.458,1.844,-2.438,-2.004
2.325,6.253,-5.695,-0.214,0.081,0.372,-3.338,-1.216,8.203,10.332,-5.596,2.675,-5.721,-1.249,7.097,2.43,-2.279,-2.038
1.914,6.194,-5.504,0.304,0.19,1.202,-4.507,-0.74,7.576,9.836,-6.213,2.414,-5.044,-0.836,7.208,1.785,-1.888,-2.292
2.458,6.043,-5.531,0.245,0.831,0.411,-3.459,-1.26,8.097,8.977,-5.94,2.3,-4.956,-1.529,7.163,2.184,-1.44,-1.597
3.25,5.943,-5.152,-0.017,0.084,0.565,-3.304,-1.007,8.419,10.489,-5.672,2.197,-4.584,-0.135,6.798,2.153,-2.034,-2.059
2.84,6.378,-6.01,-0.086,0.11,-0.251,-3.467,-0.907,7.383,9.872,-5.921,2.522,-6.037,-0.959,6.913,2.214,-1.495,-1.585
2.358,5.777,-6.088,0.052,0.464,0.642,-2.59,-1.229,7.298,9.325,-5.923,2.046,-5.247,-1.254,6.718,2.057,-2.684,-1.991
2.549,6.635,-5.61,-0.04,0.862,0.344,-3.925,-1.112,8.224,10.062,-5.903,2.318,-5.085,-2.081,6.82,1.913,-2.403,-2.466
2.955,6.908,-5.851,-0.218,0.974,0.292,-3.891,-1.973,7.6,9.403,-6.002,2.915,-4.78,-1.304,6.903,2.392,-2.317,-1.566
2.743,6.358,-5.283,-0.029,1.103,0.24,-3.496,-1.75,8.435,9.846,-5.792,1.758,-5.417,-0.355,7.139,2.383,-2.01,-1.959
2.826,6.146,-6.273,0.129,1.159,0.307,-3.417,-1.139,7.454,10.708,-5.966,1.554,-5.242,-0.816,7.357,2.12,-2.178,-2.042
2.807,5.802,-5.259,-0.201,1.155,0.227,-3.968,-1.352,7.441,9.532,-5.744,2.584,-5.501,-1.051,6.956,2.187,-2.201,-1.755
2.905,6.326,-5.58,0.162,-0.127,0.68,-3.38,-1.179,8.425,9.532,-6.155,2.446,-6.351,-1.073,6.965,2.539,-2.422,-1.151
1.425,5.937,-5.336,-0.014,0.088,1.331,-3.139,-0.934,7.778,9.797,-5.815,2.044,-3.717,-1.51,7.048,2.066,-1.965,-1.414
2.973,6.292,-5.568,-0.071,0.414,0.184,-2.586,-1.142,7.372,9.511,-5.575,1.996,-4.672,-1.748,6.825,2.033,-2.164,-1.883
2.688,6.369,-5.951,-0.132,-1.081,-0.662,-4.356,-1.818,8.39,9.646,-5.618,2.171,-5.592,-1.604,6.796,2.409,-1.591,-2.063
2.6,6.435,-4.936,0.082,0.141,0.606,-3.912,-1.45,7.76,9.558,-5.945,2.233,-4.957,-1.556,7.213,2.016,-2.207,-2.291
2.814,6.14,-5.445,0.024,0.848,0.401,-2.885,-0.672,7.62,9.66,-5.689,2.654,-4.636,-1.822,6.811,2.517,-2.194,-1.844
2.645,6.125,-5.452,0.074,-0.155,0.541,-4.321,-1.333,7.677,9.526,-5.543,1.918,-4.914,-1.232,6.478,2.047,-2.087,-1.339
2.193,6.43,-6.079,0.007,0.844,0.881,-3.492,-0.88,7.27,10.142,-5.883,2.183,-5.32,-1.246,7.16,2.217,-2.126,-2.066
2.341,6.561,-5.233,0.424,0.46,0.347,-3.22,-1.911,7.601,9.709,-5.942,2.322,-5.55,-0.978,6.489,2.127,-2.155,-2.104
2.533,6.448,-5.182,-0.274,0.561,-0.066,-3.953,-0.848,6.958,8.891,-6.083,2.589,-4.61,-1.523,7.07,2.064,-2.326,-1.925
3.185,6.612,-5.312,0.037,-0.315,0.259,-3.845,-1.218,7.936,9.987,-6.598,2.336,-5.747,-0.74,6.313,1.998,-2.014,-1.763
1.693,6.286,-5.553,0.097,0.259,0.442,-4.024,-1.17,8.13,9.279,-5.798,2.887,-5.471,-1.458,6.721,2.425,-2.253,-1.73
2.37,6.292,-5.049,0.272,0.644,0.228,-3.813,-1.4,8.572,10.366,-5.969,2.488,-5.825,-1.469,7.282,1.782,-1.996,-1.992
3.829,6.069,-6.034,0.581,0.354,-0.088,-4.039,-1.233,7.957,9.676,-5.468,2.251,-6.282,-2.094,6.845,2.436,-2.003,-2.097
2.968,6.764,-5.777,0.325,-0.464,0.68,-3.282,-1.266,8.169,9.108,-5.925,2.074,-5.334,-0.767,7.393,2.584,-2.533,-2.016
3.506,6.386,-6.007,0.105,-0.651,0.407,-3.914,-0.494,8.12,9.25,-5.665,1.965,-5.336,-1.531,7.255,2.25,-1.994,-1.472
2.988,6.417,-5.911,-0.4,-1.219,0.622,-3.999,-1.111,7.739,9.726,-5.812,2.285,-4.921,-1.366,6.89,2.399,-1.895,-1.925
3.662,6.236,-5.976,0.082,0.857,0.601,-3.213,-1.065,7.446,9.732,-6.262,2.364,-4.489,-1.472,7.228,2.205,-1.609,-1.662
3.473,6.08,-5.328,-0.096,-0.323,0.857,-3.288,-0.919,7.775,9.938,-5.628,2.42,-5.72,-1.006,6.743,2.253,-2.188,-1.925
2.258,6.657,-5.769,-0.012,-0.259,0.847,-2.562,-1.679,8.205,9.547,-6.064,1.915,-4.961,-0.939,7.255,2.141,-2.583,-2.01
2.44,5.971,-5.508,0.516,0.305,0.784,-2.857,-1.356,7.115,9.517,-5.602,2.138,-5.349,-1.59,6.824,1.87,-1.7,-1.659
1.768,6.128,-6.0,-0.077,-0.41,-0.111,-3.091,-1.924,8.107,9.916,-6.01,2.391,-4.912,-1.145,6.76,2.196,-2.418,-1.778
2.172,6.255,-5.807,-0.262,0.162,0.314,-2.657,-1.792,8.124,9.955,-6.036,2.944,-5.5,-1.36,7.133,1.635,-2.598,-2.047
3.151,6.43,-5.103,-0.035,0.398,0.616,-4.724,-1.537,8.431,9.498,-5.577,1.947,-5.414,-1.292,6.451,2.493,-2.09,-1.851
2.63,6.205,-5.588,0.2,0.27,-0.106,-3.985,-1.562,7.493,9.127,-6.004,2.943,-5.75,-1.533,6.963,2.068,-1.764,-1.558
2.583,6.291,-5.569,0.132,-0.03,0.373,-3.536,-2.082,7.423,9.337,-5.956,2.139,-5.777,-0.662,7.191,2.282,-1.914,-1.727
3.182,6.262,-5.436,0.009,0.273,0.763,-3.813,-1.072,7.16,9.776,-6.379,2.087,-5.695,-1.375,6.996,2.515,-1.855,-1.8
3.157,6.536,-5.854,0.034,0.255,0.227,-3.937,-1.018,7.971,9.102,-5.675,2.522,-5.151,-0.774,7.52,2.248,-2.102,-1.997
2.592,6.359,-5.765,-0.174,0.236,0.235,-3.516,-1.409,7.565,9.449,-5.547,2.704,-4.542,-1.454,6.652,2.249,-1.931,-1.565
1.839,6.273,-5.162,0.167,-0.988,0.886,-3.813,-0.877,8.155,9.86,-5.824,1.955,-4.834,-0.559,7.063,2.032,-2.111,-1.822
3.168,6.108,-5.777,-0.029,0.193,-0.785,-4.825,-0.301,7.828,9.361,-6.08,1.962,-4.404,-0.81,7.207,2.399,-1.704,-1.585
2.489,6.255,-5.777,0.376,1.017,0.13,-3.325,-1.464,7.686,10.343,-5.932,2.108,-5.283,-0.803,7.019,2.121,-1.966,-1.964
2.132,6.118,-5.772,0.081,0.154,0.41,-3.62,-0.625,8.233,9.711,-6.03,2.543,-5.209,-1.683,7.196,2.328,-2.315,-2.294
3.176,5.741,-5.525,0.404,0.177,0.651,-2.344,-1.131,7.721,9.779,-6.18,2.478,-4.214,-1.128,7.301,2.367,-1.929,-1.866
2.643,6.257,-5.55,-0.066,-0.22,1.047,-3.797,-1.212,7.523,9.136,-5.626,2.175,-6.098,-1.608,6.861,2.152,-2.195,-2.305
1.686,6.226,-6.383,-0.02,-0.43,0.418,-3.893,-1.34,7.689,10.177,-5.777,2.333,-5.449,-1.591,6.92,2.225,-2.217,-1.627
3.445,6.46,-6.249,0.14,1.077,0.457,-4.46,-1.302,7.678,9.741,-5.576,2.657,-6.504,-2.006,7.375,2.422,-2.126,-1.962
2.615,5.82,-5.969,-0.005,-0.114,0.361,-2.802,-1.741,7.989,9.289,-6.108,2.527,-4.94,-1.417,6.629,1.657,-2.162,-1.813
2.14,6.095,-5.874,0.05,-0.326,0.118,-3.471,-1.044,7.525,9.704,-5.749,2.112,-5.804,-0.777,6.939,2.061,-1.805,-1.458
2.286,6.242,-4.97,-0.048,0.628,0.219,-2.844,-1.418,8.316,9.349,-6.108,2.429,-5.373,-1.147,7.024,2.254,-2.117,-1.78
3.002,6.287,-5.85,0.018,0.847,0.885,-2.926,-1.741,8.228,9.59,-5.576,2.556,-4.817,-0.743,6.985,2.137,-1.891,-2.189
2.581,6.154,-5.619,-0.197,0.665,-0.39,-3.114,-1.683,7.736,9.691,-5.637,2.223,-4.309,-1.482,6.961,1.831,-2.055,-2.255
2.54,6.579,-4.928,0.151,1.636,-0.474,-3.493,-1.32,8.137,9.058,-5.783,2.366,-3.746,-0.996,6.925,2.083,-2.018,-2.054
2.202,6.423,-6.145,-0.191,0.153,0.57,-3.157,-0.996,8.019,10.516,-5.971,2.832,-5.448,-1.197,7.043,2.016,-2.529,-1.396
2.295,6.235,-5.539,0.358,-0.307,0.493,-4.423,-1.683,7.571,10.008,-5.671,2.193,-6.017,-1.561,6.999,1.623,-2.461,-2.003
3.17,6.559,-5.152,-0.241,-0.012,1.001,-3.542,-0.766,7.763,9.758,-5.641,2.168,-4.332,-1.506,6.851,1.96,-2.143,-2.646
1.843,6.107,-5.953,0.063,0.471,0.511,-4.16,-0.794,7.828,9.497,-6.172,2.164,-4.441,-1.214,7.475,2.327,-2.472,-1.875
2.952,6.277,-5.266,-0.353,0.041,0.04,-3.561,-1.457,8.548,9.648,-5.838,2.574,-5.63,-0.928,6.985,2.531,-1.91,-2.241
3.744,6.136,-5.722,-0.144,-0.212,-0.031,-4.441,-1.129,7.813,9.984,-5.856,2.309,-5.523,-0.806,6.667,2.243,-2.239,-1.781
3.47,6.353,-5.208,0.487,0.642,-0.003,-4.036,-1.494,7.357,9.539,-5.653,1.828,-5.241,-1.475,7.133,2.235,-2.267,-2.473
2.32,6.277,-5.226,0.152,1.285,0.135,-2.485,-1.046,8.234,9.5,-5.594,2.588,-4.739,-1.952,7.075,2.0,-1.737,-1.632
2.653,6.698,-6.152,0.052,-0.137,0.57,-4.599,-2.099,7.652,9.877,-5.77,2.192,-4.506,-1.253,7.185,2.497,-1.919,-2.589
2.163,6.199,-5.135,-0.078,0.29,0.62,-3.429,-1.134,7.606,9.377,-5.468,2.902,-5.223,-1.716,7.062,2.393,-1.921,-1.728
2.461,6.463,-5.741,-0.115,-0.135,0.117,-3.062,-1.799,8.38,10.266,-5.796,2.406,-5.044,-2.087,7.013,2.375,-1.884,-1.79
2.658,6.488,-6.085,0.136,0.546,1.115,-3.866,-1.167,7.349,10.02,-5.712,2.644,-4.822,-1.351,7.07,2.426,-2.192,-2.211
2.885,6.9,-5.888,-0.041,-0.179,-0.114,-4.292,-0.88,7.751,10.702,-5.406,2.48,-5.713,-1.183,7.059,2.161,-1.647,-1.927
2.821,5.63,-5.853,0.132,-0.035,0.587,-3.787,-1.656,7.57,10.239,-5.779,2.433,-5.43,-0.918,7.006,1.952,-2.407,-1.825
3.815,6.193,-5.825,0.069,-0.582,-0.002,-3.995,-1.185,7.713,9.619,-5.712,2.538,-4.893,-1.54,7.259,2.363,-1.92,-2.507
3.006,5.743,-6.019,-0.072,0.343,-0.093,-3.745,-0.494,8.325,9.245,-5.949,2.045,-4.64,-0.497,6.498,1.997,-2.105,-2.052
3.369,6.563,-5.873,-0.377,0.164,0.746,-2.553,-0.19,7.442,9.65,-6.129,2.007,-4.851,-1.724,7.068,1.857,-1.961,-1.843
2.245,6.132,-5.584,0.278,0.771,0.183,-3.214,-0.757,8.26,9.254,-6.096,2.386,-5.188,-0.833,7.444,2.276,-2.208,-2.087
2.683,6.56,-5.881,-0.074,1.88,-0.005,-4.083,-1.145,8.596,9.9,-5.44,2.379,-4.338,-1.001,6.921,2.412,-1.85,-1.79
2.712,6.278,-5.671,-0.102,-0.011,0.53,-4.343,-1.873,7.929,9.419,-5.541,2.754,-5.158,-1.541,6.514,2.123,-2.101,-2.067
2.87,5.819,-5.001,-0.214,1.187,0.26,-2.638,-2.036,7.585,9.669,-5.928,2.263,-5.587,-1.526,7.253,2.152,-2.057,-1.266
2.699,6.325,-5.67,0.001,-0.156,0.477,-3.64,-1.727,7.929,8.99,-6.357,2.193,-4.717,-1.661,6.967,2.255,-1.762,-2.178
2.503,6.596,-5.626,0.069,0.402,0.814,-3.207,-1.204,7.233,10.142,-5.616,1.997,-4.182,-1.654,6.866,2.362,-1.885,-1.642
2.829,5.932,-5.498,0.016,0.146,-0.143,-2.842,-0.907,8.394,9.729,-6.274,2.619,-5.702,-1.519,7.126,2.46,-2.414,-2.182
2.186,5.917,-4.979,-0.312,0.607,0.254,-3.928,-1.756,7.356,9.802,-5.535,2.768,-5.256,-1.687,7.18,2.709,-2.135,-1.961
1.831,6.804,-5.804,-0.109,-0.725,0.94,-3.343,-0.937,8.578,9.467,-6.084,2.231,-5.275,-1.585,6.661,1.707,-2.214,-2.529
3.039,6.286,-5.831,0.01,-0.326,0.543,-3.373,-1.985,7.956,9.268,-5.717,2.288,-5.28,-0.844,6.946,2.016,-1.887,-2.097
2.899,6.052,-5.902,-0.144,0.302,-0.069,-3.989,-0.975,8.283,9.902,-5.793,2.877,-4.805,-0.609,7.088,2.518,-2.001,-1.492
1.86,6.078,-5.583,0.108,0.328,0.457,-3.208,-1.76,7.36,9.96,-5.85,2.578,-5.291,-1.212,6.78,2.04,-1.767,-1.656
3.283,6.068,-6.012,0.255,0.042,0.55,-4.708,-1.389,8.046,10.037,-5.712,1.908,-5.936,-1.513,7.176,2.122,-2.111,-2.394
2.1,6.142,-5.394,0.232,-0.296,0.3,-3.94,-1.239,8.38,9.693,-5.733,2.12,-5.033,-2.089,6.771,2.202,-2.198,-1.346
2.659,6.107,-4.951,0.079,0.622,0.409,-4.384,-0.898,7.447,9.248,-5.566,2.27,-4.917,-2.186,6.842,2.031,-2.052,-1.64
3.341,6.027,-5.062,0.506,0.868,0.156,-2.748,-1.559,8.097,9.485,-5.428,2.677,-5.283,-1.691,6.993,2.645,-2.661,-1.465
2.615,6.13,-5.503,0.056,-0.024,0.266,-4.61,-1.276,8.64,9.221,-6.241,1.943,-5.796,-1.158,6.544,1.874,-2.237,-2.146
3.179,6.089,-5.994,0.165,-1.335,0.596,-3.281,-1.577,7.666,9.375,-5.88,2.273,-5.653,-0.981,6.409,1.764,-1.964,-2.359
3.744,6.639,-5.783,0.138,0.035,0.46,-3.659,-0.61,7.546,9.512,-6.222,2.697,-5.136,-1.153,7.37,2.262,-2.271,-1.607
2.469,6.239,-5.623,-0.299,0.308,0.775,-3.223,-1.435,7.44,9.897,-6.318,2.634,-5.434,-1.969,6.971,2.324,-1.664,-1.725
2.994,6.566,-5.381,0.064,-0.74,0.295,-3.422,-1.553,8.004,9.566,-5.884,2.7,-4.879,-1.116,7.006,1.861,-1.777,-1.775
2.299,6.413,-5.547,0.026,0.505,0.301,-3.106,-0.891,8.602,9.371,-5.816,2.272,-5.838,-1.179,6.684,1.469,-2.181,-2.154
3.291,6.251,-6.103,-0.164,-0.749,0.028,-3.636,-0.963,7.316,9.225,-5.908,2.462,-5.312,-1.518,6.593,2.144,-1.225,-1.811
3.152,6.728,-6.288,0.312,-0.325,0.424,-2.412,-1.764,7.966,9.813,-5.868,2.291,-5.864,-2.349,6.979,1.812,-2.318,-2.269
2.44,6.054,-5.252,-0.016,-0.658,0.047,-3.293,-1.521,7.281,9.493,-6.103,2.156,-5.504,-1.557,6.781,2.179,-2.018,-1.567
2.092,6.343,-5.264,0.013,0.302,0.152,-3.459,-1.662,7.477,8.896,-5.585,2.495,-5.306,-1.659,6.648,1.995,-1.936,-1.947
3.389,6.09,-5.537,-0.156,0.343,-0.089,-3.219,-0.847,7.508,10.426,-5.691,2.264,-4.379,-1.608,7.441,2.192,-2.141,-1.46
2.971,6.361,-5.472,0.1,0.485,0.197,-4.032,-0.782,7.65,9.485,-5.635,2.673,-5.843,-1.79,7.141,2.442,-2.196,-2.125
2.849,5.963,-5.855,0.174,0.381,0.454,-4.486,-0.832,8.297,9.38,-5.718,2.638,-4.149,-0.751,6.881,1.995,-2.259,-1.867
2.835,6.3,-5.712,0.118,0.155,0.247,-3.91,-2.017,8.132,9.383,-5.679,2.227,-5.28,-1.334,7.26,2.143,-2.477,-1.874
2.954,5.843,-5.498,-0.086,1.081,0.916,-4.118,-1.239,8.064,9.185,-5.691,1.962,-4.601,-1.164,6.797,2.183,-2.199,-1.882
2.02,6.147,-5.753,-0.08,-0.775,0.663,-3.312,-1.397,7.647,8.919,-5.958,2.606,-5.023,-1.6,6.894,1.931,-2.089,-2.565
2.563,6.851,-5.755,-0.039,-1.043,0.041,-3.889,-1.645,7.832,9.282,-5.324,1.859,-5.267,-1.594,7.214,1.945,-2.068,-1.639
3.116,6.08,-4.982,-0.068,0.628,-0.18,-4.254,-1.194,8.476,10.389,-6.359,2.377,-4.776,-1.513,6.79,2.131,-1.723,-2.051
1.908,6.048,-5.126,0.18,0.555,0.541,-3.577,-1.035,8.075,9.474,-5.849,2.098,-4.846,-1.068,7.074,2.437,-1.965,-1.875
2.542,6.096,-5.587,-0.053,0.194,0.994,-2.675,-1.665,7.731,9.253,-5.48,2.365,-4.989,-1.397,6.919,2.332,-2.57,-1.789
2.187,6.275,-5.549,0.03,-1.147,0.237,-3.853,-0.863,7.765,9.417,-5.528,2.083,-5.158,-1.46,6.989,2.012,-2.104,-2.036
2.187,6.237,-5.387,-0.401,-0.164,0.263,-3.65,-1.67,7.959,9.381,-5.777,1.718,-4.595,-1.822,6.901,2.157,-1.892,-2.05
2.624,6.249,-6.663,0.051,0.49,0.385,-3.342,-2.189,7.73,9.772,-5.805,2.841,-4.525,-1.011,6.886,2.36,-2.711,-1.488
2.414,5.871,-5.211,0.081,0.934,0.784,-4.293,-1.496,7.284,9.991,-5.852,2.084,-5.603,-0.099,7.106,2.099,-2.014,-2.05
1.484,6.258,-5.422,0.224,-0.295,0.574,-3.768,-1.401,7.874,9.391,-5.65,2.969,-5.203,-1.313,7.52,2.335,-1.986,-2.199
1.996,6.271,-5.867,0.01,-0.837,0.688,-3.485,-1.448,7.352,9.688,-5.983,2.647,-5.008,-0.844,6.781,1.872,-1.882,-2.057
2.105,6.8,-5.67,-0.311,0.546,0.145,-4.411,-0.403,8.416,9.851,-5.726,2.919,-4.995,-1.232,6.912,2.254,-2.024,-1.778
2.427,6.341,-6.009,-0.1,0.471,0.96,-4.013,-1.649,8.231,9.149,-5.935,2.657,-5.008,-1.185,7.631,2.058,-2.107,-2.078
1.904,5.836,-5.63,-0.142,0.279,0.73,-3.189,-0.44,7.482,10.414,-5.685,1.669,-5.39,-0.726,7.251,2.247,-2.042,-2.252
2.228,6.355,-5.241,-0.147,-0.121,-0.253,-3.754,-1.312,8.602,9.499,-5.963,2.481,-5.457,-1.239,6.783,2.234,-1.397,-1.57
2.049,6.156,-6.134,-0.096,0.626,0.307,-3.085,-1.372,7.93,9.699,-5.892,1.479,-4.97,-1.69,6.516,1.918,-2.35,-2.128
2.584,6.248,-5.702,0.124,-0.563,0.659,-3.163,-1.764,8.066,9.746,-6.052,2.243,-6.14,-1.284,7.434,2.284,-1.982,-1.712
2.293,6.356,-5.719,-0.065,0.195,0.488,-2.72,-1.323,7.647,10.08,-5.847,1.781,-5.564,-0.964,7.045,1.583,-1.836,-1.923
2.86,6.014,-5.896,0.391,-0.466,0.452,-3.537,-0.545,7.893,9.31,-6.037,2.317,-4.941,-1.421,7.323,1.768,-2.173,-1.818
2.096,6.322,-6.574,-0.048,-0.127,-0.212,-3.948,-1.399,7.793,9.921,-5.726,2.326,-4.669,-1.707,6.901,1.767,-1.782,-2.241
1.424,6.451,-5.655,-0.029,-0.222,0.1,-4.139,-1.117,6.952,9.442,-5.667,2.83,-5.584,-1.276,7.17,2.104,-2.161,-1.932
3.986,6.61,-5.353,0.179,0.808,-0.423,-3.268,-0.925,7.343,9.636,-5.966,2.609,-4.943,-1.551,7.011,2.341,-2.082,-1.774
2.498,6.321,-5.775,0.037,-0.217,0.651,-2.828,-0.932,7.838,9.692,-5.861,2.013,-4.628,-1.141,7.214,1.974,-2.132,-1.722
2.47,6.166,-6.014,0.424,0.285,0.668,-3.159,-1.129,7.858,9.853,-6.177,2.214,-5.02,-1.065,6.757,2.139,-1.87,-2.18
2.974,6.38,-5.246,0.037,0.399,0.168,-2.975,-0.427,7.902,9.211,-5.769,2.134,-5.044,-0.844,6.787,1.8,-2.201,-2.196
2.682,6.172,-5.161,0.077,0.277,0.522,-3.779,-1.002,8.222,10.169,-5.867,1.894,-4.973,-1.781,6.586,2.039,-1.814,-2.235
2.161,6.431,-5.347,0.224,0.446,0.218,-3.835,-0.42,8.139,9.546,-6.073,2.215,-4.83,-1.44,6.901,2.205,-2.218,-1.815
3.363,6.228,-5.97,0.063,0.334,0.307,-2.698,-0.919,7.641,9.392,-6.002,2.261,-5.158,-1.771,6.765,2.253,-2.233,-1.55
2.226,6.426,-5.599,0.088,0.194,0.41,-4.14,-0.653,7.449,9.664,-5.865,2.201,-4.991,-1.493,6.645,1.948,-2.099,-2.699
3.46,6.071,-5.906,0.052,0.573,0.617,-3.717,-1.283,8.001,9.314,-5.994,2.33,-4.787,-1.782,6.822,2.103,-2.067,-1.763
2.212,6.164,-5.446,0.012,0.926,0.906,-4.032,-0.695,8.102,9.668,-5.973,2.031,-5.861,-0.989,6.776,2.301,-2.237,-1.953
1.839,6.396,-5.36,0.241,-0.097,0.295,-2.96,-0.779,8.167,9.081,-5.262,2.181,-6.205,-1.396,6.781,2.317,-2.168,-1.731
2.371,6.431,-6.287,0.348,1.115,0.203,-2.826,-1.132,7.933,9.323,-5.755,2.47,-5.404,-2.05,7.041,2.073,-2.085,-2.234
4.519,6.49,-5.919,-0.191,-1.497,0.506,-3.435,-0.815,7.842,9.573,-6.039,2.31,-5.031,-1.219,6.719,1.911,-1.97,-1.902
2.066,6.634,-5.474,-0.172,0.108,0.638,-4.123,-1.66,7.981,9.644,-6.14,2.652,-4.873,-1.158,6.992,1.793,-2.238,-1.413
2.784,6.187,-5.845,0.37,0.311,0.232,-3.897,-1.912,8.087,10.095,-6.36,1.831,-5.88,-2.12,6.962,2.151,-1.824,-2.385
2.051,5.661,-6.117,0.099,-0.137,-0.14,-4.363,-1.694,7.952,9.375,-5.548,2.376,-5.656,-1.355,6.692,2.18,-2.172,-1.645
3.073,5.973,-5.308,0.002,0.179,0.786,-3.621,-0.977,7.799,9.911,-6.267,2.539,-5.03,-1.351,6.637,2.19,-1.747,-2.032
3.047,6.385,-6.397,-0.3,0.494,1.065,-3.97,-1.563,8.1,9.576,-6.041,1.988,-4.83,-0.534,7.469,2.105,-2.085,-2.17
3.662,6.425,-5.742,0.195,-0.281,0.781,-3.502,-1.408,8.024,9.74,-6.076,2.522,-4.888,-1.457,7.164,2.008,-2.669,-1.95
2.536,6.338,-5.458,0.207,0.011,0.211,-4.268,-1.312,8.167,9.181,-6.106,2.582,-5.985,-1.111,7.382,2.15,-2.291,-2.462
3.036,6.042,-5.335,0.097,-0.294,0.223,-3.598,-1.416,8.124,10.03,-5.99,2.563,-5.358,-1.56,7.224,2.384,-2.067,-1.591
2.713,6.166,-5.396,-0.022,0.612,0.041,-3.227,-1.075,8.277,9.095,-5.453,2.508,-5.154,-1.054,7.394,2.022,-1.97,-1.835
2.689,6.042,-6.052,0.324,-0.373,-0.633,-2.605,-1.453,8.159,10.157,-5.662,2.049,-5.403,-0.874,7.014,2.229,-2.211,-1.582
2.661,6.279,-5.826,-0.112,0.324,0.254,-3.081,-1.295,7.501,10.17,-5.74,2.384,-5.71,-1.207,7.098,2.283,-2.242,-1.978
2.602,6.186,-6.084,-0.276,-0.182,1.239,-3.501,-1.072,7.225,9.377,-5.634,2.651,-5.187,-1.636,6.822,2.092,-2.161,-1.445
1.826,6.581,-6.344,0.048,0.415,0.593,-3.083,-1.34,7.598,9.741,-6.015,2.576,-4.816,-1.755,6.355,2.059,-2.303,-1.53
3.585,6.062,-5.483,0.033,-0.259,0.248,-3.852,-1.427,7.883,9.757,-5.753,2.541,-5.095,-1.969,6.859,2.174,-1.888,-1.883
2.998,6.352,-6.331,-0.04,-0.289,0.75,-3.371,-0.861,7.598,9.399,-5.717,1.988,-5.094,-0.949,6.323,1.956,-1.976,-2.09
2.319,6.158,-5.164,0.079,-0.728,0.472,-3.246,-1.697,7.912,9.919,-5.711,2.067,-5.245,-1.629,6.954,2.346,-2.149,-1.994
2.556,5.954,-6.416,0.289,1.307,-0.16,-4.372,-1.099,7.324,10.04,-5.917,2.577,-5.087,-1.787,7.088,2.06,-1.627,-1.785
2.961,6.0,-4.71,-0.093,-0.274,0.846,-4.767,-1.198,8.298,9.225,-5.923,2.592,-6.303,-1.327,6.944,1.964,-2.19,-2.297
2.1,6.191,-5.634,0.282,0.557,0.939,-3.769,-0.676,8.105,9.632,-5.551,2.66,-5.246,-1.106,6.795,2.4,-2.106,-2.101
2.864,6.083,-5.054,0.136,0.308,0.735,-3.307,-1.335,8.275,9.328,-6.161,2.202,-4.982,-1.79,7.151,2.28,-2.237,-1.749
2.6,5.937,-5.32,0.292,1.058,-0.269,-4.287,-0.78,7.371,9.669,-5.809,2.15,-5.279,-1.111,6.855,2.1,-2.118,-1.944
3.462,6.412,-5.925,-0.595,0.781,0.109,-3.717,-0.858,7.592,9.227,-6.03,2.271,-5.079,-1.11,7.183,2.1,-2.493,-1.736
3.203,5.861,-6.462,0.12,0.382,0.371,-3.289,-1.656,7.69,10.008,-5.801,2.607,-5.093,-1.038,7.149,2.232,-2.178,-1.962
3.207,5.975,-5.39,-0.021,0.887,0.462,-3.347,-1.71,8.065,9.881,-5.752,2.752,-4.59,-1.646,6.749,1.857,-1.839,-2.526
3.3,6.283,-5.489,0.09,-0.527,0.537,-3.539,-1.786,7.396,9.835,-5.78,2.136,-5.8,-1.249,6.766,1.842,-1.854,-1.783
3.611,6.492,-5.461,-0.219,0.11,0.763,-3.149,-1.437,8.246,9.546,-5.863,2.237,-5.042,-0.913,7.132,1.764,-2.324,-2.199
2.326,6.114,-5.622,-0.033,1.174,0.371,-3.522,-1.277,7.928,9.984,-5.737,2.438,-5.244,-1.614,7.086,1.986,-2.288,-2.256
2.854,6.154,-5.491,-0.136,0.912,0.33,-3.057,-2.011,8.173,9.391,-5.579,2.402,-4.824,-1.4,6.881,2.298,-2.586,-1.899
3.134,6.289,-6.03,0.453,0.386,0.035,-3.741,-0.728,8.149,10.608,-6.039,2.379,-5.859,-1.284,6.763,2.085,-2.216,-2.036
2.575,6.173,-5.502,0.12,0.05,-0.014,-2.384,-0.414,7.62,9.818,-5.991,2.17,-5.88,-1.633,7.221,1.725,-2.232,-1.72
1.672,6.137,-5.304,0.148,0.378,0.618,-4.139,-0.67,7.805,9.682,-6.008,1.971,-4.92,-1.487,7.14,1.592,-2.111,-2.022
2.598,6.435,-5.896,-0.084,0.448,0.424,-3.338,-2.149,8.182,9.513,-5.861,2.073,-5.158,-1.127,6.537,1.976,-2.072,-2.179
2.659,6.282,-5.609,0.254,0.008,-0.211,-3.586,-2.016,7.599,9.339,-5.95,2.62,-4.265,-1.361,6.884,1.919,-1.78,-2.127
2.436,6.374,-5.725,0.349,0.591,0.084,-4.157,-1.072,8.097,9.393,-6.264,2.29,-4.649,-1.251,7.167,1.984,-2.199,-2.122
3.203,6.366,-5.565,0.129,0.773,0.75,-3.773,-1.408,7.143,9.93,-5.907,2.32,-5.405,-1.836,7.283,1.766,-2.738,-2.311
2.152,6.289,-5.783,-0.202,0.542,-0.311,-4.891,-1.215,8.039,9.88,-5.484,1.931,-6.152,-1.078,6.962,2.382,-2.11,-1.705
2.217,6.172,-5.911,0.023,-1.134,0.548,-4.052,-0.525,7.442,9.826,-5.65,2.371,-5.54,-1.528,6.899,2.267,-1.931,-1.63
1.891,6.357,-6.072,-0.121,0.315,0.696,-4.078,-1.199,8.201,9.957,-6.327,2.131,-5.854,-2.042,7.359,2.005,-2.102,-1.74
3.006,5.678,-6.362,-0.568,-0.714,0.29,-4.236,-0.794,7.525,10.038,-5.565,2.426,-4.781,-1.395,6.873,2.086,-2.258,-1.603
3.949,6.224,-5.798,0.078,0.066,0.561,-3.284,-1.413,8.399,9.619,-5.819,2.212,-4.879,-1.512,6.692,2.115,-2.051,-1.904
1.669,5.944,-5.54,0.03,-0.313,0.694,-3.012,-1.123,8.091,9.344,-5.475,2.089,-5.564,-1.484,6.835,2.227,-1.946,-1.853
1.999,6.385,-5.092,0.084,-1.242,0.052,-4.827,-1.117,8.409,9.205,-5.671,2.497,-4.245,-2.073,6.586,2.219,-1.911,-1.616
3.102,6.106,-5.379,0.032,0.899,-0.101,-2.8,-1.533,8.058,9.232,-5.666,2.811,-4.743,-1.281,7.052,2.167,-2.08,-2.072
2.506,6.188,-4.955,-0.165,0.017,0.112,-3.842,-1.94,8.367,10.186,-6.367,2.231,-5.534,-0.622,6.501,1.932,-2.221,-2.05
1.959,5.965,-5.496,-0.033,-0.074,1.059,-3.922,-1.539,7.518,9.304,-5.982,2.869,-5.561,-2.054,6.995,2.218,-2.232,-1.797
2.434,6.032,-5.565,-0.198,-0.18,-0.344,-3.845,-0.632,6.907,9.935,-5.821,2.402,-4.522,-1.113,7.147,2.319,-2.315,-1.576
3.422,6.488,-4.879,0.113,0.043,0.16,-4.356,-0.647,7.825,9.602,-6.024,2.277,-5.263,-1.761,6.983,1.944,-1.899,-2.184
3.292,5.808,-5.052,-0.316,0.004,0.132,-3.269,-1.493,7.698,9.745,-5.97,2.283,-4.858,-1.704,7.218,2.41,-1.765,-1.366
2.587,6.419,-5.74,0.011,0.567,0.015,-2.727,-1.199,8.269,9.823,-5.846,2.16,-4.649,-1.108,7.15,2.081,-1.881,-1.808
3.439,6.407,-5.124,-0.161,-0.361,-0.322,-3.466,-1.086,7.632,9.682,-5.712,1.983,-5.389,-1.646,7.171,2.033,-2.388,-2.736
1.687,6.321,-5.319,-0.204,-0.169,-0.122,-3.129,-1.579,7.754,9.883,-6.017,1.848,-4.983,-1.139,6.694,2.12,-2.023,-2.269
3.093,5.932,-6.001,0.294,0.786,0.203,-4.613,-1.448,7.734,9.151,-5.873,2.819,-5.05,-1.783,6.557,2.313,-2.258,-2.339
3.074,6.414,-5.927,-0.184,-0.115,0.481,-3.141,-0.673,8.337,9.957,-5.761,2.097,-5.16,-1.215,7.303,2.36,-1.799,-1.819
2.451,6.263,-5.343,0.384,0.3,0.492,-2.867,-2.09,8.212,9.006,-5.77,2.341,-5.371,-0.897,7.113,2.186,-1.912,-2.214
2.409,6.549,-5.748,0.087,0.276,0.038,-3.781,-1.324,8.075,9.835,-5.881,2.277,-6.058,-2.077,6.935,2.011,-2.07,-2.252
2.048,6.382,-5.685,0.068,-0.475,0.399,-3.713,-1.136,7.482,9.392,-6.025,2.027,-5.128,-1.155,6.855,1.925,-2.144,-1.354
3.416,6.066,-5.44,-0.239,0.289,0.394,-2.883,-1.223,7.933,9.787,-5.915,2.885,-5.274,-0.68,7.017,2.154,-2.147,-2.231
2.48,6.526,-5.17,-0.055,-0.004,0.301,-2.829,-1.935,8.266,9.128,-5.662,2.138,-4.808,-1.581,6.745,1.778,-2.43,-1.635
3.602,6.292,-5.654,0.126,0.887,0.844,-3.63,-1.258,7.83,9.845,-5.569,2.312,-4.776,-0.691,6.811,1.857,-2.171,-2.193
4.406,6.178,-5.715,0.083,-0.129,0.511,-3.78,-1.155,8.541,9.372,-5.746,2.039,-5.178,-1.018,7.192,2.341,-2.103,-1.981
2.139,6.464,-5.899,-0.022,-0.413,0.601,-3.1,-1.579,8.09,9.435,-6.285,2.5,-4.894,-1.525,6.765,2.288,-1.807,-2.309
1.827,5.943,-6.364,0.296,0.131,0.248,-4.301,-1.106,8.09,9.878,-5.961,2.363,-5.504,-1.028,6.981,2.092,-2.318,-1.687
2.634,6.072,-5.526,0.108,0.778,0.448,-3.468,-1.424,8.024,9.456,-5.597,2.701,-4.726,-0.918,7.099,2.365,-2.125,-2.037
2.952,6.281,-5.995,0.28,-0.981,-0.109,-4.184,-1.243,7.511,9.556,-5.813,2.268,-5.773,-1.829,7.048,2.02,-2.313,-2.387
2.229,6.087,-6.029,0.081,0.284,0.039,-3.379,-1.229,7.999,9.489,-5.92,2.37,-5.367,-1.034,7.007,2.375,-2.261,-2.062
2.45,5.824,-5.624,-0.109,0.265,1.008,-3.799,-1.134,7.675,10.24,-5.859,1.782,-4.562,-1.999,7.085,2.314,-2.243,-1.553
3.043,6.394,-6.114,0.245,-0.589,-0.075,-3.82,-1.72,8.283,9.943,-5.478,2.405,-4.828,-1.639,6.529,2.432,-2.582,-1.908
3.002,6.192,-5.751,-0.107,1.148,0.73,-3.636,-1.151,8.395,9.749,-5.966,2.327,-5.658,-1.154,6.629,2.15,-1.655,-1.619
3.37,5.928,-5.492,-0.081,0.993,0.118,-4.166,-0.819,7.91,9.729,-5.436,2.218,-5.226,-1.823,6.786,1.85,-2.191,-1.823
2.3,6.343,-6.027,0.258,-0.017,0.234,-3.697,-0.693,8.524,9.151,-5.659,1.923,-4.474,-1.531,7.034,2.326,-2.052,-2.138
2.914,5.941,-6.302,0.011,0.06,-0.117,-3.705,-0.803,7.685,10.316,-5.689,2.207,-6.081,-1.692,6.795,2.611,-1.861,-2.251
3.002,6.575,-5.553,0.048,0.586,1.14,-3.282,-1.023,7.836,9.445,-6.225,2.018,-5.564,-1.625,7.245,2.398,-2.167,-2.308
2.143,6.402,-6.099,0.132,0.134,-0.53,-4.288,-0.943,7.982,9.944,-6.117,2.574,-4.71,-2.29,7.117,2.24,-1.647,-1.787
2.563,6.224,-4.828,0.045,-0.122,0.755,-3.458,-1.679,8.099,10.477,-5.702,2.431,-4.78,-1.797,6.844,2.14,-2.527,-2.342
2.834,5.911,-5.272,-0.192,-0.393,0.114,-3.325,-2.027,8.059,9.472,-5.604,2.272,-5.368,-1.305,6.868,2.163,-2.136,-1.833
2.898,6.487,-5.727,-0.319,0.811,-0.524,-3.665,-1.337,8.305,9.384,-5.773,1.899,-4.644,-2.058,6.758,1.999,-2.321,-1.86
2.749,6.18,-5.12,0.373,0.768,0.188,-4.576,-1.121,8.037,9.358,-5.517,2.339,-5.355,-0.949,7.388,2.193,-1.823,-1.693
3.917,5.816,-5.956,0.01,-1.104,0.019,-3.396,-1.599,7.398,9.785,-5.438,2.256,-5.551,-1.938,6.594,2.411,-2.485,-1.498
3.652,6.591,-6.164,0.069,0.018,-0.417,-2.781,-1.304,7.465,9.029,-5.326,2.162,-4.662,-1.649,6.628,2.496,-2.73,-1.701
3.315,6.241,-5.794,0.004,0.482,-0.272,-3.636,-1.851,8.11,9.91,-5.702,2.162,-5.506,-1.371,7.256,1.941,-1.814,-2.208
3.528,6.02,-5.594,0.105,0.562,0.122,-4.342,-0.484,8.281,9.009,-5.953,1.964,-5.076,-0.974,6.668,2.182,-1.949,-2.056
3.608,6.521,-5.534,0.135,-0.729,0.224,-3.412,-1.014,7.892,10.228,-5.743,2.192,-5.926,-1.227,6.926,2.192,-2.326,-1.986
4.168,6.234,-5.55,0.16,0.02,-0.112,-3.388,-1.273,7.841,9.805,-6.534,2.188,-4.976,-1.513,6.625,1.942,-2.358,-2.165
2.86,6.178,-5.16,-0.2,-0.145,-0.235,-3.592,-1.066,8.392,9.987,-5.932,2.512,-6.027,-1.049,7.292,2.204,-2.426,-2.162
4.171,6.332,-5.447,0.097,0.152,0.277,-3.711,-1.158,7.307,9.405,-6.02,1.945,-4.903,-1.024,7.124,1.968,-1.908,-1.769
2.624,6.266,-5.75,-0.036,-0.117,0.479,-4.066,-1.159,8.211,10.19,-6.469,2.27,-5.132,-1.909,7.461,2.746,-2.281,-1.831
2.648,6.481,-5.415,-0.057,0.051,0.595,-3.381,-0.702,7.405,8.877,-5.962,2.226,-5.328,-2.055,6.945,2.086,-1.816,-1.937
2.911,6.341,-5.327,-0.167,0.431,0.083,-3.334,-1.461,7.438,9.686,-5.991,2.2,-4.945,-1.379,7.116,2.211,-2.191,-1.968
2.522,6.209,-5.595,-0.388,0.134,0.283,-3.292,-1.827,7.021,9.771,-5.874,1.883,-5.165,-1.565,6.837,2.068,-2.011,-2.287
2.922,6.432,-5.493,-0.276,-0.269,0.717,-3.556,-1.28,8.57,9.247,-5.428,2.669,-4.807,-0.352,7.171,2.02,-2.43,-1.768
3.207,6.374,-5.887,-0.037,0.499,0.528,-4.25,-1.11,7.661,8.913,-5.882,2.257,-5.732,-1.595,7.019,2.056,-1.827,-1.9
1.423,6.284,-5.529,0.076,0.989,0.117,-4.579,-0.935,8.241,9.761,-5.922,2.278,-5.531,-0.874,6.791,2.129,-1.927,-1.441
2.664,6.37,-5.773,-0.002,1.004,0.172,-3.219,-1.884,7.278,9.675,-5.762,2.562,-5.661,-1.185,6.772,1.941,-1.835,-1.653
2.771,6.375,-5.789,-0.097,-0.232,0.017,-3.678,-1.715,8.472,9.366,-5.928,2.296,-5.026,-1.189,6.343,1.921,-2.059,-1.631
2.22,6.398,-5.587,0.299,0.571,0.74,-4.143,-1.559,7.649,9.673,-5.453,2.984,-5.699,-1.586,7.607,2.223,-2.035,-1.577
2.882,6.274,-5.694,-0.116,0.2,0.485,-2.822,-1.572,7.595,9.516,-5.821,2.262,-5.317,-1.019,7.019,1.921,-1.978,-2.509
1.999,6.66,-4.851,-0.216,-0.139,0.141,-3.267,-1.681,7.744,9.711,-6.168,2.569,-4.712,-1.775,6.666,2.107,-2.283,-1.858
2.834,6.092,-5.643,-0.075,0.517,0.762,-3.794,-0.977,7.534,9.927,-5.584,2.436,-4.337,-1.08,6.919,2.234,-2.381,-1.612
3.054,6.602,-5.347,-0.137,0.186,0.679,-3.737,-1.684,7.663,9.393,-5.808,2.007,-5.689,-2.181,6.414,2.369,-2.463,-1.9
3.074,5.93,-5.414,-0.157,1.256,0.117,-3.782,-1.096,8.206,9.563,-5.614,2.42,-4.818,-0.78,6.906,1.979,-2.495,-1.926
3.895,6.607,-6.018,0.033,1.307,-0.323,-3.639,-1.339,8.362,9.443,-5.777,2.544,-4.687,-1.133,7.706,2.544,-2.134,-2.208
2.986,6.182,-5.763,-0.214,0.592,0.941,-4.599,-0.649,8.266,9.74,-6.293,2.701,-5.148,-1.178,7.044,2.118,-2.269,-2.07
2.504,6.628,-6.224,-0.128,0.955,0.078,-3.557,-1.519,7.679,9.719,-5.94,2.103,-5.577,-2.017,6.837,1.85,-1.9,-1.812
2.227,6.51,-5.137,-0.157,0.312,0.238,-2.601,-1.48,7.837,9.531,-5.792,2.13,-4.66,-1.933,6.763,2.093,-2.492,-2.203
2.922,6.356,-5.258,-0.079,-0.635,0.034,-3.637,-1.503,7.672,9.967,-5.697,2.482,-5.186,-1.243,6.969,2.182,-2.53,-1.4
1.762,6.434,-5.843,-0.066,-0.545,0.657,-3.205,-0.477,8.313,9.06,-5.747,2.173,-5.449,-0.82,6.837,2.35,-2.421,-1.32
2.941,6.698,-5.64,0.08,1.622,1.079,-3.74,-1.6,7.38,9.622,-5.915,2.594,-5.673,-1.692,7.5,2.262,-2.093,-2.131
2.44,6.025,-5.489,0.246,0.89,0.32,-2.598,-1.887,7.441,9.209,-5.597,2.001,-4.907,-1.254,7.087,1.942,-2.116,-1.731
2.477,6.325,-6.047,0.09,0.817,0.005,-4.044,-0.773,7.558,9.584,-6.096,2.118,-5.09,-1.744,6.886,2.466,-2.304,-2.261
3.542,6.304,-5.478,-0.18,0.377,0.872,-4.455,-1.413,7.849,8.971,-5.855,1.836,-5.541,-0.983,7.003,2.694,-2.234,-1.708
2.826,6.033,-5.344,0.093,1.348,0.266,-4.032,-0.656,7.793,9.625,-6.212,2.434,-5.864,-1.448,7.323,2.157,-2.435,-1.757
2.401,6.036,-5.776,-0.358,0.92,1.112,-3.316,-0.585,7.71,9.488,-6.083,1.974,-5.745,-0.979,6.589,2.387,-2.06,-1.977
1.56,6.077,-4.862,0.027,0.462,0.418,-3.437,-1.484,7.818,9.805,-5.75,2.798,-5.157,-2.006,6.857,2.206,-2.378,-1.93
3.704,6.713,-5.79,0.313,0.04,0.388,-3.752,-1.564,8.306,9.835,-6.02,2.883,-4.66,-1.715,6.893,2.208,-1.859,-1.7
2.904,6.237,-5.235,0.055,-0.727,0.119,-3.108,-1.29,7.76,9.759,-5.921,1.889,-5.377,-1.723,6.916,2.465,-2.176,-2.488
3.808,6.431,-5.873,0.319,1.166,-0.081,-4.371,-1.188,8.149,9.183,-6.389,2.481,-5.187,-1.201,7.212,2.089,-1.911,-2.149
2.372,6.251,-6.314,-0.408,-0.235,0.283,-3.027,-1.169,8.545,9.875,-6.012,2.543,-5.135,-1.452,6.543,1.71,-2.451,-2.56
1.368,5.825,-5.795,0.238,-0.397,-0.6,-2.788,-1.876,7.904,9.854,-5.663,2.121,-5.344,-1.178,6.897,2.109,-2.275,-2.484
3.012,6.587,-5.812,0.05,-0.13,0.64,-4.289,-1.772,8.143,9.777,-5.739,2.674,-4.989,-1.278,7.519,2.254,-2.34,-2.206
3.059,6.367,-5.252,0.126,0.575,0.11,-3.527,-1.927,7.747,9.268,-5.784,2.04,-5.86,-1.382,7.142,2.012,-2.213,-2.855
3.1,6.399,-5.485,-0.048,0.208,0.981,-3.911,-1.376,8.449,9.787,-5.551,2.294,-5.01,-1.088,6.722,1.884,-1.937,-2.058
2.259,6.473,-5.922,0.311,-0.238,0.409,-3.615,-1.419,8.188,9.553,-5.711,2.375,-5.243,-1.692,6.395,2.094,-2.137,-2.211
3.23,6.042,-5.286,-0.098,-0.142,0.018,-3.464,-1.162,8.162,9.377,-5.795,2.447,-5.613,-1.056,7.139,1.982,-1.876,-1.674
2.633,6.255,-5.502,-0.328,-0.674,0.59,-3.522,-1.522,7.755,9.114,-5.818,2.779,-5.512,-1.37,7.263,2.142,-1.874,-1.538
1.586,6.169,-5.277,0.116,-0.683,0.143,-4.137,-1.242,8.502,9.907,-5.791,2.47,-4.643,-1.435,7.195,1.966,-2.257,-2.152
2.927,6.17,-5.315,0.223,0.1,-0.324,-3.501,-1.486,8.166,9.162,-6.616,2.358,-5.341,-1.264,6.889,2.07,-2.11,-1.787
2.793,6.257,-5.312,-0.002,0.911,0.568,-2.766,-0.818,7.778,10.064,-5.504,2.419,-5.144,-1.367,7.32,2.09,-2.097,-2.047
2.778,6.407,-5.314,0.137,0.425,0.217,-4.504,-1.68,7.884,9.571,-5.608,2.316,-5.595,-0.475,7.427,2.206,-2.197,-2.519
3.033,6.016,-5.109,0.065,0.116,0.921,-4.197,-1.262,7.402,9.833,-6.337,2.548,-5.548,-0.92,6.688,1.981,-2.292,-1.76
3.333,5.847,-5.729,0.077,-0.587,-0.251,-3.745,-1.847,7.774,9.809,-6.138,2.468,-5.588,-1.144,7.044,1.844,-1.814,-1.689
2.993,6.286,-6.214,-0.114,-0.109,0.875,-2.559,-0.631,8.54,9.038,-5.545,2.532,-5.514,-1.194,6.761,2.404,-1.895,-1.465
2.234,6.068,-5.675,0.027,0.833,0.805,-3.371,-1.719,7.8,10.432,-5.514,1.989,-5.342,-0.94,7.173,2.516,-2.501,-1.897
2.372,6.716,-5.239,0.027,-0.84,0.262,-3.584,-1.263,7.217,10.125,-5.746,2.236,-4.77,-1.429,7.135,2.117,-2.227,-2.22
2.107,6.067,-5.522,0.09,1.439,0.33,-2.83,-1.199,7.37,10.336,-6.016,2.588,-5.242,-1.167,6.915,2.212,-2.177,-1.737
3.275,6.345,-5.557,-0.132,-0.902,0.36,-3.3,-1.444,7.639,9.363,-5.724,2.452,-5.914,-1.884,6.856,1.627,-2.093,-1.871
2.845,6.058,-5.859,0.186,0.537,0.547,-3.639,-1.278,7.527,9.719,-5.494,2.603,-5.547,-1.573,7.003,1.97,-2.165,-2.171
2.278,6.036,-5.571,0.235,0.829,0.374,-2.802,-1.473,8.092,10.29,-6.107,2.706,-5.177,-1.517,6.543,2.253,-2.253,-2.283
1.772,6.431,-6.284,0.291,0.025,0.526,-3.755,-1.542,7.88,9.276,-5.698,2.389,-4.863,-1.873,6.141,1.966,-2.071,-2.03
2.678,6.042,-5.001,0.045,0.449,-0.298,-3.318,-0.992,7.603,9.385,-5.988,2.172,-5.881,-1.889,7.516,2.502,-2.081,-2.063
1.642,5.975,-5.624,0.048,-1.043,1.168,-3.592,-1.193,8.554,9.842,-6.011,2.266,-5.271,-1.116,6.609,2.231,-1.968,-2.146
2.728,6.181,-4.786,-0.039,1.606,0.753,-2.896,-0.561,7.924,9.741,-5.909,2.378,-5.794,-1.515,6.818,1.881,-2.348,-2.113
3.19,6.26,-6.332,-0.338,0.28,-0.067,-3.813,-1.549,8.321,10.052,-6.082,2.678,-5.042,-1.489,6.654,1.974,-1.997,-2.205
3.114,6.172,-6.111,0.031,-0.701,0.535,-3.532,-1.012,7.728,9.902,-5.465,2.15,-5.639,-2.042,6.912,1.816,-1.549,-2.257
2.951,6.432,-5.857,0.228,0.719,0.564,-3.79,-1.16,7.221,9.523,-5.709,2.309,-5.245,-0.757,6.449,2.052,-1.923,-1.599
1.138,6.312,-5.543,-0.154,0.48,0.999,-3.779,-0.973,8.022,10.388,-5.774,2.7,-5.178,-0.72,7.313,2.582,-1.788,-2.482
2.261,6.255,-5.692,0.402,-0.376,0.671,-3.775,-0.363,7.823,9.481,-6.028,1.798,-5.172,-1.724,6.974,2.187,-2.072,-1.985
2.643,6.118,-5.608,0.338,0.387,0.628,-3.237,-1.154,7.558,9.914,-5.593,2.338,-4.834,-0.93,6.821,2.123,-2.436,-1.57
2.906,6.078,-5.831,-0.323,0.045,-0.415,-3.909,-1.548,7.97,10.141,-6.07,2.589,-5.187,-1.042,7.037,2.073,-1.991,-2.226
3.053,5.719,-5.777,-0.201,0.625,1.24,-4.247,-0.806,7.654,9.762,-5.753,2.225,-4.885,-1.784,6.945,2.303,-2.181,-1.638
2.692,5.986,-6.325,0.308,0.71,-0.362,-3.631,-1.146,7.595,9.974,-6.119,2.075,-5.458,-1.109,7.356,2.194,-2.054,-1.884
2.697,6.017,-5.151,-0.088,0.615,0.193,-3.099,-1.135,8.347,9.724,-5.753,2.672,-4.828,-2.047,6.957,2.158,-2.007,-2.222
3.056,6.092,-6.053,-0.062,0.178,0.159,-3.42,-1.242,8.537,9.302,-5.803,2.193,-5.832,-1.654,6.835,2.407,-2.402,-2.303
1.776,6.223,-5.59,-0.161,-0.071,-0.11,-3.864,-0.646,7.792,9.152,-5.729,1.953,-5.573,-1.367,7.102,2.256,-2.446,-1.881
2.253,6.084,-6.031,0.073,-1.215,0.354,-3.62,-1.067,8.129,9.328,-5.55,2.607,-5.032,-1.244,6.669,2.211,-2.065,-2.058
2.73,6.496,-5.553,0.112,-0.37,1.12,-3.266,-1.309,7.808,9.231,-5.235,2.314,-5.301,-1.48,6.843,2.165,-1.953,-1.462
2.702,5.847,-5.934,-0.051,-0.25,0.619,-3.929,-0.955,7.839,9.985,-5.826,2.21,-4.961,-1.264,6.964,2.442,-1.811,-1.997
1.45,6.354,-5.546,-0.057,-0.741,0.489,-3.874,-0.664,7.528,9.138,-5.652,2.362,-4.845,-0.862,6.748,2.077,-1.767,-1.602
2.115,6.22,-5.523,0.185,0.056,0.756,-3.626,-1.053,7.742,9.518,-5.987,2.431,-5.643,-1.191,6.963,2.33,-2.078,-1.758
2.453,6.066,-5.6,0.189,0.336,-0.3,-4.109,-1.3,7.66,9.429,-6.204,2.482,-5.343,-1.335,7.324,2.016,-2.158,-1.932
2.313,6.417,-5.219,0.076,0.11,0.174,-3.637,-1.112,8.156,9.52,-5.453,2.741,-5.835,-1.478,7.139,2.7,-2.328,-1.838
3.241,6.339,-5.549,-0.0,-0.609,1.095,-3.477,-1.003,7.808,10.52,-5.794,2.502,-4.816,-1.382,7.045,2.495,-2.087,-1.79
2.774,6.097,-5.94,0.004,0.609,0.683,-3.296,-1.132,7.918,9.755,-6.123,2.503,-5.069,-1.63,6.998,2.114,-2.325,-2.36
2.733,6.673,-5.476,0.183,0.124,0.84,-3.973,-1.831,7.697,9.424,-6.028,2.492,-6.205,-1.602,6.195,2.146,-1.969,-1.507
2.747,6.382,-4.872,-0.108,0.526,0.824,-3.555,-1.321,7.672,9.452,-5.656,2.313,-5.196,-1.732,6.649,2.156,-1.932,-2.339
2.486,6.326,-5.917,-0.344,0.415,0.822,-3.005,-1.02,7.564,8.969,-6.105,2.442,-5.606,-0.69,6.905,1.52,-1.67,-2.105
2.319,6.399,-5.546,0.002,-0.297,0.255,-3.769,-1.223,8.647,9.838,-5.686,2.082,-5.661,-1.906,7.264,1.717,-2.19,-2.123
2.223,6.745,-5.038,0.077,-0.437,0.052,-3.121,-0.979,7.912,10.046,-5.901,2.398,-5.369,-1.122,7.244,2.072,-2.268,-2.244
3.748,6.292,-5.369,0.543,0.173,0.071,-3.356,-1.535,8.322,9.651,-5.589,2.066,-4.775,-1.439,6.628,1.892,-2.268,-2.674
3.259,6.688,-5.179,-0.027,0.974,0.708,-2.724,-1.9,7.466,10.022,-6.017,1.94,-4.812,-1.556,7.63,2.07,-1.821,-1.949
2.25,6.516,-6.209,-0.079,1.76,-0.13,-3.865,-1.233,7.734,9.509,-5.657,2.498,-4.743,-0.63,7.116,2.034,-1.993,-2.09
3.914,5.631,-5.331,-0.111,1.45,-0.058,-3.215,-1.5,7.386,9.824,-5.685,2.146,-5.632,-0.77,6.821,2.404,-1.92,-2.023
2.672,6.101,-5.57,0.193,0.856,0.197,-3.333,-0.294,8.678,9.186,-5.678,2.221,-4.637,-1.265,6.918,2.105,-2.225,-1.474
2.794,6.291,-5.956,0.089,-1.035,0.587,-3.726,-1.106,8.148,9.924,-6.238,2.688,-5.06,-1.425,6.763,1.781,-2.163,-1.324
3.218,6.528,-5.249,-0.178,-0.995,0.216,-3.253,-1.307,7.465,9.61,-5.991,2.347,-5.397,-0.73,7.049,2.107,-1.841,-1.713
2.344,5.859,-5.277,0.06,-0.256,-0.68,-4.189,-1.3,8.357,9.032,-6.153,2.697,-5.312,-1.666,6.808,1.779,-2.083,-2.303
2.073,6.231,-6.288,0.019,0.372,0.086,-3.667,-0.904,7.522,9.776,-5.885,2.306,-5.473,-1.711,7.336,2.029,-1.867,-2.02
3.066,6.661,-5.009,-0.059,0.215,0.664,-3.739,-1.881,8.23,9.599,-6.047,2.279,-4.717,-1.017,7.084,1.658,-2.488,-2.189
1.888,6.287,-5.9,-0.262,0.44,0.286,-3.229,-0.696,7.328,9.402,-6.051,1.983,-4.837,-1.518,6.832,2.307,-2.548,-1.809
2.293,6.265,-5.841,0.065,-0.041,1.04,-3.532,-1.116,8.37,10.069,-6.066,2.463,-5.488,-1.471,7.453,2.212,-2.381,-1.664
2.968,6.525,-6.041,-0.235,-0.289,0.895,-3.282,-0.947,7.742,9.233,-5.464,2.246,-5.982,-1.815,6.68,2.279,-2.216,-1.925
3.192,6.199,-5.769,-0.089,-1.27,0.118,-4.57,-1.216,8.739,9.766,-5.949,2.062,-4.629,-1.518,6.864,2.423,-2.225,-2.274
2.542,5.937,-5.645,-0.024,0.363,-0.055,-4.555,-0.421,8.018,8.816,-5.647,2.534,-5.314,-1.205,7.365,2.315,-2.203,-1.117
2.707,6.443,-5.38,0.161,0.588,-0.152,-3.15,-1.658,8.032,9.592,-6.243,2.381,-5.535,-1.333,7.061,2.29,-2.294,-1.731
3.512,6.906,-5.216,-0.07,0.618,0.459,-3.599,-0.783,8.668,9.936,-5.545,2.506,-5.903,-1.567,6.443,2.352,-1.795,-1.205
2.171,6.606,-5.4,0.322,-0.495,-0.158,-3.666,-1.489,7.943,9.598,-5.983,2.178,-5.653,-1.365,6.798,2.241,-2.229,-1.907
2.525,6.515,-5.365,-0.037,1.157,0.223,-3.957,-1.791,7.879,9.204,-5.561,2.422,-5.174,-1.386,7.053,1.972,-1.957,-1.914
3.05,6.56,-5.223,-0.229,-0.67,0.381,-3.178,-1.826,8.281,10.352,-5.803,2.725,-4.727,-1.696,7.131,2.217,-1.998,-2.648
2.495,6.044,-5.572,-0.285,0.737,0.31,-3.439,-1.038,7.942,9.855,-5.561,2.032,-4.729,-1.798,7.101,2.14,-1.824,-2.227
2.669,6.04,-5.446,-0.121,0.64,0.175,-3.75,-0.936,7.778,9.479,-6.077,2.187,-4.747,-1.579,7.059,2.181,-2.279,-1.686
2.328,6.331,-5.243,0.208,-0.66,0.289,-2.895,-0.808,7.848,10.246,-5.82,2.843,-5.326,-1.111,6.881,1.938,-1.782,-1.956
2.674,6.039,-5.256,0.447,0.86,0.342,-3.495,-2.031,7.804,8.304,-5.951,1.973,-5.203,-1.497,6.199,2.312,-2.014,-1.944
2.625,6.297,-5.823,0.076,0.108,0.247,-3.613,-0.498,8.134,9.552,-6.225,2.696,-5.264,-0.956,6.928,2.57,-2.232,-2.436
3.079,6.285,-5.242,-0.26,-1.295,0.487,-3.966,-1.473,8.116,10.17,-6.009,2.33,-5.215,-1.699,6.471,2.341,-2.274,-1.396
3.17,6.294,-5.719,-0.307,-0.116,0.178,-3.281,-0.785,7.831,9.633,-6.019,2.65,-5.482,-1.4,6.794,2.067,-1.863,-1.794
2.464,6.303,-4.768,-0.095,-0.662,-0.167,-3.882,-0.769,8.025,10.644,-5.973,2.881,-5.318,-1.178,7.613,1.922,-1.939,-1.932
3.117,6.014,-6.315,0.112,0.806,0.152,-4.06,-0.892,7.283,9.959,-5.831,2.455,-4.923,-1.255,6.623,1.818,-2.461,-1.328
2.433,5.479,-5.813,0.207,1.38,-0.122,-4.656,-1.647,7.364,9.804,-5.692,2.395,-4.976,-0.795,6.517,2.195,-1.677,-1.769
3.727,6.08,-6.203,-0.07,-0.575,0.305,-3.185,-1.483,8.065,9.447,-5.879,2.538,-5.781,-1.078,6.39,2.044,-2.176,-2.476
3.117,6.518,-5.51,0.288,0.319,0.257,-4.105,-0.942,8.995,9.649,-5.733,2.304,-5.032,-1.216,6.837,2.388,-2.062,-1.352
3.191,6.155,-5.91,-0.057,0.094,0.133,-3.382,-0.842,8.275,9.438,-5.773,2.036,-4.892,-1.654,6.733,1.919,-1.7,-1.748
2.565,6.106,-6.046,-0.105,-0.307,1.383,-4.583,-1.784,8.142,9.597,-5.822,2.62,-5.276,-1.548,7.087,2.445,-1.947,-2.303
3.516,6.437,-5.742,0.048,0.374,0.226,-2.285,-2.055,7.804,9.783,-5.766,2.445,-4.567,-1.579,6.922,2.138,-1.879,-1.586
3.712,6.243,-5.945,-0.259,0.23,-0.132,-3.256,-0.285,8.24,9.045,-5.64,2.372,-4.68,-1.277,7.077,2.203,-2.098,-1.91
3.222,6.23,-5.528,-0.334,0.931,0.463,-3.669,-0.68,7.975,9.987,-5.911,2.008,-6.013,-1.086,6.778,2.32,-2.086,-2.314
2.359,6.096,-6.199,-0.131,1.164,-0.04,-2.76,-0.812,7.776,10.296,-6.263,2.164,-5.354,-1.384,6.493,2.316,-2.155,-1.445
2.943,6.157,-5.268,-0.11,0.004,0.77,-3.491,-1.52,7.535,10.515,-5.869,2.493,-5.503,-1.588,6.565,2.295,-2.174,-1.774
2.423,6.305,-5.335,0.275,0.139,0.194,-3.328,-1.791,7.564,9.708,-5.835,2.354,-4.142,-0.993,6.964,1.858,-2.008,-2.064
2.147,6.348,-5.678,0.068,1.04,0.453,-3.372,-0.627,7.554,9.392,-5.924,2.301,-6.048,-1.279,6.621,2.246,-2.587,-1.653
2.392,6.556,-5.816,0.432,-0.326,0.03,-2.907,-1.188,7.764,10.237,-6.11,2.104,-5.472,-1.75,7.137,2.342,-1.965,-2.89
2.191,6.146,-5.868,-0.107,0.675,1.039,-2.742,-1.345,8.171,9.065,-5.757,3.03,-4.585,-1.473,6.984,2.272,-1.978,-2.1
1.969,6.04,-6.013,0.05,0.327,0.807,-4.77,-2.358,8.131,9.494,-5.681,2.21,-5.18,-0.692,6.865,2.397,-2.3,-1.941
2.803,5.747,-5.665,0.059,-0.939,-0.035,-3.963,-1.135,7.677,9.804,-5.526,2.832,-5.506,-0.875,6.8,1.634,-1.859,-2.069
2.482,6.184,-5.359,0.242,0.447,0.337,-3.992,-2.337,7.577,9.528,-5.249,2.582,-5.063,-0.721,6.884,1.976,-2.634,-2.198
2.155,5.999,-5.545,-0.225,0.406,0.051,-3.973,-1.35,7.724,9.884,-5.912,2.753,-4.921,-1.043,6.732,2.276,-2.075,-2.082
2.112,6.451,-6.134,0.246,-0.12,0.508,-4.837,-0.876,7.543,10.108,-5.886,2.184,-4.407,-0.905,6.48,2.195,-1.817,-2.043
2.33,6.294,-5.471,-0.043,-0.418,-0.394,-4.2,-1.275,7.854,10.154,-5.591,2.023,-5.495,-1.044,6.987,2.328,-2.168,-1.99
2.074,6.112,-5.443,-0.022,0.16,0.224,-3.439,-1.766,7.716,9.773,-6.065,2.371,-5.97,-0.454,6.409,2.205,-2.351,-2.154
3.318,6.229,-5.653,-0.366,-1.224,-0.136,-4.134,-0.675,8.264,8.89,-5.758,2.592,-5.603,-1.146,6.652,2.6,-1.889,-1.724
3.291,6.328,-5.547,0.007,0.601,0.217,-3.42,-0.646,8.11,9.472,-5.733,2.352,-5.436,-1.504,6.581,1.926,-1.859,-1.987
2.245,6.027,-5.954,-0.117,-0.181,-0.131,-4.246,-0.742,7.792,9.897,-5.64,2.413,-5.554,-1.242,6.612,2.177,-1.926,-1.876
2.798,6.168,-5.944,-0.158,0.737,0.382,-3.337,-1.753,7.672,9.612,-6.027,2.711,-5.007,-1.486,6.945,2.313,-2.194,-2.147
4.283,6.265,-5.094,0.003,-0.027,0.939,-3.138,-1.778,7.916,9.37,-5.46,2.341,-4.915,-2.143,7.059,1.968,-2.004,-1.884
3.127,5.944,-5.791,0.054,1.351,0.443,-3.531,-0.582,8.625,9.598,-5.91,3.048,-5.665,-1.262,7.193,2.551,-2.148,-1.969
2.335,6.178,-5.486,-0.189,0.733,0.909,-3.981,-1.232,8.15,9.628,-6.159,2.576,-5.98,-1.727,7.216,2.508,-2.538,-1.856
2.579,5.934,-6.086,0.453,0.471,0.101,-3.39,-1.103,7.739,9.809,-5.955,2.271,-5.009,-0.609,6.622,2.29,-1.905,-1.392
2.444,6.375,-5.44,-0.144,-0.216,0.247,-3.636,-1.004,8.723,9.628,-6.081,2.24,-5.673,-0.985,6.887,1.977,-1.813,-1.867
3.209,6.685,-5.596,0.55,-0.319,-0.208,-3.613,-0.45,7.399,9.649,-5.789,2.177,-5.57,-1.329,6.466,2.492,-2.056,-2.026
2.515,5.866,-5.589,-0.213,-0.171,0.063,-3.434,-0.636,7.623,9.649,-6.075,2.164,-6.07,-1.226,6.775,2.128,-2.435,-2.051
2.482,6.076,-6.336,-0.119,0.252,0.108,-4.929,-1.268,7.935,9.643,-5.756,2.209,-6.153,-1.401,6.657,1.957,-1.699,-1.954
1.78,6.161,-5.783,0.321,0.523,0.332,-3.821,-1.087,7.399,10.035,-5.747,2.002,-5.214,-2.161,6.778,1.603,-2.251,-1.986
2.455,5.998,-5.229,0.431,0.439,0.452,-4.122,-1.326,8.285,9.921,-6.008,2.313,-4.915,-1.311,7.085,1.805,-2.462,-2.192
1.825,6.287,-5.129,0.302,0.07,0.533,-3.326,-0.496,8.117,9.689,-5.616,2.055,-5.506,-1.746,6.313,1.988,-2.176,-2.244
2.532,5.976,-6.004,-0.037,0.061,0.28,-3.736,-1.636,8.196,9.528,-5.865,2.032,-4.065,-0.677,6.925,1.684,-1.992,-1.911
2.693,6.23,-5.425,-0.013,1.255,0.663,-4.314,-1.032,7.388,10.137,-5.884,2.62,-5.076,-1.368,6.939,2.15,-2.005,-2.034
2.264,6.377,-5.814,-0.039,0.152,0.021,-3.384,-0.942,7.436,9.799,-6.01,2.142,-5.087,-1.455,6.803,2.232,-2.445,-2.0
2.148,5.989,-4.849,0.258,-0.116,0.684,-3.314,-1.514,8.447,9.216,-5.9,2.466,-5.397,-1.07,7.181,2.436,-2.147,-1.622
3.174,5.903,-5.351,0.112,0.891,0.627,-4.046,-0.912,7.9,9.527,-6.229,2.045,-4.132,-0.984,6.824,2.085,-2.112,-2.153
2.074,6.33,-5.451,-0.307,-0.149,0.661,-2.541,-1.157,7.665,9.748,-5.512,1.992,-5.245,-1.891,6.997,2.267,-2.691,-2.213
2.558,6.463,-5.654,-0.086,0.514,0.073,-2.756,-1.189,8.324,9.254,-5.727,2.799,-5.654,-1.691,7.22,2.245,-1.872,-2.022
2.432,6.549,-5.862,0.041,0.161,0.486,-2.416,-1.441,8.105,9.229,-5.863,1.955,-4.522,-1.077,6.946,2.422,-2.113,-1.587
2.911,6.736,-5.263,-0.18,0.335,-0.014,-3.544,-1.516,8.436,9.768,-6.009,2.424,-5.171,-1.56,7.073,2.266,-2.22,-1.704
1.292,6.388,-5.89,-0.023,-0.622,0.355,-3.355,-1.521,8.159,9.935,-5.862,2.651,-5.533,-1.815,6.752,2.023,-2.403,-1.303
1.646,6.132,-5.231,-0.022,-0.608,0.536,-4.474,-1.037,8.023,9.673,-5.489,2.172,-5.504,-0.324,6.873,1.897,-2.614,-1.594
2.773,5.924,-5.743,0.159,-0.358,0.161,-4.154,-0.784,8.047,10.348,-6.02,2.373,-4.254,-1.48,7.41,2.252,-1.807,-1.951
2.76,6.522,-5.621,-0.101,0.308,-0.207,-3.904,-1.207,7.622,8.77,-5.747,2.217,-5.139,-0.893,6.998,1.674,-2.231,-1.875
3.126,5.969,-5.541,0.035,-0.199,0.628,-5.07,-1.275,8.35,9.564,-5.974,2.547,-4.575,-1.392,7.148,2.083,-2.143,-2.279
2.72,6.121,-5.604,-0.023,-0.196,0.393,-3.898,-1.031,7.258,9.621,-6.047,2.312,-4.981,-1.486,6.768,1.886,-1.996,-1.128
2.287,6.161,-5.336,-0.051,0.175,0.385,-2.9,-1.299,8.645,9.494,-5.843,2.656,-4.957,-0.641,6.712,2.126,-1.92,-2.282
2.86,5.983,-5.39,0.175,0.449,-0.229,-2.657,-1.365,7.884,9.406,-5.638,1.895,-4.541,-1.16,7.034,2.535,-2.347,-2.276
2.508,6.346,-5.184,0.12,0.631,0.074,-3.974,-0.821,8.126,9.79,-5.915,2.32,-5.206,-1.304,7.21,1.818,-2.279,-1.857
3.093,6.299,-5.94,0.33,0.694,-0.278,-3.629,-1.257,7.704,9.706,-5.93,2.208,-5.311,-1.721,7.4,2.423,-2.285,-2.163
2.838,5.992,-5.549,-0.075,0.086,0.029,-2.954,-0.79,8.076,10.066,-5.862,2.353,-5.157,-2.008,6.764,2.411,-1.995,-2.851
2.024,6.143,-6.122,0.035,-0.735,0.894,-3.618,-1.348,7.482,9.837,-6.114,2.673,-5.41,-0.897,6.572,2.318,-1.95,-2.187
2.195,6.118,-5.482,0.25,1.866,0.347,-4.015,-1.124,7.879,9.231,-6.261,2.764,-4.784,-0.315,6.999,1.533,-2.054,-2.139
2.925,6.212,-5.931,0.131,-0.564,0.31,-3.591,-1.41,8.087,9.614,-6.084,2.847,-5.906,-1.76,7.171,1.861,-2.137,-1.729
1.826,6.252,-5.391,0.054,-0.637,0.35,-4.014,-1.373,7.688,9.361,-6.147,1.825,-5.021,-1.853,7.079,1.814,-2.134,-2.021
3.151,7.035,-5.465,0.058,-0.693,0.523,-3.176,-0.992,7.826,9.602,-6.038,2.257,-5.513,-1.796,7.035,1.763,-2.296,-2.192
3.088,5.916,-5.778,0.012,-0.526,0.739,-4.175,-0.88,8.061,9.621,-5.862,2.725,-5.839,-1.819,6.967,1.738,-1.852,-2.713
2.231,6.363,-5.871,-0.051,1.254,-0.211,-3.605,-1.934,7.676,9.814,-5.854,2.191,-5.289,-1.096,6.93,2.592,-2.078,-2.199
2.363,6.044,-5.351,-0.106,0.546,0.553,-3.77,-0.753,7.502,9.972,-5.778,2.747,-5.247,-0.76,6.655,2.101,-1.814,-1.28
2.372,6.346,-5.25,0.06,0.959,0.026,-4.12,-1.478,7.629,9.427,-5.663,2.634,-5.166,-1.372,6.635,2.343,-1.885,-2.565
1.796,6.143,-5.702,-0.284,0.786,0.608,-3.667,-1.428,7.87,9.49,-5.969,2.205,-5.384,-1.311,6.723,1.894,-2.019,-1.857
3.305,6.345,-5.382,0.18,-0.57,0.183,-3.163,-1.702,7.373,9.869,-5.947,2.847,-4.606,-1.486,7.139,1.787,-1.829,-2.147
3.384,6.312,-6.059,0.006,0.312,0.465,-3.582,-1.432,7.295,9.409,-5.953,2.093,-5.606,-1.372,6.688,1.655,-2.131,-2.196
1.874,5.682,-5.572,0.24,-0.551,0.442,-3.821,-1.664,8.346,9.357,-5.822,1.794,-4.912,-0.775,6.985,2.471,-1.905,-1.861
2.628,6.523,-5.05,0.349,-0.255,0.458,-4.515,-1.186,7.541,9.752,-6.239,2.473,-5.459,-1.613,7.065,2.383,-2.061,-1.74
2.719,6.027,-6.174,0.24,-0.746,0.707,-3.761,-1.769,7.639,9.96,-6.03,2.06,-5.2,-1.628,7.161,2.294,-2.311,-2.078
2.38,6.427,-5.438,0.138,0.597,0.314,-2.766,-0.771,7.794,9.594,-5.661,2.277,-6.47,-0.84,6.714,1.621,-1.741,-2.359
2.652,6.536,-5.672,-0.181,0.887,0.418,-3.826,-1.594,7.84,9.624,-5.853,1.892,-4.859,-0.798,7.115,1.831,-1.856,-1.975
2.764,5.825,-5.333,-0.167,0.487,0.649,-3.033,-1.521,7.46,9.065,-6.066,2.028,-5.301,-1.236,7.007,2.107,-1.766,-2.576
2.597,6.243,-5.107,-0.058,0.268,-0.16,-4.256,-0.084,8.169,9.267,-5.641,1.991,-4.483,-0.934,6.508,2.19,-2.189,-1.999
2.882,6.549,-5.859,-0.062,-0.421,0.681,-3.843,-1.299,7.036,9.736,-5.864,2.026,-5.603,-1.066,7.073,1.884,-2.208,-2.133
1.803,5.774,-5.712,0.121,-0.722,0.274,-3.987,-1.829,8.24,9.225,-6.0,2.162,-5.287,-1.874,7.155,2.43,-2.255,-1.6
2.457,6.397,-5.917,0.015,0.185,0.215,-2.711,-1.24,7.724,9.474,-5.78,2.288,-4.863,-1.239,7.048,1.877,-2.11,-1.908
2.847,6.342,-5.91,0.29,1.174,-0.456,-2.937,-1.173,7.863,9.523,-6.205,2.132,-5.409,-1.389,6.798,1.754,-2.025,-2.366
1.648,6.664,-5.422,0.102,0.556,0.318,-3.798,-1.943,7.319,9.443,-5.405,2.559,-4.672,-1.186,7.005,1.65,-1.843,-1.779
2.413,5.899,-5.399,0.136,0.14,1.04,-4.075,-1.6,7.897,9.528,-5.671,2.232,-4.827,-1.818,7.174,2.558,-2.009,-1.576
3.221,6.255,-5.694,0.044,-0.12,0.002,-3.824,-1.197,7.785,9.93,-5.702,2.431,-4.789,-1.001,6.955,1.759,-2.285,-1.839
2.531,5.868,-5.878,0.194,0.55,0.19,-4.509,-1.331,8.005,9.484,-5.926,2.042,-6.053,-1.669,6.86,2.438,-2.56,-1.526
1.609,6.431,-6.19,-0.143,0.099,0.79,-3.688,-1.273,7.915,10.047,-5.624,2.267,-4.91,-1.72,7.086,2.316,-2.58,-1.729
2.277,6.381,-6.042,-0.094,-0.267,0.694,-2.774,-1.033,6.934,9.907,-6.032,1.965,-5.183,-0.879,7.009,2.111,-1.851,-1.7
2.797,6.141,-5.328,-0.229,0.501,0.891,-3.587,-1.684,7.859,9.691,-5.615,2.416,-5.846,-0.964,6.493,2.281,-2.022,-2.195
2.772,6.326,-5.055,0.181,-0.0,0.482,-2.611,-1.484,7.747,9.897,-6.217,1.944,-5.558,-0.951,7.357,1.734,-2.359,-2.442
3.114,5.739,-5.56,0.074,0.443,0.058,-3.249,-0.336,7.529,9.063,-5.974,2.8,-5.391,-1.867,6.746,2.177,-2.482,-1.723
1.741,6.382,-4.757,0.254,-0.004,0.218,-3.744,-1.099,8.077,9.05,-5.741,2.885,-5.112,-1.114,6.508,2.221,-1.782,-1.835
2.734,6.621,-5.672,0.119,1.044,0.674,-3.059,-0.917,8.125,9.446,-5.535,2.31,-4.014,-1.595,6.852,2.133,-1.31,-2.215
2.252,6.104,-5.613,-0.218,0.694,0.586,-3.86,-1.837,7.432,9.698,-6.14,2.182,-5.666,-2.08,7.087,2.353,-1.788,-2.372
2.565,6.2,-6.057,-0.029,0.035,1.065,-3.789,-1.328,7.716,9.391,-5.71,2.665,-6.581,-2.054,6.816,2.549,-1.749,-1.897
2.478,6.384,-5.57,0.175,-0.029,0.411,-3.257,-0.414,8.04,9.574,-6.13,2.381,-4.832,-1.444,7.204,2.48,-1.665,-1.925
2.344,6.212,-4.574,-0.012,0.793,-0.025,-4.958,-0.984,8.573,9.56,-5.84,2.103,-5.016,-1.369,7.234,2.468,-1.66,-1.81
1.859,6.313,-5.22,-0.07,0.322,0.726,-3.612,-0.787,7.393,9.757,-5.889,2.036,-4.901,-1.991,7.532,2.551,-1.74,-1.821
2.768,6.076,-6.105,-0.206,1.368,0.432,-4.106,-1.385,7.985,9.64,-6.3,2.79,-5.303,-0.953,6.885,2.188,-1.944,-1.471
3.812,6.147,-5.942,0.166,-0.007,0.821,-3.189,-0.764,7.972,9.593,-6.067,2.767,-5.421,-1.082,6.88,1.916,-2.285,-2.178
2.157,5.773,-5.201,0.064,0.171,0.561,-3.992,-0.834,7.56,9.149,-6.23,2.223,-5.354,-1.387,6.983,1.622,-1.937,-1.778
2.076,6.426,-5.267,-0.095,0.696,0.102,-3.918,-1.107,8.172,9.904,-5.614,2.471,-5.064,-1.649,7.023,1.929,-2.064,-2.077
2.1,6.213,-5.475,-0.16,0.18,0.182,-4.019,-1.62,7.761,9.455,-5.985,2.147,-4.951,-1.171,6.649,2.068,-2.245,-2.119
2.375,6.625,-5.768,0.112,-0.132,0.894,-3.584,-0.923,8.608,9.653,-6.07,2.193,-4.747,-1.386,6.993,1.73,-2.329,-1.871
2.636,6.211,-5.4,0.044,1.168,0.248,-3.975,-0.816,8.203,9.663,-5.907,1.862,-5.257,-1.694,6.901,2.15,-2.17,-1.712
2.62,6.209,-5.866,-0.136,-0.038,1.379,-3.25,-0.857,7.779,9.671,-6.184,1.788,-5.378,-2.476,6.782,1.989,-1.868,-1.8
2.737,6.29,-5.488,0.032,1.267,0.005,-3.534,-1.956,8.31,9.892,-6.194,2.158,-5.372,-1.26,7.151,2.378,-2.082,-1.899
2.32,6.602,-5.786,0.187,0.03,-0.353,-3.483,-1.604,7.547,9.28,-6.131,2.224,-4.697,-2.3,7.407,1.948,-1.699,-1.736
2.117,5.822,-5.47,-0.15,-0.445,0.376,-3.057,-1.146,7.213,9.15,-5.959,2.199,-4.824,-1.906,6.497,2.425,-2.32,-2.063
3.284,6.515,-5.793,0.036,-0.372,0.309,-3.284,-1.34,7.789,9.159,-5.586,2.254,-4.787,-0.976,6.654,2.083,-2.279,-2.142
3.048,6.394,-5.224,-0.313,0.105,0.169,-3.898,-1.278,7.791,9.815,-6.051,2.445,-6.737,-1.918,6.875,2.23,-2.073,-1.628
3.28,6.418,-6.207,0.344,-0.372,0.382,-4.289,-0.979,8.103,10.1,-5.897,2.02,-6.491,-0.986,6.89,2.194,-1.917,-2.075
3.425,6.006,-5.73,0.222,0.068,1.314,-3.812,-0.389,7.82,9.874,-5.979,1.98,-4.705,-1.117,7.092,2.134,-2.326,-1.891
2.106,6.417,-5.408,0.217,-0.161,0.548,-3.044,-1.86,7.903,10.035,-5.654,2.084,-4.837,-0.992,6.514,1.943,-2.122,-1.619
2.416,6.184,-5.447,0.06,0.036,-0.119,-3.951,-0.992,8.088,9.385,-5.915,2.987,-5.088,-1.406,7.026,2.101,-2.31,-2.39
3.151,5.879,-5.411,-0.161,0.182,-0.327,-3.512,-1.462,7.523,9.728,-6.064,2.824,-4.994,-0.929,7.052,2.201,-2.697,-1.612
2.89,6.284,-5.416,-0.033,-0.687,-0.044,-3.721,-1.201,7.83,9.946,-5.628,2.846,-4.56,-1.333,6.956,2.077,-1.881,-2.069
2.565,6.122,-5.605,-0.103,0.544,1.183,-3.288,-0.55,8.005,9.646,-5.341,2.351,-5.636,-1.712,6.894,1.742,-1.757,-1.802
2.619,6.657,-5.479,0.164,-0.551,0.275,-2.915,-0.513,7.733,9.678,-5.635,2.182,-4.754,-0.39,7.044,1.934,-2.029,-2.027
3.856,6.114,-4.189,-0.074,-0.006,-0.602,-3.799,-1.768,7.836,9.231,-6.369,2.454,-5.328,-1.178,6.95,2.357,-2.091,-1.663
3.719,6.502,-5.687,-0.282,-0.126,0.429,-4.152,-1.122,7.92,9.6,-5.754,2.022,-5.093,-1.613,6.937,2.192,-1.648,-2.139
2.754,5.951,-5.156,-0.051,-0.31,0.616,-2.619,-1.278,8.416,9.661,-5.978,2.961,-4.29,-0.792,7.34,2.192,-1.947,-2.34
2.989,5.98,-5.944,0.197,0.657,0.678,-2.962,-0.497,8.03,9.34,-6.181,2.604,-5.111,-1.276,7.27,1.877,-1.847,-1.947
2.858,6.029,-6.211,-0.033,0.034,-0.428,-3.269,-0.918,8.119,9.827,-6.017,2.448,-5.057,-1.383,6.897,2.213,-1.669,-1.781
2.888,5.811,-5.798,-0.205,0.475,0.604,-3.245,-1.019,7.561,9.265,-5.651,2.229,-5.103,-2.093,7.331,2.195,-1.838,-1.755
2.509,5.872,-5.484,-0.087,0.252,0.668,-4.245,-1.187,7.893,9.577,-5.879,2.515,-5.409,-2.1,6.831,2.018,-2.064,-2.092
1.924,6.02,-5.741,0.334,0.272,0.222,-3.076,-0.859,7.341,10.056,-5.589,2.006,-5.234,-1.122,7.259,1.975,-2.403,-2.268
3.216,6.466,-5.849,-0.055,-0.208,-0.444,-4.598,-1.011,7.681,9.756,-5.852,2.266,-4.928,-1.149,6.975,2.486,-2.349,-1.677
2.778,6.174,-5.696,0.147,-0.362,0.074,-2.588,-0.251,7.723,8.857,-6.04,2.552,-4.724,-1.188,6.921,1.672,-2.312,-1.947
2.77,5.942,-5.489,-0.138,-0.102,0.656,-3.04,-0.813,7.915,9.997,-5.764,2.405,-4.554,-1.206,7.13,2.34,-1.14,-1.982
2.723,6.642,-5.542,0.199,0.242,1.314,-3.421,-1.255,8.051,9.102,-5.943,1.897,-6.015,-1.448,7.065,2.48,-2.354,-2.344
2.802,6.39,-5.684,0.215,-0.427,-0.08,-3.352,-0.988,8.251,9.662,-5.922,2.047,-4.926,-1.522,7.09,2.198,-1.974,-1.878
2.327,6.084,-5.912,-0.373,0.406,0.782,-3.884,-0.783,7.917,10.538,-6.049,2.904,-4.621,-1.112,6.845,1.907,-1.599,-1.959
2.701,6.484,-5.361,0.011,0.076,-0.165,-4.05,-1.404,7.806,9.621,-5.759,2.354,-5.645,-1.209,7.253,1.633,-2.251,-2.41
1.974,6.318,-5.675,-0.26,0.382,0.465,-3.398,-1.225,8.103,9.844,-5.992,2.948,-5.179,-1.691,6.944,2.043,-2.19,-1.628
2.059,6.13,-5.573,-0.161,0.686,0.099,-3.368,-0.981,8.365,9.3,-5.665,2.467,-4.62,-1.435,7.062,1.815,-1.814,-1.685
2.192,6.149,-5.764,-0.276,-0.651,0.13,-3.463,-1.355,7.899,9.402,-5.424,2.176,-5.295,-2.138,7.037,1.827,-1.969,-1.487
1.749,6.498,-5.103,0.006,0.837,0.243,-3.507,-0.714,8.095,10.086,-5.867,2.881,-5.628,-1.229,7.098,2.409,-1.856,-2.211
3.696,6.099,-6.184,0.104,0.386,0.387,-3.48,-1.235,8.17,9.69,-5.711,2.259,-5.214,-0.987,6.553,2.088,-1.838,-2.037
2.692,6.148,-5.817,0.097,0.301,-0.642,-4.364,-1.325,8.615,9.418,-5.953,2.107,-5.371,-0.222,7.099,2.192,-2.151,-2.04
2.48,6.208,-5.698,0.073,-0.787,0.512,-4.083,0.494,7.346,10.23,-6.096,2.739,-4.937,-1.507,7.212,2.34,-2.34,-2.039
1.441,6.385,-5.808,0.067,0.125,0.829,-3.722,-1.209,7.652,9.478,-5.857,2.196,-5.321,-1.253,6.778,2.067,-2.152,-1.875
1.308,5.979,-5.944,-0.145,-0.193,0.745,-2.961,-1.295,7.848,8.837,-5.742,2.11,-5.072,-1.398,7.361,2.261,-2.06,-2.408
2.847,6.114,-6.09,-0.001,-0.189,0.22,-3.832,-1.556,7.298,9.838,-6.293,2.26,-5.033,-1.704,6.646,2.212,-2.261,-2.45
1.818,6.634,-5.482,0.192,-0.601,0.877,-3.921,-0.667,7.595,9.552,-6.157,2.548,-4.242,-0.782,7.033,2.41,-2.223,-1.949
2.86,6.264,-6.131,-0.11,-0.302,0.905,-3.995,-1.06,8.233,9.873,-5.777,2.519,-5.357,-1.592,7.325,2.006,-1.957,-1.515
2.248,5.698,-5.268,0.154,0.051,0.28,-3.334,-0.65,7.91,10.087,-5.699,2.14,-5.329,-1.495,6.209,1.658,-1.888,-1.765
2.094,6.287,-5.529,-0.121,-0.341,0.172,-3.426,-1.376,8.463,9.824,-6.049,1.849,-4.53,-1.64,7.118,2.193,-2.23,-1.751
2.522,6.559,-5.623,0.315,1.331,0.656,-2.778,-1.59,8.151,9.106,-5.866,2.132,-4.906,-1.349,6.968,1.778,-2.04,-1.635
2.177,6.353,-5.32,0.165,-0.192,0.492,-3.065,-0.915,8.034,9.598,-6.109,2.058,-4.953,-1.426,6.869,2.215,-1.859,-2.489
3.689,6.463,-5.592,-0.128,-0.204,0.093,-2.83,-1.392,8.416,9.33,-5.702,2.08,-5.986,-1.094,6.76,2.421,-2.447,-1.958
3.402,6.191,-5.193,0.165,0.068,0.732,-4.387,-1.593,8.421,9.637,-5.96,2.609,-4.938,-1.906,7.018,2.086,-1.94,-2.239
2.076,6.675,-5.133,-0.134,1.163,0.513,-3.797,-1.202,7.975,9.576,-6.148,2.082,-5.476,-0.934,7.539,2.034,-2.095,-1.889
2.436,6.627,-4.994,0.21,0.089,-0.047,-3.906,-1.341,7.46,9.053,-5.989,2.186,-5.542,-2.393,6.723,1.654,-2.711,-1.656
1.829,6.492,-6.307,0.229,1.593,0.13,-3.33,-0.979,8.394,9.169,-5.525,2.722,-5.371,-2.579,7.137,1.895,-2.154,-1.775
2.962,6.282,-5.596,0.162,-0.193,0.475,-3.699,-1.575,7.771,10.538,-6.542,2.609,-4.538,-0.77,6.95,1.959,-2.248,-1.452
3.257,6.506,-5.586,0.138,0.688,0.771,-3.991,-0.413,7.528,9.807,-6.291,2.272,-5.765,-1.335,7.054,2.188,-2.356,-1.502
2.88,6.355,-6.629,0.152,0.327,0.704,-3.327,-0.706,8.053,9.427,-6.123,1.887,-4.814,-1.786,6.726,1.985,-1.958,-2.001
3.193,6.401,-5.646,0.16,0.126,0.443,-3.249,-1.244,7.992,9.168,-5.744,2.292,-5.168,-1.917,6.453,2.532,-2.142,-2.107
2.892,5.817,-5.529,0.007,1.176,-0.591,-2.933,-1.757,7.711,9.492,-6.166,2.351,-5.006,-1.661,7.344,2.305,-1.716,-1.459
2.835,5.879,-5.935,0.169,-0.447,-0.343,-4.245,-1.04,7.185,9.688,-5.756,1.893,-5.203,-2.371,7.012,2.16,-2.118,-1.693
2.926,6.321,-5.632,-0.041,0.856,0.33,-3.263,-2.178,7.82,9.459,-5.735,1.824,-5.455,-1.065,6.681,2.139,-1.85,-1.884
2.714,6.206,-6.12,0.239,0.598,0.204,-3.247,-1.766,7.888,9.681,-5.812,2.133,-5.301,-1.402,6.65,2.169,-1.936,-1.813
4.075,6.195,-5.314,0.008,0.407,0.452,-3.78,-0.857,7.676,8.613,-5.96,1.687,-5.572,-0.985,6.738,2.159,-1.856,-1.215
3.033,6.268,-5.12,-0.481,0.193,-0.426,-3.336,-1.081,8.007,10.378,-5.612,2.108,-5.376,-1.221,6.61,1.655,-2.392,-1.392
2.123,6.355,-6.294,-0.002,-0.399,0.032,-3.343,-0.785,7.823,10.189,-5.789,2.251,-4.804,-1.437,6.899,2.027,-1.767,-2.279
1.928,6.032,-5.875,-0.2,0.553,-0.161,-4.358,-0.741,7.61,9.328,-6.075,2.535,-4.842,-2.013,7.05,2.125,-1.978,-2.088
2.69,6.093,-5.238,-0.054,-1.291,0.853,-3.985,-0.986,7.869,8.951,-5.829,2.565,-5.275,-0.768,7.181,2.217,-2.192,-1.641
3.218,6.126,-5.592,0.005,-0.206,0.71,-3.676,-0.8,7.903,10.211,-5.504,2.408,-5.695,-2.091,7.389,1.897,-1.895,-1.95
2.967,6.202,-5.739,-0.033,0.87,0.338,-3.023,-0.535,8.328,8.866,-5.95,2.344,-4.607,-2.25,7.07,1.787,-1.968,-1.475
3.481,6.046,-5.902,0.17,0.271,0.854,-3.011,-0.616,7.952,9.32,-6.055,2.251,-4.955,-1.344,6.631,1.953,-2.019,-1.924
2.649,6.297,-5.04,-0.239,0.0,0.225,-2.953,-1.514,8.148,10.02,-5.972,2.864,-5.429,-0.819,6.914,1.76,-2.055,-1.957
2.074,6.166,-6.338,0.0,0.17,0.262,-3.605,-0.892,7.272,9.701,-5.831,2.626,-4.449,-1.276,6.985,2.227,-2.299,-1.822
3.485,6.055,-6.496,0.152,0.797,0.456,-3.167,-0.876,8.16,9.583,-5.994,1.969,-4.104,-1.142,6.972,1.612,-1.805,-1.573
1.713,6.301,-5.272,0.255,0.118,0.901,-3.04,-1.375,8.431,9.738,-5.928,2.898,-4.417,-1.512,7.092,1.863,-1.924,-1.843
3.426,6.497,-5.416,-0.05,-0.143,0.453,-3.116,-0.926,8.201,9.944,-5.572,2.767,-4.859,-1.381,6.688,2.08,-2.203,-1.776
3.055,5.996,-5.559,-0.143,0.455,-0.282,-2.734,-0.504,7.894,9.236,-5.741,2.614,-4.72,-1.477,7.15,2.303,-2.279,-1.872
3.049,6.274,-5.532,-0.502,-0.207,0.215,-4.224,-0.743,7.505,9.271,-5.666,2.045,-5.065,-1.485,6.791,2.168,-2.035,-2.006
2.098,6.075,-5.866,0.048,1.05,-0.131,-2.981,-0.478,7.96,9.599,-5.608,2.473,-5.974,-1.587,6.687,1.967,-2.027,-2.103
2.361,6.036,-5.233,-0.117,0.107,0.55,-3.969,-1.308,7.988,9.703,-6.022,2.193,-5.879,-0.956,7.636,1.962,-1.702,-2.015
2.192,6.232,-5.445,0.409,1.398,0.447,-3.532,-0.137,8.516,10.27,-5.861,2.572,-5.286,-1.147,7.046,2.379,-2.06,-1.831
2.333,5.95,-5.48,-0.169,-0.182,-0.415,-3.526,-0.562,7.981,9.613,-6.295,2.378,-4.91,-1.915,7.385,2.034,-2.184,-2.172
2.613,5.976,-5.684,-0.204,0.411,0.847,-3.308,-1.387,8.184,9.64,-5.287,1.605,-5.291,-1.852,6.704,1.799,-1.936,-2.155
1.972,5.988,-5.464,-0.298,0.086,0.579,-3.842,-0.954,8.297,9.261,-5.657,2.0,-5.318,-1.528,6.507,2.216,-1.987,-1.516
2.241,6.301,-6.028,0.367,0.309,0.704,-3.558,-0.773,7.543,10.07,-5.875,2.443,-5.704,-1.43,6.814,2.056,-2.055,-1.783
3.227,6.416,-5.997,0.057,-0.783,0.219,-3.453,-0.836,7.495,10.103,-6.109,2.102,-4.202,-1.162,6.536,1.815,-2.495,-1.972
2.652,6.174,-5.661,0.227,0.651,0.083,-3.31,-1.243,8.283,9.606,-5.574,2.513,-5.862,-0.555,6.49,2.143,-2.385,-2.691
2.719,6.288,-5.449,0.389,0.078,0.682,-3.445,-2.065,8.306,9.312,-5.919,2.235,-4.991,-1.63,6.848,2.209,-2.122,-1.741
3.283,6.223,-5.291,0.033,0.148,0.045,-3.122,-1.668,7.687,9.826,-5.92,2.775,-5.271,-1.06,6.743,2.027,-2.183,-1.753
2.374,6.133,-5.702,0.139,0.588,0.623,-3.999,-0.869,8.303,9.781,-5.792,2.002,-4.346,-1.636,7.01,1.994,-1.949,-2.099
2.118,6.453,-5.497,0.132,0.966,0.335,-3.291,-0.911,8.321,10.288,-6.249,2.48,-5.474,-1.606,6.674,2.161,-1.673,-2.105
2.873,6.392,-5.526,-0.186,0.756,0.376,-2.948,-1.072,8.028,10.121,-5.696,1.418,-5.085,-0.917,7.088,2.096,-2.445,-1.555
2.124,6.402,-5.762,-0.101,1.055,-0.113,-3.173,-1.199,7.716,9.625,-5.358,2.28,-4.892,-0.96,7.274,2.132,-1.696,-2.618
1.981,6.015,-5.701,0.015,-0.678,0.32,-2.674,-1.746,8.34,9.357,-5.587,2.51,-4.756,-1.071,6.613,2.179,-2.318,-1.819
2.254,6.441,-5.317,0.06,0.769,0.437,-3.493,-1.449,7.661,9.745,-5.794,2.306,-5.146,-0.865,6.58,1.809,-2.136,-1.691
2.537,6.098,-5.096,-0.141,-0.552,0.385,-3.108,-0.95,7.91,9.505,-6.212,2.504,-5.262,-0.749,7.243,2.149,-2.14,-2.033
2.836,6.232,-5.547,-0.115,0.929,1.023,-3.219,-1.457,7.538,10.194,-6.269,2.54,-4.507,-0.96,6.463,2.049,-1.737,-1.148
1.601,6.399,-5.179,0.051,-0.297,-0.049,-3.3,-1.212,7.962,9.335,-6.005,1.914,-5.002,-0.928,7.073,1.762,-2.082,-1.493
2.475,6.266,-5.679,0.031,-0.593,0.217,-4.074,-1.188,7.99,9.876,-5.982,1.811,-5.102,-1.469,6.486,2.262,-1.682,-2.034
1.775,6.23,-4.95,0.629,0.196,0.743,-2.968,-1.165,8.014,9.844,-5.838,1.768,-4.496,-0.323,7.056,1.746,-2.474,-1.965
2.199,6.16,-6.492,0.121,-0.103,0.654,-2.876,-0.956,8.09,9.98,-5.984,2.118,-5.878,-1.604,7.134,2.203,-2.377,-2.474
2.588,6.195,-5.535,-0.074,0.265,0.114,-3.447,-1.051,7.872,9.661,-6.141,2.242,-4.926,-1.937,6.628,2.289,-2.485,-2.126
3.507,6.585,-5.924,-0.061,0.071,0.433,-4.956,-1.452,7.627,9.612,-6.283,2.283,-5.458,-1.281,6.868,2.053,-1.933,-1.354
2.643,6.053,-6.37,0.058,0.331,0.285,-2.934,-1.0,7.599,10.173,-5.733,2.458,-5.194,-2.07,6.576,2.099,-2.0,-2.425
2.569,6.314,-4.929,0.087,-0.328,0.938,-3.181,-1.045,7.252,9.502,-6.012,2.607,-5.733,-1.516,7.06,2.435,-1.968,-1.973
2.535,6.478,-4.799,0.274,-0.178,1.192,-3.24,-1.384,7.425,9.723,-5.568,3.033,-5.884,-1.097,7.262,1.872,-2.305,-1.885
2.263,5.849,-5.769,0.081,-0.263,0.031,-4.174,-1.667,7.336,9.66,-5.688,2.35,-4.821,-1.083,7.073,2.236,-2.118,-1.246
2.79,6.127,-5.541,-0.026,0.246,-0.39,-4.187,-1.467,7.765,9.944,-6.118,2.002,-4.602,-1.614,6.854,1.844,-2.164,-1.423
2.172,6.246,-5.627,-0.067,0.194,0.526,-3.466,-0.695,7.506,9.416,-5.995,2.463,-5.606,-1.734,6.648,1.964,-1.851,-1.951
2.083,6.021,-5.326,0.108,-1.024,0.396,-2.587,-0.894,7.909,9.558,-5.639,1.919,-6.039,-1.27,7.343,2.269,-2.118,-1.919
2.051,6.45,-5.989,-0.089,-0.37,0.593,-4.074,-1.329,7.973,9.27,-5.926,2.501,-5.301,-2.18,7.001,2.201,-2.039,-1.983
2.496,6.089,-6.156,0.121,0.464,-0.359,-3.434,-0.831,8.164,9.518,-5.83,3.016,-5.292,-0.67,7.239,2.628,-1.928,-2.391
3.349,6.291,-5.911,-0.139,-0.06,0.458,-3.936,-1.86,8.11,9.722,-5.495,2.153,-4.955,-1.645,7.211,2.368,-2.594,-2.137
2.504,6.328,-5.287,0.121,0.08,-0.352,-3.627,-0.961,8.068,10.109,-6.413,2.768,-5.015,-1.724,6.714,2.102,-1.534,-2.072
3.018,6.125,-5.351,-0.418,0.604,0.794,-3.174,-0.791,8.317,10.111,-5.586,2.216,-4.877,-1.835,6.763,1.927,-1.864,-1.615
2.663,6.151,-5.853,-0.197,-0.283,0.926,-3.456,-1.304,7.945,9.445,-5.881,1.945,-4.167,-1.58,6.842,2.545,-2.356,-1.438
2.883,6.077,-5.293,0.134,0.228,0.706,-2.635,-1.246,7.906,9.772,-5.615,2.548,-5.746,-1.8,6.972,2.199,-2.265,-1.56
2.162,5.841,-5.755,0.065,1.278,0.697,-3.044,-0.963,7.335,9.526,-6.143,2.088,-5.525,-1.341,7.21,2.061,-2.066,-2.031
2.426,6.309,-5.93,-0.191,0.067,0.988,-3.877,-1.365,8.187,9.778,-5.772,2.065,-4.858,-1.156,7.185,2.129,-1.988,-2.069
2.481,6.316,-5.722,0.206,0.992,0.683,-3.442,-1.443,8.091,9.321,-5.877,2.192,-5.494,-1.554,6.712,1.812,-2.162,-2.22
2.771,5.929,-5.613,0.084,0.346,0.136,-3.031,-1.767,6.838,9.796,-6.226,2.84,-5.359,-1.814,6.727,2.166,-2.203,-2.448
2.0,6.114,-5.756,0.124,0.527,0.25,-3.99,-2.453,8.776,9.065,-5.935,2.398,-5.26,-1.438,7.171,2.522,-2.414,-1.743
4.107,6.4,-5.629,0.143,0.59,0.405,-3.066,-1.699,7.822,9.845,-6.304,2.608,-5.518,-1.269,6.534,1.705,-2.371,-2.207
3.053,6.915,-5.703,0.073,0.281,1.004,-3.182,-1.089,7.431,9.609,-6.307,1.929,-4.413,-0.782,6.529,2.496,-1.946,-2.196
2.066,6.362,-5.53,-0.017,0.108,0.262,-3.184,-0.779,7.875,9.713,-5.719,2.205,-4.362,-1.434,7.019,2.058,-1.646,-2.087
2.763,6.061,-5.432,0.057,-0.088,0.492,-4.0,-1.757,8.559,9.884,-5.714,2.048,-5.101,-1.891,6.937,2.331,-1.655,-2.316
2.908,5.369,-6.16,0.182,0.103,0.308,-3.86,-1.676,7.775,9.458,-5.874,2.311,-4.133,-0.725,6.414,2.243,-2.131,-1.981
1.833,6.378,-5.459,-0.053,0.746,0.177,-2.97,-1.09,8.212,9.593,-5.682,2.306,-5.086,-0.873,6.276,2.358,-1.987,-1.645
2.553,6.101,-5.587,0.385,0.523,-0.341,-4.459,-2.26,7.94,9.933,-5.738,1.768,-5.923,-1.53,7.256,2.006,-2.216,-2.265
2.472,6.218,-5.741,0.218,0.545,-0.427,-2.663,-0.848,7.244,9.105,-6.271,2.778,-4.854,-1.188,6.974,1.979,-2.431,-1.542
1.925,5.877,-6.066,-0.165,0.564,1.16,-3.68,-1.139,7.686,9.287,-5.938,1.933,-5.414,-1.153,7.143,2.21,-1.803,-1.697
1.636,6.553,-5.597,-0.218,-0.141,0.75,-3.41,-1.08,7.229,9.388,-5.449,2.306,-4.685,-1.64,6.056,2.265,-1.82,-2.483
3.251,5.971,-6.808,0.279,-0.332,1.58,-3.206,-1.13,8.526,9.98,-5.943,2.535,-4.848,-0.888,6.628,2.135,-2.116,-2.542
2.799,5.564,-5.949,-0.181,-0.384,0.33,-3.361,-0.992,7.613,9.541,-5.806,2.245,-5.66,-1.017,6.914,1.93,-1.154,-1.801
1.986,6.242,-5.595,0.091,0.062,0.493,-3.269,-0.995,8.106,9.873,-5.998,2.3,-5.247,-1.576,6.901,2.032,-1.935,-1.377
1.985,6.182,-5.845,-0.096,0.16,0.853,-2.202,-1.413,8.22,9.683,-6.072,1.532,-5.02,-1.759,6.835,2.372,-1.987,-2.001
2.326,6.074,-5.641,-0.337,-0.255,0.491,-4.1,-1.294,7.689,10.013,-5.917,2.681,-5.291,-1.327,7.405,2.283,-1.937,-2.17
2.938,6.642,-6.005,0.083,0.886,0.738,-4.022,-0.93,8.593,9.968,-6.366,2.568,-4.937,-1.738,6.983,2.239,-2.187,-2.109
4.175,6.054,-5.223,-0.014,-0.327,0.331,-4.67,-1.681,7.893,10.109,-5.9,2.667,-4.774,-1.412,7.213,2.414,-1.989,-1.768
3.505,6.056,-5.638,0.168,-0.572,-0.241,-4.139,-1.09,8.301,10.338,-6.02,2.4,-4.421,-0.997,7.292,2.345,-2.298,-2.051
2.99,6.413,-5.513,-0.015,0.002,-0.74,-3.577,-0.766,7.629,10.228,-5.959,2.271,-5.709,-1.566,6.769,1.983,-1.869,-1.956
2.55,6.445,-5.505,-0.073,0.463,-0.238,-4.343,-1.208,7.7,9.779,-5.685,2.293,-4.249,-1.264,6.253,2.316,-2.333,-1.484
2.508,5.813,-5.239,0.331,0.655,0.705,-3.934,-0.877,7.652,9.224,-5.73,1.868,-5.155,-0.979,6.606,2.535,-1.498,-2.338
3.636,6.452,-4.913,0.169,0.989,0.877,-3.887,-1.552,8.123,9.176,-5.579,2.32,-5.423,-0.993,7.44,2.543,-2.064,-2.336
3.029,5.989,-5.63,-0.113,-0.135,0.424,-3.777,-1.393,7.851,9.37,-5.848,2.67,-5.15,-0.938,6.774,2.262,-1.998,-1.408
3.093,6.172,-5.241,-0.038,0.549,0.758,-3.503,-1.16,7.908,9.744,-5.88,2.144,-5.656,-1.097,6.811,2.096,-2.422,-2.527
2.278,6.227,-5.406,0.178,0.363,0.543,-3.538,-1.217,8.202,9.486,-5.895,1.913,-4.93,-1.318,7.16,2.608,-1.96,-1.629
3.297,5.92,-5.475,-0.241,0.727,0.464,-3.556,-1.199,8.465,9.576,-6.106,2.045,-5.929,-0.906,7.348,2.339,-1.643,-2.194
3.805,6.111,-6.246,-0.186,-0.825,0.514,-3.37,-0.911,7.705,9.677,-5.991,2.165,-5.11,-0.977,6.989,2.009,-2.222,-1.668
3.354,6.058,-5.792,-0.365,0.472,0.924,-3.617,-0.969,8.144,9.7,-5.949,2.076,-4.856,-1.504,6.744,2.394,-2.153,-1.623
2.959,6.138,-5.925,0.012,-0.25,-0.103,-3.429,-1.481,7.99,9.504,-5.599,2.248,-5.056,-1.479,6.994,1.574,-2.216,-1.895
0.963,6.377,-5.085,0.337,1.457,0.637,-2.904,-1.215,7.944,9.979,-5.926,2.595,-5.43,-1.921,6.503,1.863,-1.643,-2.002
2.72,5.975,-5.17,0.268,1.307,0.772,-3.226,-0.95,8.29,9.884,-5.825,2.939,-5.206,-2.244,7.058,1.964,-1.727,-2.282
2.617,6.672,-5.666,-0.022,0.987,0.363,-3.378,-0.652,7.569,9.616,-6.083,2.195,-5.948,-1.446,6.997,2.129,-2.133,-2.308
2.872,6.457,-5.526,-0.127,0.794,1.101,-4.388,-1.211,7.787,9.843,-5.658,2.218,-4.997,-1.464,6.877,2.298,-2.288,-2.289
3.028,6.182,-5.536,-0.24,-0.444,0.035,-3.895,-1.644,8.253,9.227,-5.949,2.159,-5.903,-1.88,7.04,2.232,-1.972,-1.938
3.091,6.012,-5.978,-0.109,-0.524,0.179,-4.101,-1.237,8.433,8.679,-5.678,2.546,-4.875,-1.081,6.62,2.003,-2.409,-2.201
2.374,6.091,-5.764,-0.036,-0.126,0.075,-3.626,-1.556,7.32,8.956,-5.665,2.344,-5.333,-1.682,6.611,1.954,-2.345,-2.348
2.377,6.001,-5.315,-0.162,0.656,0.562,-2.344,-0.61,8.138,9.953,-5.635,2.59,-4.875,-2.139,7.167,2.069,-2.208,-2.379
2.587,6.052,-6.088,-0.027,0.789,0.019,-4.805,-1.784,7.918,10.066,-5.742,2.706,-5.093,-0.629,6.802,2.072,-2.235,-1.973
2.344,6.692,-5.579,-0.035,-0.007,1.068,-4.244,-1.252,8.532,9.371,-5.756,2.211,-4.866,-0.989,6.795,2.06,-2.094,-1.764
2.361,6.169,-6.125,-0.19,0.18,-0.732,-3.488,-1.144,7.87,8.813,-5.683,2.389,-4.552,-0.69,6.791,2.318,-2.152,-2.198
2.338,6.035,-5.801,-0.372,0.073,1.392,-4.033,-1.257,8.236,9.746,-6.025,2.228,-4.437,-1.29,7.191,2.19,-1.612,-1.901
2.715,5.83,-5.774,-0.08,0.85,-0.104,-3.991,-1.444,8.328,9.764,-5.987,2.278,-5.672,-1.504,6.846,2.158,-1.8,-1.274
2.265,6.247,-5.577,-0.206,-0.366,0.569,-4.242,-0.972,7.768,9.171,-5.985,2.74,-4.717,-1.295,6.797,2.208,-2.34,-2.084
2.899,6.557,-4.942,-0.388,-0.674,0.329,-3.331,-1.738,8.702,8.905,-5.972,2.718,-4.939,-1.473,6.718,2.063,-2.147,-1.985
3.132,5.708,-4.927,0.188,-0.308,0.162,-3.246,-1.128,7.793,9.569,-5.863,2.615,-5.259,-0.918,7.053,2.193,-1.962,-2.35
2.636,6.085,-5.412,0.242,-0.246,0.343,-3.658,-1.902,8.372,9.795,-5.554,2.281,-4.709,-0.957,6.905,1.744,-2.517,-1.719
1.673,6.109,-6.274,0.195,0.151,0.377,-3.08,-1.332,7.729,8.656,-5.826,2.645,-5.203,-2.467,6.641,2.108,-1.882,-2.298
3.113,6.259,-5.527,0.168,-0.08,0.194,-3.085,-0.76,7.539,9.868,-5.488,2.32,-5.271,-1.228,6.889,2.387,-2.161,-2.119
2.797,6.185,-5.072,0.016,0.501,-0.298,-3.751,-1.824,7.779,10.249,-5.955,2.102,-5.608,-1.18,6.953,2.101,-2.281,-2.1
2.885,6.545,-5.819,-0.039,0.538,0.177,-3.378,-1.297,7.1,9.213,-5.669,2.807,-5.459,-1.59,6.643,2.14,-1.86,-2.134
2.31,6.412,-6.189,0.04,0.61,0.328,-3.618,-1.203,7.218,9.885,-5.935,2.194,-5.697,-1.203,6.719,2.229,-2.015,-1.734
1.922,6.33,-5.295,-0.185,0.694,0.102,-3.513,-0.77,7.632,10.088,-5.8,2.329,-4.726,-1.455,7.083,2.109,-1.435,-2.273
2.014,6.297,-5.168,0.342,0.981,0.954,-3.456,-0.966,8.047,9.711,-6.156,2.362,-4.89,-0.861,6.849,1.682,-1.885,-1.882
2.974,6.284,-5.544,-0.281,-0.313,0.433,-3.989,-1.577,7.56,9.819,-6.074,2.228,-5.106,-1.161,7.405,2.677,-2.313,-1.504
2.892,6.452,-5.727,0.284,-0.136,-0.797,-3.734,-1.64,7.021,9.662,-5.988,2.495,-4.896,-0.88,7.215,2.481,-2.371,-1.625
3.057,5.769,-5.685,0.216,0.201,0.413,-3.498,-1.273,8.288,9.214,-6.222,2.397,-4.861,-1.381,6.834,2.105,-1.86,-2.718
2.407,5.974,-5.496,0.168,-0.624,0.217,-3.568,-1.327,8.433,10.149,-5.313,2.464,-5.208,-1.25,6.785,1.942,-2.323,-1.793
2.995,6.02,-6.111,-0.135,-0.645,0.427,-2.891,-1.398,7.526,9.194,-6.303,2.309,-5.381,-0.943,6.808,1.922,-1.661,-2.19
2.827,6.22,-5.757,-0.246,0.138,0.812,-3.596,-1.151,7.739,9.073,-6.435,2.387,-5.689,-1.013,6.987,2.024,-2.34,-1.996
3.027,6.526,-5.724,-0.086,-0.19,0.649,-4.566,-1.094,8.564,9.78,-5.814,2.439,-5.76,-1.488,7.158,2.295,-1.637,-2.237
2.743,6.236,-5.964,0.069,0.239,0.638,-2.98,-1.973,7.232,10.068,-5.64,1.974,-4.933,-0.865,6.772,2.398,-1.75,-2.504
3.191,5.992,-6.11,0.245,-0.282,0.485,-3.819,-0.927,7.758,9.308,-6.086,2.045,-5.322,-1.2,6.786,1.871,-2.292,-2.122
2.399,6.366,-5.015,0.031,-0.411,0.344,-4.059,-1.142,7.408,9.657,-5.739,2.013,-5.369,-0.536,6.984,2.102,-1.949,-2.183
2.333,6.567,-5.952,-0.095,-0.376,0.612,-2.87,-1.29,7.837,9.661,-5.923,2.711,-5.275,-0.917,6.791,2.234,-1.835,-2.3
3.659,6.16,-5.212,-0.023,-0.005,0.753,-4.019,-1.8,8.437,9.902,-5.827,2.55,-5.479,-1.164,6.96,2.492,-2.133,-2.318
2.463,6.451,-5.721,0.109,0.926,0.191,-3.271,-1.392,7.753,9.92,-6.309,2.71,-5.777,-2.167,7.121,2.153,-2.15,-1.78
2.594,6.244,-5.324,0.292,-0.766,0.284,-3.228,-1.382,8.154,9.757,-5.264,2.751,-6.046,-0.396,7.251,2.006,-2.151,-2.116
2.302,6.315,-5.573,0.082,0.448,0.369,-3.799,-1.646,7.039,9.523,-5.79,2.185,-5.037,-0.91,7.308,1.696,-2.095,-1.782
2.503,5.766,-5.472,0.335,0.526,0.297,-3.999,-0.946,7.695,10.038,-5.969,1.664,-5.331,-1.343,6.373,1.85,-2.178,-2.113
2.226,6.236,-5.514,0.148,0.992,-0.004,-3.625,-1.22,7.307,9.604,-5.265,1.982,-4.806,-1.189,7.296,2.031,-2.23,-1.922
2.936,5.859,-5.527,-0.02,0.134,0.563,-2.978,-1.157,7.906,9.672,-6.053,2.695,-5.055,-1.458,6.966,2.085,-2.516,-2.083
3.181,6.023,-5.428,-0.162,0.295,0.056,-3.765,-1.703,8.4,9.662,-6.173,2.755,-5.204,-1.414,6.764,2.014,-2.065,-1.558
2.524,6.054,-5.642,0.003,0.809,0.996,-3.53,-1.139,7.744,9.985,-5.677,2.514,-5.638,-1.713,6.95,2.223,-1.896,-2.085
2.546,6.225,-5.922,0.043,0.082,0.498,-3.284,-1.119,8.668,10.041,-5.903,2.025,-4.875,-1.411,7.145,1.99,-1.97,-2.016
3.942,6.174,-5.477,-0.521,-0.382,0.112,-3.427,-2.05,8.367,9.529,-5.878,2.5,-5.415,-1.35,6.769,1.717,-1.968,-1.818
3.341,6.18,-5.783,-0.054,-0.215,0.502,-3.806,-0.339,8.4,9.257,-6.088,2.137,-4.526,-1.639,6.967,1.976,-1.913,-2.03
3.398,5.939,-6.101,-0.188,0.494,0.019,-4.18,-1.065,7.948,9.668,-5.898,2.996,-4.733,-0.9,7.087,2.243,-1.968,-1.457
2.802,6.179,-6.147,-0.054,-0.144,0.277,-4.167,-0.88,7.617,9.994,-5.934,1.772,-5.447,-1.53,6.935,2.085,-2.197,-2.151
2.444,6.229,-6.068,0.016,0.8,0.66,-3.484,-0.331,8.506,9.831,-5.925,2.417,-5.362,-1.58,6.903,2.195,-2.217,-2.002
3.053,6.039,-5.673,0.156,0.581,0.852,-4.061,-1.233,7.835,9.421,-6.103,2.375,-4.887,-1.656,6.709,2.126,-2.437,-1.583
2.526,6.424,-5.773,0.03,1.107,0.512,-3.922,-1.392,7.467,9.773,-5.661,2.599,-5.286,-1.213,6.737,2.011,-1.852,-1.53
3.005,6.143,-6.101,0.187,0.454,1.077,-3.527,-1.994,7.417,9.559,-6.019,1.739,-4.804,-1.227,7.477,1.818,-2.417,-1.866
2.52,6.14,-5.525,-0.122,0.279,0.694,-3.4,-1.388,7.529,9.165,-5.86,2.342,-5.273,-0.704,7.028,2.07,-2.092,-1.85
2.21,6.407,-6.003,0.146,0.055,0.352,-3.417,-1.485,8.015,9.667,-5.795,2.269,-4.959,-1.163,6.665,2.168,-2.035,-2.135
2.055,6.039,-5.279,-0.105,-0.375,0.954,-3.245,-2.153,8.248,10.328,-5.766,2.498,-4.876,-1.386,7.171,2.135,-2.17,-1.542
2.155,6.287,-5.907,0.21,-0.128,-0.09,-3.328,-1.067,7.926,9.916,-5.767,1.796,-5.731,-1.273,7.101,2.089,-1.884,-1.913
2.317,6.434,-5.756,-0.326,0.167,0.055,-3.642,-1.465,8.298,10.096,-6.191,2.616,-4.804,-1.6,6.996,2.109,-2.09,-1.067
2.561,6.329,-6.07,0.018,1.281,0.495,-3.658,-1.514,8.074,9.814,-5.854,2.756,-5.99,-0.379,6.681,2.026,-2.309,-1.994
3.78,5.911,-5.675,0.416,0.55,-0.059,-3.138,-1.7,8.174,9.175,-5.842,2.237,-4.976,-1.928,7.032,2.05,-2.008,-2.07
2.352,6.304,-5.355,0.035,0.288,0.346,-3.142,-0.852,7.884,8.766,-6.682,1.98,-4.478,-0.23,6.901,1.914,-1.881,-1.923
2.894,6.219,-4.814,0.14,0.028,0.368,-3.774,-0.649,7.989,9.442,-6.046,2.237,-5.376,-2.05,6.551,2.295,-2.069,-2.258
2.557,6.372,-5.181,0.018,0.565,0.512,-3.295,-1.182,7.342,10.204,-5.792,1.98,-5.052,-1.361,7.427,2.008,-2.197,-1.742
1.779,6.702,-5.777,-0.291,0.604,0.718,-4.08,-1.031,8.247,9.731,-6.148,2.655,-4.423,-0.948,6.813,2.271,-1.879,-2.022
2.609,6.161,-6.076,-0.121,1.154,0.246,-3.271,-1.616,8.142,10.041,-5.849,2.081,-5.51,-1.537,6.775,1.973,-2.121,-1.748
2.287,6.214,-5.662,0.158,0.483,-0.885,-3.479,-1.617,7.324,10.072,-5.907,2.473,-4.994,-1.437,7.399,2.321,-2.825,-1.394
2.971,6.12,-5.515,-0.249,0.201,0.482,-3.631,-1.185,7.762,9.633,-5.319,2.645,-5.513,-1.031,7.033,1.871,-2.082,-1.671
3.34,6.516,-5.519,-0.081,0.861,-0.552,-3.507,-1.105,8.735,10.004,-5.919,2.318,-5.666,-1.372,6.873,2.003,-1.916,-2.67
2.668,6.389,-5.38,-0.032,0.766,-0.16,-3.859,-1.267,7.887,10.11,-5.869,2.289,-4.882,-1.364,6.87,2.053,-2.232,-2.099
2.82,6.195,-5.965,0.212,-0.088,0.159,-3.483,-0.899,8.095,9.205,-5.799,2.158,-4.974,-1.345,6.744,2.055,-2.217,-2.606
3.007,6.594,-6.172,-0.183,0.657,0.332,-3.166,-0.602,7.745,9.061,-5.772,2.541,-4.799,-1.356,6.706,1.953,-2.072,-1.517
2.36,6.427,-4.95,-0.05,-0.056,0.137,-3.394,-1.058,8.075,9.978,-6.123,2.135,-4.649,-0.544,6.913,2.165,-2.36,-2.429
2.731,6.17,-6.139,-0.139,-0.13,0.094,-3.451,-0.716,8.65,9.647,-5.708,2.413,-4.938,-1.178,6.957,2.321,-1.84,-1.665
3.18,5.913,-5.026,0.162,1.167,0.491,-3.801,-1.664,7.545,9.844,-5.816,2.921,-5.208,-1.04,6.519,2.142,-1.875,-1.825
2.706,6.124,-5.848,-0.418,0.119,0.146,-3.904,-1.185,8.043,9.167,-5.597,2.375,-4.359,-1.729,6.848,2.002,-2.453,-1.67
3.587,5.882,-5.333,0.101,0.579,0.404,-3.685,-1.253,8.036,9.466,-6.201,2.463,-5.42,-0.61,6.356,1.876,-1.837,-1.846
2.577,6.104,-5.741,-0.129,0.209,0.498,-4.356,-1.248,8.265,9.502,-5.9,1.965,-4.917,-1.313,7.096,1.929,-2.111,-1.84
3.591,6.369,-5.664,0.225,0.912,0.536,-2.744,-1.803,8.365,9.622,-6.054,2.05,-4.873,-2.275,6.564,2.127,-2.332,-1.991
1.699,6.279,-5.586,0.057,-0.42,0.092,-4.14,-0.913,8.318,9.791,-5.548,2.293,-4.994,-0.737,7.018,2.227,-2.263,-1.973
2.061,6.234,-5.778,-0.124,0.171,0.667,-3.375,-0.541,8.465,9.688,-6.074,2.307,-5.31,-1.943,6.789,1.709,-1.77,-2.141
2.049,5.964,-5.791,0.254,1.09,0.929,-3.386,-1.343,7.922,10.251,-6.077,2.109,-5.471,-1.293,7.11,2.229,-1.403,-1.868
2.438,6.024,-4.71,0.365,0.026,0.413,-2.745,-1.548,8.578,9.923,-5.72,2.75,-5.263,-0.842,7.197,2.491,-1.759,-2.02
2.505,6.3,-5.399,-0.165,0.45,1.014,-2.888,-1.816,8.053,10.135,-5.907,2.483,-4.578,-0.539,6.795,1.695,-2.119,-1.841
3.297,6.233,-5.281,-0.005,0.42,0.365,-3.509,-1.705,8.262,9.827,-6.063,2.668,-5.292,-1.282,6.738,1.845,-1.869,-2.104
2.573,6.392,-5.795,-0.003,0.46,0.271,-3.217,-1.389,7.611,9.917,-5.848,2.143,-6.189,-1.23,6.473,2.038,-2.23,-2.047
3.482,6.129,-5.464,-0.207,0.459,0.925,-3.077,-1.102,8.758,9.205,-5.836,2.442,-4.941,-1.765,7.036,2.036,-2.356,-1.821
1.743,6.203,-5.683,0.068,-0.095,0.24,-2.541,-0.7,7.69,9.598,-6.274,2.179,-4.562,-1.362,6.969,2.114,-2.304,-2.112
2.679,6.33,-5.25,0.366,1.131,-0.041,-2.526,-1.452,7.635,9.463,-5.964,2.063,-6.071,-1.921,7.127,2.097,-2.019,-2.212
2.559,6.422,-6.056,0.041,-0.19,0.415,-4.398,-1.124,7.69,9.277,-6.242,2.175,-5.911,-1.416,6.685,2.182,-1.876,-2.029
2.221,5.847,-5.567,-0.067,-1.323,0.706,-3.954,-0.94,7.956,9.746,-5.767,2.382,-4.358,-0.789,6.601,2.41,-2.109,-1.778
3.609,5.968,-5.569,-0.172,0.402,0.23,-3.402,-0.873,7.858,9.527,-6.057,2.132,-5.01,-1.047,6.725,2.485,-1.957,-1.84
2.524,6.315,-5.515,0.085,0.865,0.581,-4.541,-0.721,8.325,9.914,-6.072,2.184,-5.449,-1.592,6.97,2.541,-2.314,-2.03
3.366,6.119,-5.75,-0.176,-0.362,0.558,-3.786,-0.518,7.726,9.42,-5.579,1.545,-4.964,-1.566,7.302,2.024,-2.073,-1.543
3.262,6.577,-5.918,0.378,-0.554,0.288,-3.272,-2.057,8.309,9.867,-6.087,2.466,-5.611,-1.187,6.742,2.299,-2.173,-2.409
2.598,6.227,-6.027,-0.004,-0.67,0.91,-3.649,-1.351,7.634,9.622,-5.909,2.641,-5.272,-1.745,6.583,2.41,-2.036,-2.011
2.045,6.3,-5.031,0.247,-0.832,0.073,-5.015,-0.887,7.897,9.633,-5.897,2.522,-5.952,-1.561,7.281,2.185,-2.191,-2.092
2.492,6.522,-5.96,-0.19,-1.271,0.808,-4.004,-2.011,8.15,9.818,-5.74,2.853,-4.998,-1.598,7.153,2.567,-1.857,-1.741
3.137,6.097,-4.868,0.113,-0.412,0.721,-4.339,-1.585,7.156,10.215,-5.881,2.186,-5.374,-1.52,7.207,1.875,-1.813,-2.098
2.41,6.239,-5.959,0.307,-0.801,0.147,-3.172,-1.539,7.856,9.626,-5.618,1.985,-5.537,-1.272,7.06,1.913,-1.749,-2.03
2.674,5.976,-5.892,-0.467,0.005,0.171,-2.918,-1.045,7.533,10.084,-5.884,2.889,-4.769,-1.449,6.729,2.713,-1.938,-1.919
3.543,6.249,-6.09,0.219,0.388,0.023,-5.397,-0.935,8.001,9.962,-5.807,2.716,-5.65,-1.568,6.709,2.429,-2.139,-2.048
2.315,6.397,-6.037,-0.093,0.386,0.553,-3.931,-0.909,7.395,9.729,-5.727,2.03,-4.82,-1.905,6.865,1.993,-2.115,-2.137
2.625,6.476,-5.642,0.667,-1.721,0.092,-3.538,-1.142,7.815,9.831,-5.741,2.385,-5.431,-1.345,7.393,2.135,-2.654,-1.864
3.979,6.362,-5.977,-0.135,0.581,0.35,-3.74,-1.254,7.983,9.372,-6.092,2.261,-4.801,-1.142,7.096,1.978,-2.064,-1.787
2.271,6.686,-5.047,0.275,-0.128,0.304,-3.407,-1.747,8.364,9.17,-5.792,2.136,-6.525,-1.591,7.201,2.349,-1.779,-1.919
2.513,6.312,-5.578,0.104,-0.347,0.291,-3.685,-0.756,7.404,9.612,-6.245,2.365,-5.181,-1.315,7.566,2.231,-1.781,-1.717
2.016,6.279,-5.877,0.08,0.911,-0.662,-4.097,-1.204,8.175,8.883,-5.88,2.289,-4.823,-1.404,7.201,2.05,-2.153,-1.896
3.385,6.406,-6.051,0.215,0.381,1.023,-3.356,-0.663,7.415,8.932,-6.136,2.243,-5.288,-2.141,6.926,2.081,-1.486,-2.133
3.573,6.518,-6.067,0.188,-0.106,0.489,-3.456,-0.757,7.964,10.016,-5.86,2.141,-4.767,-1.876,7.061,2.099,-2.155,-2.315
2.747,6.174,-5.285,-0.192,0.014,0.887,-5.172,-1.194,7.651,9.491,-5.929,2.201,-5.797,-0.932,6.617,1.639,-1.878,-1.947
2.423,6.08,-5.78,-0.142,0.217,-0.436,-4.201,-0.542,8.14,9.496,-6.035,2.336,-4.65,-1.945,7.212,1.915,-2.141,-2.053
0.977,6.531,-5.9,-0.344,1.728,-0.564,-2.73,-1.255,7.056,8.736,-6.225,1.905,-5.635,-1.593,6.763,2.384,-1.923,-1.959
2.155,6.419,-5.466,0.09,0.74,0.309,-4.327,-1.065,8.121,9.535,-5.696,2.503,-5.056,-1.559,7.187,1.664,-1.911,-1.869
3.493,6.213,-5.55,-0.071,-0.465,0.998,-3.656,-0.939,7.724,9.615,-6.029,2.439,-4.568,-1.667,6.703,2.42,-1.93,-2.112
3.904,5.942,-5.622,0.193,-0.49,0.024,-3.897,-1.42,8.297,10.069,-6.17,2.172,-4.802,-1.868,6.441,2.021,-2.011,-1.525
2.665,6.136,-5.44,-0.107,1.167,0.228,-3.374,-1.116,7.463,9.544,-5.84,2.398,-5.437,-1.512,6.363,2.355,-1.744,-1.775
2.384,6.199,-6.137,-0.205,0.314,-0.04,-4.519,-1.336,8.316,9.277,-5.926,2.905,-4.739,-1.298,6.573,2.244,-2.056,-1.72
2.625,6.191,-5.308,0.157,0.782,-0.376,-2.967,-1.401,7.367,9.145,-5.628,2.768,-5.281,-2.187,6.955,2.05,-1.872,-2.062
2.547,6.404,-6.428,-0.163,-0.193,0.087,-4.644,-1.075,8.001,9.599,-6.063,2.111,-5.279,-1.099,6.393,2.476,-2.128,-1.567
2.473,6.059,-5.959,0.27,0.192,0.986,-3.576,-1.614,8.311,9.23,-5.944,2.031,-5.586,-1.3,6.957,1.833,-1.655,-1.747
2.974,6.259,-5.621,0.169,1.165,0.765,-3.385,-0.96,8.29,9.791,-6.047,2.14,-4.446,-1.926,6.804,2.58,-1.657,-1.868
2.556,6.058,-6.141,-0.212,0.142,0.986,-5.201,-1.24,8.256,9.178,-6.032,1.862,-6.528,-0.92,6.86,2.59,-1.8,-2.16
2.679,6.065,-5.793,-0.007,-0.396,0.018,-3.274,-1.195,7.851,9.571,-5.686,2.303,-5.394,-1.78,6.842,2.33,-2.279,-2.108
3.018,6.108,-4.996,-0.075,0.486,0.486,-4.737,-0.631,7.357,10.108,-5.814,2.535,-4.202,-0.948,7.028,2.123,-1.587,-1.986
2.231,6.18,-5.8,-0.067,-0.077,0.334,-4.209,-1.205,7.056,10.007,-6.036,2.536,-4.604,-1.871,6.637,2.166,-2.04,-2.072
2.863,6.011,-5.956,-0.107,-0.811,0.478,-3.72,-1.148,7.864,9.939,-6.214,2.434,-4.644,-1.689,6.252,1.644,-2.551,-1.892
2.127,6.367,-6.076,0.204,0.913,-0.294,-2.939,-0.895,7.977,9.33,-6.048,2.373,-5.378,-0.512,7.005,2.223,-2.074,-1.91
3.798,5.986,-5.738,-0.073,-0.766,-0.352,-3.707,-1.116,7.545,9.792,-5.665,2.373,-6.068,-1.667,7.107,2.343,-2.435,-1.81
3.139,6.273,-6.242,0.29,-0.059,1.165,-3.568,-1.072,7.712,9.539,-5.978,2.114,-5.114,-0.913,7.295,2.114,-1.872,-2.261
2.339,6.15,-5.761,0.048,0.875,0.458,-2.879,-1.237,7.773,9.5,-6.155,2.392,-5.46,-0.646,7.327,2.248,-1.863,-2.247
3.025,6.049,-6.296,-0.266,0.256,0.954,-2.633,-0.766,8.392,10.424,-6.029,2.093,-5.159,-1.735,7.0,2.194,-1.876,-2.221
2.513,6.779,-5.608,0.095,0.956,0.185,-3.082,-1.205,7.676,10.225,-5.692,2.101,-5.666,-1.435,7.503,2.236,-1.742,-1.793
2.057,6.34,-5.727,0.384,-0.06,0.559,-3.428,-1.068,7.524,9.828,-5.916,2.365,-5.038,-1.881,6.855,2.322,-2.531,-1.73
2.889,6.508,-5.191,-0.028,0.309,1.552,-2.369,-1.259,8.113,9.386,-6.218,2.299,-5.451,-0.866,7.076,2.147,-1.989,-1.957
1.684,6.28,-5.482,0.101,0.207,0.874,-3.042,-1.584,7.54,10.117,-5.857,2.487,-4.956,-1.198,7.117,1.567,-2.118,-1.977
3.321,6.389,-5.21,-0.011,-0.336,-0.115,-3.588,-1.58,8.124,9.847,-6.053,2.426,-6.097,-1.964,6.909,2.023,-1.963,-2.371
3.672,6.167,-5.177,0.422,0.545,0.331,-3.816,-0.336,8.232,9.848,-5.903,2.308,-5.439,-0.603,6.991,2.12,-2.177,-1.922
3.034,5.886,-6.489,-0.105,-0.869,-0.365,-3.426,-0.757,7.492,9.907,-5.598,2.433,-6.26,-2.064,6.819,1.948,-1.868,-1.982
3.201,6.279,-5.51,0.44,0.095,-0.251,-4.114,-0.787,8.019,10.263,-5.998,2.975,-4.543,-1.778,7.374,2.183,-1.713,-2.376
3.613,5.888,-5.554,-0.114,0.21,0.529,-3.609,-1.131,8.117,9.37,-6.299,2.014,-4.736,-1.382,7.144,1.675,-2.499,-1.745
2.724,6.024,-6.169,0.211,0.753,0.83,-3.254,-1.526,7.654,9.435,-5.685,1.948,-4.124,-1.36,6.937,1.86,-2.31,-2.338
2.273,6.191,-6.297,0.116,-0.432,0.266,-4.059,-1.704,7.63,9.953,-5.648,2.32,-5.24,-1.044,6.232,2.375,-2.174,-1.178
2.664,6.369,-5.694,-0.248,-0.393,0.217,-3.903,-1.282,7.38,9.043,-5.684,2.65,-5.933,-0.543,6.385,2.389,-2.14,-2.605
2.807,5.806,-5.835,0.124,0.485,0.453,-2.71,-0.969,8.363,10.36,-5.868,3.062,-6.031,-1.654,7.139,2.138,-1.836,-1.981
2.969,6.112,-5.684,-0.132,1.438,0.861,-3.202,-1.031,7.435,9.436,-5.781,2.46,-5.582,-1.434,6.803,2.254,-2.405,-1.677
1.697,6.273,-5.391,0.352,-0.71,0.591,-3.697,-1.508,7.708,9.72,-5.934,1.89,-5.01,-0.995,6.486,1.98,-1.81,-1.784
3.325,5.924,-5.589,0.409,0.341,0.12,-3.245,-0.761,7.823,9.606,-5.92,2.579,-5.813,-1.755,6.968,2.298,-1.855,-1.371
2.33,6.236,-6.043,0.156,-0.356,0.475,-4.328,-1.909,7.991,9.437,-5.993,2.386,-4.245,-1.174,6.66,1.837,-2.005,-2.103
2.445,6.274,-4.878,0.086,0.332,0.345,-3.525,-1.596,7.959,10.294,-5.892,2.631,-5.313,-0.925,6.377,1.909,-2.154,-1.89
2.772,6.157,-5.5,0.144,-0.585,0.37,-3.571,-0.367,8.015,9.882,-5.54,2.013,-5.55,-1.255,7.088,1.828,-1.957,-2.22
2.156,6.035,-5.757,-0.133,-0.138,0.555,-4.734,-1.476,7.927,9.729,-5.552,2.576,-5.304,-1.05,6.673,2.554,-2.2,-1.954
2.83,6.534,-5.494,-0.415,-0.379,-0.436,-4.216,-0.846,7.934,10.273,-6.098,2.057,-5.904,-0.773,6.823,2.09,-2.32,-2.307
2.608,6.272,-5.405,-0.303,-0.104,0.112,-3.102,-1.409,8.203,9.177,-5.802,1.84,-5.159,-1.363,7.233,1.856,-1.824,-2.147
1.912,6.189,-5.577,0.069,-0.164,0.583,-3.427,-1.096,7.787,9.523,-5.612,1.895,-4.396,-0.536,7.195,2.038,-2.148,-2.144
2.2,6.552,-5.206,0.064,0.573,0.165,-2.773,-0.836,7.874,9.566,-6.186,2.2,-4.755,-1.63,7.096,1.831,-1.994,-2.118
2.371,6.593,-5.75,-0.27,0.653,0.618,-3.384,-1.476,8.26,9.66,-6.242,2.247,-5.236,-1.032,7.047,2.33,-2.031,-2.038
2.472,5.859,-6.551,-0.087,-0.713,0.056,-3.431,-1.072,7.832,9.274,-5.841,2.175,-4.912,-1.329,7.002,2.188,-2.419,-2.079
2.818,6.342,-4.999,0.376,-0.002,-0.598,-4.485,-0.756,8.072,10.012,-5.825,2.354,-5.731,-1.398,6.618,2.246,-2.395,-1.735
2.43,5.896,-4.919,-0.06,-0.414,-0.056,-3.344,-1.079,8.378,9.171,-6.193,2.405,-5.747,-1.725,7.041,1.671,-1.771,-1.36
1.482,6.603,-5.81,0.22,0.308,0.048,-3.749,-0.093,8.529,9.393,-5.755,2.35,-5.24,-1.264,7.085,1.933,-1.802,-2.555
2.315,6.307,-5.711,0.203,-0.595,0.331,-3.74,-0.833,7.643,9.502,-5.995,2.035,-5.58,-1.098,7.068,1.997,-2.09,-2.112
3.269,6.026,-5.655,-0.115,0.648,0.289,-3.212,-1.112,7.202,10.203,-5.445,2.155,-6.102,-1.248,6.969,2.035,-1.704,-1.977
2.241,6.335,-5.76,-0.052,-0.208,-0.046,-3.51,-1.682,7.97,9.895,-5.809,2.525,-5.571,-0.788,7.463,1.882,-2.095,-2.07
2.924,6.377,-6.086,-0.072,0.086,0.205,-2.738,-0.796,7.783,9.873,-5.785,1.97,-5.203,-1.384,6.933,2.363,-2.491,-1.858
2.239,6.393,-5.624,-0.018,0.414,-0.028,-3.139,-0.364,7.928,8.815,-5.709,2.334,-4.251,-0.807,7.008,1.846,-2.39,-1.466
2.431,5.907,-4.99,-0.081,0.387,-0.006,-4.329,-1.415,8.019,9.955,-6.167,2.165,-5.428,-1.196,7.566,2.472,-2.313,-2.053
2.233,6.142,-5.641,-0.054,0.395,0.812,-3.749,-1.387,7.759,9.789,-5.754,1.84,-5.248,-1.565,6.817,2.189,-2.461,-1.501
2.251,6.196,-5.985,0.1,0.288,1.298,-2.964,-1.543,7.918,10.132,-5.723,2.247,-4.815,-1.163,7.235,2.03,-2.064,-2.247
3.112,6.387,-5.762,0.171,-0.351,0.168,-4.43,-1.122,8.325,9.521,-5.636,2.278,-5.755,-1.764,6.887,2.075,-2.327,-2.045
2.519,6.469,-5.439,0.783,0.839,-0.019,-3.798,-1.662,7.709,9.44,-6.085,2.409,-5.288,-1.075,7.599,2.256,-1.819,-2.123
2.495,6.284,-5.738,-0.136,-0.087,1.166,-3.465,-0.884,8.291,9.26,-5.913,2.038,-5.729,-1.295,6.714,2.291,-2.207,-2.114
1.889,6.152,-5.637,-0.16,0.011,0.221,-4.005,-1.752,8.449,9.855,-6.227,2.01,-5.383,-1.661,7.063,2.259,-1.896,-2.536
2.354,6.285,-5.379,-0.229,-0.191,-0.044,-3.807,-1.669,7.143,9.834,-5.621,2.482,-5.109,-2.502,6.759,2.088,-2.436,-1.929
1.371,6.432,-5.562,0.11,-0.215,0.446,-2.754,-1.301,8.229,9.815,-5.609,2.102,-5.406,-1.546,7.17,2.432,-2.732,-1.79
2.732,5.939,-5.825,0.179,0.636,-0.197,-3.853,-1.094,7.914,10.294,-5.793,2.119,-5.194,-1.243,7.049,1.728,-1.618,-1.544
3.195,5.861,-5.206,-0.207,-0.239,-0.141,-4.488,-1.186,8.025,9.197,-5.767,2.402,-5.511,-0.56,7.4,2.154,-1.955,-1.695
2.336,6.447,-5.682,-0.089,1.148,0.629,-4.049,-1.529,8.423,9.791,-5.793,2.931,-5.702,-1.531,6.714,2.532,-1.847,-2.298
2.407,6.42,-5.308,-0.086,-0.447,1.351,-2.897,-1.333,8.499,9.619,-6.087,2.255,-4.385,-1.087,6.824,2.507,-2.043,-1.952
2.593,6.209,-5.416,0.017,-0.269,0.035,-3.45,-1.086,7.928,10.231,-5.729,2.062,-5.695,-0.808,7.333,2.491,-1.743,-2.062
2.8,6.44,-5.487,0.441,0.094,0.471,-3.252,-1.385,7.831,9.521,-6.043,2.778,-4.839,-1.202,6.693,2.192,-1.745,-1.94
2.383,6.681,-5.834,-0.133,0.44,0.991,-2.922,-1.097,8.018,9.821,-5.988,2.478,-5.318,-1.266,6.676,2.06,-2.163,-1.763
2.537,6.429,-5.516,0.101,-0.006,0.405,-3.884,-1.149,7.255,9.75,-6.048,2.063,-4.422,-1.83,6.808,2.452,-1.599,-1.839
2.411,6.377,-5.525,0.067,1.057,0.728,-3.392,-1.244,7.592,10.51,-5.932,2.29,-5.009,-0.797,6.466,2.042,-1.902,-1.175
3.719,6.068,-5.796,0.239,-0.607,0.299,-3.556,-1.251,7.802,9.553,-5.765,1.966,-4.894,-2.169,6.124,2.156,-2.109,-2.229
3.207,5.87,-5.772,-0.215,0.213,-0.133,-4.01,-0.645,8.224,9.309,-5.927,2.208,-5.363,-1.413,6.777,2.367,-1.419,-2.127
3.344,6.184,-6.071,0.206,-0.364,0.253,-4.125,-1.23,8.129,8.846,-5.789,1.915,-4.709,-1.385,6.854,1.9,-1.904,-1.893
2.174,6.222,-5.828,0.256,0.057,0.518,-3.881,0.075,7.442,9.311,-5.795,2.579,-4.77,-1.752,7.196,1.783,-1.966,-2.373
1.849,6.51,-4.685,-0.214,0.265,0.708,-3.489,-1.89,8.062,9.019,-5.768,2.097,-5.624,-1.018,7.207,2.072,-2.286,-2.307
1.797,6.124,-5.177,0.389,-0.207,0.581,-3.405,-0.984,7.993,9.676,-6.165,2.31,-4.996,-1.387,7.049,2.123,-1.983,-2.228
2.691,5.927,-5.883,-0.204,0.363,0.564,-2.846,-1.151,7.856,10.093,-5.735,2.782,-5.231,-0.966,6.982,1.992,-2.233,-2.233
2.594,6.103,-6.224,0.143,0.379,-0.234,-3.856,-1.755,7.618,9.542,-5.91,1.947,-4.616,-0.569,6.53,2.583,-1.658,-1.724
2.006,5.694,-6.075,0.21,0.331,0.331,-3.317,-1.011,8.558,9.18,-6.152,2.409,-6.148,-1.029,6.975,2.287,-2.501,-2.468
2.533,6.182,-5.394,0.516,0.021,0.614,-4.754,-1.934,7.369,10.706,-5.75,2.564,-5.854,-1.009,7.247,2.245,-2.51,-2.103
2.947,6.501,-5.483,-0.015,-0.145,0.593,-3.224,-1.002,8.154,9.694,-5.992,2.683,-5.221,-2.317,6.862,2.414,-1.6,-1.685
3.666,6.495,-5.821,-0.188,1.092,-0.384,-3.774,-1.12,7.95,9.818,-5.961,2.372,-4.911,-1.281,7.363,2.156,-1.783,-2.232
2.062,5.997,-5.589,0.234,0.846,0.63,-3.668,-0.801,7.602,9.457,-6.143,2.435,-4.319,-1.33,6.869,2.431,-2.015,-2.091
3.097,6.154,-5.713,0.281,0.524,0.124,-5.383,-0.807,7.383,10.076,-5.868,2.237,-5.451,-1.542,6.981,1.826,-2.278,-1.765
2.99,6.437,-5.519,-0.044,0.584,0.085,-4.307,-1.006,7.912,9.403,-5.689,2.354,-4.147,-1.732,6.602,1.911,-2.193,-2.19
2.833,6.095,-5.487,0.007,-0.173,0.009,-3.597,-2.247,7.405,9.939,-5.16,2.137,-5.313,-1.819,7.174,2.208,-2.085,-2.24
2.933,6.308,-6.19,-0.267,0.924,0.376,-3.205,-1.356,8.212,10.041,-5.423,2.418,-5.857,-1.972,6.884,1.674,-1.914,-2.025
2.261,6.375,-5.072,-0.022,0.398,0.457,-4.875,-1.483,8.052,10.217,-6.075,2.516,-5.63,-0.821,6.703,2.248,-2.911,-1.804
2.987,6.181,-5.391,-0.009,0.879,0.833,-3.485,-0.806,7.508,10.084,-5.965,2.219,-5.509,-0.831,6.669,2.163,-2.046,-2.11
2.351,6.216,-5.135,-0.407,1.183,-0.143,-4.006,-1.223,8.315,10.198,-5.495,2.261,-4.549,-0.542,7.262,1.966,-1.989,-1.961
2.677,6.036,-5.59,0.188,0.609,0.289,-2.939,-0.708,7.68,10.078,-5.488,2.875,-4.929,-1.964,6.87,1.859,-2.47,-2.387
3.125,6.123,-5.358,-0.02,-0.252,0.235,-3.504,-1.231,7.162,10.538,-5.915,2.678,-5.638,-1.229,7.003,2.185,-2.151,-2.109
1.962,6.017,-6.349,0.347,0.435,0.168,-3.435,-0.857,8.28,8.99,-5.632,2.159,-5.508,-1.347,6.818,2.414,-2.264,-1.983
3.9,6.223,-6.265,0.107,-0.013,0.827,-3.806,-1.742,8.771,9.927,-5.801,2.114,-4.268,-1.48,7.818,1.984,-2.32,-2.32
2.244,6.392,-5.561,-0.089,-0.02,-0.131,-3.273,-2.392,7.825,8.885,-6.198,2.934,-5.149,-2.276,6.73,1.445,-2.293,-1.727
2.9,6.277,-5.151,0.194,0.903,0.519,-3.518,-1.602,8.678,9.777,-6.321,2.299,-5.305,-1.133,7.278,2.379,-2.154,-1.97
1.776,6.071,-5.556,-0.133,0.289,0.785,-3.641,-1.541,7.989,10.392,-5.585,2.644,-5.682,-1.001,7.268,1.989,-1.513,-1.501
2.752,5.953,-5.784,0.145,0.466,0.088,-4.157,-0.554,7.79,9.5,-5.937,1.949,-4.75,-1.87,7.129,1.959,-1.72,-2.311
3.547,5.589,-5.877,0.195,0.055,0.37,-3.164,-1.124,8.053,9.679,-5.606,2.831,-5.583,-1.308,7.295,1.928,-1.798,-1.43
2.127,5.872,-5.492,0.107,1.691,0.648,-2.802,-1.367,8.276,9.785,-5.819,2.188,-5.336,-1.055,6.919,1.636,-1.552,-2.462
2.703,5.726,-4.859,0.49,-0.21,0.229,-3.676,-1.442,8.446,9.705,-5.915,2.129,-5.397,-1.006,7.036,2.282,-1.809,-2.197
3.35,6.59,-5.347,0.23,1.515,0.633,-4.034,-1.212,7.649,9.672,-5.951,2.217,-5.378,-1.33,7.213,1.862,-2.508,-1.967
2.664,6.252,-5.753,0.231,0.495,0.238,-3.632,-0.955,8.138,9.626,-5.705,2.207,-5.245,-0.567,6.876,2.201,-2.03,-1.901
1.939,6.638,-5.905,0.057,0.3,0.743,-3.723,-1.153,7.799,9.606,-5.695,1.961,-4.525,-1.126,7.186,2.228,-1.94,-1.894
3.523,6.556,-5.475,-0.125,0.131,0.275,-3.08,-1.864,8.302,9.753,-5.898,2.427,-4.373,-1.654,7.035,2.282,-2.546,-1.835
2.36,6.416,-5.186,0.346,0.269,1.538,-3.376,-2.188,8.316,9.966,-5.907,2.171,-5.045,-1.562,6.951,2.336,-2.636,-1.923
3.14,6.309,-5.24,-0.171,0.323,0.196,-3.263,-1.114,7.926,9.432,-6.234,2.564,-5.665,-1.616,6.687,2.187,-2.113,-1.411
2.274,5.766,-5.057,-0.118,-0.373,0.175,-3.886,-1.099,7.923,10.075,-5.983,2.258,-4.572,-2.097,6.628,1.47,-1.765,-1.999
3.811,6.167,-6.104,-0.025,-0.452,0.32,-3.216,-0.915,7.876,9.698,-5.939,2.089,-4.991,-1.38,6.996,2.197,-1.972,-1.975
3.094,6.159,-6.084,0.205,0.497,0.307,-3.492,-0.946,8.529,9.325,-6.023,2.045,-4.364,-1.39,7.08,1.942,-2.209,-2.136
3.122,6.107,-5.773,-0.185,0.456,0.196,-4.209,-1.807,7.748,10.086,-5.513,2.131,-5.583,-0.98,7.44,1.843,-1.781,-1.899
3.387,6.112,-5.453,-0.192,0.851,1.207,-3.375,-1.721,7.341,9.406,-6.231,2.496,-4.85,-1.386,6.597,2.523,-2.395,-2.314
2.595,6.222,-5.794,0.57,-0.006,0.747,-3.93,-1.14,8.54,9.634,-6.0,2.512,-5.212,-1.604,6.905,2.674,-1.971,-2.033
1.897,6.086,-5.231,0.302,0.413,0.21,-3.538,-1.583,7.831,9.552,-5.662,2.791,-4.782,-1.1,7.258,2.194,-2.287,-1.202
3.257,6.023,-6.251,-0.064,0.593,0.266,-3.612,-0.875,8.269,9.428,-6.038,2.299,-4.834,-1.708,6.708,2.57,-2.125,-2.547
2.97,6.266,-6.042,-0.14,-0.038,0.601,-3.851,-1.382,7.885,9.82,-6.079,1.73,-5.596,-1.72,7.031,2.594,-2.206,-1.95
2.918,6.391,-6.012,-0.119,-0.108,0.437,-2.813,-1.362,7.912,9.491,-5.745,2.284,-4.891,-1.152,6.668,2.324,-2.112,-1.715
2.831,6.254,-5.649,0.277,0.226,0.447,-3.166,-1.09,8.438,9.683,-5.965,2.888,-4.815,-1.173,7.006,1.988,-2.25,-2.416
2.902,5.982,-4.994,-0.096,-0.179,0.343,-3.46,-1.83,8.596,9.536,-5.577,2.576,-5.421,-1.045,6.682,2.444,-1.763,-1.594
2.496,6.105,-5.843,0.184,0.39,0.103,-3.201,-1.174,8.435,9.102,-5.917,1.754,-5.297,-1.458,7.048,1.753,-2.715,-2.14
2.884,6.375,-5.842,-0.139,1.142,0.058,-3.124,-1.862,7.087,9.436,-6.005,2.737,-4.504,-1.11,7.143,2.185,-1.842,-2.317
2.153,6.327,-5.156,0.021,-0.039,0.583,-4.475,-1.111,7.954,9.53,-6.127,2.337,-4.481,-1.52,7.445,2.171,-1.76,-2.199
2.057,6.58,-5.608,0.2,1.679,0.254,-4.382,-1.471,8.002,9.2,-5.599,2.151,-5.401,-1.255,7.107,2.015,-1.787,-2.357
3.649,6.128,-5.834,-0.149,0.778,-0.08,-3.529,-1.79,8.526,9.656,-5.966,2.892,-4.441,-1.143,7.444,2.217,-2.311,-1.724
1.852,5.869,-5.945,-0.155,0.91,0.038,-3.211,-1.812,7.838,10.214,-5.736,2.582,-6.212,-1.152,7.443,2.254,-1.946,-1.702
1.775,5.981,-6.006,-0.04,-0.31,0.159,-2.998,-1.575,7.805,9.284,-6.05,2.492,-5.436,-0.681,6.873,2.319,-2.047,-2.055
2.663,6.049,-5.838,-0.059,0.047,0.486,-3.644,-1.909,7.909,9.71,-6.026,2.651,-5.19,-1.407,7.018,2.4,-2.067,-1.789
2.883,6.057,-5.095,-0.149,-0.604,1.16,-3.246,-1.115,8.372,9.391,-5.738,2.337,-5.621,-1.133,6.508,1.896,-2.483,-1.444
2.73,6.473,-6.917,-0.032,-0.879,-0.152,-3.525,-1.008,7.444,9.898,-5.959,2.555,-6.031,-0.817,7.239,2.06,-2.427,-1.857
2.998,5.936,-5.153,0.101,0.151,0.299,-4.058,-1.096,8.368,10.17,-5.737,2.492,-4.55,-1.284,7.0,2.116,-2.17,-1.76
2.925,6.531,-5.124,0.14,0.956,0.546,-3.217,-1.131,8.114,9.817,-5.995,2.933,-4.472,-1.099,6.897,1.938,-1.909,-1.987
1.526,6.268,-5.588,0.131,1.718,0.167,-3.363,-1.383,7.317,9.533,-5.974,2.097,-4.865,-1.881,6.788,2.101,-2.108,-1.914
2.238,6.085,-5.399,-0.221,0.868,0.032,-4.028,-0.952,8.106,9.56,-5.832,2.517,-4.914,-1.648,6.613,2.055,-2.216,-1.853
2.426,6.257,-6.141,-0.243,0.991,0.43,-4.125,-1.819,7.43,9.747,-5.759,1.99,-4.942,-1.374,6.822,2.278,-2.526,-2.012
2.391,6.396,-5.471,-0.155,-0.644,0.617,-3.534,-1.091,8.508,10.152,-5.747,2.261,-5.955,-1.425,6.538,2.254,-1.956,-2.221
3.536,6.389,-5.724,-0.052,-0.423,0.028,-3.951,-0.524,7.903,9.551,-6.022,2.268,-5.136,-1.803,7.216,1.965,-2.191,-1.987
3.374,6.176,-5.682,-0.029,-0.005,-0.834,-3.813,-1.771,7.713,9.953,-5.891,1.57,-5.786,-0.673,6.901,2.413,-1.904,-1.903
2.842,6.372,-5.075,-0.026,-0.515,0.288,-3.37,-1.414,7.381,9.82,-5.815,2.892,-5.367,-1.559,7.427,2.163,-1.595,-1.781
2.07,6.546,-5.626,-0.258,-0.422,0.295,-4.389,-1.174,8.499,10.041,-5.064,2.674,-4.927,-0.254,6.875,1.876,-2.143,-1.905
2.508,6.291,-5.797,-0.02,0.015,-0.175,-2.48,-1.479,7.455,9.297,-6.033,2.036,-5.666,-1.017,7.124,1.977,-1.944,-1.946
1.433,5.992,-5.588,0.043,1.06,0.229,-3.627,-1.495,7.645,10.08,-5.576,2.388,-6.366,-2.057,6.465,2.08,-1.296,-1.419
2.11,6.332,-6.128,-0.076,-0.644,-0.317,-3.46,-0.501,7.647,9.462,-6.513,2.519,-6.206,-1.061,6.784,1.965,-2.271,-2.61
2.922,6.124,-5.882,0.384,0.187,-0.001,-4.26,-1.467,8.108,10.306,-5.91,2.079,-5.157,-1.06,7.141,2.311,-2.194,-1.724
3.001,6.491,-5.98,-0.11,-0.637,0.272,-2.729,-0.99,7.974,10.01,-6.103,2.263,-5.727,-1.278,6.828,1.884,-2.083,-1.756
2.557,6.119,-5.497,0.084,-0.097,0.136,-3.449,-1.068,7.874,9.138,-5.817,2.117,-5.908,-2.045,7.023,2.527,-2.068,-1.525
2.662,6.145,-5.926,-0.109,-1.2,-0.104,-3.092,-1.15,7.726,9.565,-6.104,2.154,-5.525,-1.648,6.536,2.518,-2.438,-1.794
2.248,6.449,-5.797,-0.127,0.297,0.562,-3.933,-1.42,7.796,9.316,-5.674,2.503,-5.137,-1.59,6.598,2.285,-2.8,-1.711
2.668,6.6,-4.633,0.046,-0.107,0.796,-3.137,-1.515,7.737,9.623,-5.731,2.137,-5.125,-1.538,6.771,2.514,-2.074,-1.882
2.731,6.238,-5.138,-0.162,-0.385,0.295,-4.298,-1.474,8.399,9.736,-5.649,1.944,-5.533,-1.788,7.049,1.768,-1.991,-2.21
3.4,5.843,-5.179,0.188,-0.439,0.082,-4.307,-1.413,7.792,8.801,-5.655,2.735,-4.761,-1.126,6.652,2.11,-2.039,-1.868
2.987,6.189,-5.88,0.111,0.002,0.469,-3.689,-0.817,8.282,9.483,-5.676,2.06,-5.532,-1.339,6.873,2.068,-2.202,-2.083
2.316,6.314,-5.004,-0.262,-0.054,-0.02,-4.284,-0.91,8.196,9.35,-6.057,1.954,-4.702,-1.33,6.623,2.337,-2.427,-1.874
1.947,5.958,-5.633,-0.122,-0.768,-0.049,-3.358,-1.124,7.946,9.956,-5.662,2.048,-4.804,-1.563,7.001,2.115,-2.401,-2.554
2.858,6.19,-6.207,-0.227,0.601,-0.584,-3.012,-1.066,7.654,9.498,-6.008,2.523,-5.445,-1.133,7.184,1.749,-1.807,-2.278
2.81,6.051,-5.348,0.167,0.316,0.83,-3.78,-1.582,7.793,9.806,-5.459,1.982,-4.962,-1.673,7.025,2.023,-1.92,-2.289
3.043,6.505,-5.701,0.194,-0.369,0.657,-3.747,-1.522,7.857,9.887,-5.755,2.704,-4.261,-1.774,6.785,1.947,-2.306,-2.072
2.378,6.031,-5.701,-0.142,-0.456,0.01,-3.752,-0.87,7.795,9.403,-6.01,1.867,-4.411,-0.791,7.149,1.613,-1.796,-2.008
2.185,6.145,-5.65,0.09,-0.45,0.547,-4.226,-2.121,8.232,9.735,-5.902,2.263,-4.414,-1.096,6.952,2.07,-1.795,-1.811
3.214,6.487,-5.564,0.084,0.236,0.28,-3.632,-1.43,7.679,9.396,-5.723,2.772,-5.107,-1.561,7.274,2.122,-2.246,-1.693
2.184,6.208,-5.297,0.547,-0.144,0.734,-2.791,-1.804,8.149,9.408,-5.764,2.383,-5.833,-1.718,6.698,2.187,-1.965,-2.129
1.931,6.201,-5.524,-0.037,0.568,0.156,-3.842,-1.87,7.844,9.666,-5.642,1.825,-5.905,-1.044,6.896,2.27,-1.883,-1.931
1.379,6.047,-5.564,0.069,0.32,0.885,-3.972,-1.358,7.749,9.414,-5.872,2.273,-4.457,-1.214,6.479,2.247,-1.984,-2.08
3.17,5.997,-5.476,-0.036,-0.658,0.762,-3.691,-1.567,7.684,10.088,-6.099,1.881,-5.18,-2.043,6.756,2.347,-1.864,-1.868
3.119,6.434,-5.554,0.064,0.207,0.613,-2.63,-1.224,7.161,10.137,-5.566,1.879,-5.037,-1.709,7.318,2.056,-2.106,-1.809
2.704,6.418,-5.342,0.018,0.658,0.291,-3.044,-0.788,7.757,9.528,-5.961,1.824,-4.724,-1.967,7.682,1.946,-2.163,-1.541
3.81,6.166,-5.91,0.259,-0.48,-0.036,-3.584,-0.993,7.702,10.063,-5.689,2.762,-5.274,-1.0,6.973,2.151,-1.484,-2.011
3.415,6.205,-6.077,-0.054,0.485,-0.213,-3.316,-1.148,7.297,9.315,-5.913,2.764,-4.332,-1.331,6.909,2.349,-2.176,-1.821
1.9,6.315,-6.0,0.032,-0.012,0.317,-3.721,-1.43,7.554,9.13,-5.777,2.589,-5.572,-2.396,6.948,1.847,-1.927,-1.814
2.374,6.417,-5.855,0.096,1.226,0.24,-3.369,-1.045,8.662,10.062,-6.182,2.318,-4.676,-1.877,6.551,1.661,-2.021,-2.024
3.705,6.035,-5.84,-0.377,0.968,1.006,-2.845,-0.947,7.747,9.684,-6.099,2.293,-4.525,-1.665,7.376,2.382,-2.138,-2.244
2.014,5.82,-5.617,0.062,-0.282,0.943,-3.52,-1.422,8.743,9.537,-6.05,2.803,-5.544,-1.442,7.184,2.212,-1.561,-1.843
2.158,6.272,-5.77,0.02,1.048,0.154,-4.221,-1.432,8.112,9.958,-5.799,2.135,-4.823,-1.36,6.82,1.814,-1.772,-1.883
2.731,6.145,-5.473,-0.132,0.227,-0.493,-4.018,-0.942,7.904,9.987,-5.841,2.655,-5.415,-1.822,6.411,2.097,-1.872,-2.187
2.325,6.03,-5.298,-0.302,0.642,0.795,-2.915,-2.093,7.282,10.056,-5.794,2.178,-5.413,-0.608,6.666,2.086,-1.791,-2.013
2.179,6.469,-5.55,-0.228,0.019,0.311,-2.564,-1.861,7.888,9.779,-5.73,2.844,-5.263,-1.471,6.957,2.346,-2.054,-1.664
3.654,6.323,-5.971,0.172,-0.102,0.095,-3.403,-0.953,7.445,9.476,-6.313,1.888,-4.478,-1.123,6.778,2.186,-1.735,-1.918
2.803,6.771,-5.734,-0.053,0.601,0.026,-4.402,-0.934,8.221,9.521,-5.693,2.374,-5.096,-1.57,6.745,2.447,-2.21,-1.809
2.081,6.283,-5.826,0.151,0.465,1.363,-4.42,-0.911,7.281,8.983,-5.738,2.871,-6.18,-0.997,7.057,1.989,-2.212,-2.365
3.325,6.063,-5.602,0.207,0.1,-0.347,-3.673,-1.32,7.538,10.277,-5.861,2.487,-5.252,-1.044,6.681,2.022,-1.915,-1.822
2.915,5.82,-5.662,0.164,-0.184,0.629,-3.778,-1.51,8.192,9.891,-5.882,2.219,-5.38,-1.314,6.091,2.093,-2.117,-1.787
3.525,5.984,-6.024,0.116,1.326,0.111,-3.232,-1.124,7.952,9.795,-5.574,2.59,-4.851,-1.424,7.113,2.151,-2.308,-2.319
2.832,6.175,-6.129,-0.527,0.222,0.605,-4.035,-0.644,8.582,9.668,-5.581,2.256,-5.342,-1.775,6.319,2.034,-2.27,-1.771
3.145,5.872,-6.732,0.371,0.458,0.204,-3.997,-0.683,8.488,10.076,-5.706,2.11,-4.876,-1.86,7.302,2.485,-2.609,-2.147
2.846,6.037,-5.512,-0.037,0.043,0.121,-3.975,-0.785,7.686,9.394,-5.724,2.794,-5.218,-1.211,6.733,1.92,-2.039,-2.132
2.961,6.023,-5.328,0.125,-0.713,0.16,-3.264,-0.884,7.558,9.954,-5.671,1.838,-4.999,-1.198,7.281,2.258,-2.505,-2.366
2.355,5.764,-5.43,0.195,0.348,0.012,-3.222,-1.099,7.587,9.911,-5.587,2.386,-5.221,-1.089,6.463,2.081,-2.083,-2.056
2.835,6.403,-5.352,-0.292,0.512,0.735,-2.35,-0.734,7.916,9.49,-5.483,1.769,-4.752,-1.733,6.814,2.128,-1.869,-1.235
2.89,6.153,-5.246,0.197,0.346,0.315,-3.114,-1.021,7.532,10.082,-5.909,2.747,-4.748,-2.281,7.099,2.425,-2.419,-2.035
2.903,6.159,-5.072,-0.386,0.351,-0.072,-4.233,-0.876,8.508,8.966,-6.532,2.191,-5.654,-1.745,6.909,1.788,-1.632,-2.099
3.189,6.01,-5.575,0.409,-0.399,-0.298,-3.455,-0.795,7.555,9.308,-5.665,2.41,-5.263,-1.839,6.797,2.2,-2.469,-1.698
2.568,6.347,-5.334,-0.247,-0.495,0.141,-3.949,-1.429,8.026,9.777,-5.735,2.227,-4.531,-0.603,6.773,2.236,-2.198,-1.566
2.108,6.562,-6.095,0.081,-0.397,-0.223,-3.943,-0.896,8.073,9.822,-6.243,2.073,-6.592,-1.114,7.368,1.882,-1.951,-2.258
2.134,6.312,-5.232,0.218,0.313,-0.277,-3.019,-0.76,7.317,9.774,-5.945,2.303,-5.631,-0.953,7.264,1.907,-2.45,-2.39
2.726,6.062,-5.829,-0.137,0.108,-0.15,-3.464,-0.63,7.897,9.655,-6.134,2.305,-5.442,-1.789,7.234,1.897,-2.056,-2.014
2.687,6.287,-5.858,0.271,1.034,0.655,-3.162,-1.076,7.192,9.586,-6.009,2.365,-5.932,-1.906,6.817,1.863,-2.27,-1.997
2.046,6.373,-5.808,0.189,0.341,0.627,-4.221,-1.361,8.165,9.975,-6.239,2.163,-4.997,-1.519,6.919,1.901,-1.81,-2.065
3.031,6.202,-5.239,0.382,1.173,0.034,-4.488,-1.988,7.783,9.663,-5.526,2.466,-5.328,-1.645,6.938,2.083,-1.836,-2.703
3.268,6.391,-6.127,-0.132,-0.66,0.378,-2.813,-1.104,8.503,9.43,-5.804,2.219,-5.248,-1.531,6.89,1.963,-2.054,-1.82
1.811,6.179,-5.963,-0.007,-0.423,0.87,-3.797,-1.308,8.466,9.848,-5.702,1.726,-4.113,-0.979,7.387,2.066,-2.027,-1.68
3.285,6.265,-5.194,-0.013,0.58,1.059,-4.061,-0.634,8.253,9.734,-5.926,2.14,-5.026,-0.845,7.139,2.025,-1.698,-1.927
3.241,6.286,-5.078,0.183,0.963,0.136,-3.957,-1.25,7.645,8.947,-5.984,1.906,-4.538,-1.609,7.234,2.301,-2.02,-2.572
2.128,6.398,-5.633,-0.325,0.189,0.472,-3.96,-0.983,7.749,9.854,-5.883,2.558,-4.967,-2.04,6.942,2.309,-2.487,-1.881
2.504,6.167,-5.676,-0.072,0.784,-0.122,-2.709,-1.163,8.068,9.802,-5.761,2.03,-5.713,-1.552,7.039,1.985,-1.851,-1.899
2.495,6.345,-5.592,0.292,0.04,0.661,-4.142,-0.991,7.465,10.354,-6.009,2.527,-5.785,-1.981,6.237,2.119,-2.189,-2.352
2.557,6.238,-5.758,0.151,0.614,0.727,-3.416,-0.849,8.067,9.835,-5.562,2.402,-4.789,-2.199,6.553,2.089,-1.787,-1.973
2.753,6.635,-5.926,0.547,0.787,1.035,-3.795,-1.52,8.134,9.406,-5.963,2.691,-4.953,-1.463,7.309,1.757,-2.164,-2.556
3.423,6.247,-5.364,-0.262,0.78,-0.437,-3.411,-1.123,8.635,9.015,-5.901,2.023,-6.318,-1.227,6.815,1.871,-2.07,-2.445
2.206,5.788,-5.377,-0.305,-0.268,0.633,-3.485,-1.507,8.416,9.642,-6.223,2.506,-4.743,-1.807,7.156,2.019,-1.927,-1.436
2.941,6.007,-5.672,-0.359,1.156,1.143,-3.615,-1.509,7.926,9.474,-6.007,2.603,-5.64,-1.203,7.142,2.261,-2.457,-1.767
2.694,5.735,-6.093,-0.198,-0.275,0.036,-3.311,-1.867,7.905,8.876,-5.737,2.381,-5.287,-2.252,7.162,2.299,-2.111,-1.917
2.691,6.133,-5.008,0.166,0.01,0.024,-3.543,-1.445,7.786,9.223,-5.71,2.381,-4.718,-1.033,7.273,2.072,-1.951,-1.899
3.726,6.599,-5.59,0.023,0.022,0.915,-3.824,-1.163,8.515,9.66,-5.718,2.062,-4.778,-1.292,7.003,2.522,-1.977,-1.98
3.019,6.584,-5.44,0.159,-0.259,0.071,-4.284,-1.692,8.043,9.315,-5.85,2.577,-5.061,-1.154,6.788,1.923,-1.85,-1.944
2.118,6.639,-5.642,0.326,0.577,1.102,-4.089,-1.559,8.198,9.981,-5.966,2.272,-5.626,-0.97,7.06,2.262,-2.138,-1.949
1.947,6.221,-5.781,-0.23,0.652,-0.378,-3.809,-0.819,7.962,9.031,-5.842,3.036,-5.563,-1.256,6.849,2.663,-2.438,-2.473
2.233,6.147,-5.546,-0.084,0.873,0.049,-3.827,-0.761,7.624,10.305,-5.81,1.916,-4.734,-1.555,6.22,2.242,-2.156,-1.775
2.59,6.325,-5.298,-0.113,1.013,0.181,-3.692,-1.088,7.311,9.472,-6.042,2.542,-4.762,-1.832,7.168,2.307,-2.366,-2.167
3.101,6.027,-5.621,-0.386,-0.276,0.309,-3.365,-1.438,8.241,9.611,-5.793,2.204,-4.671,-2.136,6.804,2.165,-2.65,-1.503
2.528,5.984,-5.556,-0.354,0.064,0.776,-4.125,-0.975,8.232,10.439,-5.906,2.56,-4.723,-1.288,6.599,1.909,-1.808,-2.178
2.579,6.727,-5.989,0.285,0.337,0.009,-3.469,-2.012,8.278,9.498,-5.66,2.379,-5.07,-1.15,6.998,2.118,-1.705,-2.054
2.957,6.303,-5.806,0.002,-0.477,0.505,-4.193,-1.356,8.222,9.811,-5.727,2.139,-5.236,-0.746,6.869,2.158,-1.968,-1.712
2.361,6.467,-5.966,-0.122,0.752,1.069,-3.66,-1.327,8.047,9.78,-5.726,2.369,-4.824,-2.255,7.132,1.858,-2.066,-2.238
2.816,6.139,-5.554,0.08,0.676,1.046,-3.522,-1.095,8.391,9.908,-5.788,2.167,-5.266,-0.564,6.966,2.094,-2.247,-2.399
1.942,6.019,-5.716,-0.489,1.47,0.531,-3.554,-1.179,8.182,9.593,-6.229,2.4,-4.458,-1.573,6.991,2.243,-2.64,-1.579
2.336,6.07,-5.381,-0.148,-0.449,0.336,-2.487,-1.393,8.085,8.937,-6.057,2.557,-4.543,-1.543,7.114,1.787,-1.882,-2.159
3.84,5.926,-5.3,0.063,0.724,0.058,-4.67,-1.189,7.841,9.201,-6.039,2.757,-4.946,-1.336,6.945,2.046,-1.789,-1.546
3.398,5.809,-6.265,0.263,-0.042,-0.621,-3.509,-2.133,8.142,9.5,-5.834,2.138,-4.809,-0.727,7.05,2.262,-2.335,-1.735
2.212,6.306,-5.36,0.055,1.151,0.127,-3.324,-1.414,8.181,9.555,-6.048,2.221,-5.306,-2.436,6.878,1.884,-2.267,-1.586
3.586,5.918,-5.626,0.193,0.016,0.575,-2.566,-1.544,7.785,9.926,-5.819,2.37,-4.489,-1.812,6.985,2.139,-1.634,-1.794
3.164,5.821,-5.503,0.254,0.163,0.395,-3.627,-0.726,8.165,9.889,-5.892,2.293,-5.816,-1.02,6.541,1.807,-1.929,-1.997
3.818,6.193,-5.676,-0.091,-0.012,0.936,-3.077,-0.227,7.591,9.468,-5.439,2.537,-5.67,-0.784,6.902,1.955,-2.211,-1.968
2.882,6.424,-5.5,0.109,0.258,0.192,-3.832,-0.684,7.724,9.531,-5.635,2.095,-5.029,-1.135,6.552,2.382,-1.969,-2.145
2.422,6.29,-5.177,0.131,1.109,-0.101,-3.195,-1.203,8.08,10.187,-5.531,2.076,-4.892,-1.938,6.591,1.94,-2.054,-2.021
2.384,5.864,-5.684,0.07,0.545,0.169,-4.934,-0.776,7.636,9.701,-5.909,2.358,-5.051,-1.466,6.543,2.169,-1.849,-1.874
2.15,6.426,-5.807,-0.087,0.36,0.333,-3.392,-0.789,7.82,9.67,-5.983,2.384,-5.376,-1.463,6.857,1.85,-1.864,-2.071
3.42,6.547,-6.005,0.048,-0.091,0.287,-3.677,-1.402,8.322,10.369,-6.257,2.341,-4.948,-0.992,7.147,2.18,-2.326,-2.294
1.79,6.179,-5.401,0.258,0.084,0.307,-3.642,-1.087,7.905,9.58,-5.573,2.2,-5.299,-0.793,7.249,2.336,-1.578,-1.627
1.723,6.172,-5.562,-0.129,1.328,0.781,-3.215,-0.574,7.973,9.868,-5.776,2.47,-5.576,-1.017,6.401,2.027,-1.746,-2.17
2.402,6.351,-4.917,0.248,0.331,0.849,-4.036,-1.303,7.874,9.763,-5.777,1.846,-5.482,-2.416,7.52,2.426,-2.15,-1.714
2.195,6.166,-5.504,0.132,0.987,0.101,-3.491,-1.201,8.19,9.467,-5.684,2.392,-5.49,-1.64,6.953,2.456,-2.241,-2.068
2.507,6.22,-5.887,0.261,0.234,0.478,-3.887,-1.475,7.967,9.507,-5.821,2.577,-5.247,-0.99,6.631,2.236,-2.316,-1.759
3.369,6.325,-5.524,-0.121,-0.196,0.736,-3.336,-0.703,8.018,9.347,-5.698,2.372,-3.809,-1.15,6.712,1.834,-2.364,-1.837
2.192,6.237,-5.674,-0.004,0.539,0.433,-3.462,-1.243,8.247,9.132,-5.799,2.455,-5.139,-0.882,6.963,2.265,-2.254,-1.898
3.79,6.04,-5.094,-0.182,1.11,0.148,-4.304,-1.736,7.534,9.934,-5.689,2.317,-5.551,-1.65,6.749,1.341,-1.998,-1.945
2.292,6.424,-5.521,-0.021,0.408,0.404,-3.787,-1.816,7.847,9.636,-5.79,2.536,-4.826,-2.032,6.697,1.82,-2.381,-2.124
3.326,6.184,-5.852,0.005,0.44,-0.596,-4.324,-1.48,7.977,9.619,-5.685,2.631,-5.222,-2.113,7.225,2.259,-2.08,-1.628
1.898,6.189,-5.211,-0.053,-0.088,0.6,-3.095,-0.671,8.0,9.284,-6.014,2.479,-4.687,-1.473,6.993,2.158,-2.252,-1.701
2.506,6.275,-5.32,0.118,0.171,0.172,-3.816,-1.112,7.884,10.288,-6.113,1.369,-4.531,-1.473,7.368,2.302,-1.989,-2.081
3.135,6.305,-6.088,-0.068,-0.026,0.27,-3.731,-1.678,7.476,9.069,-5.795,2.604,-5.238,-0.615,6.828,1.817,-2.012,-1.814
3.68,6.192,-6.07,-0.404,-0.74,0.015,-2.955,-0.961,7.336,10.269,-6.131,2.531,-4.779,-1.117,6.633,2.304,-2.169,-2.095
3.264,6.176,-5.591,0.146,0.058,0.459,-2.88,-0.539,7.708,9.397,-5.91,2.359,-5.3,-2.62,7.025,2.373,-2.192,-1.521
3.315,6.233,-6.11,0.133,-0.569,0.549,-3.928,-1.496,7.773,9.107,-5.827,2.655,-5.292,-0.84,7.1,2.273,-2.219,-1.795
2.223,6.214,-5.556,0.105,0.902,0.887,-2.76,-0.642,8.799,9.177,-6.006,2.078,-4.747,-1.097,6.586,2.224,-1.737,-1.693
4.017,6.173,-5.709,0.103,-0.771,0.031,-3.919,-1.319,8.444,8.983,-5.72,2.771,-5.095,-1.469,6.649,2.126,-2.236,-1.911
2.807,6.27,-5.687,-0.048,-0.082,0.328,-3.963,-1.084,7.697,9.812,-5.879,2.7,-5.31,-0.858,6.474,2.144,-2.138,-1.763
2.48,6.265,-6.438,-0.169,0.031,0.075,-2.94,-1.225,8.034,10.268,-6.097,2.097,-5.742,-1.907,6.695,2.083,-2.375,-1.776
2.393,6.191,-5.526,0.339,0.353,0.535,-3.474,-1.519,7.834,9.549,-5.756,2.144,-5.788,-0.989,6.878,2.225,-2.454,-1.833
1.814,6.407,-5.299,0.071,0.372,0.355,-3.001,-1.76,7.314,10.351,-5.807,2.679,-4.699,-1.799,6.888,2.152,-2.556,-2.122
2.6,5.816,-5.125,-0.114,-1.652,-0.021,-3.651,-1.214,7.303,9.199,-6.203,2.714,-5.063,-1.675,6.841,2.47,-2.198,-1.414
2.046,6.222,-5.543,0.355,0.381,0.129,-3.826,-1.666,7.682,9.498,-5.603,2.388,-5.408,-1.378,6.973,2.081,-2.102,-2.357
2.819,5.888,-5.631,-0.292,0.524,0.05,-4.762,-1.925,7.622,9.607,-5.565,2.221,-4.704,-2.058,6.775,2.365,-2.019,-1.884
2.164,5.927,-5.762,-0.035,-0.229,0.615,-4.164,-1.15,7.05,9.401,-6.046,2.41,-4.679,-1.384,6.586,2.575,-1.656,-1.727
3.334,5.918,-5.208,-0.201,0.979,0.774,-3.75,-1.19,7.178,9.129,-5.699,2.038,-6.007,-1.141,6.962,2.273,-1.947,-1.867
3.7,6.177,-5.564,0.208,0.244,0.794,-3.95,-1.219,8.074,10.006,-6.045,2.225,-5.193,-1.355,6.641,2.432,-2.242,-1.701
2.542,6.479,-5.986,0.05,-0.203,0.033,-4.633,-1.401,8.223,9.706,-5.811,2.359,-4.555,-1.233,7.122,2.507,-2.163,-1.724
3.64,6.024,-5.488,0.157,0.504,-0.029,-3.736,-1.037,8.407,9.4,-5.909,2.299,-5.06,-1.375,6.854,2.163,-1.884,-2.008
2.709,6.337,-5.436,0.12,0.642,-0.335,-4.192,-1.591,8.091,9.471,-5.576,2.525,-5.464,-1.019,7.138,2.118,-1.946,-1.8
1.645,6.332,-5.999,-0.204,-1.09,0.14,-2.855,-0.83,7.822,9.681,-6.153,2.358,-5.156,-1.094,6.819,1.759,-2.03,-1.727
1.619,5.903,-5.113,-0.078,0.045,0.577,-3.079,-1.644,7.767,9.174,-5.588,3.01,-5.596,-1.282,6.836,2.266,-2.103,-1.664
2.346,6.171,-5.821,0.168,0.485,1.087,-3.977,-1.74,8.093,10.139,-5.793,2.42,-4.931,-0.24,7.427,1.975,-2.284,-2.113
2.491,6.155,-5.617,0.186,-0.575,0.027,-4.287,-1.904,8.043,9.066,-6.196,2.068,-4.645,-1.12,7.083,2.092,-2.036,-1.675
3.046,6.405,-5.709,-0.416,-0.136,0.246,-4.084,-0.858,7.975,10.181,-5.458,2.096,-4.966,-1.146,6.971,2.248,-2.296,-1.555
2.641,6.786,-5.455,0.351,-0.461,0.747,-3.518,-1.109,8.072,9.452,-5.85,2.74,-6.464,-0.785,7.524,2.087,-2.03,-2.02
2.974,6.629,-5.267,-0.04,-0.681,0.166,-2.384,-0.499,8.348,9.1,-5.896,2.65,-5.017,-1.408,7.194,2.418,-1.802,-1.849
2.736,5.805,-5.604,0.064,0.34,0.139,-2.656,-1.682,7.961,10.225,-5.685,2.202,-5.5,-1.671,6.977,2.172,-1.859,-2.526
3.09,6.504,-5.661,0.191,0.879,0.509,-4.342,-0.513,8.123,9.847,-5.722,2.697,-5.725,-1.564,7.194,2.272,-2.356,-1.46
3.372,6.725,-5.567,-0.138,1.078,0.213,-3.927,-1.559,8.209,10.1,-6.029,2.242,-5.886,-1.551,6.7,2.167,-2.378,-1.887
3.289,6.237,-5.418,0.154,0.41,0.324,-3.273,-1.934,8.556,9.773,-5.997,2.377,-5.841,-1.216,7.008,2.158,-2.564,-1.988
2.861,5.751,-5.496,-0.259,-0.736,0.139,-3.343,-0.78,7.928,9.24,-5.818,1.851,-4.791,-2.025,6.707,2.091,-2.129,-1.687
2.96,6.079,-5.655,0.011,-0.115,0.859,-3.661,-0.8,7.757,10.169,-5.911,2.57,-5.844,-1.983,6.54,1.886,-2.035,-2.355
1.352,6.067,-5.695,-0.264,0.512,0.841,-3.299,-0.502,8.043,9.983,-5.79,2.791,-4.263,-1.634,7.361,2.059,-2.154,-2.664
3.084,6.564,-6.284,0.213,0.337,0.165,-3.588,-0.492,7.677,9.715,-5.625,2.11,-4.847,-1.286,7.029,2.456,-2.174,-2.082
2.485,6.517,-5.672,0.253,-0.416,0.586,-3.739,-1.588,8.042,9.82,-5.913,2.538,-5.553,-0.398,6.908,2.465,-2.009,-2.155
3.679,6.641,-5.363,0.344,-0.402,0.345,-4.005,-0.808,7.983,10.311,-5.766,2.012,-4.625,-0.479,6.795,1.729,-2.399,-2.527
2.828,6.121,-5.47,0.043,-0.214,0.615,-3.836,-1.817,7.519,9.786,-5.658,2.205,-5.735,-1.849,7.155,1.939,-2.079,-1.649
1.673,5.896,-5.695,0.074,-0.053,0.734,-4.181,-1.573,8.143,10.282,-5.794,2.988,-4.73,-1.504,7.584,2.195,-2.05,-1.7
2.629,6.065,-5.362,-0.011,-0.994,1.081,-2.592,-1.671,8.503,9.824,-6.123,2.499,-4.61,-1.132,7.095,2.092,-1.916,-1.855
2.974,5.978,-5.362,-0.049,0.071,0.225,-3.981,-0.514,8.015,9.467,-5.487,1.744,-5.374,-0.812,6.361,2.171,-1.128,-1.745
1.957,6.084,-6.055,-0.179,0.645,0.389,-3.733,-1.007,8.156,8.807,-6.374,2.484,-5.195,-1.343,6.64,2.071,-1.735,-2.288
3.609,6.35,-5.248,0.009,-1.12,0.53,-3.583,-1.504,8.093,10.197,-5.81,2.46,-4.638,-0.959,6.754,2.018,-2.37,-1.753
3.639,6.035,-6.006,-0.016,-0.211,1.26,-3.692,-1.476,7.436,9.916,-5.994,2.757,-5.149,-1.712,7.058,2.177,-1.567,-2.045
3.147,6.733,-5.634,0.208,0.173,0.301,-3.838,-1.118,8.189,10.113,-5.724,2.398,-5.176,-0.679,6.692,2.209,-2.224,-1.833
2.936,6.471,-5.455,0.053,0.67,0.431,-3.511,-0.971,7.781,9.876,-5.728,2.317,-5.609,-1.095,6.873,1.964,-1.889,-2.228
3.48,6.768,-5.696,-0.112,0.884,0.437,-3.132,-1.411,8.447,9.128,-6.011,2.46,-5.366,-1.237,6.667,2.147,-1.843,-1.607
2.826,5.566,-6.045,-0.07,-0.69,0.166,-3.192,-1.269,7.824,9.294,-5.282,2.302,-5.972,-1.731,6.753,2.062,-2.184,-1.996
2.162,6.622,-5.687,-0.277,-0.294,0.809,-2.79,-1.279,8.043,10.141,-6.22,2.88,-5.934,-0.819,7.452,2.313,-2.131,-2.343
2.848,6.153,-5.637,-0.15,-0.083,0.523,-3.635,-1.355,8.223,9.598,-5.509,2.132,-5.655,-1.914,7.82,2.158,-1.846,-1.708
2.317,6.608,-5.137,0.339,0.032,0.409,-3.433,-0.96,7.769,9.441,-6.01,2.306,-4.949,-1.389,6.627,1.986,-2.225,-1.671
2.931,6.603,-5.664,-0.068,-0.117,-0.36,-3.878,-1.196,7.303,9.025,-6.236,2.643,-5.915,-1.696,6.955,2.468,-2.219,-2.221
2.306,6.242,-5.582,0.218,0.541,0.279,-4.069,-1.456,8.205,9.535,-6.089,3.061,-5.523,-1.491,6.633,1.714,-2.122,-1.948
2.646,6.192,-6.001,-0.175,-0.722,0.292,-3.37,-1.421,8.298,10.286,-5.917,2.389,-5.237,-1.061,7.469,1.787,-2.273,-1.878
2.595,6.665,-5.479,-0.183,-0.37,1.187,-3.129,-1.169,7.542,9.126,-5.771,2.099,-5.538,-1.35,7.221,1.964,-1.869,-2.122
3.117,5.889,-5.372,0.15,0.028,0.316,-3.062,-1.24,8.486,9.213,-5.676,2.136,-5.206,-0.946,6.941,1.976,-2.125,-2.144
2.64,6.085,-6.138,-0.09,1.24,0.305,-2.867,-1.357,7.617,9.529,-5.915,2.11,-4.524,-0.972,6.735,2.057,-1.575,-2.201
2.728,6.542,-5.798,-0.113,0.184,0.438,-3.166,-1.639,8.567,9.36,-6.084,2.741,-6.117,-2.269,7.319,2.532,-2.386,-1.829
3.409,6.163,-6.169,0.001,-0.151,0.719,-4.178,-1.592,8.184,9.69,-6.15,2.363,-5.053,-2.036,7.151,2.137,-2.182,-1.7
2.828,5.951,-5.911,0.138,0.302,0.145,-2.798,-0.928,7.926,9.947,-5.969,2.124,-5.366,-0.812,7.179,2.207,-2.177,-2.341
2.894,6.446,-5.287,0.248,-0.263,0.059,-3.563,-0.638,7.476,9.277,-5.907,2.083,-4.591,-1.759,7.078,2.008,-2.129,-1.874
2.495,6.359,-5.947,-0.006,-0.315,0.43,-3.812,-1.284,7.81,9.466,-5.404,1.963,-5.562,-1.147,6.491,2.212,-2.336,-1.869
2.144,6.075,-5.484,0.095,-0.598,-0.532,-3.475,-1.962,8.29,9.492,-6.078,2.334,-5.191,-1.032,6.995,2.221,-2.149,-1.637
2.781,6.599,-5.428,0.039,1.002,0.916,-3.358,-1.219,8.502,10.109,-5.835,1.609,-5.172,-1.025,7.293,2.311,-2.244,-2.623
2.968,5.936,-5.894,0.053,-0.538,0.561,-3.665,-1.62,8.28,9.32,-5.952,2.326,-5.125,-1.755,7.105,1.887,-2.399,-2.207
2.678,6.283,-5.728,0.169,0.716,0.553,-2.958,-1.006,7.307,10.137,-6.123,2.16,-6.48,-1.251,6.844,2.652,-2.126,-1.812
3.174,6.185,-5.618,-0.008,-0.18,0.725,-3.93,-1.352,7.727,9.662,-6.112,2.213,-5.795,-1.25,6.316,1.746,-2.167,-1.9
3.203,6.192,-5.492,0.151,0.428,0.4,-3.158,-1.065,8.757,9.447,-6.068,1.921,-4.51,-1.448,7.679,2.314,-2.058,-2.187
2.112,6.242,-5.471,0.132,0.566,0.032,-3.016,-1.364,7.969,9.188,-5.499,2.351,-5.056,-2.219,6.895,1.754,-2.202,-1.682
2.901,5.918,-5.524,0.004,0.672,0.677,-3.307,-1.226,7.664,9.513,-5.968,2.284,-4.741,-1.969,6.907,2.235,-1.911,-2.029
3.225,5.896,-5.595,0.053,0.419,0.096,-3.704,-0.841,8.028,10.462,-5.649,2.386,-5.624,-1.574,7.002,1.796,-1.777,-1.454
2.51,5.878,-5.585,-0.073,0.188,-0.026,-3.233,-1.227,8.002,9.597,-5.897,2.436,-5.104,-2.177,6.571,1.992,-2.321,-1.689
1.812,6.023,-5.102,-0.298,0.7,0.337,-4.359,-0.814,7.216,10.139,-5.823,2.841,-5.204,-1.894,6.927,2.145,-2.128,-1.835
2.401,6.294,-5.92,0.044,-0.296,0.422,-3.263,-0.527,7.724,9.763,-5.646,2.042,-6.262,-1.246,7.234,2.458,-1.904,-2.244
3.422,5.8,-5.71,0.054,0.279,1.014,-4.044,-1.443,7.879,9.711,-5.7,2.394,-6.274,-1.001,7.023,2.055,-2.264,-1.568
2.677,5.737,-5.774,0.089,-0.086,1.106,-2.518,-1.808,7.657,9.646,-6.034,2.473,-5.281,-1.968,7.45,1.95,-2.218,-1.985
2.397,6.212,-5.225,-0.201,0.415,0.354,-3.844,-1.054,8.608,9.608,-5.755,2.22,-5.53,-1.408,6.688,2.3,-1.905,-1.515
2.831,6.303,-5.227,0.057,0.57,0.341,-4.201,-1.239,8.112,9.451,-6.104,2.239,-5.605,-1.349,6.991,1.978,-2.137,-2.103
3.86,6.463,-5.834,-0.035,-0.735,0.017,-3.582,-2.007,7.781,9.314,-5.744,2.733,-4.956,-1.627,7.274,1.91,-2.158,-1.454
2.617,6.373,-5.336,-0.077,1.151,-0.0,-3.945,-1.437,7.817,10.303,-6.204,1.834,-5.025,-1.087,6.638,2.373,-2.217,-2.679
3.422,6.143,-5.576,-0.213,0.418,0.153,-4.341,-0.159,8.65,9.785,-5.751,2.325,-5.294,-0.588,7.155,2.182,-1.881,-2.458
2.514,6.262,-5.481,0.025,1.526,0.684,-4.07,-1.085,8.375,9.339,-6.258,2.332,-4.6,-0.977,7.165,2.546,-1.955,-1.999
2.994,6.053,-5.501,0.206,-0.532,0.405,-3.543,-1.611,8.017,9.631,-6.119,1.988,-4.837,-2.026,7.107,1.98,-2.298,-2.497
2.681,6.386,-6.285,0.227,-0.208,0.377,-3.348,-1.135,7.623,9.099,-5.603,2.111,-5.638,-1.2,7.174,2.214,-2.183,-2.048
2.344,5.853,-5.147,-0.037,-0.081,-0.071,-3.489,-1.927,7.726,10.067,-5.564,2.094,-5.888,-1.199,6.544,1.875,-1.889,-1.512
1.768,6.347,-5.252,-0.255,-0.164,-0.182,-3.592,-2.009,7.605,9.406,-5.927,2.564,-4.872,-1.996,7.094,2.168,-1.922,-1.747
2.96,6.118,-5.963,-0.335,-0.248,0.437,-4.028,-1.335,7.309,9.744,-6.276,2.864,-5.493,-1.646,7.25,2.208,-2.113,-2.238
1.939,6.177,-6.22,0.38,-0.233,0.15,-3.324,-1.771,8.538,9.428,-6.015,2.646,-5.198,-0.612,6.969,2.07,-2.438,-1.271
2.897,5.824,-5.177,-0.084,0.111,0.287,-3.729,-1.662,7.634,9.52,-5.834,2.552,-4.468,-1.288,7.031,2.162,-1.794,-2.175
2.809,6.264,-4.878,0.145,0.34,0.929,-3.494,-1.319,7.66,9.425,-6.125,2.106,-5.123,-1.164,6.949,2.208,-2.654,-2.128
2.365,6.622,-5.566,-0.012,-0.272,-0.333,-3.123,-1.68,7.912,9.597,-5.672,2.533,-4.513,-2.237,6.988,2.089,-2.2,-2.455
2.135,6.526,-4.793,-0.144,1.044,0.305,-3.323,-1.203,8.344,9.213,-6.097,2.879,-5.928,-0.9,6.521,2.531,-2.024,-2.139
2.461,5.917,-5.611,0.066,0.2,0.529,-3.703,-1.058,8.099,9.833,-5.804,2.627,-5.259,-1.378,6.916,2.241,-1.965,-2.564
3.383,6.593,-5.861,0.152,0.229,0.685,-3.821,-0.806,7.841,9.437,-5.94,2.558,-5.045,-1.506,6.848,2.038,-1.615,-1.958
3.892,6.109,-5.776,0.032,0.434,-0.215,-3.479,-1.201,8.056,9.422,-5.758,2.771,-4.575,-1.417,7.06,2.736,-1.974,-2.086
2.988,5.974,-5.308,0.236,0.042,0.311,-4.319,-1.432,7.778,9.463,-6.121,2.585,-5.255,-1.152,7.077,2.345,-1.784,-1.814
2.204,5.79,-5.558,-0.169,0.148,0.268,-3.185,-1.918,8.103,9.515,-5.659,2.479,-4.766,-1.839,6.817,2.046,-2.059,-2.112
2.756,5.975,-5.633,-0.01,-0.735,0.457,-3.319,-0.643,8.169,10.303,-5.978,1.721,-4.773,-1.214,7.227,1.922,-2.184,-2.016
2.98,5.883,-5.474,0.236,-0.247,0.315,-3.346,-0.893,8.465,9.525,-6.147,2.289,-5.396,-1.324,6.99,2.235,-1.107,-1.955
2.409,6.022,-6.243,0.482,0.104,0.63,-4.004,-1.332,8.486,10.267,-5.98,2.294,-4.865,-0.994,7.363,2.233,-2.222,-2.068
3.296,6.292,-6.255,-0.135,-0.235,-0.228,-3.215,-1.539,7.459,9.793,-5.957,2.401,-5.886,-1.381,6.756,2.269,-1.838,-1.933
2.27,5.811,-5.596,0.02,-0.864,0.425,-2.538,-0.98,7.684,10.131,-5.932,2.444,-4.938,-1.254,7.204,1.707,-1.892,-1.629
2.883,6.232,-5.79,0.087,0.839,0.313,-3.959,-1.161,7.749,9.508,-5.951,2.742,-4.887,-1.211,6.821,1.979,-1.922,-1.222
3.169,5.758,-5.412,-0.116,-0.949,1.239,-1.9,-1.73,8.077,9.589,-5.885,2.519,-6.058,-1.292,6.767,2.076,-2.546,-1.877
3.645,6.244,-5.862,-0.116,0.375,-0.192,-4.42,-1.159,7.941,10.068,-5.888,2.53,-4.783,-1.389,7.336,1.817,-2.026,-2.013
2.072,6.103,-5.606,-0.077,1.27,-0.811,-4.24,-0.783,7.515,10.244,-5.433,2.534,-5.701,-1.703,7.073,2.118,-2.301,-1.556
2.599,6.502,-5.827,-0.19,0.472,-0.304,-3.626,-1.255,8.193,9.955,-6.229,2.62,-5.882,-0.793,7.162,2.161,-2.163,-1.845
2.681,6.135,-5.557,-0.065,-0.238,0.154,-4.583,-0.664,7.41,9.477,-5.674,2.543,-5.096,-1.574,6.464,1.722,-1.765,-1.485
2.917,6.638,-5.159,0.034,0.339,0.125,-3.623,-0.924,7.711,9.256,-5.976,2.407,-4.767,-1.403,7.292,2.359,-1.526,-2.086
3.597,5.963,-5.308,-0.342,-0.21,0.614,-3.74,-0.83,7.969,8.826,-5.424,2.116,-4.412,-1.362,6.658,2.029,-1.731,-1.638
2.881,6.324,-5.584,0.131,-0.312,0.731,-2.739,-0.352,7.86,9.662,-5.899,1.871,-6.288,-2.193,6.883,1.822,-2.022,-1.767
3.55,6.504,-5.813,0.427,-0.782,0.925,-2.679,-1.171,7.583,9.695,-5.929,2.028,-4.741,-1.136,6.98,1.986,-2.109,-1.764
2.267,5.8,-4.991,-0.309,0.089,0.461,-3.081,-1.278,8.202,9.533,-5.855,2.674,-4.764,-1.526,6.94,2.318,-2.028,-1.804
2.173,6.384,-6.068,0.092,0.663,0.214,-3.802,-1.029,7.614,9.745,-5.759,2.29,-5.195,-1.75,7.138,2.272,-2.308,-2.111
2.405,6.642,-6.227,0.302,-0.418,0.48,-3.783,-2.466,8.046,9.32,-6.202,2.192,-5.098,-1.478,6.895,2.193,-2.383,-2.171
2.994,6.001,-6.217,0.283,0.283,0.361,-3.708,-1.36,7.813,10.182,-5.642,2.583,-5.204,-1.641,6.651,2.337,-1.92,-2.517
1.827,6.271,-5.401,0.119,0.874,0.136,-3.554,-1.391,7.876,9.073,-6.087,2.229,-4.896,-1.469,6.967,2.094,-2.138,-1.902
2.344,6.746,-5.314,-0.165,0.965,0.188,-3.269,-1.422,7.768,9.29,-6.162,2.691,-4.872,-0.604,6.602,2.068,-1.918,-2.071
2.834,5.936,-5.864,0.16,0.301,-0.252,-4.213,-1.658,7.655,9.559,-5.79,2.449,-5.372,-1.717,7.064,2.046,-2.05,-1.825
2.503,6.055,-6.021,0.126,0.563,0.122,-4.153,-1.101,6.901,9.759,-5.876,2.335,-4.985,-1.04,6.96,2.053,-1.84,-2.118
2.991,6.227,-6.524,-0.02,-0.089,0.369,-3.433,-1.247,8.293,9.85,-5.787,2.696,-5.48,-1.704,7.007,2.078,-1.878,-1.921
2.568,6.265,-5.263,0.039,-0.38,0.681,-3.467,-1.307,7.36,8.758,-5.839,2.224,-5.012,-2.097,7.201,2.131,-1.848,-2.226
2.485,6.088,-6.268,0.442,0.058,0.098,-2.625,-1.711,9.08,9.595,-5.857,2.167,-5.433,-1.493,6.969,1.886,-2.189,-1.67
3.086,6.2,-5.633,0.102,-0.174,0.772,-3.861,-1.533,7.712,9.807,-5.739,2.227,-5.192,-0.768,6.827,1.934,-2.025,-1.689
4.139,5.962,-5.532,-0.023,-0.607,0.829,-2.693,-0.626,7.356,9.742,-5.73,2.298,-4.666,-1.491,7.025,2.005,-1.938,-2.217
3.123,6.076,-5.452,-0.244,0.814,-0.037,-4.33,-1.191,7.622,9.659,-5.997,2.33,-5.277,-0.789,6.844,2.314,-2.225,-1.834
2.303,6.275,-5.444,0.097,0.238,0.767,-4.025,-1.313,8.075,10.27,-5.928,2.813,-4.385,-0.323,7.725,2.054,-2.213,-1.58
2.981,6.381,-5.421,0.015,0.375,0.442,-3.381,-1.268,8.977,9.587,-6.002,1.756,-5.005,-1.485,6.547,2.045,-2.451,-1.613
2.478,6.296,-5.611,-0.145,-0.458,0.017,-4.107,-0.552,7.507,9.697,-5.884,2.4,-5.039,-1.223,7.165,2.062,-2.051,-1.697
3.04,6.488,-5.358,0.097,-0.314,0.379,-3.808,-0.95,7.698,9.833,-5.718,2.421,-5.339,-1.629,7.034,2.272,-2.188,-1.773
2.683,6.126,-5.6,0.339,-0.169,0.478,-3.174,-0.751,7.167,9.474,-5.73,2.439,-4.893,-0.983,6.881,2.148,-1.581,-1.862
1.749,6.449,-6.797,0.301,-0.18,0.281,-3.877,-1.386,8.341,9.942,-5.748,2.201,-5.603,-1.642,6.645,1.89,-1.985,-1.523
2.646,6.121,-5.239,0.06,0.649,0.363,-4.55,-1.084,8.062,10.14,-5.752,2.609,-5.086,-1.976,7.056,1.907,-1.941,-2.088
3.134,6.499,-5.586,-0.135,-0.189,0.378,-3.371,-1.021,7.75,9.107,-5.539,1.724,-4.725,-1.746,7.047,2.167,-2.059,-2.038
2.171,6.23,-5.393,0.112,0.143,0.218,-3.834,-1.135,8.325,9.6,-6.047,2.61,-4.826,-1.499,7.515,2.093,-1.812,-1.456
2.421,5.861,-5.784,0.019,0.248,0.114,-3.341,-1.041,7.908,9.209,-6.013,1.925,-4.731,-1.136,6.883,2.326,-2.253,-1.533
2.664,6.278,-5.544,-0.071,0.346,1.101,-3.695,-1.263,7.822,9.669,-5.752,2.194,-4.808,-1.39,6.932,1.652,-2.091,-2.479
2.945,6.242,-5.682,0.118,-1.212,0.505,-3.794,-0.969,8.219,10.007,-5.833,2.338,-4.793,-1.156,6.61,2.146,-2.323,-1.893
2.427,6.433,-5.801,0.051,-0.264,0.117,-4.485,-0.979,7.978,9.458,-5.867,3.062,-5.415,-0.757,6.761,2.264,-1.902,-2.146
3.338,6.447,-6.308,-0.078,-0.325,0.736,-4.059,-1.454,8.662,9.31,-5.842,2.384,-4.513,-1.714,7.118,1.876,-2.445,-2.062
2.592,6.653,-6.067,0.151,0.043,0.742,-3.297,-0.969,7.807,9.956,-5.563,2.37,-4.767,-1.433,7.069,2.018,-1.677,-1.571
3.471,6.137,-5.562,-0.072,0.325,0.132,-3.466,-1.896,8.412,9.083,-5.87,2.018,-5.078,-1.266,6.889,2.162,-1.909,-1.857
2.981,6.365,-5.831,0.088,0.649,0.494,-3.736,-0.989,7.595,10.378,-5.944,2.168,-4.412,-1.853,6.724,2.498,-1.894,-2.181
2.297,5.951,-5.944,0.116,-0.34,0.388,-3.824,-1.117,7.65,9.737,-5.725,2.234,-5.29,-1.299,7.062,2.768,-2.046,-1.745
2.044,6.422,-5.377,0.203,0.843,0.347,-3.524,-1.0,7.723,9.393,-6.017,2.013,-5.188,-1.357,7.073,2.336,-2.113,-2.246
3.215,6.225,-5.516,-0.054,-0.331,0.226,-3.548,-2.153,7.008,9.742,-6.02,2.482,-5.062,-1.001,7.128,1.807,-2.206,-2.257
1.811,6.284,-5.963,0.149,-0.52,-0.009,-3.949,-1.306,6.992,9.464,-6.198,2.031,-4.573,-1.412,7.144,2.253,-1.747,-1.828
2.324,6.131,-5.567,-0.316,1.358,0.842,-2.513,-1.717,7.559,9.504,-5.863,2.382,-4.727,-1.856,7.142,2.175,-1.716,-1.661
3.068,6.106,-5.72,0.254,0.103,0.179,-3.411,-1.098,7.719,10.003,-5.881,2.517,-5.49,-1.278,7.13,2.493,-1.894,-1.855
2.447,5.95,-5.685,-0.129,1.782,1.284,-4.064,-1.531,7.367,9.655,-5.845,2.253,-5.589,-0.726,6.852,2.186,-2.242,-1.804
2.389,6.373,-5.236,-0.091,1.321,0.314,-2.51,-1.416,7.612,9.436,-5.888,2.153,-4.208,-1.517,6.425,2.091,-1.7,-2.231
2.612,6.401,-6.244,-0.284,-1.223,0.144,-2.919,-2.01,7.994,10.067,-6.079,2.247,-4.775,-0.876,6.828,2.474,-1.933,-2.001
2.276,6.145,-6.0,0.042,0.17,-0.078,-3.361,-1.329,8.108,10.135,-6.4,2.519,-4.965,-1.005,7.218,2.118,-1.719,-2.109
2.77,6.787,-6.173,-0.134,0.457,0.18,-3.467,-1.65,7.652,9.757,-5.542,2.458,-5.265,-0.821,7.143,2.395,-1.684,-1.992
2.749,6.243,-5.29,-0.418,0.302,-0.033,-3.466,-1.907,7.802,9.149,-5.624,2.673,-5.604,-0.962,7.246,2.332,-2.046,-1.848
2.731,5.87,-5.569,0.187,0.576,0.365,-3.275,-1.834,7.862,9.685,-5.88,2.106,-5.961,-1.186,6.566,1.936,-2.233,-2.08
3.077,6.107,-5.911,0.402,0.076,0.755,-3.063,-1.423,7.019,10.078,-6.107,2.457,-4.647,-1.534,6.733,2.193,-2.297,-2.14
2.871,6.4,-6.611,-0.189,0.842,0.344,-3.726,-1.216,8.062,9.406,-6.073,1.838,-5.843,-0.463,7.045,2.224,-2.063,-1.763
2.112,6.537,-6.078,0.029,-1.105,0.373,-3.081,-1.571,7.913,9.984,-5.952,2.468,-4.651,-0.868,6.908,2.306,-1.457,-2.167
2.573,6.511,-5.074,0.037,-0.434,0.729,-3.58,-1.224,8.186,9.806,-5.78,1.868,-5.348,-0.462,6.901,1.816,-1.952,-1.99
3.28,5.784,-5.028,0.496,0.649,0.379,-3.143,-1.719,7.776,9.933,-5.932,2.096,-4.641,-2.656,7.207,2.209,-2.214,-2.214
3.222,6.16,-5.715,0.204,0.41,0.421,-2.809,-1.753,8.107,9.363,-5.791,2.126,-4.672,-0.894,6.567,2.02,-1.772,-1.56
2.761,5.985,-5.657,0.075,0.263,1.036,-4.087,-1.068,7.359,10.303,-5.805,2.76,-5.766,-1.368,7.279,2.328,-1.985,-2.426
2.522,6.356,-5.739,-0.037,-0.18,0.242,-3.473,-1.647,8.072,9.377,-5.747,2.413,-4.85,-1.184,7.019,1.634,-2.394,-1.739
3.028,5.947,-6.086,-0.07,-0.393,0.974,-4.032,-0.88,8.545,9.614,-6.192,2.002,-5.659,-1.451,6.942,2.053,-2.252,-1.906
2.199,6.398,-6.249,0.17,0.341,0.422,-2.869,-2.128,7.744,9.525,-5.938,2.576,-5.232,-1.025,6.792,2.005,-2.05,-1.735
2.01,6.558,-5.713,0.073,0.856,0.053,-3.66,-1.27,7.649,9.904,-5.898,2.829,-6.095,-0.833,6.633,2.31,-1.663,-2.064
2.686,6.209,-5.348,0.077,1.284,-0.177,-3.07,-1.593,8.322,10.283,-5.797,2.184,-4.976,-1.289,6.478,2.352,-2.038,-1.627
2.819,6.465,-5.359,0.08,0.521,-0.801,-4.023,-0.702,7.699,9.214,-5.604,2.442,-5.921,-1.63,6.97,1.759,-2.044,-2.172
2.704,6.071,-5.433,-0.043,-0.398,-0.153,-3.78,-0.751,8.327,9.286,-6.042,2.748,-4.967,-1.696,6.912,2.376,-1.912,-1.912
2.866,5.883,-5.428,-0.098,0.265,1.369,-3.768,-1.419,7.448,9.098,-5.752,2.352,-5.148,-0.936,6.874,2.043,-2.331,-1.599
3.317,5.97,-5.4,0.115,0.509,0.459,-3.61,-1.108,7.873,9.462,-6.034,1.79,-5.927,-1.335,6.898,1.875,-1.829,-1.606
2.543,6.151,-6.286,-0.351,0.811,1.418,-3.11,-1.973,7.86,9.566,-5.173,2.66,-3.987,-1.704,6.874,2.119,-2.687,-2.6
2.438,6.374,-5.598,-0.104,-0.01,0.424,-3.798,-1.064,8.426,9.766,-6.073,2.331,-5.157,-1.196,7.204,2.226,-1.717,-1.864
3.355,6.334,-6.102,0.147,-0.463,0.116,-4.317,-0.906,7.556,9.46,-5.947,2.404,-5.362,-2.064,7.105,2.052,-1.805,-2.403
2.032,6.332,-5.523,-0.081,0.313,-0.084,-2.891,-1.731,8.212,9.576,-5.533,2.304,-5.02,-2.112,6.072,1.999,-2.072,-1.641
2.007,6.743,-6.002,-0.05,-0.07,-0.054,-3.757,-0.551,8.715,9.368,-5.906,2.35,-5.408,-1.606,6.918,1.991,-2.02,-2.203
2.924,5.982,-5.568,0.199,0.271,0.338,-4.055,-1.266,8.407,9.719,-5.799,1.949,-4.389,-0.658,6.937,2.423,-1.841,-1.611
2.457,6.264,-5.965,-0.255,0.677,0.546,-3.057,-0.818,7.957,9.331,-5.669,2.445,-5.814,-0.443,6.854,2.202,-2.594,-2.044
1.828,6.297,-5.622,0.069,-0.594,-0.224,-3.306,-1.082,7.624,10.451,-6.091,2.289,-5.418,-1.086,7.031,1.672,-1.809,-2.289
2.565,6.769,-5.613,0.229,0.504,0.099,-3.856,-1.372,7.6,9.315,-5.755,2.22,-5.108,-1.149,6.941,2.32,-2.233,-1.434
3.192,6.176,-6.126,-0.023,0.032,0.196,-2.912,-2.216,8.186,9.426,-5.996,2.648,-5.142,-1.204,6.618,2.466,-2.346,-1.897
2.33,5.835,-5.421,0.045,0.802,0.236,-4.604,-1.113,7.629,9.889,-5.598,2.605,-5.685,-2.098,7.151,2.121,-2.009,-2.18
3.145,6.412,-5.223,0.317,0.694,-0.607,-3.031,-1.646,8.161,9.627,-5.688,2.132,-4.712,-1.268,6.607,2.184,-1.795,-2.121
4.015,6.293,-5.667,0.33,0.374,0.664,-3.667,-1.101,8.778,9.312,-5.718,2.323,-4.411,-1.915,6.878,1.907,-2.047,-1.742
3.501,5.86,-6.029,-0.119,0.159,0.179,-2.526,-1.454,8.563,10.534,-5.782,2.242,-5.713,-1.435,6.624,2.34,-2.254,-1.822
2.162,6.359,-5.331,0.123,0.168,1.166,-3.212,-1.98,8.153,9.774,-6.089,2.487,-4.94,-1.732,6.867,1.909,-1.948,-1.729
2.21,6.402,-6.398,0.04,0.451,-0.069,-3.701,-0.956,6.999,10.177,-5.667,2.667,-5.472,-1.245,6.95,2.148,-1.649,-1.88
3.707,5.954,-5.749,-0.043,0.255,0.463,-3.76,-1.616,8.375,9.192,-6.137,2.624,-5.465,-1.544,6.438,2.373,-2.246,-2.594
2.293,5.824,-5.931,0.102,0.429,0.262,-4.27,-0.834,7.8,9.13,-6.045,2.569,-6.097,-1.314,6.867,1.739,-2.116,-2.585
2.334,6.385,-6.003,0.113,0.745,0.519,-4.166,-1.733,7.202,9.634,-6.018,2.483,-4.724,-0.984,7.117,2.121,-1.901,-2.024
2.15,6.486,-5.691,-0.121,-0.121,0.522,-3.857,-1.328,7.724,9.712,-6.098,2.223,-6.978,-1.381,6.399,2.135,-2.564,-1.467
2.3,6.182,-5.609,-0.266,0.178,-0.125,-2.528,-1.965,7.508,9.807,-5.968,2.338,-5.277,-1.255,7.132,1.808,-2.093,-2.324
2.647,6.277,-5.442,0.126,0.268,0.386,-3.517,-1.072,7.85,10.091,-5.915,1.759,-5.086,-1.258,6.081,2.051,-2.129,-1.902
1.863,6.265,-4.891,0.162,0.436,-0.148,-4.288,-1.623,8.006,9.253,-5.972,2.114,-5.854,-0.885,6.427,2.245,-2.277,-2.695
1.886,6.415,-5.318,0.431,0.11,0.787,-3.191,-1.275,7.193,9.939,-5.928,2.347,-5.066,-1.308,7.375,2.453,-1.7,-1.737
2.55,6.131,-5.87,-0.095,0.073,0.01,-4.579,-1.181,6.948,9.619,-5.85,2.649,-4.82,-1.192,7.177,1.982,-2.368,-1.794
2.322,6.099,-6.291,0.209,-0.023,0.955,-3.533,-1.644,8.381,9.589,-5.464,3.321,-5.348,-1.53,6.851,2.11,-2.106,-1.854
2.729,5.827,-5.428,-0.013,0.062,0.295,-4.138,-0.884,7.326,9.414,-5.824,2.292,-5.062,-1.716,6.715,2.346,-2.239,-2.042
3.669,6.285,-5.026,-0.406,0.292,1.249,-3.806,-0.983,8.121,9.867,-5.747,2.156,-5.284,-0.975,7.351,2.253,-2.429,-1.709
2.735,6.515,-5.63,-0.1,0.226,0.687,-3.962,-1.019,7.291,9.957,-6.059,2.37,-4.782,-2.031,7.05,2.341,-2.057,-2.122
2.956,6.219,-5.839,0.117,-0.014,0.583,-3.423,-1.05,7.58,10.011,-5.82,2.087,-4.828,-1.019,7.346,1.825,-1.921,-1.955
3.001,5.792,-4.864,-0.217,0.652,-0.446,-3.077,-1.333,8.293,10.089,-5.864,2.255,-5.175,-1.121,6.606,1.985,-1.913,-1.503
2.787,6.26,-5.517,-0.14,-0.669,0.492,-3.522,-0.887,8.389,9.765,-5.613,2.346,-4.818,-1.882,7.405,2.222,-2.269,-2.075
2.126,6.412,-5.5,-0.017,-0.112,0.352,-3.117,-1.038,8.305,9.057,-6.013,2.474,-5.219,-1.036,6.742,2.016,-1.938,-2.02
2.987,6.372,-4.893,-0.142,0.725,0.446,-3.893,-0.565,8.039,9.715,-5.578,2.002,-4.832,-0.919,6.425,2.575,-2.649,-1.797
3.827,6.202,-5.515,0.217,0.011,0.527,-3.92,-1.205,7.604,9.925,-5.907,2.183,-4.579,-0.778,6.56,2.253,-2.072,-1.457
3.177,6.338,-5.442,-0.242,0.08,0.302,-3.581,-1.183,7.893,10.201,-5.954,2.32,-4.485,-1.102,7.714,2.117,-1.98,-1.645
3.465,6.304,-6.007,0.224,-0.277,-0.047,-3.435,-1.597,7.945,9.274,-6.315,2.175,-5.17,-1.855,7.147,1.821,-1.788,-1.8
2.619,5.895,-5.545,-0.06,0.322,0.215,-4.725,-1.266,7.36,9.667,-5.851,2.05,-4.913,-1.305,7.154,2.248,-1.76,-1.781
1.888,7.054,-5.837,0.121,-0.313,0.717,-3.787,-1.333,8.077,9.47,-6.027,2.032,-4.395,-0.983,6.647,2.212,-2.434,-2.175
1.824,6.456,-5.462,-0.1,-0.138,-0.325,-3.112,-1.541,8.35,9.313,-5.292,2.017,-5.144,-1.191,6.586,1.673,-1.503,-2.157
2.761,6.397,-5.646,-0.071,-1.011,-0.046,-3.966,-1.264,8.144,9.67,-6.119,2.202,-5.473,-1.394,7.324,1.784,-1.894,-1.774
2.741,6.06,-5.293,0.145,0.853,0.183,-3.713,-0.745,7.954,10.005,-5.284,2.253,-4.798,-1.399,6.904,2.08,-2.01,-1.259
3.338,6.543,-5.183,-0.239,0.783,0.367,-2.534,-1.128,7.455,9.802,-5.984,3.184,-5.308,-1.633,6.924,2.271,-2.163,-1.66
2.761,6.197,-5.438,-0.071,-0.465,-0.22,-3.355,-1.009,7.608,9.825,-6.072,2.418,-5.186,-1.324,6.491,1.985,-1.878,-1.832
2.569,6.213,-5.905,0.296,0.587,-0.368,-3.292,-1.272,8.255,9.979,-5.971,2.449,-5.36,-1.561,6.88,1.728,-1.593,-1.71
2.869,6.374,-5.785,0.24,0.19,0.673,-3.471,-0.738,8.199,9.28,-6.08,2.313,-4.15,-1.859,6.947,2.382,-1.869,-1.879
2.194,6.464,-4.733,-0.011,-0.289,0.958,-3.478,-0.587,7.308,9.279,-6.102,2.075,-4.787,-2.155,7.293,2.067,-2.066,-1.463
2.334,5.978,-5.782,0.024,0.304,0.884,-3.172,-1.149,7.755,9.868,-5.847,2.544,-5.918,-2.147,6.558,2.336,-1.707,-1.996
2.506,6.461,-5.464,0.13,0.005,-0.007,-3.351,-1.685,7.861,10.194,-5.671,2.632,-5.709,-1.216,6.859,2.492,-2.394,-1.844
2.622,6.416,-5.637,-0.377,0.8,1.398,-4.095,-0.888,8.166,10.142,-6.061,1.989,-4.974,-1.199,7.503,2.142,-2.421,-2.1
1.577,5.945,-5.546,-0.131,0.25,-0.083,-3.892,-2.27,8.25,10.179,-5.453,1.939,-5.46,-1.524,6.832,2.229,-1.905,-2.159
2.89,6.125,-5.446,0.426,0.273,-0.325,-4.184,-1.132,7.347,10.042,-5.661,2.227,-4.171,-1.156,6.969,1.827,-2.183,-2.276
2.987,6.276,-5.45,-0.198,-0.059,0.609,-3.519,-0.929,8.387,9.817,-5.704,2.014,-4.607,-1.104,7.447,2.197,-2.377,-1.959
2.505,6.087,-5.841,0.145,-0.055,-0.056,-3.387,-1.454,8.023,9.18,-6.147,1.985,-4.81,-1.698,6.384,2.222,-2.102,-1.797
2.004,6.495,-5.333,-0.045,0.102,-0.156,-4.187,-1.182,7.934,9.664,-6.092,2.038,-4.158,-0.922,6.716,1.795,-2.676,-1.815
1.642,5.8,-5.994,0.188,0.007,0.561,-3.489,-1.598,8.384,9.746,-6.245,2.123,-4.763,-1.027,7.264,1.901,-1.786,-1.837
3.524,6.143,-5.406,-0.084,0.725,0.214,-3.465,-1.235,8.242,9.371,-5.925,2.402,-5.672,-1.185,6.586,1.902,-2.216,-2.444
3.318,5.694,-5.915,-0.016,0.448,0.18,-2.245,-1.278,7.574,9.687,-5.707,2.29,-4.814,-1.699,7.092,1.624,-1.955,-1.887
2.276,5.984,-6.013,0.079,1.778,0.165,-4.296,-2.161,7.737,9.725,-6.086,2.162,-4.338,-1.846,7.062,2.228,-2.485,-2.369
2.62,6.011,-5.938,-0.062,0.591,0.14,-3.701,-1.085,8.865,9.927,-5.87,1.667,-5.41,-2.024,6.631,2.134,-2.124,-1.925
3.132,6.335,-5.979,0.144,0.097,-0.127,-4.061,-0.973,7.971,9.673,-5.674,1.983,-5.901,-1.273,7.201,2.346,-1.802,-2.423
2.264,6.523,-5.978,0.429,0.726,0.368,-4.583,-1.158,8.174,9.081,-5.9,1.668,-5.529,-2.01,6.703,2.095,-1.939,-2.356
2.942,6.326,-5.243,0.013,-0.362,0.17,-3.497,-1.348,7.82,9.195,-5.538,1.993,-5.875,-1.985,7.176,2.075,-2.005,-1.735
3.277,5.649,-5.978,0.143,0.262,0.285,-3.106,-1.094,7.71,9.194,-5.931,2.981,-5.449,-1.84,6.966,1.933,-1.975,-2.452
3.278,5.878,-6.332,-0.022,0.236,0.371,-3.284,-1.24,7.762,9.288,-6.194,2.537,-4.777,-0.719,6.863,2.287,-1.976,-1.775
3.082,5.706,-5.695,-0.095,0.595,0.326,-4.109,-1.38,7.682,9.298,-5.776,1.944,-5.598,-2.288,7.185,2.172,-2.012,-1.726
2.594,6.229,-5.401,-0.025,0.512,-0.245,-3.743,-0.888,7.745,9.783,-5.838,1.982,-4.658,-1.191,6.912,2.261,-2.307,-1.626
2.173,5.862,-5.705,0.298,-0.024,-0.026,-3.448,-1.155,7.275,8.985,-6.131,2.518,-5.429,-0.832,6.584,1.726,-1.689,-2.107
2.465,6.001,-5.5,0.028,-0.397,0.57,-4.185,-1.227,7.794,9.441,-5.634,2.379,-4.296,-1.343,6.95,1.773,-1.998,-1.644
1.877,6.139,-5.27,-0.142,1.38,-0.222,-2.833,-0.784,8.074,9.352,-6.055,2.104,-5.105,-1.016,6.618,2.101,-2.145,-1.421
3.319,5.856,-6.45,-0.178,0.838,0.393,-3.797,-0.585,6.907,9.947,-6.116,2.051,-4.045,-1.745,6.634,2.007,-2.649,-1.913
2.0,6.311,-5.792,-0.039,-0.204,0.605,-4.577,-0.967,7.811,8.982,-6.238,2.537,-5.542,-1.815,7.359,1.794,-1.997,-2.164
2.97,6.175,-5.271,-0.276,0.029,0.713,-3.649,-1.646,7.825,9.74,-5.79,1.966,-5.137,-1.262,6.936,1.81,-1.877,-2.142
2.321,6.173,-6.021,-0.118,1.055,0.309,-3.822,-0.762,7.272,9.954,-6.266,2.177,-5.413,-1.066,6.815,2.243,-1.972,-2.035
3.417,5.663,-5.722,-0.225,0.413,0.404,-3.356,-0.852,8.891,9.96,-6.316,2.302,-5.522,-1.922,7.143,2.062,-1.75,-2.022
3.035,6.005,-5.864,0.325,-0.017,0.03,-3.032,-0.834,8.471,9.71,-5.491,1.561,-5.725,-1.675,7.399,2.115,-2.531,-2.499
2.743,6.464,-5.305,0.066,0.518,0.466,-3.728,-0.752,7.639,9.96,-5.689,2.345,-6.155,-1.46,7.165,2.25,-1.796,-1.209
2.56,6.604,-5.504,0.035,0.351,0.442,-3.727,-1.1,7.123,9.426,-6.041,2.109,-4.107,-1.278,6.955,2.93,-2.571,-2.196
2.885,6.276,-5.975,0.156,0.496,0.614,-3.595,-2.085,7.52,10.149,-5.691,2.259,-5.719,-1.605,7.704,1.939,-1.941,-2.102
3.282,6.1,-5.759,-0.133,0.394,0.074,-4.042,-0.964,7.714,9.355,-5.683,2.75,-5.338,-1.23,6.624,2.213,-1.962,-1.722
3.702,6.324,-5.327,0.173,-0.004,0.471,-3.161,-1.255,8.0,9.583,-6.017,2.684,-5.576,-1.523,7.101,2.294,-1.989,-1.986
1.795,6.203,-5.339,-0.032,0.412,0.448,-3.191,-1.345,8.535,10.162,-6.087,2.431,-5.976,-1.414,6.34,2.34,-1.6,-1.872
3.389,6.293,-6.199,-0.196,0.623,0.527,-4.461,-1.307,8.27,9.131,-5.795,2.69,-5.284,-1.159,7.337,2.123,-2.127,-2.188
1.934,6.031,-6.07,0.059,0.723,1.058,-3.733,-0.665,7.562,8.826,-5.801,2.228,-6.205,-1.744,7.345,1.776,-1.818,-2.037
1.936,6.155,-5.848,0.316,0.374,0.344,-3.63,-0.948,7.753,9.704,-6.017,2.105,-5.22,-0.88,6.826,2.103,-1.822,-2.087
2.071,6.539,-5.659,-0.236,-0.452,0.613,-3.663,-0.764,7.767,9.245,-6.023,1.846,-4.683,-1.419,6.959,2.017,-1.736,-2.165
3.341,6.308,-6.117,0.217,-0.336,0.795,-4.134,-1.519,8.581,10.186,-5.876,2.174,-4.866,-1.344,6.602,2.295,-2.225,-1.586
2.497,6.146,-5.318,0.37,0.562,0.479,-3.255,-1.346,7.542,9.968,-5.513,2.552,-5.607,-0.65,7.344,1.929,-2.097,-2.367
2.499,6.27,-5.283,-0.366,0.221,0.296,-3.826,-0.564,7.199,9.744,-5.713,2.171,-4.92,-2.019,7.108,2.292,-1.591,-2.103
2.335,6.373,-5.888,-0.041,0.01,0.491,-4.095,-1.412,8.082,9.614,-5.57,1.953,-5.791,-1.581,7.055,2.155,-1.714,-2.011
2.3,6.115,-5.37,0.289,-0.105,-0.372,-3.082,-1.135,8.204,10.025,-5.749,1.791,-5.033,-1.177,6.635,1.808,-1.793,-2.43
2.48,6.704,-5.039,-0.127,-0.701,0.488,-2.468,-1.018,7.825,9.485,-5.317,2.674,-4.981,-1.398,6.752,1.766,-1.825,-2.041
3.373,6.233,-5.093,-0.256,0.63,0.718,-3.053,-2.259,7.67,9.456,-5.535,2.414,-5.4,-0.908,6.94,2.013,-2.423,-1.678
2.041,5.911,-5.75,0.172,-0.111,0.454,-4.141,-0.425,7.937,9.374,-5.598,2.364,-4.748,-0.562,7.173,2.058,-1.797,-2.313
3.284,6.323,-5.561,0.528,-0.396,-0.236,-4.056,-1.25,7.564,9.77,-5.896,2.647,-5.843,-1.332,6.834,2.006,-2.354,-1.987
3.026,6.085,-5.546,0.077,-0.667,1.56,-5.281,-0.885,7.999,10.024,-5.721,2.196,-5.18,-1.048,7.257,1.864,-1.941,-2.179
2.961,6.192,-5.559,-0.087,0.592,0.963,-2.8,-1.435,7.91,8.996,-6.08,2.17,-5.251,-1.665,7.08,2.293,-2.181,-1.773
2.899,6.281,-5.716,-0.061,0.146,0.596,-3.25,-1.44,8.059,9.873,-5.466,2.43,-4.852,-1.094,6.738,2.509,-2.088,-2.219
2.779,6.07,-5.735,0.124,-1.055,0.55,-3.189,-1.496,8.454,9.859,-6.028,2.362,-4.694,-1.323,6.987,2.272,-2.139,-1.745
2.811,6.212,-5.715,-0.151,0.447,-0.141,-3.178,-1.184,7.946,9.777,-6.006,2.397,-4.602,-1.687,6.724,2.185,-1.968,-1.32
2.926,6.039,-5.441,0.088,0.298,0.523,-3.568,-0.918,7.61,9.145,-5.839,2.153,-5.88,-1.397,6.646,2.756,-1.728,-1.783
2.918,6.386,-6.165,0.296,-0.227,0.585,-4.037,-1.272,7.982,9.267,-5.697,2.098,-4.555,-2.251,7.02,2.182,-1.901,-2.592
2.219,6.32,-5.933,0.196,0.748,-0.312,-4.113,-0.961,8.275,9.653,-6.021,1.813,-5.155,-0.855,6.631,2.102,-1.778,-2.013
2.876,6.374,-5.093,-0.029,0.292,0.639,-3.794,-1.346,7.861,10.058,-6.009,2.6,-5.005,-1.939,6.852,1.913,-1.914,-1.904
3.577,6.363,-5.212,0.003,0.507,0.754,-3.701,-0.613,7.994,9.296,-6.015,1.985,-4.899,-0.88,7.07,1.838,-1.553,-1.55
2.655,6.253,-5.691,0.215,-0.167,-0.384,-2.35,-0.956,7.824,9.575,-5.965,2.517,-5.324,-1.921,7.401,2.287,-2.41,-1.984
2.694,5.939,-5.463,-0.04,0.331,0.429,-2.993,-1.367,7.704,10.158,-6.055,2.158,-4.775,-1.554,6.927,2.07,-2.491,-1.727
3.148,6.576,-6.174,0.157,-0.063,0.077,-3.409,-0.765,7.637,9.872,-5.907,1.972,-5.88,-0.399,7.546,2.17,-2.149,-1.753
2.547,6.139,-5.522,-0.297,-0.083,0.33,-4.285,-1.234,7.939,9.431,-5.623,2.185,-5.137,-1.306,7.101,2.247,-2.334,-1.635
3.364,6.104,-5.054,0.056,-0.271,0.513,-3.387,-1.224,8.136,9.685,-5.935,2.982,-5.817,-1.336,6.681,1.912,-1.925,-1.939
3.966,6.433,-5.323,-0.36,-0.427,0.355,-2.728,-0.968,8.109,10.172,-5.812,1.97,-5.852,-0.719,7.112,2.057,-1.658,-1.966
2.939,6.414,-5.818,0.062,-0.018,0.508,-3.602,-0.99,7.932,9.582,-5.952,2.564,-5.31,-0.581,6.873,2.457,-2.173,-1.962
2.89,6.985,-5.859,-0.234,0.174,1.257,-3.449,-1.452,7.613,9.574,-5.846,2.92,-5.126,-1.377,6.716,2.363,-2.197,-1.454
2.716,6.243,-5.605,0.221,-0.472,0.292,-4.404,-0.987,8.237,8.807,-6.001,2.002,-5.661,-1.192,6.754,2.239,-1.976,-1.814
2.782,6.552,-5.86,0.127,1.058,0.949,-4.281,-1.219,8.093,9.356,-6.123,2.64,-5.431,-1.129,6.491,2.179,-2.017,-1.945
2.209,6.026,-5.759,-0.001,-0.812,0.938,-3.317,-0.554,7.881,9.225,-5.956,2.402,-5.068,-1.524,7.282,2.129,-1.891,-2.132
2.778,6.117,-6.216,-0.104,0.107,-0.835,-4.213,-1.414,8.351,9.893,-5.99,1.936,-5.234,-2.201,7.066,2.481,-1.645,-2.305
2.805,6.327,-5.474,-0.114,0.125,0.673,-2.69,-1.361,7.337,9.143,-5.628,2.692,-5.079,-1.524,7.091,1.998,-2.236,-1.588
2.635,6.069,-6.293,-0.419,0.262,1.32,-4.61,-1.856,7.825,9.945,-5.979,1.816,-6.047,-1.441,6.655,2.335,-1.841,-2.341
2.262,6.393,-4.869,-0.207,-0.81,0.263,-3.27,-0.714,7.67,9.702,-6.003,2.097,-4.569,-2.255,6.946,2.376,-2.061,-1.884
2.9,6.161,-5.481,-0.155,0.343,0.925,-2.648,-1.562,7.527,9.371,-5.907,2.489,-4.773,-1.224,7.065,2.277,-2.25,-2.554
3.558,5.968,-5.953,-0.273,-0.923,-0.181,-3.568,-1.65,8.576,9.188,-6.129,1.526,-4.56,-1.665,6.892,2.624,-2.165,-1.933
2.387,6.555,-5.301,0.007,0.473,-0.292,-3.697,-0.296,7.3,9.23,-6.114,2.263,-5.546,-1.599,6.335,2.203,-2.178,-2.192
3.013,6.661,-5.764,0.147,-0.212,0.268,-3.505,-1.122,7.713,9.46,-5.834,1.834,-4.974,-2.026,6.969,2.284,-2.202,-1.992
1.93,5.859,-5.615,-0.171,0.34,0.803,-3.801,-1.027,7.748,9.669,-5.879,2.29,-5.429,-1.245,6.718,1.826,-2.229,-1.648
2.846,6.142,-5.841,0.262,-0.513,-0.081,-3.977,-1.201,7.825,10.308,-6.248,2.074,-4.926,-1.478,6.531,1.998,-1.969,-3.045
3.938,5.89,-5.42,0.038,0.063,-0.092,-3.968,-0.826,8.439,9.412,-6.01,2.801,-5.175,-1.926,7.185,2.503,-2.405,-1.509
2.517,5.881,-5.569,0.142,0.837,0.986,-3.104,-1.541,8.373,9.888,-5.698,1.795,-5.195,-1.155,6.733,2.215,-2.327,-2.173
3.051,6.498,-5.911,0.075,0.31,0.182,-3.777,-0.286,7.605,10.573,-5.801,2.168,-5.26,-1.852,7.244,2.371,-2.551,-1.476
2.0,6.055,-5.922,-0.125,0.835,0.567,-4.25,-1.82,8.063,10.213,-5.614,1.802,-5.765,-1.51,7.219,2.532,-2.479,-1.723
2.916,6.29,-5.13,0.187,-0.205,0.761,-2.074,-0.755,8.095,9.619,-5.94,2.51,-5.725,-1.094,6.531,2.008,-1.914,-2.262
2.291,6.485,-5.762,0.149,-0.466,0.36,-3.435,-1.212,7.858,9.964,-5.901,2.373,-5.342,-1.722,6.719,2.109,-2.038,-1.486
1.956,5.975,-5.42,-0.116,-0.097,0.113,-2.955,-1.197,7.87,9.149,-5.686,2.56,-6.014,-0.807,6.378,2.023,-2.167,-1.803
2.414,6.282,-5.235,0.319,-0.21,0.086,-4.719,-1.204,7.892,9.983,-5.708,2.451,-4.52,-1.696,6.997,2.122,-2.161,-2.071
3.375,6.321,-5.875,-0.165,-0.834,0.398,-2.559,-1.586,8.183,9.871,-6.129,2.131,-5.455,-1.208,6.887,2.362,-2.297,-1.208
2.078,5.971,-5.882,-0.275,0.005,-0.034,-3.638,-1.155,8.039,9.614,-5.384,2.412,-4.774,-1.757,6.852,2.249,-2.521,-1.45
2.607,5.909,-5.743,0.102,0.921,0.509,-2.79,-2.045,8.625,9.055,-5.628,2.406,-5.442,-1.6,6.757,2.025,-2.315,-1.993
2.537,6.586,-4.852,-0.119,-0.674,0.26,-4.083,-1.207,7.844,9.546,-6.342,2.493,-4.608,-0.874,7.331,2.471,-2.315,-2.598
4.0,6.09,-5.169,-0.095,0.029,0.502,-4.13,-1.601,7.688,9.936,-5.744,2.391,-4.668,-1.742,7.139,2.103,-2.27,-2.364
2.648,6.272,-4.869,0.102,-0.205,0.629,-3.145,-0.541,7.851,9.895,-6.157,2.328,-5.476,-1.549,6.634,2.054,-2.066,-1.738
3.013,5.815,-5.974,-0.002,-0.065,0.384,-3.053,-1.486,8.027,9.775,-6.486,2.458,-5.047,-1.04,6.721,2.109,-2.438,-1.492
3.376,6.445,-5.617,0.045,0.88,0.159,-2.754,-0.596,7.96,10.214,-5.894,2.443,-4.514,-1.614,6.936,2.306,-1.912,-2.101
3.046,6.49,-5.851,0.125,-0.507,0.034,-3.703,-1.236,7.856,9.306,-6.041,2.304,-4.388,-0.909,6.139,1.976,-2.162,-1.747
2.047,5.938,-5.621,0.421,-0.122,0.601,-3.908,-0.923,7.951,9.218,-6.006,2.188,-5.343,-0.843,7.334,2.527,-1.967,-1.896
2.237,6.181,-5.539,-0.147,1.57,0.392,-3.783,-0.979,8.057,8.909,-5.7,2.472,-5.944,-1.437,7.163,2.591,-2.02,-2.027
2.914,6.08,-5.955,0.104,0.602,0.329,-3.357,-1.446,7.986,9.725,-5.814,2.193,-5.542,-2.374,6.61,2.439,-1.826,-2.104
3.372,6.221,-5.411,-0.41,0.047,-0.065,-2.962,-0.867,7.968,8.673,-5.999,2.727,-5.17,-1.327,7.368,2.079,-2.05,-1.913
3.959,5.68,-6.123,0.279,-0.433,0.103,-3.224,-1.65,7.742,9.16,-5.715,1.574,-5.273,-1.214,7.046,2.122,-2.061,-2.118
3.523,6.278,-5.489,-0.169,-0.054,0.505,-4.081,-1.104,7.582,9.877,-5.837,2.746,-4.405,-1.106,7.133,2.026,-1.919,-2.281
3.174,6.111,-5.524,-0.449,0.195,0.228,-3.429,-0.65,7.239,9.107,-5.968,1.653,-4.774,-1.556,6.424,2.127,-2.113,-1.375
2.934,6.097,-5.739,-0.081,-0.69,0.342,-2.919,-0.729,7.212,9.293,-5.909,2.029,-4.181,-1.318,7.181,2.339,-1.94,-2.159
1.673,6.473,-5.17,0.073,0.466,-0.295,-3.999,-1.125,7.481,9.538,-6.061,2.437,-5.307,-0.479,6.89,1.737,-1.864,-2.428
2.242,6.075,-6.061,-0.171,0.986,0.76,-2.775,-0.901,7.963,10.088,-5.765,1.87,-5.43,-1.868,7.222,2.087,-1.757,-1.733
2.954,5.897,-5.611,0.217,-0.5,0.415,-3.932,-1.986,8.132,9.623,-5.889,2.471,-5.686,-1.252,6.467,2.092,-1.641,-2.186
2.575,5.896,-4.916,-0.113,-0.092,0.672,-3.374,-0.512,8.258,9.395,-6.119,2.163,-5.068,-1.218,7.227,1.902,-2.309,-2.206
3.058,6.037,-6.146,0.075,0.38,0.665,-3.578,-1.046,8.058,10.017,-6.031,1.642,-6.339,-1.219,6.779,2.232,-2.031,-2.233
2.857,5.99,-5.571,0.188,0.895,0.504,-4.0,-0.41,8.513,9.604,-5.515,2.816,-4.229,-1.437,7.13,2.472,-2.088,-1.951
3.011,6.163,-5.761,0.065,-0.595,0.897,-3.596,-1.198,7.181,9.95,-5.798,2.349,-4.668,-0.94,6.732,2.694,-2.286,-1.484
3.728,5.833,-5.787,-0.154,0.278,0.264,-4.295,-0.845,8.12,10.011,-5.895,2.616,-4.729,-0.675,7.092,2.255,-2.408,-2.107
2.931,6.116,-5.144,-0.14,0.222,-0.273,-3.996,-1.224,7.921,9.046,-5.642,2.063,-5.237,-1.516,6.519,1.94,-2.178,-1.964
3.205,6.401,-6.033,0.052,0.289,0.543,-2.08,-1.129,7.605,10.001,-5.59,2.157,-4.901,-1.575,6.482,2.078,-2.232,-1.529
2.666,6.214,-5.35,0.182,0.236,0.051,-3.003,-1.5,8.0,9.568,-5.696,2.4,-5.028,-1.505,7.519,2.282,-2.207,-1.347
1.892,5.704,-5.822,0.473,-0.715,0.218,-3.63,-1.618,8.287,9.666,-5.703,2.589,-5.533,-0.096,6.685,2.105,-1.816,-2.161
2.654,6.293,-5.812,-0.131,0.161,0.951,-4.044,-0.961,7.891,9.717,-5.648,1.757,-5.905,-1.658,6.615,2.216,-1.817,-2.511
2.91,6.306,-5.925,-0.069,1.263,-0.182,-3.291,-0.764,8.026,9.59,-5.635,2.28,-4.998,-0.43,7.164,1.729,-2.203,-1.496
2.938,6.195,-5.616,0.091,-0.625,0.034,-3.972,-1.144,8.192,9.615,-6.106,2.536,-4.93,-0.958,6.346,2.322,-1.924,-2.263
2.288,5.984,-5.325,-0.147,-0.041,0.219,-2.743,-0.145,8.046,9.742,-5.678,2.186,-5.113,-1.111,6.676,2.244,-1.751,-1.566
2.535,6.248,-6.198,0.075,-0.105,0.51,-3.676,-1.071,7.765,10.343,-5.912,2.778,-4.544,-1.101,6.94,2.221,-1.979,-2.221
2.417,6.621,-5.231,-0.337,0.416,0.613,-3.692,-1.466,7.926,9.988,-5.984,1.835,-5.515,-1.71,6.94,2.458,-2.121,-2.041
2.281,6.407,-5.563,-0.091,-0.55,-0.164,-3.925,-1.425,7.996,9.619,-5.912,2.324,-5.269,-1.47,7.423,2.268,-2.089,-2.274
2.356,6.147,-6.386,-0.202,0.582,0.371,-3.965,-0.712,7.222,9.393,-5.557,1.896,-4.347,-1.854,6.584,2.064,-1.994,-1.618
1.888,6.26,-5.622,0.107,0.036,0.673,-3.379,-1.29,8.525,10.086,-6.214,2.367,-5.302,-1.57,7.118,2.055,-2.304,-2.28
3.109,5.99,-5.566,-0.114,-0.28,1.15,-2.82,-1.039,7.491,9.584,-6.247,2.503,-4.851,-2.349,6.992,2.112,-1.893,-2.292
2.777,5.783,-6.09,0.132,1.055,1.053,-3.22,-1.629,8.126,9.573,-5.974,2.702,-4.896,-1.108,7.023,1.966,-2.204,-2.059
2.273,6.282,-5.474,0.447,0.425,0.049,-3.353,-1.195,8.459,9.804,-5.672,2.285,-5.041,-1.606,7.533,2.044,-1.716,-1.956
2.388,6.294,-5.149,0.147,-0.011,-0.013,-4.203,-1.202,7.645,9.433,-5.693,2.594,-4.945,-1.681,6.978,1.994,-2.425,-1.91
3.109,5.924,-5.23,-0.119,-0.196,-0.262,-3.526,-1.005,7.548,9.245,-5.641,2.252,-5.849,-1.967,7.009,2.226,-2.57,-1.51
3.093,6.122,-5.773,-0.211,0.99,0.698,-3.228,-1.358,7.813,10.117,-6.148,2.293,-5.043,-1.803,6.413,1.725,-2.101,-1.95
3.64,6.156,-5.41,-0.248,0.37,0.149,-3.935,-1.347,8.564,10.084,-6.329,2.251,-5.545,-1.703,6.837,2.174,-1.544,-2.324
3.123,5.977,-6.188,-0.098,-0.014,0.089,-3.855,-2.151,7.646,9.72,-5.791,2.596,-5.865,-1.254,6.971,2.389,-2.16,-2.347
2.775,5.941,-5.697,0.158,-0.24,0.421,-4.076,-1.549,7.82,9.91,-5.848,2.339,-5.436,-1.459,7.445,1.974,-2.037,-1.761
3.767,6.29,-5.653,0.075,1.041,0.273,-2.987,-1.151,8.288,9.579,-5.886,2.026,-5.288,-1.538,6.761,2.13,-1.869,-2.462
2.114,5.867,-5.372,-0.066,-0.433,-0.035,-2.972,-1.189,7.873,9.368,-5.942,2.243,-4.903,-0.532,6.951,2.268,-2.666,-2.187
2.02,6.348,-5.786,0.118,0.406,0.565,-3.44,-1.765,8.234,10.064,-5.519,2.768,-5.073,-1.275,7.04,1.994,-2.56,-1.616
3.315,6.813,-5.427,0.217,0.022,-0.044,-4.034,-1.177,8.054,9.952,-5.875,2.122,-4.332,-1.058,6.836,2.169,-2.609,-1.857
2.253,6.037,-5.345,-0.204,0.077,0.757,-3.483,-1.983,7.661,9.756,-5.612,2.782,-4.251,-1.387,7.223,2.231,-2.373,-2.145
2.722,6.07,-5.392,-0.016,0.421,0.535,-3.831,-1.328,7.534,9.66,-5.596,2.152,-4.926,-1.717,6.611,1.819,-1.992,-1.389
2.693,6.08,-5.739,0.001,0.219,0.55,-3.47,-0.771,8.585,9.547,-5.864,2.271,-5.964,-1.32,6.716,2.278,-1.965,-1.815
3.044,6.403,-5.648,0.094,-0.282,0.583,-2.757,-1.089,7.881,9.783,-5.675,1.828,-5.226,-1.383,6.438,1.973,-1.987,-2.066
2.806,6.471,-5.527,0.024,-0.089,0.874,-3.47,-1.172,7.938,9.63,-6.0,2.694,-4.015,-1.305,6.883,2.33,-1.627,-1.997
1.906,6.246,-5.595,0.418,0.018,0.728,-3.413,-1.95,7.827,9.769,-5.955,2.113,-5.711,-1.785,6.989,1.869,-2.196,-1.96
1.61,6.483,-5.915,-0.032,0.274,0.775,-2.936,-1.327,7.462,9.397,-5.793,2.833,-5.358,-1.512,7.295,1.945,-2.143,-1.732
2.592,6.469,-5.442,0.05,0.343,-0.077,-4.652,-1.62,7.527,9.454,-5.975,2.521,-4.75,-1.376,6.833,2.193,-1.936,-1.87
2.78,6.198,-6.413,0.263,0.687,0.053,-3.57,-1.017,7.835,10.851,-5.833,2.209,-5.091,-0.974,6.875,2.398,-1.751,-1.875
3.113,6.443,-5.066,0.348,0.372,0.102,-3.79,-1.461,7.371,9.433,-5.981,2.38,-5.246,-0.944,6.933,2.071,-1.914,-2.042
2.701,6.476,-5.676,0.348,1.363,0.272,-2.77,-1.852,7.89,10.038,-5.756,2.518,-5.165,-1.443,6.522,2.228,-2.098,-1.728
2.777,6.49,-5.368,0.03,0.443,0.498,-3.932,-1.475,7.649,9.564,-6.388,2.295,-5.194,-2.349,7.011,2.47,-1.507,-1.991
2.127,6.701,-5.12,0.107,0.976,0.921,-3.878,-1.517,7.277,9.71,-5.97,1.851,-4.51,-1.599,6.951,2.147,-2.495,-2.268
2.414,6.291,-5.857,-0.474,-0.245,0.321,-3.319,-0.809,7.133,10.004,-6.011,2.227,-5.304,-1.341,6.903,2.303,-2.106,-1.754
3.354,6.721,-6.179,0.047,0.664,0.086,-4.767,-0.389,7.917,9.462,-5.55,2.712,-4.412,-1.528,6.949,2.014,-2.088,-2.095
1.562,6.664,-5.429,-0.205,0.558,0.181,-4.481,-1.487,7.38,9.965,-5.91,2.099,-4.723,-1.061,6.853,2.323,-2.074,-1.88
2.986,6.466,-5.435,0.098,1.319,0.101,-3.297,-1.778,8.085,9.689,-5.914,2.125,-4.386,-1.185,7.001,2.245,-1.919,-1.798
1.21,6.087,-5.65,-0.108,-0.633,0.013,-3.552,-1.264,7.59,9.57,-5.965,2.767,-4.971,-1.622,6.813,2.33,-1.91,-1.533
2.405,6.147,-5.746,-0.085,0.847,0.637,-3.247,-1.329,7.05,9.999,-5.682,2.165,-6.069,-1.033,6.601,2.099,-2.28,-2.157
3.133,6.096,-5.961,-0.218,0.322,0.272,-3.889,-1.199,7.14,9.549,-6.109,2.442,-4.772,-0.558,7.201,2.043,-1.689,-2.542
2.604,5.908,-5.237,0.008,0.247,0.189,-3.049,-1.563,7.231,9.872,-6.212,1.731,-5.765,-1.938,7.259,2.346,-1.893,-2.107
2.547,6.554,-5.272,0.08,1.108,0.82,-3.39,-1.882,7.786,9.996,-5.731,2.358,-4.824,-0.914,7.301,2.004,-2.213,-1.732
2.459,5.987,-5.634,0.002,-0.255,0.827,-3.386,-0.937,7.503,9.328,-5.753,2.641,-5.454,-2.138,6.883,2.123,-1.739,-2.061
1.78,6.287,-5.346,0.187,0.317,-0.223,-3.696,-2.312,7.714,9.518,-5.923,2.306,-4.598,-1.426,7.164,2.115,-2.437,-2.12
3.44,6.313,-5.468,0.078,-1.504,0.476,-3.241,-1.554,7.542,9.752,-5.874,2.183,-5.443,-0.34,6.292,1.986,-1.998,-1.874
2.053,6.608,-5.155,-0.111,-0.819,0.874,-3.94,-0.333,7.582,9.682,-5.575,2.403,-5.722,-1.46,7.111,2.292,-1.943,-2.414
2.938,6.03,-5.932,0.242,0.805,0.492,-3.899,-1.508,7.328,9.248,-6.278,2.619,-6.213,-1.07,7.201,2.115,-2.126,-1.982
2.591,6.132,-5.55,0.19,0.843,0.517,-2.587,-1.912,8.418,9.807,-6.297,2.35,-5.015,-1.673,6.61,2.127,-2.256,-1.903
3.332,6.245,-5.552,-0.334,0.458,0.113,-4.543,-1.621,8.009,9.417,-5.459,2.198,-5.751,-1.041,7.217,2.196,-2.431,-2.068
2.575,6.376,-6.08,0.041,-0.587,0.203,-3.999,-0.849,7.247,9.131,-5.789,2.767,-5.132,-1.372,7.169,2.388,-2.156,-1.744
2.555,6.501,-5.833,-0.245,0.159,0.588,-3.74,-0.994,8.633,9.897,-6.096,2.661,-5.601,-0.705,6.657,2.346,-2.266,-2.077
3.2,6.759,-5.897,0.065,0.366,0.52,-3.32,-0.71,8.081,10.065,-5.604,2.904,-5.176,-1.1,7.583,2.197,-2.249,-2.114
2.518,6.649,-5.642,-0.23,-0.291,0.709,-3.082,-1.3,8.203,9.574,-6.229,1.81,-5.087,-1.372,7.081,1.855,-2.223,-1.937
2.72,5.69,-5.57,0.098,0.303,1.13,-3.878,-1.677,7.62,9.617,-5.824,2.253,-5.251,-1.091,7.25,2.117,-2.156,-1.322
3.128,6.464,-5.734,0.149,1.02,0.895,-3.515,-1.312,7.255,9.893,-5.684,1.946,-5.487,-1.928,7.323,1.951,-2.05,-1.848
2.318,6.082,-5.653,-0.042,-0.169,0.494,-3.122,-0.694,8.639,10.269,-5.775,2.6,-5.454,-1.098,6.932,1.965,-2.418,-2.15
3.078,6.14,-5.969,-0.079,-0.339,0.674,-3.929,-1.071,7.574,9.823,-6.071,2.317,-5.694,-1.447,6.901,2.345,-2.388,-1.909
2.342,6.727,-5.556,-0.344,-0.077,0.79,-3.104,-1.544,7.701,9.666,-5.64,2.537,-5.624,-1.0,6.668,2.068,-2.119,-1.901
3.062,6.277,-6.117,0.007,1.161,0.108,-4.409,-1.153,8.226,9.755,-5.435,2.515,-6.27,-1.082,7.154,1.785,-1.844,-1.942
3.774,6.102,-5.651,0.39,-0.048,0.527,-3.544,-1.531,7.521,9.905,-5.985,2.066,-5.401,-1.253,7.542,2.365,-2.12,-1.841
3.094,6.596,-6.172,0.391,-0.359,1.251,-4.032,-1.133,7.24,9.846,-5.501,2.707,-4.994,-1.356,7.459,2.195,-1.837,-1.593
2.941,6.148,-5.79,-0.2,-0.004,0.074,-3.641,-1.151,8.013,9.207,-5.914,2.258,-4.443,-1.492,7.207,2.162,-2.338,-2.657
2.226,6.049,-5.797,0.143,0.577,0.63,-3.992,-1.138,8.447,9.891,-5.909,2.142,-5.502,-1.503,7.152,1.806,-2.248,-2.327
3.656,6.523,-5.742,0.283,-0.689,0.335,-2.929,-1.227,7.93,10.022,-5.999,2.265,-5.291,-1.729,7.056,2.141,-1.908,-2.167
2.388,6.013,-5.585,-0.045,0.527,-0.301,-3.727,-0.895,7.749,9.067,-6.165,2.635,-6.132,-1.047,7.387,1.984,-2.078,-1.316
3.177,6.218,-5.748,-0.245,-0.267,1.023,-3.92,-1.5,7.231,9.233,-5.873,1.594,-4.828,-2.035,6.542,2.435,-2.555,-1.996
2.705,6.496,-5.923,-0.16,-0.421,0.908,-2.954,-1.206,8.178,9.478,-6.014,1.977,-5.187,-2.218,7.099,1.878,-1.933,-2.502
1.977,5.838,-5.315,0.087,-0.238,-0.181,-3.62,-1.748,7.966,9.804,-5.966,2.349,-5.284,-2.13,6.722,1.753,-2.484,-2.17
1.979,6.369,-5.128,0.117,0.441,0.386,-3.002,-0.691,7.751,9.732,-5.445,2.479,-5.852,-1.263,7.307,2.189,-2.738,-2.186
2.458,6.29,-5.219,0.325,-0.084,0.282,-3.576,-1.108,8.203,8.772,-5.829,2.407,-5.258,-0.229,6.809,1.703,-2.318,-1.661
2.385,6.116,-6.046,0.009,0.368,0.228,-4.013,-1.313,7.76,9.754,-5.78,2.117,-5.17,-0.564,6.448,1.844,-2.346,-1.86
2.912,6.24,-5.644,0.153,-1.059,-0.108,-3.695,-0.893,7.845,9.822,-6.136,2.457,-4.194,-1.36,6.745,2.156,-2.46,-2.103
3.479,6.415,-6.329,0.224,0.561,0.765,-4.609,-0.33,7.825,9.958,-6.028,2.242,-4.651,-0.853,7.392,2.556,-2.085,-2.116
3.538,6.657,-5.405,0.123,0.281,0.967,-4.365,-1.597,7.882,9.982,-6.236,2.138,-5.713,-1.213,6.644,2.205,-1.572,-1.88
3.093,6.397,-5.476,-0.108,0.022,0.319,-3.672,-1.046,8.133,9.847,-5.803,2.176,-4.709,-1.446,6.856,2.43,-1.781,-1.534
3.54,6.56,-5.132,0.169,0.054,0.909,-2.8,-2.018,7.798,9.614,-6.16,2.272,-5.828,-1.122,7.301,1.817,-1.742,-2.01
3.316,5.717,-5.004,0.136,0.383,0.093,-3.463,-1.225,8.701,9.28,-6.374,2.771,-5.362,-1.351,6.953,1.903,-2.17,-2.258
3.62,7.132,-5.091,-0.132,0.306,0.38,-2.513,-0.918,8.178,9.984,-6.206,2.444,-5.409,-1.209,7.448,2.124,-2.295,-2.49
2.918,6.323,-5.873,0.198,-0.15,0.233,-2.576,-0.949,7.467,9.699,-5.568,2.544,-4.784,-0.947,6.731,2.294,-1.856,-2.101
2.595,5.951,-5.062,-0.097,0.331,0.236,-3.218,-0.77,7.415,9.358,-6.039,2.858,-4.904,-0.814,7.014,2.026,-2.139,-2.341
2.912,6.606,-5.899,0.421,0.292,0.353,-3.58,-1.709,7.736,9.686,-5.921,2.553,-4.928,-0.872,7.108,2.118,-2.058,-2.027
3.472,6.151,-5.44,-0.248,0.259,-0.492,-3.714,-1.626,7.332,9.795,-5.835,2.942,-4.483,-0.967,6.977,2.041,-2.071,-1.996
2.675,6.26,-6.074,0.345,0.061,0.92,-3.216,-1.59,7.387,9.075,-6.22,2.577,-5.422,-0.812,6.709,2.081,-2.093,-2.291
2.58,6.36,-5.505,0.33,0.466,0.168,-3.353,-1.317,8.138,9.66,-5.553,2.122,-5.389,-1.116,6.86,2.051,-2.087,-1.885
2.437,6.089,-6.282,0.009,-0.814,-0.069,-4.357,-1.148,7.786,9.362,-5.772,2.424,-5.147,-0.809,6.991,2.351,-2.174,-2.155
2.899,6.213,-5.774,0.05,0.126,-0.405,-2.872,-0.943,8.442,9.74,-5.778,2.182,-5.336,-1.175,6.798,1.852,-1.769,-1.975
2.372,6.547,-5.454,0.096,0.564,0.555,-3.855,-0.644,8.009,9.837,-6.06,2.991,-4.132,-1.539,6.915,2.105,-1.924,-2.265
2.05,6.244,-5.471,-0.217,0.412,1.467,-2.542,-2.024,8.032,10.038,-5.371,2.234,-5.631,-1.413,7.059,1.997,-1.73,-2.117
2.929,6.552,-5.538,0.173,0.466,0.457,-3.394,-0.774,7.943,9.813,-5.549,2.136,-5.686,-1.094,7.07,2.633,-2.101,-1.902
2.076,6.12,-6.135,0.176,0.3,0.04,-4.584,-1.496,7.711,10.311,-5.712,2.373,-5.02,-0.668,6.945,2.495,-1.975,-1.659
3.033,6.153,-5.74,0.15,-0.562,0.649,-3.893,-0.248,8.12,10.276,-5.738,2.084,-5.402,-2.021,6.758,2.039,-1.827,-2.067
1.228,5.936,-5.037,0.096,0.417,0.269,-3.579,-2.121,7.138,9.279,-5.727,2.106,-5.251,-1.593,6.931,2.296,-1.714,-2.415
2.192,6.489,-5.36,0.043,0.215,0.194,-4.48,-1.234,8.159,9.702,-6.256,2.468,-5.525,-0.845,6.976,2.048,-2.431,-2.532
2.469,6.146,-5.472,-0.081,0.383,-0.193,-3.895,-1.183,8.192,10.399,-6.161,3.019,-4.91,-1.742,7.112,1.937,-2.347,-2.092
2.923,6.604,-5.192,0.035,0.569,-0.071,-3.81,-1.11,8.303,9.453,-5.64,2.351,-5.161,-1.15,7.08,1.935,-1.886,-1.91
2.549,6.343,-5.706,-0.318,0.006,0.395,-3.571,-1.382,6.872,9.347,-5.687,2.093,-4.661,-0.654,7.219,2.105,-1.933,-1.764
3.233,6.01,-5.028,-0.032,0.623,0.56,-3.668,-1.737,7.651,9.053,-5.519,2.617,-5.063,-1.096,7.228,2.099,-2.092,-1.797
3.539,6.224,-5.098,-0.123,-0.469,0.175,-3.925,-1.455,8.306,9.829,-5.768,2.376,-5.65,-1.614,7.195,1.705,-2.128,-2.146
2.35,6.772,-5.741,0.236,0.151,0.105,-3.373,-1.569,7.512,10.072,-6.226,2.342,-5.558,-1.107,7.02,1.951,-2.221,-1.846
3.12,6.453,-5.661,-0.114,-0.522,0.062,-4.434,-1.061,8.417,9.368,-5.661,1.958,-4.768,-1.114,6.353,2.201,-2.04,-1.608
2.875,5.921,-5.998,0.079,0.14,0.483,-2.273,-1.967,7.813,9.583,-5.585,1.71,-5.233,-0.873,7.085,2.314,-1.9,-2.036
3.072,6.38,-5.776,0.076,0.014,-0.296,-3.319,-1.274,8.432,9.123,-5.564,2.307,-5.383,-1.451,7.426,1.779,-2.18,-1.625
2.797,5.995,-5.365,0.266,0.171,-0.024,-2.952,-2.152,8.055,9.922,-5.249,2.366,-4.85,-2.333,6.651,2.084,-1.808,-2.397
2.349,6.048,-5.835,-0.437,-0.029,0.877,-3.992,-1.129,7.675,9.915,-5.906,2.652,-5.711,-1.16,7.338,1.966,-1.815,-1.818
3.291,6.451,-5.073,-0.018,-0.697,0.713,-3.362,-1.206,7.844,9.494,-6.297,2.216,-4.789,-1.152,7.015,2.597,-1.99,-2.077
2.486,6.34,-5.363,-0.054,-0.01,-0.676,-2.806,-1.543,7.825,9.711,-6.055,2.143,-5.474,-1.834,7.138,2.367,-2.532,-1.492
2.917,6.265,-5.158,0.199,-0.26,0.516,-3.891,-1.204,7.817,8.995,-5.982,2.022,-6.045,-1.236,6.892,1.852,-2.25,-1.663
2.797,6.435,-5.985,-0.015,0.39,1.125,-3.972,-0.964,7.749,9.193,-5.742,2.861,-5.404,-1.839,7.37,2.176,-1.697,-2.245
1.316,6.321,-5.657,0.186,-0.044,0.303,-3.625,-0.781,8.205,9.686,-6.271,2.464,-5.15,-1.527,7.222,2.153,-2.012,-2.063
2.088,6.228,-5.593,0.092,-0.082,0.557,-3.475,-1.81,8.669,9.076,-6.246,2.471,-5.18,-1.285,7.16,2.182,-2.166,-2.145
3.048,6.248,-5.632,0.195,0.017,-0.039,-3.834,-0.793,8.214,9.747,-5.767,2.352,-5.234,-1.935,7.356,1.884,-1.972,-1.76
2.28,6.043,-5.273,0.166,-0.0,0.697,-4.111,-1.668,7.97,9.56,-5.621,2.207,-5.854,-1.331,7.133,2.149,-2.649,-1.901
2.394,6.024,-6.018,0.166,0.175,0.326,-3.311,-1.078,8.35,9.64,-6.322,1.834,-4.931,-1.453,6.673,2.002,-2.307,-1.608
2.476,6.061,-5.722,0.253,-0.058,-0.016,-4.027,-0.792,8.016,9.55,-5.845,2.796,-5.488,-0.989,6.422,1.964,-2.399,-2.136
2.126,6.007,-5.207,-0.154,0.248,0.358,-3.702,-1.357,8.202,9.757,-6.121,2.248,-5.459,-1.587,7.08,1.719,-2.462,-1.72
3.243,6.131,-5.889,0.148,0.84,-0.037,-3.469,-1.192,8.241,10.348,-5.473,2.104,-5.37,-0.654,6.803,1.87,-1.892,-2.238
2.851,5.969,-5.252,0.269,0.309,0.371,-3.548,-1.102,8.372,10.0,-6.036,2.456,-4.144,-2.059,6.863,2.061,-2.022,-2.557
3.081,6.184,-5.225,0.11,0.586,0.087,-3.637,-1.708,7.915,9.81,-5.797,2.195,-5.413,-1.871,6.928,2.155,-2.113,-2.333
3.225,6.493,-5.309,-0.003,0.291,-0.283,-4.754,-1.307,8.043,9.972,-5.477,2.204,-4.963,-1.117,6.76,2.063,-1.511,-1.733
2.261,6.352,-6.316,0.198,-0.453,0.499,-3.116,-1.025,7.526,9.097,-5.818,2.423,-4.883,-2.18,6.98,2.187,-1.904,-2.101
3.272,6.163,-5.469,-0.037,0.413,-0.385,-5.677,-1.606,8.13,9.463,-6.29,2.179,-4.847,-1.911,7.153,2.384,-1.77,-1.689
2.868,6.219,-5.76,-0.202,0.366,0.322,-3.668,-1.611,6.894,10.102,-5.829,2.406,-4.831,-1.801,7.144,1.906,-1.715,-1.951
3.7,6.25,-6.206,-0.423,-0.062,-0.391,-2.881,-1.673,7.47,9.254,-6.179,2.37,-5.315,-1.075,7.449,2.419,-2.197,-1.654
2.492,6.256,-5.039,0.157,0.751,0.285,-4.06,-1.721,7.965,8.854,-5.449,2.266,-5.272,-1.62,7.091,2.311,-1.844,-2.115
2.798,5.687,-6.272,0.023,0.52,0.454,-3.24,-1.625,7.901,9.965,-5.614,1.93,-5.4,-1.886,6.974,2.122,-1.662,-1.953
2.564,6.42,-5.447,-0.196,-0.126,0.369,-4.707,-1.106,8.102,9.354,-5.85,2.335,-5.6,-1.13,6.946,2.043,-2.168,-1.597
2.423,6.198,-5.591,0.193,-0.258,-0.111,-4.338,-1.327,7.729,9.817,-5.974,2.85,-5.201,-1.568,6.791,2.288,-2.034,-1.837
2.784,6.322,-5.879,0.173,0.77,1.005,-3.494,-1.774,7.758,10.189,-6.01,2.457,-5.437,-1.2,7.182,1.959,-1.85,-1.931
2.831,6.375,-5.881,-0.245,0.688,1.423,-3.597,-1.286,7.633,9.354,-6.02,2.104,-5.261,-1.571,6.702,2.339,-1.805,-1.378
2.577,6.071,-5.438,0.307,0.309,-0.242,-3.764,-1.114,7.652,9.728,-5.637,2.212,-4.663,-1.42,6.894,2.507,-1.971,-2.049
2.62,6.034,-5.694,-0.374,0.912,-0.118,-3.103,-1.828,7.608,9.965,-5.951,2.195,-5.56,-1.701,7.058,2.104,-2.417,-2.683
2.156,6.336,-6.109,-0.134,0.602,0.108,-4.271,-1.431,7.487,9.815,-5.907,2.773,-5.644,-1.393,6.716,1.972,-2.122,-1.739
2.626,5.921,-5.418,0.338,0.704,0.526,-4.903,-1.519,7.927,9.4,-5.554,2.185,-5.315,-0.972,6.156,2.068,-2.022,-2.096
2.633,5.938,-4.964,0.042,-0.201,0.175,-4.37,-1.3,7.539,9.31,-6.12,2.157,-4.874,-1.131,7.125,1.942,-2.193,-2.549
2.892,6.165,-5.485,0.017,-0.131,0.521,-3.202,-0.733,8.113,9.777,-5.905,2.007,-4.884,-1.195,7.163,2.339,-1.671,-1.88
2.598,6.393,-5.351,0.098,0.525,1.117,-3.616,-1.081,7.944,9.345,-6.025,2.29,-5.287,-1.515,6.575,1.834,-2.155,-1.509
3.097,6.622,-5.535,-0.106,-0.32,0.041,-4.073,-1.548,8.266,9.705,-6.307,2.954,-4.987,-1.528,7.034,1.774,-2.012,-1.49
2.679,6.47,-4.906,0.059,-0.469,0.973,-3.173,-0.63,7.564,9.636,-5.321,2.016,-4.558,-1.386,7.08,1.881,-2.048,-2.244
2.671,6.188,-5.829,0.113,0.771,0.055,-3.547,-0.809,7.786,9.677,-6.069,2.294,-6.096,-1.067,6.479,2.132,-2.064,-2.001
2.181,6.567,-5.631,-0.435,0.384,0.839,-3.903,-0.814,8.032,9.067,-5.657,2.378,-5.59,-0.847,6.997,1.906,-1.989,-2.006
2.461,6.631,-5.918,0.027,0.127,0.462,-3.898,-0.491,8.107,9.454,-5.799,2.064,-5.516,-1.504,7.411,2.39,-2.084,-1.722
2.641,6.058,-5.624,-0.122,-1.043,0.813,-4.149,-1.367,7.136,9.268,-6.124,1.861,-5.363,-1.442,7.116,2.376,-1.585,-1.407
2.685,5.943,-5.614,-0.21,0.324,-0.187,-3.032,-0.82,7.995,10.051,-5.751,2.46,-5.983,-1.239,6.574,2.05,-1.966,-1.923
2.438,6.984,-5.425,-0.156,-0.639,-0.052,-3.899,-1.853,8.105,9.325,-5.774,2.208,-5.105,-1.752,7.171,1.796,-1.904,-1.926
2.485,6.385,-5.904,0.047,-0.28,0.375,-2.966,-0.825,8.023,9.979,-5.692,2.564,-5.472,-1.844,7.036,2.138,-1.844,-2.011
2.222,6.627,-5.548,0.078,-0.14,0.495,-3.883,-1.262,7.729,9.654,-5.925,2.565,-5.146,-1.238,6.6,2.494,-1.785,-2.365
2.648,6.411,-5.658,0.21,0.033,-0.01,-3.049,-0.824,7.807,9.688,-5.541,2.109,-5.657,-1.52,6.911,1.908,-2.133,-1.895
2.982,6.555,-6.171,-0.094,0.322,1.237,-3.822,-0.968,8.435,9.386,-5.729,2.431,-6.425,-1.269,7.293,2.07,-1.943,-1.567
2.777,6.244,-5.632,0.071,0.042,-0.505,-4.119,-1.968,7.022,10.074,-5.956,2.27,-4.525,-1.024,7.247,1.592,-1.867,-1.574
2.52,6.157,-5.867,0.142,0.584,0.769,-3.187,-0.457,8.063,9.381,-5.688,2.244,-4.667,-2.073,7.001,2.015,-1.931,-2.415
2.505,6.09,-5.822,-0.218,-0.142,0.756,-4.009,-1.04,7.701,9.555,-5.834,1.926,-5.05,-1.783,6.893,2.2,-2.041,-1.825
2.792,6.023,-5.438,0.265,0.413,-0.583,-4.275,-1.701,7.593,9.372,-6.055,2.495,-5.218,-1.197,7.053,2.012,-2.471,-2.053
3.008,6.116,-5.614,-0.007,0.448,0.475,-4.03,-1.146,7.482,9.791,-5.608,2.437,-5.551,-1.457,6.918,1.972,-1.828,-2.342
3.298,5.898,-6.039,0.025,0.377,-0.061,-2.985,-1.253,8.086,9.604,-6.193,2.645,-4.433,-1.306,7.202,2.152,-2.165,-2.171
3.06,6.183,-5.742,-0.053,0.592,0.37,-3.108,-1.068,7.806,10.291,-6.237,2.319,-5.018,-0.888,6.957,2.133,-2.075,-1.806
1.87,6.343,-5.72,0.009,-1.222,1.271,-3.748,-0.865,8.817,9.696,-5.6,2.761,-4.809,-1.385,7.171,2.14,-2.067,-2.113
2.709,6.064,-5.636,-0.268,0.079,-0.647,-2.94,-0.563,8.239,10.005,-5.811,2.037,-4.678,-1.055,6.944,1.648,-1.959,-1.73
2.104,6.006,-4.953,-0.099,0.574,-0.334,-3.887,-0.923,8.235,10.101,-5.892,2.121,-5.316,-1.292,6.687,1.783,-1.902,-1.921
3.326,6.064,-6.049,0.068,0.208,-0.573,-3.22,-0.936,7.836,9.685,-5.611,2.216,-5.282,-1.02,7.137,1.834,-1.604,-1.848
2.605,5.945,-5.746,0.002,0.516,0.722,-4.219,-1.753,7.144,9.829,-5.674,1.962,-4.728,-1.519,7.296,1.995,-2.436,-1.659
2.009,6.299,-5.858,0.048,0.614,0.81,-3.606,-1.222,8.006,9.405,-6.045,2.263,-4.798,-0.73,6.982,2.59,-2.196,-2.317
3.503,5.971,-5.52,-0.141,0.09,-0.037,-3.637,-1.731,7.34,9.352,-5.99,2.687,-4.877,-0.548,6.802,2.14,-1.998,-1.928
2.902,6.455,-5.498,0.145,-0.159,-0.34,-4.021,-1.473,7.985,9.529,-5.471,2.513,-5.047,-0.709,6.493,2.352,-2.148,-1.424
3.62,6.155,-5.595,0.202,0.064,-0.153,-3.173,-1.143,7.331,9.626,-5.624,2.598,-5.635,-1.341,6.849,1.806,-1.517,-1.53
2.373,6.579,-5.935,0.021,-0.969,0.052,-3.532,-1.209,7.814,9.337,-5.975,2.174,-5.309,-1.729,6.341,2.131,-2.331,-1.722
2.157,6.281,-5.134,0.178,-0.083,0.175,-3.112,-1.438,7.633,9.426,-5.769,2.319,-5.319,-1.684,7.152,2.283,-1.49,-1.49
2.526,6.641,-5.663,0.239,0.696,0.076,-3.118,-1.651,7.122,9.875,-5.707,2.421,-4.682,-1.341,6.86,2.257,-1.875,-1.76
2.176,6.177,-5.665,-0.067,0.39,0.064,-4.032,-1.091,7.889,10.279,-5.74,2.419,-6.031,-0.424,6.805,2.451,-2.431,-1.758
2.769,5.687,-6.214,0.624,0.769,0.511,-3.91,-1.066,7.414,9.874,-6.012,3.03,-5.075,-1.691,6.955,2.353,-2.571,-1.49
2.635,6.534,-4.983,0.189,0.33,-0.303,-2.677,-1.429,7.332,9.7,-6.092,2.34,-5.528,-1.798,7.069,2.071,-1.63,-1.788
2.506,6.652,-5.516,-0.037,0.044,0.174,-4.355,-1.317,8.508,9.342,-5.916,2.511,-4.492,-1.468,6.743,1.768,-2.569,-1.626
2.757,5.989,-6.155,-0.014,0.121,0.46,-4.017,-1.513,8.094,9.514,-5.941,2.324,-5.182,-1.675,6.801,2.134,-2.109,-1.415
3.596,6.041,-5.484,0.259,-0.104,0.911,-3.061,-1.526,8.462,9.59,-5.889,2.41,-5.365,-1.349,6.942,1.86,-1.875,-1.609
1.501,6.051,-5.382,0.224,-0.092,0.767,-3.06,-0.876,8.117,9.254,-6.215,2.576,-4.971,-1.545,7.065,2.234,-2.758,-2.25
3.162,6.11,-5.517,-0.148,-1.242,0.699,-2.583,-1.382,8.027,9.916,-5.611,2.651,-5.757,-1.749,7.275,1.89,-1.88,-2.124
2.963,6.123,-5.889,-0.233,-0.089,0.426,-2.77,-1.205,8.18,9.086,-5.773,2.248,-5.188,-1.908,7.431,2.126,-2.082,-1.859
3.468,6.183,-5.468,0.081,0.294,0.62,-3.914,-1.194,6.959,10.03,-5.889,2.077,-4.92,-1.475,6.534,1.888,-2.148,-1.586
2.976,6.058,-5.647,0.263,-0.138,0.963,-3.562,-0.709,8.124,9.887,-6.004,2.128,-5.061,-1.436,6.953,2.381,-2.327,-1.81
2.735,6.071,-5.826,0.156,0.275,1.277,-2.703,-0.626,7.802,10.062,-5.646,2.199,-5.911,-1.158,6.851,2.047,-2.049,-1.913
2.616,6.099,-5.023,0.385,1.299,0.666,-2.846,-1.165,7.671,9.823,-6.33,2.497,-4.94,-1.171,7.065,2.763,-1.846,-2.06
1.464,6.237,-5.418,-0.076,0.009,0.324,-3.457,-0.755,7.877,9.575,-6.068,2.13,-5.261,-0.439,6.601,2.367,-2.167,-2.015
3.195,6.23,-4.918,-0.066,0.873,-0.185,-3.221,-1.248,7.609,9.013,-5.817,2.067,-5.773,-0.845,7.156,2.218,-1.517,-1.806
3.283,5.845,-5.89,-0.123,1.202,0.355,-3.903,-1.252,7.942,8.898,-5.954,2.545,-5.035,-1.75,7.149,2.211,-1.912,-1.78
3.429,6.334,-5.012,0.119,0.553,-0.065,-3.664,-1.73,7.844,9.063,-5.718,2.384,-6.017,-1.278,7.227,2.162,-2.518,-2.269
1.533,6.591,-6.464,0.182,0.696,0.611,-3.066,-0.566,7.781,9.574,-5.789,2.351,-5.155,-1.221,6.869,1.97,-2.162,-2.124
2.314,6.297,-6.031,0.123,0.477,0.122,-3.358,-1.2,8.496,8.981,-5.949,2.362,-5.664,-1.376,6.067,1.762,-2.086,-1.698
2.712,6.044,-5.602,-0.034,-0.371,0.645,-2.616,-1.192,8.217,9.657,-5.885,2.413,-4.394,-2.191,7.18,2.241,-2.083,-2.006
3.017,6.441,-5.546,0.084,1.497,0.567,-3.399,-1.214,7.751,10.262,-5.945,2.634,-4.82,-1.41,6.937,2.148,-1.751,-1.814
2.917,6.067,-5.607,-0.121,1.558,0.613,-3.118,-0.954,7.011,10.116,-6.396,1.988,-5.337,-0.399,6.898,2.505,-2.17,-1.842
3.077,6.576,-5.229,0.257,0.301,0.545,-3.292,-0.342,7.429,9.684,-5.886,2.424,-5.298,-1.414,6.593,1.824,-2.507,-2.374
3.205,6.184,-5.957,-0.138,0.278,0.583,-2.68,-1.077,8.268,9.148,-5.801,2.526,-5.335,-0.885,6.884,1.831,-1.683,-1.601
1.937,6.504,-5.571,0.079,0.299,-0.071,-4.298,-1.442,6.972,9.277,-5.987,2.55,-5.262,-1.813,7.234,1.815,-1.843,-1.463
2.776,6.037,-5.906,-0.059,0.58,0.586,-3.469,-1.114,8.478,10.041,-6.184,2.991,-5.474,-1.264,6.579,1.838,-1.762,-1.702
2.892,5.93,-6.128,0.282,0.41,0.266,-3.627,-1.136,8.425,10.159,-5.961,2.383,-4.812,-1.653,6.996,2.155,-1.662,-1.784
2.559,6.233,-5.628,-0.011,0.046,0.146,-3.822,-0.978,8.489,9.811,-5.922,2.616,-4.915,-0.304,7.1,1.91,-1.907,-2.135
2.485,6.127,-6.158,-0.03,0.455,0.176,-2.839,-1.406,7.597,9.664,-5.406,2.45,-4.987,-1.443,7.169,2.703,-1.801,-1.989
3.502,6.223,-4.925,-0.378,0.282,-0.125,-3.857,-1.162,7.571,9.822,-5.536,2.343,-5.533,-1.736,6.796,1.96,-1.962,-1.437
2.697,6.47,-5.267,-0.067,0.495,0.592,-3.855,-0.907,8.006,9.711,-6.262,2.629,-5.158,-0.964,6.526,1.934,-1.932,-1.6
2.45,6.299,-6.128,-0.159,-0.489,-0.121,-4.008,-1.064,7.9,10.039,-5.98,1.95,-4.962,-1.021,7.007,2.009,-2.258,-1.351
2.789,6.249,-5.168,0.234,0.061,0.665,-3.476,-1.319,8.154,9.496,-5.876,2.486,-4.857,-1.247,6.833,2.018,-2.291,-1.907
3.172,6.502,-6.196,-0.35,0.278,0.044,-4.38,-0.553,8.123,9.688,-5.624,2.655,-4.78,-1.431,6.751,2.176,-2.134,-2.072
2.712,6.028,-5.621,0.462,-0.972,-0.097,-4.003,-1.194,8.269,9.761,-5.756,1.859,-5.846,-0.448,6.888,2.449,-2.128,-1.484
2.629,6.001,-5.536,0.293,0.423,0.18,-4.002,-1.405,7.636,9.95,-6.22,2.001,-5.179,-1.262,6.849,2.278,-2.531,-2.082
2.732,6.394,-5.595,0.049,-0.331,0.782,-3.16,-0.718,7.306,9.234,-5.766,2.315,-4.922,-1.36,6.759,1.969,-1.928,-2.287
2.967,6.532,-5.437,-0.455,1.114,0.301,-3.187,-1.094,8.929,9.987,-5.821,2.424,-5.575,-0.945,7.371,1.764,-2.177,-1.831
3.076,6.439,-5.493,-0.113,1.248,0.178,-4.064,-1.595,8.39,9.881,-5.7,1.915,-5.703,-1.696,6.817,1.992,-2.33,-1.716
2.693,6.43,-5.71,-0.474,-0.112,0.309,-2.789,-1.381,7.992,10.384,-6.088,2.147,-5.264,-1.294,6.842,2.356,-2.293,-2.177
2.591,6.294,-5.223,0.04,0.692,0.469,-3.486,-1.485,7.831,9.874,-5.945,2.115,-5.142,-1.187,6.82,1.771,-1.642,-1.814
2.916,6.385,-5.774,0.144,0.499,0.36,-3.971,-0.9,8.058,10.034,-5.494,2.151,-4.83,-1.319,6.571,2.05,-2.147,-1.922
2.932,6.207,-5.453,-0.074,-0.488,0.302,-2.846,-1.716,8.18,9.787,-5.916,2.283,-4.774,-1.038,7.079,2.307,-2.092,-1.892
3.22,5.965,-6.088,-0.224,0.099,0.048,-4.519,-1.411,7.739,9.299,-5.861,2.73,-5.303,-1.423,6.416,2.223,-1.93,-1.773
2.403,6.043,-5.223,0.167,0.049,0.973,-4.494,-1.085,8.04,9.95,-5.975,2.863,-4.642,-1.423,6.871,1.994,-2.32,-1.521
3.647,6.49,-5.259,0.536,1.059,0.976,-3.785,-0.728,7.626,9.727,-6.172,1.866,-4.469,-0.956,6.598,1.61,-2.116,-2.04
2.379,6.04,-5.252,-0.154,-0.315,0.261,-3.695,-1.024,7.304,9.863,-5.692,2.645,-4.918,-1.457,6.566,2.161,-2.316,-1.867
2.577,5.998,-5.466,-0.076,-0.37,0.258,-3.334,-0.844,7.224,10.038,-5.699,2.352,-5.818,-0.95,6.689,2.244,-1.898,-1.863
3.137,6.24,-6.081,0.22,-1.299,0.799,-3.823,-1.209,8.221,9.462,-5.923,2.329,-4.581,-1.797,6.9,1.893,-2.319,-2.278
3.371,6.829,-5.571,-0.119,0.563,0.308,-3.33,-1.257,8.665,9.576,-6.347,2.67,-5.759,-0.817,6.723,2.499,-2.146,-1.766
3.372,6.409,-5.391,0.203,0.516,-0.114,-4.391,-0.525,7.831,9.737,-5.459,2.621,-5.661,-1.354,6.736,2.516,-2.303,-2.388
1.975,6.057,-4.861,0.086,-0.033,0.888,-3.715,-1.567,8.58,9.029,-5.618,1.921,-4.356,-1.304,6.988,2.146,-2.49,-1.604
2.187,6.48,-5.516,0.139,-0.195,0.391,-4.101,-0.774,7.868,9.836,-6.012,2.709,-4.811,-1.32,7.139,2.381,-2.273,-2.182
1.987,6.321,-5.53,0.078,1.265,0.444,-3.826,-1.245,8.459,10.245,-5.917,2.101,-6.15,-1.394,6.92,2.471,-1.779,-2.422
2.392,6.448,-5.626,0.382,-0.015,-0.231,-3.246,-1.285,8.356,9.886,-5.619,2.493,-5.127,-1.57,6.896,2.239,-1.785,-1.548
3.142,6.264,-5.505,0.44,0.933,0.501,-3.603,-0.241,8.205,9.332,-5.92,2.056,-5.621,-1.609,7.312,2.119,-1.998,-1.712
3.082,6.233,-5.427,-0.062,1.038,0.739,-3.7,-1.555,7.753,9.653,-6.235,1.811,-4.869,-1.032,7.334,1.998,-2.465,-1.978
2.216,6.18,-5.852,0.061,0.236,0.348,-3.842,-1.419,7.407,9.562,-5.584,2.075,-4.718,-1.966,6.495,2.361,-2.268,-2.442
2.943,6.241,-5.611,-0.168,2.126,0.155,-2.812,-0.869,7.751,9.839,-6.145,2.451,-5.262,-1.076,7.488,2.575,-1.976,-1.826
1.649,6.487,-5.702,0.002,0.054,0.67,-3.042,-1.689,7.753,9.993,-6.321,2.276,-4.798,-1.524,6.767,1.897,-1.734,-2.099
2.743,6.317,-6.035,-0.012,-0.524,0.383,-5.032,-0.269,7.546,9.843,-5.65,2.238,-5.268,-1.34,6.761,2.154,-1.885,-1.819
2.531,5.873,-6.01,0.028,0.169,-0.264,-3.924,-0.708,7.85,9.408,-5.72,1.995,-5.407,-1.636,6.439,1.947,-2.068,-2.0
2.851,6.286,-5.831,-0.007,-0.032,0.516,-4.686,-0.924,8.193,9.78,-5.636,2.216,-5.146,-1.854,7.211,2.337,-1.971,-1.746
2.903,6.392,-4.759,0.091,0.358,0.385,-3.352,-1.228,7.815,8.749,-6.242,1.889,-4.861,-1.267,6.914,2.111,-2.337,-2.211
2.739,6.535,-5.652,-0.104,0.056,0.318,-3.567,-1.306,7.995,9.948,-5.818,2.253,-6.305,-1.652,6.989,2.359,-2.017,-2.214
3.215,6.336,-5.334,-0.11,0.259,0.773,-3.743,-1.389,8.232,10.054,-5.866,1.827,-6.226,-1.124,7.341,2.287,-2.307,-2.34
2.682,6.666,-5.663,0.519,-0.051,0.059,-3.598,-0.689,7.282,10.008,-6.23,2.236,-5.654,-1.03,7.087,2.1,-2.119,-2.109
2.429,6.181,-5.847,-0.328,0.371,0.036,-3.14,-1.348,8.549,9.764,-5.794,2.211,-5.029,-1.508,7.611,2.507,-1.991,-1.711
2.367,6.056,-6.038,0.105,1.379,0.623,-3.374,-1.118,7.716,9.652,-6.188,2.692,-4.646,-1.181,6.996,2.058,-2.207,-1.924
2.584,6.692,-5.238,0.617,-1.018,0.656,-2.491,-1.237,7.763,10.245,-5.557,1.984,-5.791,-1.728,7.075,2.095,-2.119,-2.3
3.568,6.003,-5.369,0.193,0.115,0.303,-3.748,-1.273,8.027,9.645,-5.765,2.615,-5.243,-1.336,7.148,2.316,-1.775,-1.413
2.193,6.448,-5.704,0.044,0.49,0.602,-4.269,-1.378,8.229,10.065,-5.972,2.71,-5.819,-1.729,6.687,1.954,-2.155,-1.807
1.565,5.995,-5.185,0.219,0.532,0.721,-3.435,-1.381,8.16,10.056,-5.887,2.25,-5.014,-1.292,6.872,2.226,-2.208,-2.003
2.758,6.457,-5.62,0.03,-0.697,-0.202,-3.824,-1.464,7.624,8.633,-5.911,2.254,-4.764,-1.162,6.814,2.374,-3.01,-1.876
2.342,6.329,-5.991,-0.03,0.089,0.656,-2.711,-1.152,7.924,9.217,-5.782,2.347,-5.408,-1.688,6.984,2.307,-2.063,-1.317
2.216,6.206,-5.901,-0.138,-0.083,-0.027,-4.31,-0.858,7.861,10.064,-6.027,2.364,-5.918,-2.042,7.003,1.981,-1.697,-2.391
2.95,6.465,-5.739,0.173,0.699,0.28,-2.979,-1.266,7.664,9.798,-5.731,2.412,-4.596,-1.466,6.4,1.945,-1.982,-2.128
2.713,6.204,-5.496,-0.013,0.38,0.457,-3.869,-0.921,8.219,9.087,-5.917,2.334,-6.021,-1.497,7.312,2.359,-2.264,-2.153
4.317,6.188,-5.212,0.315,-0.791,0.124,-2.592,-1.394,8.079,10.4,-5.987,2.313,-5.757,-1.42,6.572,2.159,-1.964,-1.465
2.285,6.342,-5.486,0.25,-0.352,0.371,-4.225,-0.956,7.935,9.961,-5.932,2.096,-4.492,-0.283,6.854,2.078,-1.564,-2.789
2.984,6.32,-6.176,0.161,-0.716,0.585,-3.488,-1.833,7.82,9.251,-6.101,2.38,-5.484,-0.989,7.094,2.201,-1.855,-1.58
2.502,6.167,-5.79,-0.229,-0.12,0.069,-3.98,-1.077,7.552,9.475,-5.715,1.911,-4.374,-1.593,7.256,2.237,-2.109,-1.75
2.722,6.073,-6.053,0.475,-0.397,0.723,-3.192,-0.92,7.902,9.744,-5.98,2.287,-5.351,-1.035,6.54,1.872,-2.131,-2.343
2.715,5.681,-5.437,-0.116,-0.304,1.208,-4.051,-0.702,7.843,10.124,-5.362,2.35,-5.125,-1.183,6.66,2.127,-2.015,-2.448
1.991,6.041,-5.736,0.148,0.189,0.93,-5.019,-1.074,7.514,10.176,-6.159,2.466,-4.881,-0.69,6.944,1.841,-1.449,-2.303
3.029,6.222,-5.393,0.105,0.056,-0.054,-4.169,-1.352,8.266,9.46,-6.112,2.358,-4.247,-1.988,6.726,2.111,-2.201,-1.835
3.714,6.078,-5.886,-0.029,0.501,0.442,-4.071,-0.57,7.415,8.858,-5.841,1.981,-5.191,-2.368,7.39,2.063,-2.384,-1.998
3.372,6.171,-5.847,0.35,0.305,-0.72,-4.849,-0.269,7.522,9.288,-5.831,1.949,-4.548,-1.084,7.276,2.032,-2.125,-1.816
2.267,6.623,-5.022,-0.232,-0.45,0.574,-3.084,-0.46,8.223,9.537,-5.807,2.93,-4.949,-1.499,7.083,2.125,-1.897,-2.179
2.984,6.37,-6.024,0.116,0.584,0.205,-4.064,-1.567,8.36,9.739,-5.889,2.066,-5.536,-0.609,7.076,2.31,-2.421,-1.828
2.613,6.344,-6.477,0.043,0.471,1.056,-2.868,-0.725,7.835,9.614,-5.786,2.258,-5.013,-0.983,7.657,2.31,-2.002,-1.9
3.278,5.959,-5.387,-0.163,-0.641,-0.274,-3.032,-0.749,8.481,9.534,-6.198,2.421,-5.473,-1.944,7.267,2.43,-2.178,-1.843
3.46,6.364,-5.072,-0.018,0.09,0.631,-3.065,-1.41,7.237,9.145,-5.727,1.755,-5.795,-1.202,6.669,1.942,-2.004,-2.11
4.002,6.147,-5.592,0.058,0.807,1.093,-3.378,-1.212,8.789,9.294,-5.805,2.245,-5.279,-1.413,7.059,2.169,-2.194,-2.246
3.315,6.249,-5.495,-0.104,-0.333,0.714,-3.231,-0.961,8.319,9.517,-5.838,2.437,-5.1,-1.227,6.641,2.8,-1.742,-1.757
2.967,6.011,-5.264,0.014,0.653,0.97,-2.756,-0.725,7.68,10.244,-6.082,2.024,-5.529,-1.647,7.109,2.057,-1.864,-1.71
1.128,6.306,-5.666,0.14,0.952,0.466,-3.584,-1.468,7.751,9.923,-5.972,2.376,-5.755,-1.491,6.87,1.899,-2.199,-1.434
2.259,6.427,-5.606,0.267,0.936,0.67,-3.414,-1.099,8.578,9.553,-6.081,2.39,-5.783,-1.222,6.89,1.913,-2.407,-2.14
1.093,6.203,-5.833,-0.486,-0.032,-0.536,-4.494,-1.424,8.2,9.371,-5.707,2.175,-4.937,-1.945,7.141,2.343,-2.101,-2.009
2.671,6.166,-5.69,0.013,0.283,0.286,-4.403,-1.373,7.433,9.636,-5.936,2.443,-5.433,-0.912,6.765,2.018,-2.002,-1.543
2.741,6.31,-5.093,-0.039,-0.241,0.713,-4.224,-1.409,8.181,9.688,-5.932,1.819,-5.212,-1.313,6.959,1.909,-1.851,-2.147
2.056,6.236,-5.236,0.187,1.792,0.043,-3.553,-1.755,8.315,9.608,-6.042,2.46,-5.53,-0.746,7.047,1.797,-2.19,-2.161
2.422,6.055,-6.127,-0.09,-0.367,0.386,-3.402,-1.115,8.056,9.849,-5.894,2.444,-4.768,-0.417,6.842,1.922,-2.086,-2.072
2.304,6.711,-5.353,0.219,0.079,0.649,-3.626,-0.354,7.662,9.974,-5.895,2.768,-4.779,-0.878,6.764,2.431,-2.117,-2.291
2.617,5.921,-6.061,0.299,-0.08,0.562,-3.911,-1.606,7.926,9.473,-5.283,2.804,-5.249,-0.447,6.837,2.354,-2.305,-1.962
2.036,6.009,-5.724,0.275,1.76,-0.345,-2.944,-1.077,8.078,9.73,-5.543,2.318,-5.053,-0.936,6.794,1.982,-2.181,-1.517
2.87,6.271,-5.346,0.508,-0.081,0.687,-3.171,-1.405,8.201,8.874,-5.951,2.16,-5.085,-1.406,6.637,2.045,-2.182,-2.184
2.258,5.85,-4.948,-0.089,-0.309,-0.073,-2.939,-1.498,8.38,9.822,-5.708,2.748,-4.555,-1.331,6.972,2.122,-2.09,-1.608
3.49,6.115,-5.096,0.03,0.356,-0.166,-4.332,-1.528,8.34,9.831,-5.908,2.6,-5.219,-1.399,7.373,2.163,-2.27,-2.317
3.016,6.196,-4.703,-0.346,-0.517,0.591,-3.32,-1.168,8.763,8.934,-5.841,1.931,-4.849,-1.115,6.813,2.255,-1.411,-2.371
2.154,6.106,-5.407,0.216,-0.545,0.817,-2.591,-1.586,7.102,9.642,-6.269,2.498,-4.881,-1.75,7.159,2.846,-1.917,-2.152
2.247,6.541,-6.256,-0.009,0.55,-0.04,-3.295,-1.146,8.08,9.48,-6.199,2.062,-4.612,-1.148,6.93,1.935,-2.397,-2.587
2.527,5.825,-5.984,-0.362,-0.077,0.36,-4.128,-0.845,7.736,9.622,-5.935,2.767,-5.972,-1.262,7.071,2.063,-2.236,-2.3
2.505,6.067,-4.795,-0.047,0.345,0.147,-4.007,-0.635,8.076,10.095,-5.265,1.893,-5.138,-1.591,6.806,2.028,-2.027,-1.432
3.797,6.025,-5.489,0.215,-0.888,0.513,-2.691,-1.376,7.982,9.392,-5.965,2.23,-5.218,-2.064,6.842,2.497,-2.038,-2.185
3.683,6.688,-5.506,-0.18,0.201,0.237,-3.684,-0.889,7.775,8.831,-5.855,2.083,-5.701,-0.435,6.936,1.95,-2.17,-1.906
2.077,6.05,-5.821,0.301,-0.378,0.366,-4.157,-1.504,7.767,9.584,-5.94,2.376,-4.625,-0.503,6.519,2.399,-1.889,-1.36
3.249,6.554,-5.925,-0.094,0.743,0.568,-4.385,-0.325,8.438,10.038,-6.064,2.114,-5.231,-1.517,7.025,1.803,-2.202,-1.869
2.788,6.375,-5.97,-0.341,-0.275,0.356,-3.135,-1.121,7.834,9.178,-5.709,2.873,-4.853,-1.121,6.588,1.856,-1.907,-1.586
2.685,6.434,-5.731,-0.164,0.296,0.448,-3.202,-0.361,7.941,9.514,-5.864,2.271,-5.125,-1.662,6.498,2.483,-1.894,-2.164
2.803,6.145,-5.653,-0.019,0.158,0.728,-3.107,-0.693,8.634,8.844,-5.818,2.591,-5.672,-0.281,7.129,2.201,-1.726,-1.999
2.147,5.829,-5.36,-0.219,0.187,-0.022,-4.218,-0.436,7.761,8.939,-5.728,1.972,-5.849,-0.937,6.901,2.303,-1.917,-1.945
1.978,6.404,-5.53,-0.291,-0.311,0.907,-4.393,-0.578,7.944,9.005,-5.868,1.799,-5.46,-2.152,7.059,2.417,-2.057,-2.578
3.059,6.605,-5.322,-0.067,-0.621,0.251,-3.598,-0.927,8.084,9.486,-5.921,2.357,-5.801,-1.181,6.878,2.192,-1.801,-1.242
2.772,5.843,-5.865,-0.016,0.673,0.979,-3.311,-1.556,7.781,9.692,-5.944,2.276,-5.311,-0.78,6.897,2.014,-2.306,-1.978
3.355,6.083,-5.232,-0.308,0.259,0.956,-3.235,-1.197,7.786,10.08,-6.065,2.518,-5.484,-1.764,6.866,2.32,-2.192,-2.343
1.837,6.049,-5.434,-0.085,0.626,-0.037,-2.936,-1.229,7.827,9.304,-5.596,2.093,-5.275,-0.891,7.506,1.669,-2.329,-1.93
3.793,5.846,-5.625,0.176,-0.315,0.819,-4.154,-1.694,8.014,8.997,-5.861,2.191,-4.926,-0.653,7.082,2.144,-2.311,-2.283
2.897,5.751,-6.154,0.215,-0.149,0.883,-3.77,-0.917,7.92,10.256,-5.764,1.864,-5.722,-0.663,6.399,2.426,-1.725,-1.799
2.923,6.282,-5.173,-0.14,0.734,0.388,-3.683,-1.511,8.139,9.383,-6.076,1.988,-4.897,-1.339,6.696,2.443,-1.976,-2.166
2.76,6.252,-5.44,0.079,0.886,0.135,-5.473,-1.15,8.055,9.315,-5.918,2.418,-4.506,-1.131,7.069,2.195,-2.106,-1.481
2.103,5.932,-5.821,-0.127,-0.834,0.108,-4.43,-1.601,6.987,10.095,-5.556,2.279,-5.267,-1.167,7.184,2.205,-2.782,-2.331
2.939,6.536,-5.329,0.151,-0.015,0.919,-3.613,-1.711,8.025,9.733,-5.805,2.211,-4.812,-1.325,7.071,2.187,-2.227,-2.066
2.591,5.812,-6.044,0.085,0.527,0.693,-4.49,-1.368,7.633,9.753,-5.843,2.337,-6.082,-1.088,6.812,1.992,-2.083,-1.981
2.269,5.928,-6.598,0.167,-0.495,0.269,-4.231,-1.98,7.454,9.778,-5.609,2.25,-5.517,-2.087,6.4,1.932,-2.166,-2.793
2.483,5.842,-4.944,-0.054,0.289,0.072,-3.682,-0.867,7.921,9.717,-5.731,2.836,-5.311,-1.827,7.283,2.188,-1.885,-2.165
2.795,6.222,-5.311,0.108,0.424,0.861,-3.862,-0.088,7.804,10.171,-6.114,2.068,-5.105,-1.345,7.236,2.194,-2.128,-2.105
1.942,6.697,-5.267,-0.079,0.676,0.565,-3.666,-2.188,8.075,9.761,-5.94,2.579,-5.195,-1.925,6.459,2.333,-2.185,-1.766
2.529,6.203,-6.031,0.052,-0.521,0.581,-3.416,-1.033,8.36,9.615,-5.715,2.976,-4.835,-0.996,7.114,2.184,-2.773,-1.462
3.104,6.548,-5.809,0.049,-0.066,1.102,-3.318,-1.149,8.364,9.613,-5.723,1.68,-5.698,-1.612,6.884,1.734,-2.064,-2.363
2.66,6.05,-5.432,-0.412,0.1,-0.073,-3.962,-1.176,8.005,9.17,-5.801,2.327,-5.061,-1.535,7.112,2.269,-2.08,-2.031
2.308,6.346,-5.305,0.048,-0.038,0.328,-4.77,-1.187,8.08,9.789,-5.333,2.531,-3.911,-1.846,7.186,2.105,-2.231,-2.322
3.161,6.34,-6.027,0.026,0.915,0.406,-3.295,-0.556,7.957,9.635,-5.245,2.376,-5.091,-2.132,6.812,2.294,-1.994,-1.405
3.669,6.563,-5.435,0.543,1.462,0.606,-2.141,-1.239,7.778,9.532,-6.17,2.288,-5.654,-0.737,7.009,2.003,-2.158,-1.917
2.666,6.621,-6.146,-0.221,0.519,0.25,-3.808,-0.683,8.741,9.239,-6.212,3.029,-5.176,-1.046,7.044,2.492,-2.258,-1.388
3.198,6.597,-5.488,-0.098,0.659,-0.083,-3.888,-0.782,8.042,9.643,-6.424,2.538,-5.269,-2.264,6.908,2.088,-2.343,-1.523
3.007,6.234,-5.51,-0.336,0.358,-0.699,-2.673,-0.891,7.887,10.514,-5.826,2.579,-4.586,-0.879,6.601,2.275,-2.223,-1.769
3.364,6.129,-5.316,0.339,0.913,0.072,-3.728,-1.424,8.205,9.425,-6.104,2.222,-5.635,-1.692,6.875,2.11,-1.552,-1.938
2.096,6.301,-5.91,-0.034,0.919,0.183,-3.965,-0.437,7.806,9.434,-5.818,1.859,-5.391,-1.601,7.028,2.127,-1.802,-1.817
2.94,5.977,-5.458,0.018,1.374,0.275,-3.515,-1.319,8.076,9.156,-5.515,1.947,-5.318,-0.786,6.167,1.902,-2.451,-1.881
2.931,6.176,-6.039,-0.088,-0.675,0.6,-3.772,-1.01,7.869,9.67,-5.485,2.731,-5.274,-0.988,6.639,2.283,-2.098,-2.211
3.132,6.628,-5.552,-0.006,0.344,0.299,-3.712,-0.75,8.144,9.874,-5.904,2.054,-5.828,-1.625,6.368,2.192,-1.892,-2.039
1.757,6.027,-5.771,0.095,1.13,0.605,-2.92,-1.181,8.02,9.804,-5.517,1.655,-5.803,-1.467,6.634,1.854,-1.928,-1.766
2.885,6.468,-6.247,-0.145,0.017,0.083,-3.341,-0.73,7.838,10.334,-6.119,1.984,-5.33,-1.589,6.878,1.938,-1.879,-1.68
3.27,6.66,-5.949,-0.015,0.876,0.399,-2.757,-2.131,7.737,9.038,-5.66,2.657,-4.478,-1.365,6.652,2.459,-1.845,-1.632
2.623,6.118,-5.792,0.211,0.921,0.081,-3.708,-0.86,7.948,10.143,-5.685,2.398,-5.384,-0.639,6.743,2.097,-1.819,-2.307
1.768,6.151,-6.007,0.426,0.367,0.606,-3.43,-1.191,7.875,9.325,-5.83,2.431,-5.419,-1.054,6.677,2.195,-1.693,-1.627
3.076,6.414,-6.511,0.337,-0.185,-0.081,-4.591,-1.685,7.889,8.865,-5.622,2.042,-4.742,-0.772,7.136,2.618,-2.26,-2.029
2.626,6.163,-6.238,0.115,0.804,-0.297,-3.523,-1.322,7.875,9.627,-5.848,2.444,-4.864,-1.046,6.781,2.383,-1.875,-2.001
3.266,5.938,-5.373,0.104,0.952,0.318,-2.883,-0.859,7.646,9.599,-6.083,2.175,-5.437,-1.646,7.127,1.98,-1.883,-2.283
3.066,6.299,-6.294,0.379,0.428,-0.432,-3.097,-0.806,7.398,10.275,-6.109,2.221,-5.318,-0.879,6.973,2.138,-1.798,-1.842
2.372,6.22,-6.037,-0.031,-1.02,0.452,-2.805,-1.105,8.561,9.881,-5.748,1.867,-4.831,-0.87,7.106,2.407,-2.496,-1.867
2.643,6.203,-5.68,-0.025,0.331,0.699,-4.551,-2.1,8.219,9.45,-5.711,2.317,-5.347,-1.514,6.486,1.78,-2.027,-2.463
2.703,6.208,-5.85,-0.078,-0.361,0.205,-3.307,-1.481,8.193,9.501,-6.372,2.341,-5.493,-1.188,6.512,2.186,-2.882,-1.574
3.67,6.404,-5.942,-0.149,-0.05,1.149,-3.085,-1.085,8.379,9.848,-5.927,2.576,-5.302,-1.323,6.896,2.052,-1.953,-1.623
2.0,6.141,-5.557,-0.017,0.32,0.392,-2.911,-1.215,8.133,8.976,-5.572,2.582,-4.831,-0.813,7.196,2.354,-1.888,-2.276
3.111,5.684,-6.281,0.111,0.553,0.105,-3.603,-0.9,7.788,10.26,-5.766,2.093,-4.778,-1.579,7.08,2.23,-1.836,-1.71
2.311,6.313,-5.366,0.108,0.124,-0.154,-3.224,-1.029,7.964,10.015,-5.899,2.567,-5.539,-1.705,6.825,2.033,-2.051,-2.074
1.921,5.992,-5.892,-0.149,0.376,-0.235,-3.196,-1.419,7.899,9.997,-5.953,2.481,-5.008,-1.486,7.023,1.808,-2.49,-1.919
1.714,6.188,-5.329,0.109,-0.591,0.584,-2.566,-1.492,6.964,9.12,-5.514,2.487,-5.262,-1.044,6.892,2.061,-2.19,-2.035
2.781,6.301,-5.869,0.112,-0.381,0.779,-3.483,-1.044,7.967,9.32,-5.66,2.857,-5.15,-0.913,6.486,2.201,-2.135,-2.024
2.615,6.346,-5.864,0.327,0.084,0.348,-3.787,-1.378,8.004,9.454,-5.738,2.256,-5.024,-1.362,7.223,2.193,-1.652,-1.961
3.073,6.042,-5.019,0.115,0.175,0.738,-3.191,-1.569,7.581,9.259,-5.796,2.232,-4.952,-1.687,7.057,2.081,-2.083,-1.732
3.19,6.298,-5.709,0.207,0.342,0.111,-3.787,-0.725,8.124,9.732,-6.27,2.031,-4.7,-0.341,6.875,1.933,-2.208,-1.518
1.981,5.944,-5.735,-0.098,0.381,0.356,-3.709,-1.407,7.774,9.377,-5.965,2.133,-5.727,-1.83,6.766,2.291,-1.956,-1.42
3.024,6.414,-6.356,-0.163,0.136,-0.322,-4.275,-0.828,8.436,9.023,-5.762,2.585,-5.398,-1.33,6.636,2.014,-2.197,-1.757
2.71,6.334,-5.796,-0.195,0.685,0.476,-3.574,-1.72,8.072,9.43,-5.193,2.054,-5.365,-1.014,6.756,2.583,-2.041,-1.548
2.242,6.143,-5.209,0.156,-0.057,0.035,-3.086,-1.543,7.562,9.435,-6.157,2.129,-5.282,-1.128,6.945,2.095,-2.118,-1.682
2.812,6.03,-5.226,-0.146,-0.166,0.077,-3.821,-1.032,8.293,9.635,-6.007,2.334,-4.973,-1.823,6.313,1.969,-2.196,-2.592
1.741,6.004,-5.329,-0.092,-0.004,0.209,-4.034,-0.558,7.825,9.589,-5.964,2.974,-5.436,-1.496,6.798,1.869,-1.72,-2.154
2.119,5.931,-6.07,-0.105,0.312,-0.65,-3.927,-0.84,7.632,9.501,-5.83,2.117,-4.633,-1.453,7.031,2.048,-2.127,-1.885
2.68,6.445,-5.533,-0.171,-1.2,0.873,-2.634,-0.999,8.474,9.579,-6.167,2.222,-5.04,-1.327,7.259,1.868,-1.981,-1.727
2.45,6.122,-5.533,-0.004,-0.343,0.274,-3.291,-1.048,8.045,9.736,-6.035,2.163,-5.986,-1.274,6.922,2.306,-1.955,-1.622
2.182,5.805,-5.981,0.162,1.355,0.452,-3.551,-1.196,7.76,9.358,-6.009,2.395,-5.605,-2.033,7.111,2.073,-1.668,-2.098
3.24,6.022,-5.523,0.027,-0.189,0.587,-4.22,-1.365,8.547,9.291,-6.048,2.579,-5.088,-1.131,6.769,1.953,-2.093,-2.344
2.465,6.42,-5.708,0.331,-0.305,0.002,-3.718,-0.879,8.108,9.575,-5.776,2.225,-5.159,-1.352,7.146,2.346,-2.497,-1.879
2.81,6.354,-5.922,0.334,0.028,1.017,-3.116,-0.959,8.301,9.448,-5.897,2.374,-5.013,-1.286,7.192,1.75,-2.226,-1.976
2.232,6.103,-5.749,0.231,0.163,-0.044,-3.66,-1.29,7.765,9.874,-6.452,1.863,-5.457,-1.104,6.92,2.2,-1.776,-1.192
2.98,5.971,-6.008,-0.054,0.06,0.247,-3.407,-1.448,7.427,9.93,-5.817,2.172,-5.504,-0.864,6.883,2.462,-2.309,-2.334
2.87,6.192,-5.456,0.369,-1.136,0.689,-3.417,-0.836,7.898,9.777,-5.454,2.274,-5.196,-0.303,6.678,2.267,-1.926,-1.742
1.938,6.217,-5.32,-0.052,0.612,0.451,-3.127,-1.344,7.993,8.904,-6.237,2.49,-4.761,-1.227,6.809,2.072,-2.455,-1.57
2.599,6.59,-5.507,-0.17,0.834,-0.119,-3.92,-1.707,8.137,11.051,-6.109,2.041,-5.36,-1.452,7.021,1.855,-1.874,-2.213
2.266,6.21,-5.038,-0.066,0.648,0.593,-3.864,-1.006,8.195,9.936,-5.776,2.659,-5.629,-1.05,6.465,1.645,-2.268,-2.005
2.599,6.255,-6.209,0.118,0.598,0.683,-3.971,-2.011,7.681,9.667,-5.965,2.493,-5.159,-1.418,7.203,2.278,-1.934,-1.45
3.72,6.234,-5.246,0.305,-0.251,-0.148,-3.796,-0.452,7.797,9.741,-5.974,1.897,-5.24,-2.101,6.699,2.423,-2.373,-1.576
2.838,6.069,-5.35,0.088,-0.448,-0.215,-4.209,-0.853,8.627,9.583,-6.027,1.629,-5.34,-1.577,6.884,2.206,-2.639,-1.788
2.005,6.209,-5.82,-0.042,0.587,0.131,-3.861,-1.251,7.821,10.038,-5.999,2.746,-4.797,-1.242,6.43,1.908,-2.416,-2.638
2.33,6.431,-6.08,-0.202,0.386,0.724,-4.317,-1.026,7.305,9.607,-6.158,2.508,-4.934,-2.024,6.726,2.111,-1.761,-1.892
3.18,6.51,-5.297,-0.064,0.086,1.315,-3.195,-0.946,7.557,9.99,-5.568,2.435,-5.451,-1.727,7.209,1.71,-1.617,-1.974
1.672,6.073,-5.518,-0.269,-0.644,1.074,-3.421,-1.095,7.284,9.518,-5.568,2.266,-5.744,-1.524,6.674,2.375,-2.123,-1.825
2.865,5.839,-5.238,0.068,0.821,-0.328,-3.892,-1.329,8.236,9.012,-5.626,2.682,-5.532,-1.296,6.697,1.819,-2.177,-2.409
3.483,6.204,-5.666,0.259,-0.506,0.413,-4.562,-1.661,7.058,9.224,-6.105,2.107,-5.83,-1.809,6.872,1.969,-2.372,-2.148
2.398,5.674,-5.721,-0.144,-0.276,0.173,-2.954,-0.977,8.385,8.957,-5.776,2.17,-4.955,-1.859,7.256,2.184,-2.113,-2.205
2.221,6.442,-5.586,-0.011,-1.039,0.348,-3.612,-2.127,8.403,9.483,-5.912,2.109,-5.197,-1.625,6.785,1.976,-2.254,-1.656
2.368,6.065,-5.165,-0.32,0.548,1.21,-3.47,-1.172,7.789,9.245,-5.66,2.519,-4.172,-1.505,6.847,2.211,-2.426,-1.983
2.968,6.548,-5.633,-0.135,0.971,-0.764,-4.121,-1.523,8.554,9.796,-5.626,2.405,-5.646,-1.041,7.41,2.385,-1.847,-1.889
1.981,6.385,-5.665,0.024,0.409,0.548,-3.325,-1.798,8.067,10.066,-6.111,2.134,-4.814,-1.371,7.447,1.706,-2.249,-2.199
2.549,6.181,-5.853,0.072,-0.138,0.303,-3.927,-1.014,7.751,9.16,-5.924,2.424,-5.375,-1.105,7.248,2.062,-1.997,-2.055
2.68,6.166,-5.958,-0.397,0.198,0.311,-4.224,-0.846,8.215,9.973,-5.654,2.287,-4.917,-1.476,7.237,2.383,-1.936,-2.021
2.542,6.001,-5.486,0.085,-1.041,-0.006,-3.564,-1.11,7.992,9.819,-5.784,2.065,-5.204,-1.777,6.759,2.38,-2.449,-1.867
2.145,6.222,-5.782,0.24,0.444,0.951,-2.98,-1.512,7.367,9.858,-5.898,2.372,-5.148,-1.078,6.624,1.858,-2.241,-2.08
2.576,6.291,-5.537,-0.015,-0.17,0.019,-3.633,-0.805,7.926,10.07,-6.631,2.341,-5.315,-2.045,6.766,2.133,-1.751,-2.526
2.089,6.658,-5.186,-0.246,0.88,0.749,-3.555,-1.63,7.754,9.468,-5.227,2.056,-5.562,-0.847,7.209,2.437,-1.75,-2.248
3.475,6.698,-5.71,0.18,0.218,0.543,-3.998,-0.759,7.382,9.304,-5.723,2.153,-5.52,-1.211,6.942,2.031,-2.11,-1.948
2.458,6.131,-6.016,0.083,0.66,0.581,-3.397,-1.204,8.02,9.965,-6.027,2.724,-5.215,-1.606,6.985,2.371,-1.858,-1.651
2.749,6.324,-5.828,-0.21,-0.591,0.063,-4.475,-0.731,7.388,9.677,-6.326,2.349,-4.754,-1.037,6.812,2.003,-2.322,-2.026
2.057,6.204,-5.773,0.01,-0.678,0.606,-3.291,-1.432,8.105,9.469,-5.064,1.828,-5.069,-1.681,7.082,2.043,-2.314,-1.611
3.26,6.442,-5.757,0.094,0.539,0.155,-3.422,-1.125,8.233,9.783,-5.969,2.463,-4.988,-1.609,6.768,2.148,-2.352,-2.202
2.772,6.284,-4.982,-0.067,0.459,0.142,-4.066,-1.01,8.347,10.099,-5.962,2.209,-4.402,-1.996,6.977,2.053,-2.164,-2.222
3.024,6.267,-5.516,-0.224,0.243,0.724,-3.842,-1.669,7.932,9.303,-5.815,2.675,-5.599,-1.653,6.859,1.887,-1.761,-1.913
1.818,6.535,-5.139,0.124,-0.646,0.026,-4.138,-1.338,8.195,9.01,-5.883,1.962,-5.179,-1.04,6.72,2.158,-2.355,-2.342
2.988,6.276,-5.63,-0.158,-0.253,-0.493,-4.298,-0.194,8.168,8.473,-6.083,2.223,-5.535,-0.991,7.025,2.203,-2.413,-2.312
2.497,6.156,-5.679,0.039,0.478,0.109,-3.184,-1.379,7.844,9.363,-5.691,1.864,-4.628,-1.14,7.031,2.354,-2.292,-2.319
2.923,6.078,-5.53,-0.176,0.26,0.021,-4.033,-1.587,7.582,9.834,-6.405,2.86,-4.807,-1.068,6.817,1.868,-2.243,-2.394
3.139,6.253,-5.624,0.671,0.275,0.52,-4.367,-1.655,7.9,9.31,-5.938,2.397,-5.755,-1.793,6.76,2.416,-2.034,-1.903
3.25,6.422,-6.108,0.066,-0.226,-0.083,-3.722,-0.571,7.903,9.852,-5.466,2.493,-4.365,-1.269,6.908,2.2,-2.102,-1.771
1.923,6.444,-5.281,-0.032,-0.036,0.613,-4.118,-0.658,7.818,9.212,-5.778,2.215,-5.629,-1.473,6.77,1.719,-2.171,-2.063
2.844,6.414,-5.804,0.041,0.18,0.814,-3.673,-1.873,8.093,9.594,-5.513,2.201,-5.388,-1.526,7.565,2.321,-1.666,-1.689
2.815,6.261,-5.141,-0.085,1.172,0.688,-2.794,-1.263,7.077,9.309,-6.508,2.368,-5.508,-1.109,6.873,2.001,-1.882,-1.851
1.765,6.694,-5.722,-0.463,0.615,0.207,-3.503,-1.847,8.39,9.76,-5.724,2.386,-4.329,-1.411,7.083,2.195,-2.101,-1.728
2.138,6.086,-5.437,0.013,-0.284,0.243,-3.762,-2.166,7.982,10.575,-6.167,1.445,-5.674,-0.633,6.608,2.092,-2.095,-2.528
2.753,6.421,-6.019,0.227,0.43,0.271,-3.687,-1.084,8.124,9.111,-5.668,2.639,-5.853,-1.655,6.944,2.204,-2.035,-2.006
1.985,6.059,-5.617,0.538,0.551,-0.211,-3.484,-0.509,8.009,10.319,-5.751,2.374,-5.764,-1.045,7.092,2.242,-2.586,-1.634
2.663,6.247,-5.686,0.021,0.502,0.46,-4.046,-0.902,7.801,8.87,-5.815,1.973,-5.239,-0.929,7.479,2.259,-2.159,-1.733
2.728,6.257,-6.506,-0.093,-0.018,0.716,-2.857,-1.154,7.76,9.433,-5.472,2.022,-5.137,-1.381,7.051,2.266,-2.399,-1.63
2.117,6.069,-5.112,0.004,0.587,0.416,-3.823,-1.064,8.157,9.229,-5.678,2.182,-4.943,-1.557,6.501,2.219,-2.015,-2.392
2.468,6.17,-5.575,0.405,1.201,0.486,-3.43,-1.157,8.065,9.277,-5.691,2.419,-5.814,-1.391,7.397,1.77,-2.266,-1.662
2.894,6.557,-5.453,-0.131,0.192,0.299,-5.143,-1.07,8.322,8.812,-5.652,2.313,-5.498,-1.167,6.688,2.012,-2.118,-1.751
3.129,6.343,-5.732,-0.155,0.778,-0.163,-3.414,-1.493,7.436,9.448,-6.069,2.628,-5.46,-2.174,7.162,2.077,-2.001,-1.759
2.554,6.139,-5.395,0.212,0.074,0.578,-4.359,-1.189,8.106,9.846,-5.732,2.487,-5.007,-0.93,6.442,2.239,-1.718,-1.918
2.314,6.942,-4.692,0.048,0.367,0.496,-3.37,-1.455,7.7,9.855,-6.065,1.869,-5.652,-1.524,6.848,2.338,-1.662,-1.795
2.703,6.391,-5.903,0.105,0.557,-0.274,-3.482,-1.412,8.218,10.065,-5.389,2.498,-4.338,-1.406,7.228,2.303,-1.7,-2.069
2.8,6.039,-5.346,0.173,-0.16,1.2,-3.649,-0.833,8.522,9.47,-5.889,2.433,-5.746,-1.152,7.087,2.461,-2.156,-1.986
2.205,6.425,-5.218,0.137,0.039,0.075,-3.087,-0.934,8.103,9.262,-5.648,2.068,-5.113,-1.731,6.656,1.677,-1.668,-1.912
2.746,6.171,-5.892,0.047,0.366,1.068,-3.911,-1.345,8.001,9.815,-5.992,2.011,-5.297,-2.061,6.538,2.451,-1.736,-2.04
2.216,6.253,-5.016,0.062,-0.316,0.092,-3.581,-0.651,8.103,9.444,-5.629,2.167,-6.181,-0.95,6.641,2.249,-2.26,-2.078
2.421,6.35,-5.768,-0.213,0.69,-0.298,-3.932,-1.787,8.439,10.029,-6.28,1.588,-5.609,-1.784,7.098,2.318,-2.083,-2.028
3.182,6.046,-5.304,-0.184,0.563,0.266,-3.137,-1.392,8.595,9.038,-5.422,2.543,-5.366,-1.301,6.738,2.169,-2.17,-2.062
2.355,6.349,-6.248,-0.09,-0.827,0.454,-2.834,-0.692,8.23,9.063,-6.058,2.418,-4.853,-1.278,6.339,1.665,-1.802,-1.412
3.415,6.413,-5.573,0.328,-1.077,0.023,-2.906,-1.256,7.961,10.099,-5.967,1.704,-5.471,-1.28,7.262,1.747,-2.24,-1.901
3.177,5.71,-5.714,0.243,-0.235,-0.187,-3.878,-1.793,7.948,9.147,-6.088,2.371,-5.8,-0.719,6.819,1.95,-2.317,-2.126
2.346,6.277,-5.129,0.334,0.04,1.012,-4.043,-0.592,8.219,9.587,-5.692,1.96,-5.233,-2.017,6.886,2.183,-1.967,-2.12
2.776,6.549,-5.766,0.089,-0.321,0.216,-4.588,-0.922,7.583,9.143,-5.889,1.826,-4.427,-1.852,6.825,1.92,-2.386,-2.018
2.296,6.137,-5.667,0.217,0.703,0.451,-4.126,-1.28,8.412,8.987,-6.193,2.014,-4.65,-2.029,6.861,2.031,-2.319,-1.983
2.107,6.112,-5.577,-0.417,0.809,0.275,-4.418,-1.212,8.001,9.705,-6.409,2.528,-5.56,-1.049,6.659,2.17,-2.297,-1.963
1.814,6.265,-5.854,0.129,-0.337,0.216,-4.196,-1.002,7.999,9.812,-6.053,2.534,-4.418,-1.133,7.508,1.939,-2.106,-2.15
2.739,6.606,-6.021,0.385,-0.721,0.268,-3.501,-1.947,7.779,9.607,-5.925,2.352,-5.138,-1.682,6.912,2.01,-1.825,-1.689
3.819,6.286,-5.925,0.078,0.371,0.553,-3.269,-1.289,7.106,10.417,-6.108,2.546,-4.875,-1.29,7.239,1.777,-2.436,-2.023
1.698,6.356,-5.78,0.078,-0.478,0.259,-3.971,-0.916,7.673,9.703,-5.394,2.403,-6.017,-1.154,7.441,1.968,-2.532,-1.936
2.172,6.062,-5.842,0.07,0.325,0.212,-2.733,-1.795,7.589,9.196,-6.017,1.791,-5.354,-1.255,6.859,1.885,-2.004,-1.692
3.302,6.198,-6.2,-0.09,-0.074,0.798,-3.141,-0.58,7.932,10.311,-6.265,2.275,-5.476,-2.447,6.574,2.26,-2.152,-1.663
2.683,5.99,-5.509,-0.275,0.52,0.932,-3.609,-0.636,8.247,9.96,-5.419,2.23,-5.211,-1.459,7.011,2.622,-2.004,-1.846
3.244,6.397,-6.012,0.092,-0.053,-0.303,-4.13,-0.656,7.832,10.094,-6.09,2.023,-5.038,-1.058,6.999,1.975,-2.247,-1.968
2.087,6.455,-5.366,0.285,0.756,0.18,-3.523,-1.554,8.149,9.189,-5.953,2.378,-5.034,-1.287,6.844,2.363,-2.062,-1.978
3.017,6.338,-5.901,-0.09,-0.999,0.268,-4.14,-1.803,8.555,10.398,-5.771,2.272,-4.833,-1.207,6.673,2.317,-2.489,-1.587
2.57,6.691,-5.615,-0.088,0.306,0.35,-4.41,-0.517,7.715,9.865,-6.021,2.195,-5.267,-0.803,6.806,1.791,-2.525,-1.841
3.383,6.205,-5.111,-0.029,0.187,0.475,-4.201,-1.138,7.525,10.072,-5.702,1.909,-4.803,-0.861,7.156,2.077,-2.174,-1.277
2.297,6.16,-5.833,-0.073,0.417,1.308,-3.391,-1.745,8.263,10.116,-5.823,2.387,-5.812,-1.242,6.965,2.195,-2.171,-1.987
3.58,6.477,-5.558,-0.245,0.021,0.263,-3.486,-1.373,7.555,9.499,-5.843,2.316,-4.31,-1.76,6.913,2.346,-2.242,-1.924
2.35,6.476,-5.629,0.193,0.65,-0.511,-3.982,-1.382,7.574,9.722,-5.94,1.92,-4.654,-1.041,7.044,2.099,-2.163,-1.782
2.403,6.232,-5.422,0.096,-0.455,0.31,-3.215,-1.419,8.39,9.388,-5.797,2.112,-5.246,-1.687,6.61,2.163,-1.712,-2.083
1.866,6.209,-6.1,-0.223,0.441,0.925,-4.418,-1.334,8.23,9.72,-5.785,2.315,-5.219,-1.418,6.966,2.129,-1.86,-1.443
2.214,6.255,-5.768,0.325,-0.078,-0.0,-3.483,-1.356,8.255,9.368,-5.972,2.489,-6.032,-2.145,7.047,1.824,-2.359,-2.176
1.886,6.385,-5.9,-0.137,-0.21,0.151,-2.911,-1.636,8.119,9.941,-6.052,2.865,-4.655,-2.443,7.038,2.311,-2.027,-2.323
1.509,6.56,-5.525,-0.269,-0.336,-0.036,-3.715,-0.58,7.693,10.072,-5.94,2.224,-5.411,-1.335,6.585,2.24,-2.542,-1.551
1.848,6.269,-4.975,0.176,0.679,0.073,-3.839,-0.851,7.928,9.288,-6.057,1.964,-4.965,-1.517,6.768,1.944,-1.79,-1.991
2.886,6.138,-5.713,0.042,0.092,1.13,-3.159,-0.726,7.755,9.717,-5.392,2.32,-5.418,-0.808,7.317,2.141,-2.231,-2.231
2.359,6.137,-5.395,0.315,0.191,0.185,-2.739,-0.86,7.737,9.739,-5.827,2.064,-6.199,-1.285,6.961,2.29,-2.435,-2.101
2.58,6.114,-5.045,0.084,-1.243,0.299,-3.125,-1.087,7.581,9.614,-5.514,2.682,-5.017,-1.435,7.285,2.202,-2.649,-1.944
1.75,6.065,-5.316,0.148,-0.779,0.269,-2.563,-1.958,7.61,9.679,-6.037,2.752,-4.87,-1.243,6.538,2.129,-1.774,-1.525
2.961,6.013,-5.979,0.335,0.836,-0.008,-3.873,-0.907,8.216,9.933,-5.688,2.881,-5.221,-1.505,6.81,1.661,-1.94,-2.12
2.531,6.207,-5.745,-0.158,0.096,0.753,-3.64,-0.898,8.29,9.427,-6.009,2.336,-4.921,-0.676,7.178,2.099,-2.471,-1.732
2.551,6.15,-5.596,0.28,0.193,0.86,-3.509,-0.984,8.087,10.063,-5.666,2.416,-5.901,-1.836,6.961,1.689,-2.397,-1.607
2.556,6.224,-5.404,0.096,-0.136,0.793,-4.681,-0.621,8.545,9.751,-5.587,2.981,-5.947,-1.081,7.429,2.201,-1.993,-1.707
1.943,6.038,-5.163,-0.015,1.477,-0.316,-4.182,-1.318,7.643,10.063,-6.411,2.006,-5.473,-1.506,6.985,2.137,-1.339,-1.666
3.164,6.157,-5.99,0.135,-0.596,0.676,-3.13,-1.117,7.688,9.07,-5.694,1.512,-4.992,-1.052,7.062,2.092,-2.185,-1.39
2.846,6.656,-4.937,0.097,1.905,0.297,-3.732,-1.211,7.668,9.716,-5.734,2.07,-5.211,-0.959,6.631,2.013,-2.006,-2.015
3.503,5.696,-5.202,-0.111,1.082,0.329,-3.444,-1.124,7.302,9.421,-5.8,1.955,-5.268,-1.465,6.711,2.283,-1.891,-1.735
3.375,6.066,-5.013,0.016,0.824,0.266,-4.033,-1.678,8.301,9.049,-6.01,2.161,-4.786,-1.928,6.842,2.162,-1.961,-1.636
2.302,6.49,-5.75,0.114,-0.469,0.684,-3.474,-0.847,7.534,10.064,-5.968,2.541,-5.249,-0.587,6.829,2.008,-2.12,-2.09
1.538,5.908,-6.069,0.06,0.828,1.226,-4.836,-1.151,7.905,8.478,-5.385,2.226,-4.304,-1.561,6.999,1.91,-1.804,-1.82
1.654,6.077,-5.617,0.087,0.379,-0.145,-3.656,-1.446,8.251,9.734,-6.135,2.036,-5.333,-0.568,6.699,2.031,-1.924,-2.182
1.747,6.568,-5.716,-0.253,1.061,-0.423,-3.85,-1.245,8.786,9.618,-5.831,2.608,-4.978,-1.197,7.385,2.235,-2.198,-1.839
3.007,5.857,-5.414,0.21,-0.489,1.021,-3.568,-1.457,8.089,9.964,-5.977,2.382,-5.084,-1.391,6.959,1.932,-1.828,-2.56
3.48,5.947,-5.121,0.159,-0.052,0.385,-3.957,-0.313,7.87,9.982,-5.846,2.205,-5.987,-1.054,6.509,2.061,-2.321,-1.816
3.247,6.241,-5.494,0.448,1.063,0.722,-3.013,-0.849,8.416,9.333,-6.127,2.513,-5.619,-1.515,6.918,2.452,-2.664,-1.925
2.973,6.368,-5.418,0.22,0.834,0.423,-3.406,-1.393,7.885,9.424,-6.154,1.799,-6.102,-0.922,6.92,1.919,-1.317,-2.132
2.555,5.779,-6.067,-0.089,-0.007,0.122,-3.342,-1.211,7.916,10.017,-5.807,2.664,-5.264,-0.777,6.874,2.302,-2.022,-2.352
3.035,6.331,-5.359,-0.052,0.59,0.718,-2.992,-1.664,7.919,9.76,-5.576,2.278,-4.387,-1.2,6.865,1.99,-2.024,-1.824
2.969,6.24,-5.322,0.137,0.651,0.41,-3.838,-1.605,7.576,9.185,-5.795,2.857,-5.442,-1.085,6.278,2.064,-2.231,-1.837
1.776,6.046,-5.478,0.329,0.085,0.108,-3.201,-1.29,7.58,10.261,-5.99,2.297,-5.424,-1.547,7.426,2.127,-2.256,-1.898
2.664,6.203,-6.347,0.294,-1.143,-0.058,-3.156,-1.635,7.218,9.593,-6.109,2.194,-4.472,-1.228,7.071,1.967,-1.833,-1.503
2.917,6.073,-5.867,0.203,-0.521,0.577,-3.644,-1.331,7.737,9.614,-6.021,2.622,-4.925,-0.818,7.022,2.324,-2.001,-2.297
3.223,6.291,-5.549,-0.279,-0.269,0.68,-4.116,-1.564,7.624,8.763,-5.676,2.337,-5.507,-1.235,6.743,1.849,-1.977,-2.451
2.86,5.997,-5.226,-0.146,0.907,-0.335,-3.287,-0.826,7.669,9.238,-5.489,2.091,-4.464,-1.786,6.92,2.275,-2.117,-2.349
4.02,5.892,-5.03,0.189,0.276,0.268,-3.22,-1.148,7.833,9.764,-5.926,1.894,-4.611,-0.981,6.944,2.074,-2.244,-1.292
2.574,6.2,-4.925,0.205,-0.517,-0.045,-3.091,-0.972,8.032,9.775,-5.611,2.359,-5.409,-0.709,7.377,1.946,-2.268,-1.731
3.025,6.025,-5.019,0.331,0.788,0.459,-3.467,-0.394,7.93,9.751,-6.006,1.728,-5.302,-1.886,7.409,2.032,-2.347,-1.639
2.248,6.2,-5.922,-0.039,1.19,1.116,-4.85,-1.036,7.372,9.833,-5.488,2.703,-4.663,-1.175,6.865,2.578,-2.022,-2.211
2.07,5.935,-5.981,-0.093,0.1,0.111,-3.683,-0.908,8.502,9.637,-6.032,2.173,-4.727,-2.128,6.838,2.15,-1.745,-2.256
3.202,6.129,-6.369,-0.044,-0.279,0.681,-3.696,-0.903,8.01,9.644,-6.288,2.771,-4.514,-0.463,7.046,1.932,-1.997,-2.027
3.947,6.258,-6.037,0.045,0.333,1.014,-3.08,-0.837,7.861,9.808,-5.656,3.019,-5.248,-1.632,7.22,2.012,-2.071,-2.153
2.91,6.427,-5.814,0.066,-0.156,0.057,-4.46,-1.504,7.612,9.335,-6.057,2.963,-4.997,-1.887,6.97,1.971,-1.904,-1.268
1.952,5.861,-5.353,-0.245,-0.391,0.309,-3.4,-0.21,8.61,9.444,-6.184,2.422,-5.785,-1.595,7.266,2.181,-2.544,-2.044
2.894,6.255,-5.489,-0.062,-0.07,0.741,-3.006,-1.368,7.447,9.459,-6.107,2.314,-5.166,-1.39,7.007,1.861,-1.834,-2.015
2.031,6.322,-5.706,0.054,0.632,0.552,-5.01,-0.829,8.055,9.927,-6.396,2.582,-4.452,-1.387,6.566,1.61,-2.039,-1.987
2.6,6.641,-5.674,-0.054,-0.275,0.913,-4.138,-1.474,7.538,9.676,-5.867,2.36,-5.652,-2.571,6.557,2.208,-1.863,-1.444
3.245,6.913,-5.887,-0.158,0.203,1.046,-3.899,-1.14,8.251,9.891,-6.191,2.458,-5.056,-1.254,6.955,2.22,-1.926,-1.815
2.856,6.53,-5.776,-0.285,-0.124,0.004,-3.267,-1.087,7.597,10.188,-5.968,2.729,-4.631,-1.784,6.734,2.432,-2.567,-1.593
3.492,6.18,-5.095,0.062,-0.095,0.042,-4.306,-0.69,7.253,9.539,-5.9,2.549,-5.565,-1.012,6.857,2.625,-2.035,-2.199
2.299,5.655,-5.76,0.039,-0.192,0.423,-3.41,-1.013,8.123,10.046,-6.074,2.362,-4.165,-1.433,6.84,2.332,-2.312,-2.038
2.778,6.217,-5.395,0.198,1.102,0.655,-3.287,-0.207,8.029,9.877,-5.665,2.319,-4.673,-1.309,7.301,2.01,-2.031,-1.61
3.492,6.218,-5.472,0.095,0.755,-0.194,-3.653,-0.482,7.213,9.865,-5.659,2.466,-4.857,-0.907,6.942,1.842,-1.928,-2.075
3.03,6.338,-5.965,0.174,-0.157,0.921,-3.749,-0.883,7.763,9.469,-5.544,2.72,-6.015,-1.3,7.073,2.505,-2.452,-1.872
2.532,6.594,-5.693,0.172,-0.453,-0.524,-2.262,-0.953,8.367,9.66,-5.8,2.383,-4.508,-1.803,6.522,2.576,-1.92,-1.515
3.133,6.437,-4.999,-0.417,-0.158,0.676,-3.77,-0.875,8.457,10.026,-5.922,2.007,-4.938,-0.996,7.089,1.641,-2.245,-1.901
2.0,5.981,-5.527,-0.174,0.278,0.403,-2.889,-1.896,8.027,9.016,-6.214,2.786,-6.004,-1.547,7.023,2.518,-2.323,-2.336
3.658,6.816,-5.548,-0.081,1.189,0.742,-3.442,-1.14,7.906,9.913,-5.405,2.73,-5.141,-1.915,6.637,2.321,-2.062,-2.023
3.491,5.904,-6.08,0.205,0.309,0.901,-3.283,-1.503,8.076,10.148,-6.124,2.248,-4.644,-1.557,6.982,2.159,-2.471,-1.694
3.105,6.199,-5.363,0.365,1.045,-0.154,-4.3,-0.449,7.561,9.118,-5.652,1.753,-5.633,-1.437,6.882,2.147,-1.991,-2.685
3.406,6.569,-6.177,-0.013,0.191,0.162,-3.58,-1.325,7.987,9.877,-5.686,2.139,-5.82,-1.904,6.757,1.904,-1.885,-1.903
2.439,6.375,-5.338,-0.133,0.559,0.399,-3.036,-0.941,8.001,9.628,-5.65,2.255,-5.462,-1.231,7.126,1.962,-2.003,-2.311
2.654,6.097,-5.644,0.081,0.511,0.982,-3.106,-1.593,7.886,9.931,-6.078,2.377,-5.262,-1.563,7.041,2.261,-2.049,-1.524
2.744,6.383,-5.285,0.108,-0.051,0.604,-3.424,-0.684,7.911,10.034,-5.747,2.883,-5.587,-0.959,6.941,2.59,-2.081,-2.015
2.648,6.186,-5.825,0.119,0.535,0.726,-2.824,-1.542,8.037,9.277,-6.387,2.459,-5.467,-1.357,6.988,1.677,-2.437,-1.81
3.221,6.163,-5.679,-0.755,1.374,0.73,-3.675,-0.822,7.819,10.445,-5.48,2.492,-4.519,-1.452,6.542,1.788,-1.894,-1.901
3.59,6.213,-5.738,-0.277,0.906,0.659,-4.132,-1.653,7.518,9.884,-5.394,2.391,-4.733,-0.9,7.303,2.134,-1.658,-1.464
2.704,6.269,-4.923,-0.153,-0.626,-0.185,-3.771,-1.455,7.899,9.084,-5.939,2.295,-5.345,-1.149,7.077,2.297,-2.029,-2.387
2.232,6.268,-5.198,0.009,0.057,-0.371,-3.863,-0.977,7.741,9.917,-5.888,2.28,-4.948,-0.773,6.958,1.957,-1.892,-1.996
2.233,6.392,-5.511,0.083,-0.456,0.424,-3.464,-2.372,7.738,9.444,-5.29,2.589,-5.539,-1.512,6.49,2.272,-1.929,-2.061
2.627,6.03,-5.177,0.028,0.776,0.081,-3.69,-1.006,7.636,9.243,-5.356,2.476,-4.394,-1.289,7.126,2.104,-2.013,-1.856
3.37,6.218,-5.272,0.191,0.379,0.198,-3.526,-1.42,7.723,10.417,-5.703,1.87,-5.155,-1.671,7.037,1.952,-2.043,-1.709
3.342,6.478,-5.574,-0.035,0.081,0.53,-3.025,-1.152,7.966,9.764,-5.94,2.652,-5.099,-0.844,6.261,2.202,-2.261,-2.095
3.524,5.976,-6.255,-0.22,-0.164,0.568,-3.277,-1.351,7.889,9.922,-6.114,2.112,-6.059,-1.062,7.202,2.386,-2.407,-1.295
3.385,6.017,-5.588,-0.09,-0.544,0.158,-3.888,-0.477,7.759,8.974,-5.586,2.372,-4.875,-0.845,6.75,2.422,-2.067,-2.267
2.297,6.538,-5.906,-0.017,0.528,0.722,-3.87,-0.612,7.954,10.113,-6.019,2.533,-4.456,-1.601,7.237,2.336,-1.855,-2.083
4.351,6.22,-5.528,0.253,-0.678,0.246,-3.13,-1.186,8.496,9.091,-5.469,2.481,-4.759,-0.863,7.363,2.55,-1.901,-1.846
3.525,6.269,-5.952,-0.104,-0.395,0.246,-3.756,-1.791,8.352,9.938,-5.27,2.069,-5.359,-1.038,6.701,1.775,-2.134,-1.775
3.072,6.387,-5.358,0.254,-0.276,-0.332,-3.539,-1.312,8.135,9.433,-5.909,2.634,-4.992,-0.811,6.608,2.349,-1.943,-1.953
2.562,6.078,-5.507,0.169,1.064,0.391,-3.021,-1.396,8.101,9.033,-5.897,2.025,-5.051,-1.333,6.639,2.005,-2.109,-1.955
2.65,6.093,-5.185,-0.142,-0.821,0.116,-3.784,-1.295,7.308,9.427,-5.775,2.191,-5.03,-0.979,6.971,2.142,-2.01,-2.22
3.677,6.551,-6.217,0.212,-0.107,0.7,-3.242,-1.044,8.217,9.449,-6.101,2.905,-5.877,-0.906,6.551,2.588,-2.164,-1.851
3.298,6.337,-5.452,0.159,0.118,0.956,-3.864,-0.657,8.3,9.457,-5.586,2.541,-4.721,-0.32,6.923,2.224,-2.042,-2.039
3.72,6.267,-4.968,-0.147,-0.687,0.155,-2.628,-1.687,8.194,10.178,-5.811,2.036,-4.835,-1.059,7.57,2.255,-2.126,-1.693
3.619,6.422,-5.787,0.265,1.364,1.088,-4.057,-1.596,8.572,9.312,-5.511,2.225,-5.613,-1.408,7.191,1.81,-2.356,-2.216
2.023,6.041,-5.924,0.099,0.194,0.265,-3.671,-1.491,7.913,9.006,-6.112,2.606,-4.812,-1.024,6.59,1.746,-2.089,-2.195
3.025,6.369,-5.742,-0.305,-0.599,0.243,-2.805,-1.23,8.135,9.74,-5.821,2.004,-5.825,-1.529,7.241,1.734,-2.387,-2.054
3.108,6.277,-5.598,0.142,-0.685,0.418,-3.345,-1.524,7.831,9.245,-6.484,2.605,-5.264,-0.997,6.811,2.322,-1.797,-1.74
2.218,6.279,-5.225,-0.01,0.293,0.688,-3.761,-1.072,8.495,10.246,-5.889,1.838,-5.918,-2.093,6.779,2.165,-2.06,-1.775
2.717,5.814,-5.545,-0.321,0.46,0.691,-2.802,-1.474,7.613,9.567,-5.818,2.206,-4.868,-1.088,6.833,2.17,-2.046,-1.578
3.047,6.162,-5.188,-0.147,-0.56,-0.131,-3.497,-1.571,7.68,9.811,-6.148,2.481,-5.073,-2.012,7.194,2.158,-1.825,-1.48
2.618,6.322,-5.757,-0.028,0.189,0.673,-4.334,-0.849,7.822,10.704,-5.802,2.071,-5.272,-1.629,7.095,2.158,-2.197,-2.231
2.36,6.037,-5.663,0.174,0.985,0.369,-3.128,-0.804,8.076,9.72,-5.663,2.301,-5.179,-1.083,6.479,2.129,-2.286,-2.213
2.96,6.308,-5.502,-0.303,0.221,0.626,-2.772,-0.579,8.052,9.938,-6.288,2.404,-5.293,-1.116,7.114,1.961,-2.284,-1.422
3.075,6.298,-5.905,0.296,-1.032,0.08,-3.788,-1.089,7.983,9.7,-5.727,2.67,-5.471,-1.601,7.306,2.407,-2.402,-1.946
3.624,5.745,-5.409,-0.182,0.943,0.747,-3.991,-0.372,7.568,9.264,-5.877,2.471,-4.41,-1.339,6.879,1.791,-2.288,-1.964
2.917,6.158,-5.931,0.115,0.17,0.192,-3.948,-1.326,7.515,8.992,-5.918,2.466,-5.813,-1.702,6.463,2.135,-1.939,-2.038
2.234,6.511,-6.19,0.26,-0.128,1.089,-3.734,-1.004,8.122,10.069,-5.491,2.652,-5.833,-1.349,7.03,2.151,-2.425,-1.913
2.36,6.121,-5.836,0.151,1.652,0.174,-3.831,-0.678,7.88,9.972,-6.002,2.252,-4.774,-1.363,7.434,2.264,-2.263,-1.797
1.78,5.884,-5.899,0.094,0.163,0.114,-2.726,-1.363,7.491,9.667,-5.793,2.535,-5.71,-1.566,6.369,2.224,-2.52,-1.916
2.84,6.558,-5.668,0.103,0.383,0.69,-3.953,-0.753,8.009,9.707,-5.643,2.84,-6.192,-1.703,7.318,1.818,-2.095,-1.997
2.309,6.116,-5.615,0.126,0.018,1.025,-4.021,-0.607,7.542,9.964,-5.905,2.84,-4.938,-0.935,6.916,1.83,-1.847,-1.911
2.288,6.021,-5.857,-0.177,0.891,0.733,-3.687,-1.095,8.472,8.726,-5.823,2.022,-4.743,-0.894,6.893,2.315,-2.183,-1.752
2.858,5.906,-5.835,0.169,0.427,0.176,-3.223,-0.702,7.828,9.816,-5.99,2.283,-4.805,-1.089,7.409,1.969,-1.957,-1.375
2.757,6.14,-6.008,0.009,-0.135,-0.62,-4.142,-1.539,8.0,9.678,-5.786,2.219,-4.967,-1.743,6.779,2.24,-2.226,-1.859
3.347,5.822,-5.741,-0.131,-0.893,1.383,-3.193,-1.536,8.446,8.98,-5.603,2.541,-5.146,-1.199,7.393,2.3,-2.262,-2.009
2.1,6.467,-5.53,-0.021,-0.189,0.117,-3.528,-0.816,7.753,9.543,-5.968,2.142,-4.75,-1.384,6.938,2.217,-2.326,-1.57
2.126,5.941,-4.911,0.14,1.974,0.453,-3.907,-1.158,8.212,10.132,-5.875,2.205,-5.525,-0.414,6.913,1.787,-2.067,-2.174
3.437,6.326,-5.205,0.02,0.456,0.527,-3.327,-0.966,7.828,10.023,-5.762,1.903,-5.554,-1.414,7.236,1.985,-1.921,-2.076
3.406,6.117,-5.392,0.261,-0.228,0.97,-3.567,-1.558,7.684,10.116,-6.179,2.853,-5.223,-2.096,7.019,2.188,-2.253,-1.844
3.343,6.019,-5.865,0.153,-0.467,-0.313,-3.831,-1.111,7.917,8.984,-5.812,2.327,-4.994,-1.323,6.645,1.937,-1.979,-1.534
3.412,6.006,-5.419,-0.087,0.773,0.284,-4.269,-1.428,7.567,10.514,-5.409,2.15,-4.594,-1.266,6.524,2.348,-1.946,-1.789
2.23,6.288,-5.499,0.106,0.572,0.003,-3.624,-1.385,7.88,10.091,-5.723,1.964,-5.145,-1.536,7.221,2.26,-1.528,-1.859
2.051,6.052,-5.358,-0.169,-0.05,0.626,-3.726,-1.587,7.788,9.741,-5.64,2.217,-5.399,-0.956,7.113,2.281,-1.85,-2.14
2.961,6.095,-5.637,-0.109,0.275,0.837,-4.273,-0.594,7.756,9.299,-5.928,2.351,-4.628,-2.551,6.689,2.199,-2.011,-2.179
1.737,6.467,-5.559,0.198,2.104,0.536,-4.165,-0.587,7.29,9.45,-5.964,2.48,-4.385,-1.221,7.161,1.91,-2.352,-2.259
2.869,6.266,-5.37,0.121,-0.636,-0.271,-4.215,-1.332,7.835,9.875,-5.887,3.091,-5.602,-0.985,7.28,2.104,-2.45,-2.09
2.885,5.673,-6.031,0.202,0.848,-0.175,-3.929,-1.369,7.876,9.459,-6.105,2.191,-4.896,-1.191,7.394,2.112,-2.37,-1.991
3.065,6.051,-5.404,-0.105,-0.275,1.13,-3.028,-0.845,8.191,9.362,-6.247,1.817,-5.217,-2.453,7.094,2.458,-1.834,-2.086
1.806,6.369,-6.113,-0.17,-0.216,0.591,-3.054,-1.635,7.741,9.975,-5.686,2.699,-5.499,-0.925,7.448,2.281,-2.292,-1.828
2.043,6.1,-6.208,-0.043,-0.285,-0.532,-3.686,-0.365,8.188,10.012,-5.88,2.452,-5.096,-0.881,7.544,1.92,-2.258,-2.083
3.08,6.356,-5.607,0.245,0.612,0.382,-3.767,-1.611,8.082,9.804,-5.508,2.447,-4.742,-1.56,6.992,1.886,-1.619,-2.26
1.977,5.816,-6.183,0.026,-0.264,0.895,-3.53,-1.493,8.503,9.167,-5.505,2.28,-4.53,-1.553,6.989,2.362,-2.165,-2.402
2.403,5.927,-4.988,0.242,-0.354,0.561,-4.368,-1.17,8.165,10.242,-6.286,2.695,-5.518,-2.058,7.099,2.231,-1.732,-1.696
1.984,6.311,-5.878,-0.201,-0.567,-0.101,-3.81,-1.717,8.329,10.04,-5.671,2.081,-5.796,-1.259,6.908,2.158,-1.783,-1.488
2.868,6.541,-5.752,-0.279,-0.549,-0.092,-4.38,-1.743,7.376,9.121,-5.61,2.212,-4.852,-1.202,7.336,1.958,-1.759,-2.231
2.966,6.185,-5.517,0.096,0.27,0.589,-3.972,-1.484,7.985,9.886,-5.791,2.04,-5.198,-1.813,6.943,1.767,-2.017,-1.802
2.901,6.135,-5.563,0.134,0.688,0.318,-3.487,-1.842,8.421,9.198,-6.343,2.709,-5.812,-2.119,7.082,2.143,-2.093,-2.201
2.176,7.004,-5.794,0.154,-0.755,0.566,-4.292,-2.033,8.195,9.664,-5.995,1.726,-5.222,-1.349,6.64,2.115,-2.208,-1.891
3.107,6.502,-5.653,0.186,-0.443,0.505,-3.439,-1.265,7.719,9.812,-6.169,2.139,-5.064,-1.905,7.084,1.625,-1.892,-1.968
2.863,5.995,-5.93,-0.015,0.366,0.341,-4.018,-1.253,8.142,9.741,-5.666,1.939,-5.102,-1.425,7.047,1.995,-1.582,-1.863
2.804,6.202,-6.091,-0.008,0.523,0.945,-2.718,-1.654,8.048,9.648,-5.77,2.16,-5.573,-1.968,6.342,1.98,-2.366,-1.972
2.801,6.362,-5.342,0.158,0.151,0.571,-3.447,-0.983,8.097,9.358,-6.146,2.035,-5.443,-0.903,6.389,2.216,-2.004,-1.816
2.72,6.512,-5.6,0.058,1.094,0.304,-3.433,-0.916,8.042,9.216,-5.455,2.182,-4.994,-1.028,6.742,1.805,-1.993,-2.521
2.888,5.745,-5.239,0.203,0.075,0.957,-4.057,-1.647,8.033,10.247,-5.865,2.104,-5.859,-1.163,6.947,1.949,-2.39,-2.065
1.748,6.251,-5.371,-0.192,0.25,-0.165,-4.271,-0.888,8.386,9.785,-6.039,2.067,-5.871,-1.766,7.156,1.941,-2.043,-1.819
3.061,6.386,-5.543,0.418,-0.016,0.565,-3.871,-1.029,8.254,9.35,-5.907,2.444,-4.249,-1.25,6.677,2.017,-2.424,-1.843
2.646,6.035,-5.213,0.09,0.407,0.548,-3.614,-1.204,7.721,9.345,-5.948,1.561,-6.04,-1.091,6.549,2.044,-2.056,-1.793
1.92,6.151,-6.118,0.037,-0.239,0.258,-3.703,-1.154,8.285,9.419,-5.966,2.425,-4.763,-0.508,6.757,2.289,-1.583,-2.066
2.602,5.785,-5.747,-0.084,0.756,0.054,-3.728,-1.404,7.331,8.92,-6.367,2.573,-4.89,-1.706,6.777,1.986,-2.324,-1.945
2.094,6.251,-5.715,0.181,0.669,0.332,-3.802,-0.875,7.643,9.946,-5.498,2.435,-5.102,-1.041,7.146,2.241,-2.275,-2.474
2.936,6.44,-5.407,0.141,1.037,-0.003,-3.417,-1.132,7.968,9.434,-5.962,2.084,-4.871,-1.137,6.864,2.473,-1.694,-2.141
2.825,5.888,-6.105,-0.03,0.275,0.341,-3.614,-1.261,8.003,10.117,-5.41,1.99,-4.845,-1.987,6.947,2.145,-1.878,-1.886
2.258,6.246,-5.859,0.195,0.519,-0.163,-3.203,-1.13,9.074,9.861,-6.045,2.16,-5.653,-0.5,6.946,2.197,-2.688,-2.013
1.835,6.563,-5.705,0.039,-0.185,0.821,-3.64,-2.279,8.515,9.71,-6.153,2.307,-6.133,-1.523,6.829,2.101,-2.332,-2.088
2.956,6.52,-5.494,0.182,-0.849,0.125,-3.684,-1.452,7.604,9.634,-5.95,2.719,-5.107,-0.826,6.956,2.194,-2.091,-1.867
3.438,6.63,-6.093,-0.158,0.251,0.977,-3.708,-0.675,7.942,9.819,-5.732,2.308,-4.752,-0.813,6.881,2.083,-2.009,-1.898
2.349,6.178,-5.514,-0.468,0.829,1.291,-3.774,-1.085,7.721,9.624,-6.006,2.551,-5.112,-1.895,6.804,2.605,-1.994,-1.882
2.149,6.242,-5.793,-0.186,-0.3,0.116,-4.0,-1.433,8.15,9.734,-6.152,2.531,-5.296,-2.372,6.809,1.78,-1.962,-1.832
2.872,6.215,-4.735,-0.146,0.016,0.492,-2.899,-1.327,8.274,9.661,-5.908,1.833,-5.088,-1.409,7.038,2.577,-2.139,-1.705
2.58,5.773,-5.769,0.282,-0.627,0.83,-3.342,-1.212,7.98,9.785,-5.756,2.344,-5.911,-1.158,6.92,2.159,-2.316,-2.118
2.703,6.21,-5.92,-0.061,0.489,0.451,-3.576,-1.044,8.237,9.411,-5.854,2.734,-5.077,-1.083,6.543,2.613,-1.918,-1.943
1.585,6.514,-5.286,0.246,0.284,0.788,-3.908,-1.732,6.976,9.045,-5.688,2.634,-5.173,-1.958,7.513,1.783,-2.661,-1.987
2.88,6.345,-5.658,-0.283,0.245,-0.293,-3.176,-1.502,7.386,9.613,-6.123,2.24,-6.153,-1.394,6.688,2.241,-2.019,-1.975
2.429,6.398,-5.795,-0.161,-0.009,0.331,-3.266,-0.558,7.81,9.57,-5.635,1.973,-5.249,-1.351,7.108,2.296,-1.927,-2.407
2.903,6.131,-5.643,0.122,-0.209,0.638,-3.423,-1.178,8.229,9.07,-5.276,2.468,-5.38,-0.774,7.233,2.401,-2.123,-1.124
2.708,6.306,-5.417,0.055,-0.401,1.035,-3.913,-1.608,8.26,9.113,-5.495,2.374,-5.005,-1.669,7.361,2.068,-2.052,-2.244
2.182,6.158,-5.795,-0.222,-0.173,0.393,-4.14,-0.994,7.916,8.968,-5.909,2.554,-5.516,-1.779,7.166,2.102,-2.452,-2.333
2.667,6.024,-5.936,0.008,-0.948,0.071,-3.988,-0.941,7.897,9.672,-5.559,2.37,-4.464,-1.107,6.832,1.75,-1.935,-1.604
2.17,6.171,-5.341,-0.083,1.489,0.519,-3.536,-1.433,8.153,9.098,-6.225,2.608,-5.923,-1.225,7.247,2.082,-1.855,-1.892
1.901,6.271,-5.354,0.153,-0.398,0.287,-2.927,-1.518,8.428,9.434,-5.932,2.264,-4.953,-1.577,7.196,2.219,-2.025,-2.166
2.168,5.852,-5.917,0.361,0.536,0.428,-2.716,-2.172,7.836,9.636,-5.739,2.563,-4.686,-1.541,6.577,2.252,-1.975,-1.436
3.074,6.03,-5.31,0.499,0.095,0.561,-4.015,-0.622,8.318,10.086,-6.059,2.103,-5.221,-1.191,6.743,2.409,-2.237,-1.714
2.619,6.366,-5.223,-0.22,0.304,0.53,-3.761,-1.829,7.914,10.292,-5.745,2.663,-4.846,-1.833,7.171,2.155,-2.146,-1.751
2.882,6.411,-5.514,-0.138,-0.381,0.108,-3.561,-1.148,7.903,9.889,-5.45,1.807,-5.073,-1.717,7.104,2.175,-2.17,-1.794
1.821,6.088,-5.622,-0.016,-0.196,-0.183,-4.303,-0.861,8.292,8.971,-6.147,2.429,-5.997,-1.521,6.026,2.069,-1.887,-1.447
2.463,6.364,-5.724,-0.105,-0.342,0.76,-3.256,-0.82,7.532,9.937,-5.503,2.383,-5.184,-1.241,6.87,2.292,-2.324,-1.687
2.555,5.881,-6.104,-0.383,-0.605,0.075,-4.778,-1.448,8.228,9.618,-6.082,2.475,-5.382,-0.932,6.881,1.87,-1.86,-2.272
3.477,6.164,-5.22,0.426,-0.508,0.435,-3.888,-1.863,8.181,9.393,-5.485,1.95,-5.435,-1.479,6.839,2.449,-1.935,-2.049
1.878,6.395,-5.997,-0.034,0.415,-0.153,-4.185,-1.23,8.331,10.173,-5.716,2.138,-5.61,-0.989,7.451,2.246,-1.798,-1.789
1.769,5.941,-5.252,0.215,0.195,0.079,-3.382,-0.849,7.985,9.322,-6.029,2.252,-5.293,-1.457,6.586,2.278,-1.713,-2.333
1.901,6.249,-5.356,0.145,0.044,1.068,-4.861,-1.248,7.752,9.967,-6.088,2.068,-4.946,-1.233,6.638,2.131,-1.88,-1.658
3.131,6.33,-6.297,0.26,-0.288,0.197,-3.695,-0.964,8.256,9.86,-5.642,2.119,-5.156,-1.276,6.939,2.035,-2.416,-1.533
2.917,6.277,-6.055,-0.045,0.586,0.68,-3.093,-1.476,8.036,9.694,-5.577,2.671,-4.518,-1.66,6.44,2.15,-1.805,-2.123
1.843,5.987,-5.865,0.394,-0.023,-0.091,-3.518,-1.443,7.45,10.184,-6.217,2.0,-5.214,-1.496,7.07,2.392,-2.274,-1.449
2.754,5.578,-5.442,0.286,-0.417,-0.341,-3.895,-0.938,8.038,10.237,-6.172,2.649,-5.629,-1.347,6.876,2.337,-2.076,-2.235
2.108,5.886,-5.348,-0.031,0.499,-0.219,-4.424,-1.522,8.18,9.99,-5.649,1.952,-5.354,-0.915,7.116,2.072,-2.347,-2.335
3.057,5.857,-5.698,0.189,0.089,0.588,-3.674,-0.579,8.249,10.03,-5.617,2.058,-4.808,-0.457,7.284,1.902,-1.704,-2.005
2.533,6.257,-5.849,0.201,-1.014,0.215,-4.0,-1.533,7.726,9.77,-5.877,2.453,-4.696,-1.496,7.232,2.139,-2.161,-1.912
3.131,5.87,-5.501,-0.084,0.452,0.569,-3.492,-1.92,7.871,9.789,-5.868,2.045,-5.108,-1.361,7.644,2.03,-2.259,-1.863
2.401,6.315,-5.601,-0.023,-0.061,0.311,-3.179,-1.576,8.304,9.637,-5.603,2.613,-5.117,-0.934,6.844,2.102,-2.052,-1.581
3.456,6.218,-5.492,0.078,-0.188,0.675,-3.299,-0.03,8.324,9.745,-6.172,2.071,-5.806,-0.973,6.883,2.101,-2.596,-1.87
2.945,6.208,-5.641,0.117,-0.518,0.331,-3.688,-1.581,8.289,9.411,-5.858,2.241,-5.295,-1.58,6.957,2.3,-2.134,-2.014
2.759,6.576,-5.318,0.247,0.397,0.404,-3.75,-1.073,7.689,8.996,-5.776,2.398,-5.049,-1.131,6.93,2.099,-2.355,-1.236
1.849,6.055,-5.457,-0.097,0.155,-0.223,-3.013,-2.163,8.278,9.515,-5.908,2.176,-6.012,-1.141,7.316,2.175,-2.12,-2.476
2.503,6.166,-5.534,-0.125,0.634,0.836,-2.955,-0.866,7.548,9.566,-5.488,1.714,-5.649,-1.356,7.101,2.321,-2.291,-1.779
2.305,6.69,-5.683,0.077,-0.03,0.055,-3.765,-0.948,8.222,9.79,-5.819,2.694,-5.054,-1.587,6.572,2.023,-1.904,-1.745
2.917,6.177,-4.52,0.012,0.019,0.984,-3.517,-0.966,7.723,9.524,-6.415,2.211,-5.936,-1.777,6.809,2.344,-1.82,-2.511
2.631,5.938,-6.514,0.082,-0.035,0.788,-3.182,-0.919,8.131,10.027,-5.21,2.28,-4.513,-1.35,7.473,2.174,-1.586,-1.977
1.457,5.976,-5.878,-0.075,-0.53,0.151,-4.08,-1.491,8.056,9.608,-5.995,2.465,-5.076,-1.485,6.6,1.862,-1.841,-1.744
3.038,6.168,-5.752,-0.2,-0.091,0.545,-3.162,-0.705,7.392,9.773,-5.655,2.003,-4.811,-1.741,6.47,2.264,-1.942,-2.136
3.023,5.896,-5.524,-0.267,0.763,0.706,-3.65,-1.882,8.32,10.096,-5.432,2.839,-5.068,-1.033,7.165,1.761,-2.222,-2.168
2.02,6.613,-5.973,0.172,-0.028,0.388,-4.114,-0.615,7.499,9.042,-6.059,2.145,-5.338,-1.259,6.835,1.701,-2.028,-1.739
4.056,6.04,-6.098,0.127,0.504,0.874,-4.473,-1.292,7.676,9.351,-6.407,2.149,-4.877,-1.352,7.419,2.374,-2.143,-2.197
2.402,6.183,-6.051,0.007,-0.001,-0.213,-3.42,-1.416,7.373,9.953,-5.941,1.969,-5.002,-1.238,6.882,2.182,-1.688,-2.02
2.613,6.827,-5.54,0.316,0.512,0.044,-3.428,-2.171,8.497,9.495,-5.808,2.25,-4.496,-1.275,7.226,1.774,-2.205,-1.882
2.986,6.628,-5.101,0.255,-0.009,0.756,-3.798,-1.757,7.647,10.076,-5.754,2.139,-5.286,-1.437,6.681,2.27,-2.022,-1.539
3.89,6.217,-5.574,0.276,0.179,1.202,-4.522,-1.336,8.128,9.396,-6.175,2.344,-5.174,-1.586,6.906,2.052,-1.635,-1.882
2.428,5.974,-5.691,-0.206,0.712,0.297,-3.46,-1.408,7.491,9.269,-5.801,2.162,-5.315,-1.353,6.736,2.532,-2.087,-2.066
2.641,6.333,-5.641,0.193,0.615,0.653,-3.916,-1.642,8.145,9.573,-5.919,2.151,-5.699,-1.474,6.798,2.154,-2.332,-2.155
2.538,6.497,-5.827,0.166,0.435,-0.315,-3.517,-0.836,7.59,10.467,-5.824,2.287,-5.407,-1.958,6.886,2.026,-2.744,-1.832
2.231,6.27,-5.438,0.112,1.171,0.724,-3.348,-0.759,7.929,9.777,-5.828,2.584,-4.979,-0.843,6.932,2.09,-1.912,-2.606
2.863,6.466,-5.172,-0.015,1.091,0.361,-3.358,-1.019,7.463,9.182,-6.049,2.119,-5.202,-1.558,6.696,2.168,-2.104,-2.219
2.25,6.592,-5.686,0.409,-0.393,0.305,-2.864,-0.695,7.529,9.215,-6.0,2.518,-4.969,-2.268,6.804,2.308,-2.45,-1.815
2.8,6.195,-5.492,0.161,-0.361,0.472,-3.89,-1.526,7.807,9.813,-5.92,2.57,-4.898,-1.393,7.543,1.902,-2.303,-1.913
2.308,6.079,-5.591,-0.019,0.176,0.492,-3.295,-1.331,7.669,9.909,-6.047,2.035,-5.06,-2.108,6.645,2.675,-2.47,-2.099
2.303,5.916,-5.67,-0.33,0.558,0.521,-3.585,-1.287,7.519,9.29,-5.787,1.996,-5.497,-0.862,7.401,2.353,-1.954,-2.146
2.15,6.344,-5.222,0.292,0.112,0.192,-4.834,-0.946,7.871,10.137,-5.91,1.701,-5.261,-1.125,7.132,2.161,-2.063,-2.109
2.416,6.575,-4.66,-0.02,0.45,0.551,-4.231,-1.101,7.602,9.353,-6.121,2.938,-5.218,-2.097,6.742,2.295,-2.381,-2.157
3.051,6.19,-5.629,-0.026,0.031,0.274,-2.777,-0.649,8.027,9.682,-5.748,2.313,-5.23,-1.622,6.975,1.872,-2.087,-1.817
0.958,6.322,-5.783,0.072,0.859,1.394,-4.298,-1.399,8.388,9.29,-5.979,2.396,-4.977,-1.135,6.806,1.914,-2.121,-2.667
3.376,6.161,-6.194,-0.284,0.486,0.794,-3.645,-1.537,8.007,9.846,-6.307,3.055,-5.255,-1.139,6.902,1.893,-1.705,-1.848
3.335,6.359,-5.146,-0.45,0.053,1.851,-3.835,-1.757,7.584,9.276,-5.998,2.19,-4.583,-0.39,6.626,1.913,-2.047,-1.895
2.487,5.963,-5.481,0.029,-0.468,0.721,-3.115,-1.346,7.989,10.254,-5.866,2.007,-4.86,-2.418,6.738,2.111,-2.006,-1.94
3.59,6.245,-5.022,-0.08,-0.664,0.719,-4.65,-1.704,7.387,9.947,-6.163,2.772,-5.073,-1.232,6.917,2.268,-2.107,-2.055
2.848,6.032,-5.567,-0.055,0.638,-0.224,-3.811,-1.121,8.251,9.391,-5.952,2.0,-5.824,-1.312,7.08,1.822,-1.976,-1.781
2.461,5.801,-5.691,-0.223,-0.384,0.209,-5.004,-1.343,7.932,9.282,-5.588,2.467,-4.62,-1.916,6.735,2.258,-2.025,-1.687
2.587,6.167,-5.298,0.235,0.946,0.704,-2.789,-1.007,7.821,10.155,-5.767,2.603,-5.35,-1.678,6.751,2.603,-1.904,-1.61
2.684,5.931,-5.204,-0.088,0.121,1.232,-3.444,-1.667,8.113,9.834,-5.626,2.332,-5.301,-1.372,7.135,1.949,-2.041,-1.798
2.972,6.04,-5.383,-0.122,-0.412,0.5,-4.404,-2.028,7.489,9.672,-5.825,2.01,-5.279,-1.284,7.207,2.593,-1.899,-2.343
3.106,6.072,-4.931,0.421,-0.159,0.825,-4.197,-1.29,7.99,9.723,-6.047,2.048,-5.395,-1.048,7.078,2.345,-2.527,-1.003
2.223,6.092,-5.634,0.05,-0.028,-0.122,-4.353,-1.545,7.853,9.955,-6.086,2.655,-4.618,-1.703,6.652,1.89,-2.207,-2.153
1.998,6.117,-5.618,0.084,-0.719,0.097,-3.654,-1.524,7.983,9.455,-5.859,2.334,-5.576,-0.903,6.745,1.885,-2.076,-2.117
2.383,6.183,-6.295,0.147,0.43,0.331,-3.629,-1.169,7.25,9.567,-5.324,2.659,-5.732,-1.347,6.674,2.316,-2.089,-2.166
2.111,6.004,-6.029,-0.143,0.308,-0.215,-2.829,-1.734,8.533,9.716,-6.118,2.201,-5.194,-1.955,7.187,1.994,-2.331,-2.001
2.728,6.393,-6.271,-0.233,0.725,0.775,-3.24,-1.588,8.338,9.988,-5.751,2.343,-4.248,-1.544,7.6,2.124,-2.154,-1.615
2.708,6.236,-5.758,0.089,0.791,0.188,-3.731,-0.846,8.371,9.41,-6.055,2.193,-5.657,-1.498,6.823,2.252,-2.395,-2.421
2.131,6.399,-5.594,0.103,1.151,0.321,-4.144,-2.294,7.399,10.402,-5.985,2.456,-5.68,-0.889,7.176,1.879,-2.101,-1.697
1.016,6.711,-5.621,-0.085,0.151,0.623,-3.407,-1.7,8.192,9.744,-6.033,3.02,-6.296,-2.111,6.798,2.214,-2.333,-2.122
2.456,6.211,-5.414,-0.122,1.149,0.414,-4.232,-1.112,8.217,9.152,-5.94,2.111,-5.032,-0.789,6.772,2.349,-2.152,-1.177
2.911,6.504,-5.514,-0.094,-0.73,0.293,-3.589,-1.264,7.587,9.675,-6.234,2.332,-4.788,-1.831,7.105,2.205,-2.01,-1.938
2.711,6.311,-5.467,-0.395,0.044,0.178,-3.373,-1.298,7.95,9.009,-5.643,2.835,-5.16,-1.737,7.066,2.276,-1.91,-1.784
3.033,6.224,-5.65,0.222,0.662,0.646,-4.129,-0.993,7.452,9.471,-5.577,2.396,-5.663,-0.867,6.232,1.799,-1.731,-1.674
2.129,6.041,-5.398,-0.169,0.991,0.617,-4.022,-1.442,8.1,9.5,-5.637,2.348,-5.292,-1.246,6.501,1.969,-1.581,-1.961
2.79,6.388,-5.53,0.312,1.197,0.088,-3.511,-1.574,7.885,9.05,-6.049,2.304,-4.967,-2.101,6.832,2.211,-1.88,-2.043
1.983,6.627,-5.343,0.13,0.42,0.561,-2.562,-0.777,8.865,9.481,-5.223,2.637,-4.905,-2.032,6.719,1.788,-2.057,-2.082
2.17,6.383,-5.707,0.314,0.85,0.212,-3.06,-0.878,7.963,9.5,-5.699,2.258,-4.458,-1.224,6.587,2.208,-2.05,-2.025
2.367,6.026,-5.381,-0.025,0.518,1.145,-4.397,-1.394,7.324,8.839,-5.854,2.249,-5.25,-1.824,6.983,2.026,-2.171,-2.067
2.953,5.858,-5.454,-0.028,-0.192,-0.12,-3.537,-0.776,8.064,9.675,-5.545,2.708,-5.085,-1.203,7.525,2.161,-2.036,-1.828
2.986,6.245,-5.438,0.188,1.23,0.579,-3.7,-1.637,7.411,10.141,-5.687,1.868,-5.334,-0.885,6.891,2.151,-2.381,-2.097
2.464,6.232,-5.646,0.133,0.706,0.359,-3.853,-1.396,8.458,9.41,-6.005,2.866,-4.504,-1.537,7.068,2.444,-1.993,-1.985
