seat,cvap,cvap_hisp,cvap_asian,cvap_wnh,cvap_mexican,cvap_puerto_rican,cvap_cuban,cvap_dominican,cvap_central_american,cvap_colomb,cvap_venezuelan,cvap_other_south_american,cvap_other_hispanic,cvap_chinese,cvap_indian,cvap_filipino,cvap_vietnamese,cvap_korean,cvap_japanese,cvap_other_south_asian,cvap_other_asian,sh_hisp,sh_asian,sh_wnh,sh_mexican,sh_puerto_rican,sh_cuban,sh_dominican,sh_central_american,sh_colomb,sh_venezuelan,sh_other_south_american,sh_other_hispanic,sh_chinese,sh_indian,sh_filipino,sh_vietnamese,sh_korean,sh_japanese,sh_other_south_asian,sh_other_asian
AK-1,5.3882e+05,32604,28968,3.3926e+05,17937,3965,1202.1,1043.4,1464.7,945.01,65.16,1290.5,4690.7,1700.8,606.94,15213,827.76,3565.4,1087.2,320.51,5646,0.06051,0.053762,0.62964,0.033291,0.0073587,0.0022311,0.0019364,0.0027184,0.0017539,0.00012093,0.002395,0.0087055,0.0031566,0.0011264,0.028235,0.0015363,0.0066171,0.0020177,0.00059485,0.010479
AL-1,5.5615e+05,14941,6932.1,3.8075e+05,5848.7,1945.3,1097.5,350.6,1257.1,253.79,83.623,752,3352.4,1139.5,723.55,927.18,2297.5,365.93,172.53,194.62,1111.3,0.026865,0.012464,0.68462,0.010516,0.0034979,0.0019735,0.0006304,0.0022603,0.00045634,0.00015036,0.0013522,0.0060279,0.0020489,0.001301,0.0016672,0.004131,0.00065798,0.00031023,0.00034994,0.0019982
AL-2,5.3503e+05,14452,5391.4,2.8369e+05,6088.8,3825.3,747.31,452.98,1277.5,190.21,135.05,268.65,1466,812.9,1070.7,733.12,508.71,1311.5,258.86,181.45,514.08,0.027011,0.010077,0.53023,0.01138,0.0071497,0.0013968,0.00084664,0.0023878,0.00035552,0.00025241,0.00050212,0.00274,0.0015193,0.0020012,0.0013702,0.0009508,0.0024513,0.00048382,0.00033914,0.00096084
AL-3,5.5793e+05,11453,4629.5,4.1489e+05,4876.3,2052,727.23,239.36,1189.8,374.04,70.003,390.6,1533.3,618.11,774.57,821.99,469.97,1119.1,129.79,140.68,555.28,0.020527,0.0082976,0.74362,0.00874,0.0036779,0.0013035,0.00042902,0.0021326,0.00067041,0.00012547,0.00070009,0.0027481,0.0011079,0.0013883,0.0014733,0.00084235,0.0020058,0.00023263,0.00025216,0.00099526
AL-4,5.4325e+05,19744,2283.5,4.6723e+05,12288,1411,899.37,40.484,3249,108.25,31.129,206.24,1510.9,454.07,410.86,553.26,311.19,171.55,105.47,114.86,162.29,0.036344,0.0042035,0.86005,0.022619,0.0025973,0.0016555,7.4523e-05,0.0059807,0.00019926,5.7302e-05,0.00037964,0.0027813,0.00083583,0.00075629,0.0010184,0.00057283,0.00031578,0.00019415,0.00021142,0.00029874
AL-5,5.632e+05,21410,7274,4.0733e+05,10464,3757.8,1078.5,526.91,1353.9,848.78,180.79,758.41,2441.6,1539.3,1333.3,1081.1,755.24,1061,438.17,276.58,789.41,0.038015,0.012915,0.72325,0.018579,0.0066722,0.0019149,0.00093556,0.0024039,0.0015071,0.00032101,0.0013466,0.0043352,0.0027332,0.0023673,0.0019195,0.001341,0.0018838,0.00077801,0.00049108,0.0014017
AL-6,5.3971e+05,15021,7128.9,3.9529e+05,6878.4,1856.2,911.38,153.18,1133.3,733.5,345.8,550.21,2458.7,1792.7,1872.8,800.15,934.03,558.23,185.26,193.29,792.4,0.027831,0.013209,0.73241,0.012745,0.0034392,0.0016886,0.00028381,0.0020998,0.0013591,0.00064071,0.0010195,0.0045556,0.0033216,0.00347,0.0014826,0.0017306,0.0010343,0.00034326,0.00035813,0.0014682
AL-7,5.5043e+05,9804.6,4505.7,2.3913e+05,4584.3,1443.6,560.3,216.02,883.14,168.2,277.69,423.47,1247.9,783.25,1519.7,313.43,633.76,405.4,239.53,323.02,287.61,0.017813,0.0081858,0.43444,0.0083285,0.0026227,0.0010179,0.00039246,0.0016045,0.00030558,0.00050449,0.00076934,0.0022671,0.001423,0.002761,0.00056942,0.0011514,0.00073651,0.00043518,0.00058684,0.00052251
AR-1,5.6869e+05,13941,2290.6,4.3821e+05,9095.1,1028.3,163.93,69.512,949.04,50.979,21.857,91.763,2470.5,440.44,211.22,508.73,311.21,209.89,90.162,25.88,493.13,0.024514,0.0040279,0.77056,0.015993,0.0018083,0.00028826,0.00012223,0.0016688,8.9644e-05,3.8433e-05,0.00016136,0.0043441,0.00077448,0.00037141,0.00089456,0.00054724,0.00036907,0.00015854,4.5509e-05,0.00086713
AR-2,5.7082e+05,19794,5976.1,4.0842e+05,12070,1357.3,469.66,27.718,2309.9,189.87,126.07,557.23,2686.1,783.49,885.36,1282.3,584,615.05,182.64,403.22,1240.1,0.034676,0.010469,0.71549,0.021144,0.0023778,0.00082277,4.8558e-05,0.0040467,0.00033262,0.00022086,0.00097619,0.0047057,0.0013726,0.001551,0.0022464,0.0010231,0.0010775,0.00031995,0.00070639,0.0021725
AR-3,5.4269e+05,52837,13257,3.8883e+05,34299,2746.7,1106.6,566.61,8038.9,700.86,140.35,818.14,4419.9,880.79,1572.1,1380.4,2670.9,536.18,153.24,486.03,5576.9,0.097362,0.024428,0.71649,0.063202,0.0050613,0.0020391,0.0010441,0.014813,0.0012915,0.00025862,0.0015076,0.0081445,0.001623,0.0028968,0.0025436,0.0049217,0.00098801,0.00028237,0.00089559,0.010276
AR-4,5.6374e+05,23612,2989.7,4.0713e+05,17378,1370.5,483.34,71.241,1858.8,166.38,104.13,250.52,1929.1,383.61,393.12,339.44,404.66,222.04,49.02,24.87,1172.9,0.041885,0.0053032,0.72219,0.030827,0.0024311,0.00085737,0.00012637,0.0032972,0.00029513,0.00018472,0.00044439,0.003422,0.00068047,0.00069734,0.00060212,0.00071781,0.00039387,8.6955e-05,4.4117e-05,0.0020805
AZ-1,6.2171e+05,79556,19328,4.6916e+05,59630,3828.5,1296.6,468.37,2642.6,1188.5,152.32,2341.9,8007.1,3337.5,5411.7,3939.9,1767.8,1941.1,627.56,501.02,1801.7,0.12796,0.031089,0.75463,0.095913,0.0061581,0.0020855,0.00075336,0.0042505,0.0019117,0.00024501,0.0037668,0.012879,0.0053683,0.0087045,0.0063371,0.0028434,0.0031223,0.0010094,0.00080588,0.0028979
AZ-2,6.3475e+05,89788,6794.1,3.8428e+05,72464,2484.6,1055.1,186.24,1397.8,556.92,58.065,958.67,10626,846.55,382.54,2165.2,636.01,918.6,596.68,96.405,1152.1,0.14145,0.010703,0.6054,0.11416,0.0039142,0.0016621,0.00029341,0.0022021,0.00087738,9.1476e-05,0.0015103,0.016741,0.0013337,0.00060266,0.0034111,0.001002,0.0014472,0.00094002,0.00015188,0.001815
AZ-3,4.6766e+05,2.3813e+05,12842,1.3509e+05,2.0969e+05,4188.1,1837.2,657.47,7877.6,956.88,133.59,1178.9,11610,2221.1,1391.3,3190.2,2514.8,697.33,461.05,610.13,1756,0.5092,0.02746,0.28887,0.44839,0.0089555,0.0039286,0.0014059,0.016845,0.0020461,0.00028565,0.0025208,0.024826,0.0047493,0.002975,0.0068217,0.0053773,0.0014911,0.00098586,0.0013047,0.0037549
AZ-4,5.8608e+05,1.2082e+05,24173,3.7046e+05,96156,4938.9,1528.9,481.91,3880.6,1555.5,218.35,2639.7,9416,4668.3,4747.3,3383.8,4382.9,2055.1,1554.7,959.86,2421.4,0.20614,0.041246,0.63209,0.16407,0.0084271,0.0026088,0.00082227,0.0066213,0.0026541,0.00037256,0.004504,0.016066,0.0079653,0.0081001,0.0057736,0.0074784,0.0035065,0.0026528,0.0016378,0.0041315
AZ-5,5.9829e+05,91782,28100,4.2609e+05,69455,4906,1117.1,561.22,3226.9,1256.9,271.9,1909.5,9077.5,5259.3,5827,5316.2,4109.3,2892.8,1183.9,930.49,2581.1,0.15341,0.046968,0.71219,0.11609,0.0082001,0.0018671,0.00093805,0.0053935,0.0021009,0.00045446,0.0031916,0.015172,0.0087906,0.0097395,0.0088857,0.0068685,0.0048351,0.0019789,0.0015553,0.0043141
AZ-6,6.3733e+05,1.3595e+05,16464,4.2878e+05,1.1214e+05,6027.3,1132.8,161.23,2772.9,1148.1,397.83,1665.6,10498,3753.5,1548.3,3674.6,1753.9,2165.7,1193.6,757.54,1616.3,0.21331,0.025832,0.67278,0.17596,0.009457,0.0017775,0.00025298,0.0043508,0.0018014,0.00062421,0.0026134,0.016472,0.0058893,0.0024294,0.0057656,0.002752,0.0033981,0.0018728,0.0011886,0.0025361
AZ-7,5.4738e+05,2.8232e+05,10768,1.9988e+05,2.5971e+05,4732.1,1185.1,413.35,2926.8,544.35,215.59,1205,11380,1756.9,1058.4,2893.7,1821.3,812.47,472.15,288.88,1664.1,0.51576,0.019672,0.36516,0.47446,0.008645,0.0021651,0.00075515,0.0053469,0.00099447,0.00039386,0.0022013,0.02079,0.0032096,0.0019336,0.0052865,0.0033274,0.0014843,0.00086256,0.00052775,0.00304
AZ-8,6.0025e+05,1.0186e+05,19593,4.2409e+05,79473,3875.3,3158.6,273.3,3499.8,752.91,76.059,1472.1,9275.8,3604.4,3495.9,3973.1,3287.3,1306.2,879.25,341.5,2705.6,0.16969,0.032642,0.70652,0.1324,0.006456,0.0052622,0.00045531,0.0058305,0.0012543,0.00012671,0.0024525,0.015453,0.0060048,0.005824,0.006619,0.0054766,0.0021761,0.0014648,0.00056893,0.0045075
AZ-9,6.3066e+05,1.5602e+05,11897,3.9894e+05,1.2986e+05,4346.5,1785.6,778.58,5009.4,449.89,161.46,1041.7,12582,1110.7,752.58,5566.2,1795.7,676.73,638.59,157.61,1198.5,0.24738,0.018864,0.63258,0.20591,0.0068919,0.0028313,0.0012345,0.0079431,0.00071337,0.00025601,0.0016518,0.019951,0.0017612,0.0011933,0.0088259,0.0028474,0.001073,0.0010126,0.00024991,0.0019004
CA-1,5.4499e+05,1.0439e+05,18854,3.7656e+05,84938,2405.5,719.06,195.36,4407,381.95,156.39,1478.2,9712,3232.4,1323.1,3609.4,2188.9,1124.8,902.34,486.8,5986.6,0.19155,0.034596,0.69095,0.15585,0.0044138,0.0013194,0.00035847,0.0080864,0.00070084,0.00028697,0.0027123,0.01782,0.0059311,0.0024277,0.0066229,0.0040164,0.002064,0.0016557,0.00089321,0.010985
CA-10,5.2789e+05,85012,97031,2.8944e+05,53128,3898.3,865.01,361.14,10008,998.48,455.96,4679.2,10618,32649,18701,19888,4463.7,5606.7,4273.3,2809.9,8638.6,0.16104,0.18381,0.54829,0.10064,0.0073847,0.0016386,0.00068413,0.018959,0.0018915,0.00086374,0.008864,0.020115,0.061847,0.035427,0.037676,0.0084557,0.010621,0.0080951,0.005323,0.016364
CA-11,5.4082e+05,64818,1.6831e+05,2.4393e+05,33292,3781.6,1613.4,254.35,11711,1759.3,668.68,4484.1,7253,1.0311e+05,12580,17237,9395.1,8672.1,5477.2,1514.2,10315,0.11985,0.3112,0.45104,0.061559,0.0069922,0.0029833,0.00047031,0.021654,0.003253,0.0012364,0.0082912,0.013411,0.19066,0.023261,0.031873,0.017372,0.016035,0.010127,0.0027997,0.019073
CA-12,5.2129e+05,85850,1.0599e+05,2.0329e+05,55355,3784.3,1382.1,310.07,12344,1419.1,496.66,3566.4,7192.4,48539,8540.8,13802,11848,5717.9,4029,1820,11696,0.16469,0.20333,0.38997,0.10619,0.0072595,0.0026512,0.00059482,0.02368,0.0027224,0.00095277,0.0068416,0.013797,0.093115,0.016384,0.026477,0.022729,0.010969,0.0077291,0.0034914,0.022436
CA-13,4.2314e+05,2.2928e+05,35727,1.2313e+05,2.1228e+05,2379.7,352.25,13.687,6517.3,270.93,22.933,797.13,6651.1,2353.6,9583.9,9505.3,1218.4,701.5,482.7,758.39,11123,0.54187,0.084433,0.29099,0.50168,0.0056241,0.00083247,3.2348e-05,0.015402,0.0006403,5.4199e-05,0.0018839,0.015718,0.0055622,0.02265,0.022464,0.0028795,0.0016579,0.0011408,0.0017923,0.026287
CA-14,4.5892e+05,92655,1.7037e+05,1.4192e+05,65553,4348.5,753.08,249.76,9001.4,1387.2,213.05,3134.2,8014.7,50402,43044,42129,10717,6108.1,2832,3343.8,11797,0.2019,0.37124,0.30925,0.14284,0.0094753,0.001641,0.00054423,0.019614,0.0030227,0.00046425,0.0068295,0.017464,0.10983,0.093793,0.0918,0.023353,0.01331,0.006171,0.0072863,0.025705
CA-15,4.8783e+05,1.0016e+05,1.8256e+05,1.6491e+05,54148,3744,1218.5,89.897,24832,1547.6,399.37,6001.3,8177.8,88039,9773.7,57484,5031.6,4634.3,5023.7,1455,11122,0.20532,0.37424,0.33806,0.111,0.007675,0.0024979,0.00018428,0.050904,0.0031725,0.00081867,0.012302,0.016764,0.18047,0.020035,0.11784,0.010314,0.0095,0.010298,0.0029826,0.0228
CA-16,4.8103e+05,75996,1.3631e+05,2.3429e+05,54299,2257.9,889.34,317.42,5927.4,1633.8,244.25,3852.1,6575.6,49412,20944,13572,28886,7589.7,6625.7,1428.8,7851.8,0.15799,0.28337,0.48706,0.11288,0.0046939,0.0018488,0.00065988,0.012322,0.0033964,0.00050777,0.008008,0.01367,0.10272,0.04354,0.028214,0.060051,0.015778,0.013774,0.0029702,0.016323
CA-17,4.2403e+05,69432,2.0325e+05,1.2077e+05,51592,1701.1,791.76,108.09,5468.6,1562.5,303.67,2373.8,5530.3,71736,40709,31326,30686,9522.5,5574.8,3120.8,10578,0.16374,0.47933,0.2848,0.12167,0.0040117,0.0018672,0.00025491,0.012897,0.0036848,0.00071614,0.0055981,0.013042,0.16918,0.096004,0.073876,0.072367,0.022457,0.013147,0.0073598,0.024947
CA-18,4.2125e+05,2.1894e+05,55983,1.189e+05,1.9466e+05,3128,959.91,151.56,6328.5,1006.3,199.62,2678.4,9829.5,9704.5,4286.9,17139,16569,1688.2,2267.6,361.25,3966.8,0.51975,0.1329,0.28226,0.46211,0.0074256,0.0022787,0.0003598,0.015023,0.0023888,0.00047387,0.0063582,0.023334,0.023038,0.010177,0.040686,0.039333,0.0040077,0.0053831,0.00085757,0.0094167
CA-19,5.3761e+05,1.0476e+05,95151,2.9745e+05,80104,2938.3,1393.1,271.55,5248.7,1594.7,224.19,2853.4,10130,17870,16243,15951,28813,4240.9,4003.6,1546.9,6482.5,0.19486,0.17699,0.55327,0.149,0.0054656,0.0025914,0.00050511,0.009763,0.0029663,0.000417,0.0053075,0.018843,0.03324,0.030213,0.029671,0.053594,0.0078884,0.0074469,0.0028773,0.012058
CA-2,5.705e+05,60767,20644,4.3623e+05,38837,2510.5,951.85,279.94,5729.5,599.43,135.5,2777.6,8945.8,4962.3,1853.8,3563.7,1566.8,1450.9,1615.2,494.97,5136.3,0.10652,0.036186,0.76465,0.068076,0.0044006,0.0016684,0.00049068,0.010043,0.0010507,0.00023751,0.0048687,0.015681,0.0086982,0.0032493,0.0062467,0.0027463,0.0025432,0.0028311,0.00086761,0.0090031
CA-20,5.1925e+05,1.7869e+05,32094,2.6656e+05,1.5525e+05,2568.1,1025.7,257.88,5630.4,569.04,167.39,2095.8,11131,2867,6059.4,11765,2063,1729.2,1254.8,768.34,5587.3,0.34413,0.061809,0.51335,0.29898,0.0049459,0.0019754,0.00049664,0.010843,0.0010959,0.00032237,0.0040363,0.021436,0.0055214,0.011669,0.022658,0.0039731,0.0033302,0.0024166,0.0014797,0.01076
CA-21,4.56e+05,2.5064e+05,43614,1.2273e+05,2.3338e+05,1852.1,396.17,31.03,4324.4,352.46,34.575,972.7,9299.6,1987.7,5929.9,4899,1453.3,465.18,1719.4,974.03,26186,0.54965,0.095646,0.26916,0.51179,0.0040616,0.00086879,6.8048e-05,0.0094835,0.00077293,7.5823e-05,0.0021331,0.020394,0.0043589,0.013004,0.010743,0.0031871,0.0010201,0.0037707,0.0021361,0.057425
CA-22,4.1139e+05,2.6236e+05,20264,90819,2.391e+05,3055.4,614.61,113.1,7722,251.9,102.52,980.34,10416,1092.6,5311.6,9415.6,909.29,488.1,245.31,583.5,2218.5,0.63774,0.049259,0.22076,0.58121,0.0074271,0.001494,0.00027493,0.018771,0.00061231,0.00024921,0.002383,0.02532,0.0026558,0.012911,0.022887,0.0022103,0.0011865,0.00059629,0.0014184,0.0053926
CA-23,5.3346e+05,2.0537e+05,20882,2.3476e+05,1.6826e+05,4905.1,1630.6,340.59,13449,897.4,176.44,2425.6,13283,2386.4,2144.4,7422.6,1360.3,2925.5,897.22,615.78,3129.8,0.38497,0.039144,0.44007,0.31541,0.0091948,0.0030566,0.00063845,0.02521,0.0016822,0.00033075,0.004547,0.024899,0.0044734,0.0040197,0.013914,0.0025499,0.005484,0.0016819,0.0011543,0.005867
CA-24,5.3482e+05,1.5425e+05,26414,3.1801e+05,1.3184e+05,2448.5,813.29,175.94,4352,1328.8,359.44,1955.6,10971,6284.1,2195.2,6926.8,3051,2326,2177.1,245.74,3208.1,0.28841,0.049389,0.59462,0.24652,0.0045782,0.0015207,0.00032897,0.0081373,0.0024846,0.00067208,0.0036565,0.020514,0.01175,0.0041045,0.012952,0.0057046,0.0043491,0.0040707,0.00045947,0.0059985
CA-25,4.9014e+05,2.5858e+05,15481,1.7989e+05,2.361e+05,2924.1,1152.2,360.9,7721.8,805.6,57.046,1443.3,8018.9,2073,1191.8,6462.6,1490,1287.3,1300.2,241.51,1434.1,0.52756,0.031584,0.36701,0.48169,0.0059659,0.0023507,0.00073632,0.015754,0.0016436,0.00011639,0.0029446,0.01636,0.0042293,0.0024316,0.013185,0.00304,0.0026264,0.0026526,0.00049274,0.0029259
CA-26,5.0462e+05,1.7244e+05,38615,2.5663e+05,1.4596e+05,3362,1992.7,405.24,7365.8,1532.7,121.29,3666,8027.8,6795.7,4696,14309,3154.9,3365.5,2574,675.42,3044.6,0.34172,0.076523,0.50855,0.28925,0.0066623,0.0039488,0.00080306,0.014597,0.0030374,0.00024037,0.0072648,0.015909,0.013467,0.0093061,0.028356,0.006252,0.0066694,0.0051009,0.0013385,0.0060334
CA-27,4.9019e+05,1.9694e+05,46931,1.7616e+05,1.3991e+05,2889.6,2189.6,300.93,33470,1979.9,280.61,6357.3,9556.5,4643.7,4041.7,22341,3359.6,5547.8,1996,1389.1,3611.8,0.40176,0.095741,0.35938,0.28543,0.0058949,0.0044668,0.0006139,0.06828,0.004039,0.00057245,0.012969,0.019496,0.0094733,0.0082453,0.045577,0.0068538,0.011318,0.0040718,0.0028339,0.0073681
CA-28,5.1974e+05,1.3507e+05,1.8047e+05,1.5999e+05,1.0273e+05,2248,1987.1,306.74,12452,1819.1,246.31,5835.7,7443.1,1.0808e+05,4737.1,13595,17339,10688,7941.5,1049.9,17032,0.25988,0.34722,0.30782,0.19766,0.0043252,0.0038234,0.00059019,0.023958,0.0035,0.0004739,0.011228,0.014321,0.20796,0.0091144,0.026157,0.033361,0.020565,0.01528,0.0020201,0.032771
CA-29,4.4644e+05,2.3989e+05,40761,1.2633e+05,1.5916e+05,2960.2,2217.9,321.98,56461,1890.4,259.59,5756,10866,2975,2517.8,21432,2601.3,3575.9,1626,1605.4,4427.3,0.53736,0.091303,0.28299,0.35652,0.0066308,0.0049681,0.00072123,0.12647,0.0042343,0.00058148,0.012893,0.02434,0.0066639,0.0056397,0.048008,0.0058269,0.0080098,0.0036422,0.003596,0.0099169
CA-3,5.5328e+05,82784,49225,3.537e+05,61306,3634.5,877.32,153.06,4999,740.73,215.85,1745,9111.6,8915.2,6342.4,9781.1,6013.8,2375.8,2094.8,1427.1,12275,0.14962,0.08897,0.63928,0.11081,0.006569,0.0015857,0.00027664,0.0090352,0.0013388,0.00039012,0.003154,0.016468,0.016113,0.011463,0.017679,0.010869,0.0042941,0.0037862,0.0025793,0.022186
CA-30,5.4849e+05,1.1125e+05,65368,3.1812e+05,61259,3455.9,3453.8,645.64,22609,2860.7,689.6,6574,9701.1,10653,3873.2,24951,2256.3,14159,3891.6,701.84,4882.5,0.20283,0.11918,0.57999,0.11169,0.0063008,0.0062969,0.0011771,0.041221,0.0052156,0.0012573,0.011986,0.017687,0.019423,0.0070616,0.04549,0.0041137,0.025814,0.0070951,0.0012796,0.0089016
CA-31,4.9248e+05,2.5847e+05,90144,1.068e+05,2.1635e+05,3187.7,2347.6,301.24,19271,1428.7,275.77,5177.4,10131,38833,3072.8,24258,7697.2,3584.8,2927,974.26,8797.9,0.52483,0.18304,0.21687,0.4393,0.0064726,0.0047669,0.00061168,0.039131,0.002901,0.00055996,0.010513,0.020571,0.078851,0.0062393,0.049256,0.015629,0.0072791,0.0059433,0.0019783,0.017864
CA-32,5.533e+05,1.1572e+05,67341,3.1825e+05,66079,2820.8,2965,368.26,23315,2858.8,376.87,7549.2,9382.4,10800,9444.4,18871,6781.2,8888.1,3836.5,2213.9,6505.2,0.20914,0.12171,0.57519,0.11943,0.0050982,0.0053588,0.00066558,0.042138,0.0051667,0.00068113,0.013644,0.016957,0.01952,0.017069,0.034106,0.012256,0.016064,0.0069339,0.0040013,0.011757
CA-33,4.845e+05,2.6724e+05,35502,1.0974e+05,2.2908e+05,2930.7,1644.2,193.14,17055,1166,157.29,3663.4,11347,6608.2,2380.4,12462,4774.5,2501.5,822.55,1223.6,4728.8,0.55158,0.073276,0.2265,0.47283,0.006049,0.0033937,0.00039864,0.035202,0.0024066,0.00032464,0.0075613,0.02342,0.013639,0.0049132,0.025722,0.0098545,0.0051631,0.0016977,0.0025255,0.0097602
CA-34,4.2921e+05,2.3198e+05,83837,70338,1.6958e+05,2407,2314,454.85,41331,1691.4,221.78,3621.7,10361,16607,1678.1,21070,3360.6,31317,3033.5,1309.5,5462.4,0.54049,0.19533,0.16388,0.3951,0.005608,0.0053913,0.0010597,0.096295,0.0039408,0.00051673,0.008438,0.02414,0.038691,0.0039096,0.04909,0.0078297,0.072964,0.0070677,0.0030509,0.012727
CA-35,4.9201e+05,2.6455e+05,65722,1.0985e+05,2.2397e+05,3401.3,2518.7,226.17,17259,1724.6,136.43,4910.3,10398,20536,5319.1,19741,5171.4,5936.2,1824.7,1615.1,5578.5,0.53768,0.13358,0.22328,0.45522,0.006913,0.0051193,0.00045968,0.035077,0.0035053,0.0002773,0.00998,0.021134,0.041739,0.010811,0.040122,0.010511,0.012065,0.0037087,0.0032825,0.011338
CA-36,5.4652e+05,80788,89278,3.179e+05,49348,2835.7,2286.6,357.9,7819.9,2440.2,625.56,6307.1,8767.5,27178,7926.5,12228,4396.3,14244,13730,1860.8,7714.7,0.14782,0.16336,0.58168,0.090296,0.0051887,0.0041839,0.00065488,0.014309,0.0044651,0.0011446,0.011541,0.016043,0.049729,0.014504,0.022375,0.0080443,0.026063,0.025123,0.0034048,0.014116
CA-37,4.358e+05,1.751e+05,30882,77717,1.0572e+05,2170,1301.2,513.77,52848,1140.3,406.44,2787,8218.3,7229.5,2455.4,5300.5,1034.3,8245.7,3107.2,683.43,2825.9,0.4018,0.070863,0.17833,0.24258,0.0049795,0.0029859,0.0011789,0.12127,0.0026166,0.00093264,0.0063953,0.018858,0.016589,0.0056344,0.012163,0.0023734,0.018921,0.0071299,0.0015682,0.0064845
CA-38,4.6253e+05,2.4462e+05,1.2169e+05,78681,2.0847e+05,1379.6,1915.4,46.122,19497,1087.2,96.22,3941.7,8190.1,61837,5249.7,15226,13790,10332,4459.8,898.99,9899.6,0.52887,0.2631,0.17011,0.45071,0.0029827,0.0041412,9.9715e-05,0.042153,0.0023506,0.00020803,0.008522,0.017707,0.13369,0.01135,0.032919,0.029814,0.022338,0.009642,0.0019436,0.021403
CA-39,4.8281e+05,2.6936e+05,31481,1.1734e+05,2.3147e+05,3677.9,2059.2,403.88,17176,1541.4,348.72,2688.2,9996.3,4756.6,2497.3,10802,4633.3,1909.3,857.42,2078.2,3947.3,0.55791,0.065204,0.24305,0.47943,0.0076178,0.0042651,0.00083652,0.035576,0.0031926,0.00072228,0.0055678,0.020705,0.009852,0.0051725,0.022373,0.0095966,0.0039545,0.0017759,0.0043044,0.0081757
CA-4,5.3948e+05,1.2821e+05,49550,3.1379e+05,1.021e+05,3430.3,1068,122.27,6095,1133.1,79.039,2478.6,11704,7895.9,11465,12078,3191,1961.6,1893.2,2209.7,8856.1,0.23766,0.091849,0.58165,0.18926,0.0063586,0.0019798,0.00022664,0.011298,0.0021004,0.00014651,0.0045944,0.021696,0.014636,0.021252,0.022388,0.005915,0.0036361,0.0035093,0.0040961,0.016416
CA-40,5.5289e+05,1.5939e+05,59349,2.792e+05,1.2624e+05,3868.2,2337.5,401,7722.8,2337.6,583.9,4594.1,11306,8423.2,6551.5,17928,9358,4695.7,3172.5,1507.1,7712.8,0.28829,0.10734,0.50498,0.22833,0.0069963,0.0042277,0.00072528,0.013968,0.0042279,0.0010561,0.0083091,0.020449,0.015235,0.011849,0.032426,0.016926,0.0084929,0.0057381,0.0027259,0.01395
CA-41,5.07e+05,2.817e+05,55815,1.343e+05,2.3107e+05,3673.1,3207.7,340.99,23473,1739,311.53,5232.1,12651,6855.5,3058,18461,3441.9,12138,3729.7,775.38,7355.7,0.55562,0.11009,0.2649,0.45576,0.0072447,0.0063268,0.00067257,0.046299,0.0034299,0.00061446,0.01032,0.024953,0.013522,0.0060315,0.036412,0.0067888,0.02394,0.0073564,0.0015294,0.014508
CA-42,5.4859e+05,1.3685e+05,66013,2.8507e+05,1.0345e+05,3193.4,1742.9,343.5,10977,2323.6,99.189,5275.8,9447.7,8758.3,3096,14995,16572,3883.6,5152,505.14,13052,0.24946,0.12033,0.51964,0.18857,0.0058212,0.003177,0.00062616,0.02001,0.0042356,0.00018081,0.009617,0.017222,0.015965,0.0056436,0.027333,0.030208,0.0070792,0.0093914,0.0009208,0.023791
CA-43,4.3222e+05,2.0358e+05,43643,42554,1.4965e+05,2465,1777.9,443.1,36110,1285.7,116.6,4275.5,7453.4,5239.2,1921,10492,5597.7,6059.9,9868.2,1668.5,2797.2,0.471,0.10098,0.098456,0.34623,0.0057032,0.0041133,0.0010252,0.083547,0.0029747,0.00026976,0.0098919,0.017245,0.012122,0.0044445,0.024274,0.012951,0.01402,0.022832,0.0038604,0.0064717
CA-44,4.3487e+05,2.716e+05,49712,49849,2.2657e+05,2400.1,1522.3,209.68,27955,1341.8,138.59,3985.8,7471.9,2745.9,1324.6,27436,2151.2,4913.9,3349.6,770.47,7020.2,0.62455,0.11432,0.11463,0.52102,0.0055191,0.0035007,0.00048216,0.064284,0.0030855,0.0003187,0.0091655,0.017182,0.0063143,0.003046,0.063091,0.0049469,0.0113,0.0077026,0.0017717,0.016143
CA-45,4.9149e+05,1.4012e+05,1.9891e+05,1.2253e+05,1.1415e+05,2105.4,1385.5,143.66,10317,1560.8,70.333,4230.7,6161.5,18389,8603.2,27911,94458,30012,6201.8,1865.7,11465,0.2851,0.4047,0.24931,0.23225,0.0042837,0.002819,0.00029231,0.020991,0.0031756,0.0001431,0.0086079,0.012537,0.037416,0.017505,0.056789,0.19219,0.061064,0.012619,0.0037961,0.023328
CA-46,4.4667e+05,2.322e+05,77957,1.1263e+05,2.0156e+05,2038.9,1430.2,159.26,13320,1418.8,72.869,4838.2,7359,6929.3,3524.7,14874,34052,8096.3,1882.8,1602.9,6994.9,0.51983,0.17453,0.25215,0.45124,0.0045647,0.0032019,0.00035656,0.029821,0.0031763,0.00016314,0.010832,0.016475,0.015513,0.007891,0.033299,0.076234,0.018126,0.0042151,0.0035886,0.01566
CA-47,5.1133e+05,81154,1.2137e+05,2.6906e+05,57730,2630.7,1364.3,239.68,4806,1788.3,459.79,4728.8,7406.6,37912,13344,16217,16652,18036,7096.3,3238.1,8878.7,0.15871,0.23737,0.52619,0.1129,0.0051448,0.0026682,0.00046874,0.0093991,0.0034973,0.0008992,0.0092481,0.014485,0.074144,0.026096,0.031716,0.032565,0.035272,0.013878,0.0063327,0.017364
CA-48,5.1913e+05,1.6776e+05,39632,2.5779e+05,1.401e+05,4472,1857.4,873.59,6641.6,924.17,275.97,3138.6,9476.5,4302,3343.5,18387,4753.5,2228.1,1913.8,331.86,4372.3,0.32316,0.076342,0.49657,0.26988,0.0086144,0.003578,0.0016828,0.012794,0.0017802,0.00053161,0.0060459,0.018254,0.008287,0.0064406,0.035418,0.0091565,0.0042919,0.0036866,0.00063926,0.0084224
CA-49,5.3183e+05,96265,61274,3.3074e+05,71043,4513.5,1715.5,417.65,4438.5,1857.1,250.47,3796.2,8233.9,16166,9751.3,14513,6432.5,5240.2,3209.9,440.28,5520.2,0.18101,0.11521,0.6219,0.13358,0.0084867,0.0032257,0.00078531,0.0083458,0.0034919,0.00047096,0.0071381,0.015482,0.030398,0.018335,0.02729,0.012095,0.0098532,0.0060356,0.00082787,0.01038
CA-5,5.6051e+05,1.3909e+05,28799,3.4428e+05,1.1893e+05,3285.3,685.19,84.913,3799.3,600.52,101.32,1485.6,10122,4401.1,5340.6,6668.3,2470.3,1325.6,1534.1,961.79,6096.8,0.24815,0.05138,0.61423,0.21218,0.0058613,0.0012224,0.00015149,0.0067783,0.0010714,0.00018077,0.0026504,0.018059,0.0078521,0.0095282,0.011897,0.0044073,0.0023651,0.002737,0.0017159,0.010877
CA-50,5.613e+05,92407,78112,3.4024e+05,68455,3998.9,1119.3,800.05,3609.4,2030.4,427.85,3260.5,8705.7,15886,7664.7,24792,14146,3860,3640.7,875.37,7247.2,0.16463,0.13916,0.60617,0.12196,0.0071243,0.0019942,0.0014253,0.0064304,0.0036173,0.00076224,0.0058088,0.01551,0.028302,0.013655,0.04417,0.025202,0.0068769,0.0064862,0.0015595,0.012911
CA-51,5.7078e+05,1.3441e+05,46931,3.183e+05,1.084e+05,5017.7,1533.2,849.36,4189.2,1925.2,281.82,2540.1,9677.4,5662,1726.4,23175,5403.8,2083.7,2057.1,425.15,6397.4,0.23549,0.082223,0.55767,0.18992,0.0087911,0.0026862,0.0014881,0.0073395,0.003373,0.00049374,0.0044503,0.016955,0.0099198,0.0030246,0.040603,0.0094675,0.0036506,0.003604,0.00074487,0.011208
CA-52,4.9318e+05,2.5779e+05,70028,1.0685e+05,2.3545e+05,5363.3,1137.9,509.53,4508.5,1344.3,171.79,2041.1,7259.3,4147.9,836.54,45285,7538.4,1656.3,1770.2,234.81,8559.5,0.52269,0.14199,0.21665,0.47741,0.010875,0.0023073,0.0010331,0.0091417,0.0027258,0.00034833,0.0041387,0.014719,0.0084104,0.0016962,0.091821,0.015285,0.0033584,0.0035892,0.00047611,0.017356
CA-6,5.3134e+05,99321,59216,2.9844e+05,75900,3971.1,861.21,175.66,6215.6,1000.6,360.6,2361,8474.6,7268,10044,17308,4573.9,2013.9,2276.9,3313.6,12418,0.18692,0.11145,0.56167,0.14285,0.0074736,0.0016208,0.00033059,0.011698,0.0018831,0.00067865,0.0044435,0.015949,0.013678,0.018902,0.032574,0.0086082,0.0037902,0.0042853,0.0062362,0.023371
CA-7,5.495e+05,1.0566e+05,1.024e+05,2.5485e+05,83846,3294.8,564.94,209.01,5190.4,767.4,203.86,2082.2,9499.3,23642,9408,21196,15491,1667.5,5289.1,2964.6,22740,0.19228,0.18635,0.46379,0.15258,0.0059959,0.0010281,0.00038036,0.0094456,0.0013965,0.00037099,0.0037893,0.017287,0.043024,0.017121,0.038572,0.028192,0.0030345,0.0096253,0.0053951,0.041383
CA-8,5.2136e+05,1.2427e+05,91576,1.9525e+05,84778,3884.2,932.76,343.6,19028,916.3,148.18,3912.3,10329,15203,6211.2,49231,4711,2360.2,3753.4,2560.4,7545.3,0.23836,0.17565,0.3745,0.16261,0.0074501,0.0017891,0.00065904,0.036497,0.0017575,0.00028421,0.007504,0.019812,0.029161,0.011913,0.094428,0.009036,0.004527,0.0071993,0.004911,0.014472
CA-9,5.0308e+05,1.5842e+05,94314,1.6281e+05,1.2755e+05,4838,912.71,133.33,10985,707.95,85.518,3062.6,10149,8445.6,14927,37029,7344.2,625.84,1458.1,4418.9,20066,0.3149,0.18747,0.32363,0.25353,0.0096166,0.0018142,0.00026503,0.021835,0.0014072,0.00016999,0.0060875,0.020174,0.016788,0.02967,0.073603,0.014598,0.001244,0.0028982,0.0087837,0.039886
CO-1,5.4225e+05,1.096e+05,17425,3.4184e+05,77739,3700.6,1833.2,719.47,3473.4,1724.9,995.16,3095.3,16319,3514.2,1723.7,1503.7,4067.7,1987.1,1284.1,533.81,2810.8,0.20212,0.032135,0.63042,0.14336,0.0068245,0.0033806,0.0013268,0.0064055,0.0031809,0.0018353,0.0057083,0.030095,0.0064808,0.0031787,0.0027731,0.0075016,0.0036645,0.0023681,0.00098443,0.0051837
CO-2,5.6633e+05,59853,14063,4.6065e+05,37557,3034.1,1178.9,176.46,2979.9,1113.5,444.08,2711.6,10658,4392.1,2229.4,1014,805.58,1647.7,1133.5,909.7,1931.5,0.10569,0.024832,0.81339,0.066316,0.0053574,0.0020816,0.00031158,0.0052617,0.0019662,0.00078413,0.0047879,0.018819,0.0077553,0.0039366,0.0017904,0.0014224,0.0029094,0.0020014,0.0016063,0.0034105
CO-3,5.5979e+05,1.1809e+05,3959.2,4.0479e+05,70192,2321.4,546.02,76.088,2041.9,346.9,30.449,2000.5,40536,791.54,219.19,833.23,345.63,444.37,587.11,161.42,576.66,0.21096,0.0070726,0.72312,0.12539,0.0041469,0.00097541,0.00013592,0.0036477,0.00061971,5.4394e-05,0.0035738,0.072413,0.001414,0.00039157,0.0014885,0.00061743,0.00079383,0.0010488,0.00028835,0.0010301
CO-4,5.5513e+05,65002,14911,4.4055e+05,42331,2612.8,1075.7,449.73,1688.4,1038.9,323.32,1971.1,13511,2807,3521.6,1756.4,1121.6,2312.1,683.43,806.1,1903.2,0.11709,0.026861,0.79359,0.076254,0.0047065,0.0019377,0.00081012,0.0030414,0.0018714,0.00058243,0.0035506,0.024339,0.0050564,0.0063437,0.0031639,0.0020205,0.0041649,0.0012311,0.0014521,0.0034283
CO-5,5.4392e+05,81170,14202,3.8463e+05,46209,7516.9,1752.5,1036.6,3071.9,982.02,283.87,1933,18384,2259.1,1107.8,3428.9,1533.5,3218.5,1142.6,168.87,1342.3,0.14923,0.02611,0.70715,0.084956,0.01382,0.0032219,0.0019058,0.0056477,0.0018055,0.0005219,0.0035538,0.033799,0.0041533,0.0020368,0.0063041,0.0028194,0.0059173,0.0021006,0.00031047,0.0024678
CO-6,5.0632e+05,78362,23695,3.2882e+05,50460,4536.3,1874.1,391.12,4555.2,1093.9,749.92,2738.1,11964,3642.1,3291.3,2411.7,3733.3,4067.9,1298.1,1309.6,3940.5,0.15477,0.046798,0.64943,0.099661,0.0089593,0.0037014,0.00077248,0.0089966,0.0021605,0.0014811,0.0054078,0.023629,0.0071933,0.0065005,0.0047632,0.0073735,0.0080342,0.0025638,0.0025864,0.0077828
CO-7,5.7462e+05,72604,14138,4.5635e+05,44106,2217.5,1293.6,157.56,1687.2,567.49,405.57,1675.1,20495,3107.4,1356.8,1296.1,3172.1,1865.9,1113.1,512.09,1714.1,0.12635,0.024604,0.79418,0.076757,0.0038591,0.0022512,0.0002742,0.0029363,0.00098759,0.0007058,0.0029151,0.035666,0.0054078,0.0023612,0.0022556,0.0055203,0.0032472,0.0019372,0.00089119,0.0029831
CO-8,5.0682e+05,1.5431e+05,13737,3.093e+05,1.1918e+05,4040.3,878.56,268.95,3662,1127.8,242.01,1444.8,23458,2228.5,899.5,1313,2342,1035,918.19,756.38,4244.7,0.30446,0.027105,0.61028,0.23516,0.0079719,0.0017335,0.00053066,0.0072254,0.0022252,0.00047751,0.0028507,0.046284,0.004397,0.0017748,0.0025906,0.0046209,0.0020421,0.0018117,0.0014924,0.0083753
CT-1,5.3557e+05,84232,19859,3.3744e+05,3466.6,57769,2019.1,4480.1,3196.5,3158.6,337.95,6191.1,3612.3,2976.3,7771.5,1412.2,2204.3,748.14,314.9,1905.3,2526.2,0.15728,0.03708,0.63007,0.0064728,0.10787,0.0037701,0.0083651,0.0059685,0.0058976,0.00063102,0.01156,0.0067449,0.0055573,0.014511,0.0026368,0.0041159,0.0013969,0.00058798,0.0035576,0.0047169
CT-2,5.657e+05,42123,15395,4.664e+05,4159.2,25156,1151,2512.4,1407.8,1161.7,259.35,3509.4,2806.3,4994.3,3435,2833.7,999.33,841.15,166.09,953.41,1172.4,0.074463,0.027215,0.82446,0.0073523,0.044469,0.0020346,0.0044412,0.0024886,0.0020535,0.00045846,0.0062037,0.0049607,0.0088285,0.0060721,0.0050092,0.0017665,0.0014869,0.0002936,0.0016854,0.0020726
CT-3,5.4408e+05,73337,17625,3.6392e+05,7097.5,41326,1940.1,4590.1,3686.8,3393.6,462.03,6615.8,4224.7,4991,3179,1969.2,1617.6,1623.6,144.13,1149,2951.8,0.13479,0.032395,0.66888,0.013045,0.075956,0.0035659,0.0084365,0.0067762,0.0062374,0.0008492,0.01216,0.0077648,0.0091733,0.0058428,0.0036194,0.002973,0.0029842,0.0002649,0.0021118,0.0054253
CT-4,4.9093e+05,81019,23201,3.1457e+05,7849.8,26788,2513.2,6617.7,11199,7734.2,783.82,11745,5787.6,5942.8,6656.4,2791.6,1422.4,1613.3,656.05,1238.4,2879.6,0.16503,0.047259,0.64076,0.01599,0.054566,0.0051193,0.01348,0.022813,0.015754,0.0015966,0.023924,0.011789,0.012105,0.013559,0.0056863,0.0028974,0.0032862,0.0013363,0.0025227,0.0058657
CT-5,5.2709e+05,84872,16604,3.624e+05,4985,49298,1857,9435.2,3196.6,2023.1,432.92,9029,4614.3,4094.1,4796.2,1624.7,1421.6,1395.4,161.89,1015.5,2094.6,0.16102,0.031501,0.68755,0.0094575,0.093529,0.0035231,0.017901,0.0060646,0.0038382,0.00082134,0.01713,0.0087543,0.0077673,0.0090993,0.0030825,0.0026971,0.0026473,0.00030713,0.0019266,0.0039739
DE-1,7.6411e+05,52330,22664,4.9683e+05,13414,21392,1750.1,3598.7,3396.3,1219.6,303.51,2595.6,4660.4,3934.4,7713.9,3838.1,1400.6,1511.3,371.23,2673.7,1220.8,0.068485,0.029661,0.65021,0.017554,0.027996,0.0022903,0.0047096,0.0044448,0.0015961,0.0003972,0.0033969,0.0060991,0.005149,0.010095,0.0050229,0.0018329,0.0019779,0.00048583,0.0034992,0.0015976
FL-1,6.012e+05,35703,13847,4.4349e+05,11692,8895.4,2558.5,1352.9,3259.9,1458.8,451.76,1368.3,4666,1455.6,1285.2,5564.4,1666.8,1430.8,751.74,132.04,1560.9,0.059386,0.023033,0.73767,0.019447,0.014796,0.0042557,0.0022503,0.0054223,0.0024265,0.00075143,0.0022758,0.0077612,0.0024212,0.0021377,0.0092554,0.0027725,0.0023798,0.0012504,0.00021963,0.0025962
FL-10,5.3871e+05,1.5131e+05,22224,2.0713e+05,10523,80249,14470,11485,7840.4,9864,4266.6,6374.8,6238.4,3332,6097.6,3466.1,5503.1,773.64,355.47,731.31,1964.6,0.28087,0.041253,0.38449,0.019534,0.14896,0.02686,0.021319,0.014554,0.01831,0.00792,0.011833,0.01158,0.0061851,0.011319,0.006434,0.010215,0.0014361,0.00065985,0.0013575,0.0036468
FL-11,6.0163e+05,1.0896e+05,23088,3.851e+05,11587,47973,10977,7326.5,4397.4,9944.1,4781.4,6580.7,5394,3768.2,9754.4,4032.9,2254.1,1060.7,520.53,602.3,1094.4,0.18111,0.038375,0.64009,0.01926,0.079737,0.018246,0.012178,0.0073091,0.016529,0.0079474,0.010938,0.0089655,0.0062633,0.016213,0.0067032,0.0037466,0.0017631,0.00086519,0.0010011,0.0018191
FL-12,5.8308e+05,1.3193e+05,17462,3.619e+05,9072.5,45406,33110,7106.7,6679.9,9423.8,2438.8,6411.3,12283,2105,6056.7,2701.6,3718.5,886.79,207.39,695.29,1090.5,0.22627,0.029948,0.62067,0.01556,0.077873,0.056785,0.012188,0.011456,0.016162,0.0041825,0.010996,0.021067,0.0036101,0.010387,0.0046334,0.0063774,0.0015209,0.00035569,0.0011924,0.0018703
FL-13,6.1778e+05,59706,20530,4.8061e+05,11367,20433,8314.2,2356.4,2451.7,4338.6,1715.7,3634.2,5095.4,1688.6,3221.5,3729.8,6679,619.84,436.4,567.19,3587.7,0.096646,0.033232,0.77796,0.018399,0.033075,0.013458,0.0038143,0.0039686,0.0070229,0.0027772,0.0058827,0.0082479,0.0027333,0.0052147,0.0060375,0.010811,0.0010033,0.0007064,0.00091811,0.0058074
FL-14,5.7477e+05,1.2854e+05,16382,3.3154e+05,21919,42993,26279,8988.6,7822.3,5941,1917.9,4666,8009.3,2020.8,4965,3280.6,2235.9,522.8,430.05,570.06,2356.6,0.22363,0.028501,0.57682,0.038135,0.0748,0.04572,0.015639,0.013609,0.010336,0.0033369,0.0081181,0.013935,0.0035158,0.0086383,0.0057077,0.00389,0.00090957,0.00074822,0.00099179,0.0041001
FL-15,6.2166e+05,98470,17446,4.0511e+05,10899,43109,13861,4809.1,5023,6045.4,1914.5,4969.3,7840.5,2267.9,5822.2,3258.1,2259.5,626.13,314.17,1403.7,1494.2,0.1584,0.028064,0.65166,0.017532,0.069344,0.022297,0.0077359,0.00808,0.0097247,0.0030796,0.0079937,0.012612,0.0036482,0.0093657,0.0052409,0.0036346,0.0010072,0.00050538,0.0022581,0.0024035
FL-16,6.3009e+05,68801,12475,4.6258e+05,23944,15362,9643,2028.7,3858.1,4118.2,1260.5,3547.5,5038.7,1482.1,2275.5,2121.6,3780.7,501.88,315.65,255.26,1742,0.10919,0.019798,0.73415,0.038001,0.02438,0.015304,0.0032197,0.006123,0.0065359,0.0020005,0.0056301,0.0079968,0.0023521,0.0036113,0.0033671,0.0060002,0.00079652,0.00050095,0.00040512,0.0027647
FL-17,6.4652e+05,59987,9870.5,5.1717e+05,11752,17008,11933,1947.8,5046.9,2390.5,1330,3650,4928.4,1930.4,1491.2,2191.5,1510.5,388.88,467.35,419.17,1471.5,0.092784,0.015267,0.79993,0.018177,0.026307,0.018458,0.0030127,0.0078062,0.0036975,0.0020571,0.0056457,0.0076229,0.0029858,0.0023065,0.0033897,0.0023363,0.00060149,0.00072286,0.00064835,0.002276
FL-18,5.9908e+05,1.5031e+05,10114,3.356e+05,21384,81330,13841,8066.6,5640.2,6574.9,3322.8,4238.7,5916,1186,2863.3,2889.5,810.97,316.48,253.2,404.3,1390.7,0.25091,0.016883,0.56019,0.035694,0.13576,0.023104,0.013465,0.0094147,0.010975,0.0055464,0.0070753,0.0098751,0.0019796,0.0047795,0.0048232,0.0013537,0.00052827,0.00042265,0.00067486,0.0023214
FL-19,6.1853e+05,98441,9079.7,4.7032e+05,14078,20706,33170,5145,7441.6,5864.5,1693.7,5659.1,4683.2,2143.8,1916.5,2091.4,1177,465.26,179.09,209.87,896.72,0.15915,0.014679,0.76037,0.02276,0.033476,0.053627,0.008318,0.012031,0.0094814,0.0027383,0.0091492,0.0075715,0.003466,0.0030984,0.0033813,0.0019029,0.00075219,0.00028955,0.00033931,0.0014497
FL-2,6.148e+05,34533,9365.5,4.0839e+05,7781.5,8766.3,4623.6,1099.1,3636.5,1300,569.72,1696,5059.9,1637.1,1820.3,2012.7,1319.9,894.26,151.42,632.94,896.95,0.056169,0.015234,0.66428,0.012657,0.014259,0.0075206,0.0017878,0.005915,0.0021146,0.00092668,0.0027586,0.0082302,0.0026628,0.0029609,0.0032737,0.0021469,0.0014546,0.00024629,0.0010295,0.0014589
FL-20,5.1561e+05,1.1457e+05,14656,1.5788e+05,6106.7,26907,17992,9449.1,10229,19079,5089.6,14671,5050.8,2458.7,6187.9,1285.4,2067.5,413.83,260.95,1374.1,607.46,0.22221,0.028424,0.30621,0.011844,0.052185,0.034894,0.018326,0.019838,0.037002,0.0098711,0.028454,0.0097957,0.0047684,0.012001,0.0024929,0.0040097,0.0008026,0.00050609,0.0026651,0.0011781
FL-21,6.1018e+05,85007,11730,4.1905e+05,12326,23930,15162,4617.5,7897.1,6076.8,1594,7376.7,6027,1985,2621,2916.6,1579.6,507.3,256.73,969.67,893.96,0.13932,0.019224,0.68676,0.020201,0.039218,0.024849,0.0075675,0.012942,0.009959,0.0026123,0.012089,0.0098774,0.0032532,0.0042955,0.00478,0.0025888,0.00083139,0.00042074,0.0015892,0.0014651
FL-22,5.3386e+05,1.4396e+05,19031,2.7961e+05,26382,22869,25914,6831.4,10325,21034,8416.5,15772,6417.7,3787.5,8535.2,1878.7,1398.5,594.46,239.15,1439.1,1158,0.26966,0.035647,0.52375,0.049417,0.042837,0.04854,0.012796,0.019341,0.0394,0.015765,0.029543,0.012021,0.0070946,0.015988,0.0035191,0.0026196,0.0011135,0.00044796,0.0026956,0.0021691
FL-23,5.3505e+05,1.1035e+05,12663,2.7444e+05,11325,23389,26519,6130.1,12102,11492,2593,10691,6113.8,2092.1,3360.1,1878.2,2149.1,344.72,178.19,1294.5,1366.3,0.20625,0.023667,0.51292,0.021166,0.043713,0.049562,0.011457,0.022618,0.021478,0.0048463,0.019982,0.011426,0.00391,0.0062799,0.0035103,0.0040166,0.00064426,0.00033303,0.0024193,0.0025536
FL-24,4.8732e+05,1.76e+05,6939.3,61317,4311.5,21306,64346,15751,25284,16549,5541.2,15340,7576.7,1486.4,1905.3,1838.2,478.91,97.141,173.72,253.42,706.14,0.36117,0.01424,0.12583,0.0088474,0.04372,0.13204,0.032322,0.051884,0.033959,0.011371,0.031478,0.015548,0.0030501,0.0039098,0.0037722,0.00098275,0.00019934,0.00035649,0.00052002,0.001449
FL-25,5.3573e+05,1.3795e+05,12757,3.2505e+05,6596,15326,34950,5598.6,10158,23106,7310.6,26023,8884.5,2485.4,3233.2,2148.1,1329.4,1042.6,492.72,848.38,1176.9,0.25751,0.023812,0.60675,0.012312,0.028608,0.065239,0.010451,0.018961,0.04313,0.013646,0.048576,0.016584,0.0046393,0.0060351,0.0040096,0.0024815,0.0019461,0.00091973,0.0015836,0.0021969
FL-26,4.7618e+05,3.3096e+05,13325,71485,4581.9,25719,1.8519e+05,14085,23017,32282,16054,20787,9241.7,2578.8,4596.7,2038.2,1481.3,531.76,204.9,1435.6,458.17,0.69503,0.027984,0.15012,0.0096221,0.054012,0.38891,0.029578,0.048336,0.067794,0.033713,0.043654,0.019408,0.0054156,0.0096531,0.0042803,0.0031107,0.0011167,0.0004303,0.0030149,0.00096217
FL-27,4.7586e+05,3.3616e+05,9668,89426,7109.1,16451,1.9428e+05,8488.9,36209,24573,12443,23441,13160,3217.7,2627.2,662.39,486.82,448.3,224.6,764.79,1236.1,0.70643,0.020317,0.18792,0.01494,0.034571,0.40828,0.017839,0.076092,0.05164,0.026149,0.04926,0.027656,0.006762,0.005521,0.001392,0.001023,0.00094209,0.00047199,0.0016072,0.0025977
FL-28,4.9377e+05,3.4187e+05,7340.2,89118,12173,22879,1.9281e+05,11440,35538,25150,9826.9,19859,12189,1967.2,2008.1,1111.3,733.94,129.55,88.664,818.99,482.54,0.69236,0.014865,0.18048,0.024652,0.046336,0.39049,0.023169,0.071972,0.050935,0.019902,0.040219,0.024684,0.0039839,0.0040668,0.0022506,0.0014864,0.00026237,0.00017956,0.0016586,0.00097725
FL-3,6.2003e+05,63932,13722,4.266e+05,7965.4,24545,10697,1969.8,4863.6,3627.7,1620.3,3114,5529.2,2421.7,4561.2,2790.8,1293.5,1137.6,342.46,360.25,814.22,0.10311,0.022131,0.68803,0.012847,0.039586,0.017253,0.003177,0.0078442,0.0058509,0.0026132,0.0050223,0.0089177,0.0039058,0.0073564,0.0045011,0.0020861,0.0018347,0.00055233,0.00058102,0.0013132
FL-4,5.9397e+05,46709,13479,3.348e+05,8118,18939,5387.7,2290.2,3599.8,2094.1,462.77,2196.7,3620.7,1688.2,780.68,6971.9,1782.4,344.58,427.64,280.19,1203.8,0.078638,0.022694,0.56366,0.013667,0.031886,0.0090706,0.0038558,0.0060606,0.0035256,0.00077911,0.0036982,0.0060957,0.0028422,0.0013143,0.011738,0.0030007,0.00058013,0.00071997,0.00047171,0.0020268
FL-5,6.0174e+05,60791,28680,4.1589e+05,8159.4,21210,8740.5,1720.1,5888.2,5300.8,1651.5,2752.2,5368.1,3131.2,7500.7,8088.4,2274.1,1435.9,529.65,1430.3,4290.2,0.10103,0.047663,0.69116,0.01356,0.035248,0.014525,0.0028586,0.0097854,0.0088091,0.0027446,0.0045737,0.0089209,0.0052036,0.012465,0.013442,0.0037792,0.0023863,0.0008802,0.0023769,0.0071297
FL-6,6.4654e+05,64162,8270.3,4.8741e+05,12817,28417,6253.2,2152.3,3092.5,3030.8,578.46,2451.3,5369.5,1111.5,1688.5,2444.1,1054.1,364.39,238.35,194.81,1174.6,0.09924,0.012792,0.75388,0.019825,0.043953,0.0096718,0.003329,0.0047831,0.0046878,0.00089471,0.0037914,0.008305,0.0017192,0.0026117,0.0037802,0.0016303,0.00056361,0.00036866,0.00030132,0.0018167
FL-7,6.0285e+05,1.1699e+05,17912,3.9456e+05,8107.1,61168,11231,7204.5,5005,7661.6,2482.1,6504.5,7622.9,3177.1,4697.2,2976.5,3191.5,1340.4,315.74,878.1,1335.8,0.19406,0.029713,0.65449,0.013448,0.10146,0.01863,0.011951,0.0083023,0.012709,0.0041173,0.01079,0.012645,0.0052702,0.0077917,0.0049373,0.0052941,0.0022235,0.00052375,0.0014566,0.0022157
FL-8,6.2481e+05,89618,17548,4.3317e+05,8629.4,42248,11978,5454.6,4553.1,5057.7,1829.3,3990.1,5877,2603.7,4055.6,4233.5,3002,790.92,428.41,548.31,1885.3,0.14343,0.028085,0.69329,0.013811,0.067618,0.019171,0.00873,0.0072872,0.0080947,0.0029278,0.0063861,0.009406,0.0041672,0.006491,0.0067757,0.0048047,0.0012659,0.00068566,0.00087757,0.0030173
FL-9,5.8155e+05,1.9731e+05,14806,3e+05,17925,1.0497e+05,13470,15790,8205.2,12646,6390,10842,7066.9,1738.1,3941.1,3927.9,2095,341.06,315.97,901.59,1545.3,0.33928,0.02546,0.51586,0.030823,0.18051,0.023163,0.027152,0.014109,0.021745,0.010988,0.018644,0.012152,0.0029888,0.006777,0.0067542,0.0036025,0.00058648,0.00054332,0.0015503,0.0026572
GA-1,5.8345e+05,32653,8748,3.5445e+05,12092,9639.3,2159.9,928.58,2639.5,817.15,144.41,1312.6,2919.9,1699.9,2493,1288.2,778.85,1310.3,174.5,156.88,846.33,0.055966,0.014994,0.60751,0.020725,0.016521,0.003702,0.0015915,0.004524,0.0014005,0.00024751,0.0022497,0.0050045,0.0029135,0.0042729,0.0022079,0.0013349,0.0022458,0.00029908,0.00026888,0.0014506
GA-10,5.9073e+05,29847,11011,3.809e+05,12054,6120.4,1797.2,1453.4,2665.9,1360,227.98,1612,2556.5,1253.5,2513,868.8,1129.9,1017.5,133.88,441.12,3653.3,0.050526,0.018639,0.6448,0.020405,0.010361,0.0030423,0.0024604,0.0045129,0.0023023,0.00038593,0.0027288,0.0043278,0.0021219,0.0042541,0.0014707,0.0019126,0.0017224,0.00022663,0.00074674,0.0061844
GA-11,5.6169e+05,41585,17864,4.1286e+05,15680,7545.4,2714.2,1142.7,4627.8,2446.6,1466.4,2502.3,3458.7,3250.5,6741.9,1321.5,2309.6,1254.2,439.19,1204.3,1342.7,0.074034,0.031804,0.73504,0.027916,0.013433,0.0048323,0.0020345,0.0082391,0.0043558,0.0026107,0.004455,0.0061577,0.0057871,0.012003,0.0023528,0.0041118,0.0022328,0.00078191,0.002144,0.0023905
GA-12,5.8121e+05,23531,8601,3.1712e+05,10490,6807.4,943.64,908.71,1704.5,292,91.754,558.77,1734.9,1434.3,2414.8,1489.5,861.69,1172.6,108.82,237.32,881.95,0.040487,0.014798,0.54563,0.018048,0.011712,0.0016236,0.0015635,0.0029326,0.0005024,0.00015787,0.00096139,0.002985,0.0024678,0.0041547,0.0025627,0.0014826,0.0020176,0.00018723,0.00040833,0.0015174
GA-13,5.3525e+05,45199,31076,1.5097e+05,19149,7541.1,2983.3,2795.7,5891.6,1992.3,755.36,1920.9,2169.8,3177.9,9207.5,1209.7,8524,2522.3,68.81,1970.7,4394.6,0.084445,0.058058,0.28205,0.035776,0.014089,0.0055736,0.0052232,0.011007,0.0037223,0.0014112,0.0035887,0.0040537,0.0059372,0.017202,0.0022601,0.015925,0.0047125,0.00012856,0.0036819,0.0082104
GA-14,5.64e+05,42172,7283.4,4.2413e+05,22979,5391,1751.1,593.03,5768.2,1066.5,471.04,1685,2466.9,641.92,2205.8,913.78,1050.3,945.87,121.03,712.92,691.73,0.074772,0.012914,0.752,0.040742,0.0095586,0.0031048,0.0010515,0.010227,0.001891,0.00083518,0.0029876,0.0043739,0.0011382,0.003911,0.0016202,0.0018623,0.0016771,0.0002146,0.001264,0.0012265
GA-2,5.6275e+05,20517,6641.9,2.4076e+05,8470.9,5466.5,1298.8,588.36,2218.2,447.6,53.452,431.37,1541.3,517.97,1474.3,1651.2,960.54,1119.3,140.29,126.42,651.91,0.036458,0.011803,0.42782,0.015053,0.0097139,0.002308,0.0010455,0.0039417,0.00079538,9.4983e-05,0.00076654,0.0027388,0.00092043,0.0026197,0.0029342,0.0017069,0.0019891,0.00024929,0.00022465,0.0011584
GA-3,5.8181e+05,25801,7060.7,3.915e+05,10219,5532.1,1522.3,632.98,2698.7,1445.4,354.52,1545.5,1849.8,891.12,1584.7,863.27,1238.7,1133.6,231.53,269.76,847.99,0.044345,0.012136,0.6729,0.017565,0.0095084,0.0026165,0.001088,0.0046384,0.0024843,0.00060934,0.0026563,0.0031794,0.0015316,0.0027237,0.0014838,0.0021291,0.0019484,0.00039794,0.00046366,0.0014575
GA-4,4.9096e+05,40219,37684,1.2661e+05,17608,4832.6,1868.7,1464.8,6011.7,2400,1572.6,2075.6,2384.5,6702,7661,922.16,7314.1,7110.2,307.39,4003.2,3663.8,0.081919,0.076756,0.25788,0.035866,0.0098432,0.0038062,0.0029835,0.012245,0.0048884,0.003203,0.0042276,0.0048569,0.013651,0.015604,0.0018783,0.014898,0.014482,0.00062609,0.0081539,0.0074625
GA-5,5.6918e+05,35148,27125,2.0018e+05,14195,5484.3,2178.3,1328.6,3674.4,2535.1,583.85,2291.7,2876,5480.8,7609.1,2328.4,5238.4,2683.5,390.06,777.12,2617.5,0.061751,0.047656,0.3517,0.02494,0.0096355,0.0038271,0.0023343,0.0064557,0.0044539,0.0010258,0.0040263,0.0050528,0.0096293,0.013369,0.0040908,0.0092034,0.0047146,0.00068531,0.0013653,0.0045987
GA-6,5.5467e+05,41400,13933,1.8673e+05,17973,6550.2,2374.6,1817.1,4561.5,2960.1,665.58,2012.3,2485.1,1937.2,4614.2,964.68,1421.7,1820,477,793.52,1905,0.074639,0.02512,0.33666,0.032404,0.011809,0.0042811,0.003276,0.0082238,0.0053367,0.0012,0.0036279,0.0044804,0.0034926,0.0083188,0.0017392,0.0025631,0.0032812,0.00085997,0.0014306,0.0034345
GA-7,5.3253e+05,38202,45021,3.8248e+05,13864,5624.7,2551.1,537.99,3134.4,4327.4,1611.1,3201,3350.3,10300,21481,1453.2,1483.8,5832.5,513.36,1806.5,2150,0.071736,0.084541,0.71824,0.026034,0.010562,0.0047905,0.0010102,0.0058859,0.0081262,0.0030253,0.0060109,0.0062913,0.019342,0.040338,0.0027289,0.0027864,0.010952,0.000964,0.0033923,0.0040373
GA-8,5.7186e+05,25977,6403.9,3.4988e+05,13524,4418.8,2043.7,532.48,1661.9,870.54,174.09,564.58,2186.4,773.19,1304.8,1302.4,1120.3,1001.8,120.84,274.8,505.82,0.045425,0.011198,0.61182,0.02365,0.0077271,0.0035739,0.00093114,0.0029061,0.0015223,0.00030442,0.00098728,0.0038233,0.0013521,0.0022816,0.0022775,0.001959,0.0017518,0.00021132,0.00048054,0.00088453
GA-9,5.5442e+05,53285,30113,3.8407e+05,23285,6311.2,1892.9,2185.8,7758.8,4199.9,1329.4,2986.5,3335.8,3220.4,5909.5,1569.3,4467.8,9530.1,278.08,1970.3,3168,0.09611,0.054315,0.69275,0.041999,0.011383,0.0034142,0.0039425,0.013994,0.0075753,0.0023978,0.0053867,0.0060167,0.0058085,0.010659,0.0028305,0.0080585,0.017189,0.00050158,0.0035537,0.005714
HI-1,5.2353e+05,36598,2.6937e+05,89069,12452,11236,585.76,558.57,1077.5,400.4,193.65,822.31,9272,38030,1072.1,83734,6703.5,12996,95672,411.9,30755,0.069906,0.51453,0.17013,0.023785,0.021462,0.0011189,0.0010669,0.0020581,0.0007648,0.00036989,0.0015707,0.017711,0.07264,0.0020477,0.15994,0.012804,0.024824,0.18274,0.00078677,0.058745
HI-2,5.3102e+05,50029,1.3476e+05,1.6563e+05,16688,16862,780.87,318.85,1063.3,551.97,228.95,1610.4,11924,7408.1,597.51,57786,1609.1,2675.8,50245,104.76,14336,0.094212,0.25378,0.31191,0.031426,0.031754,0.0014705,0.00060045,0.0020023,0.0010395,0.00043115,0.0030326,0.022456,0.013951,0.0011252,0.10882,0.0030302,0.005039,0.094619,0.00019728,0.026998
IA-1,6.0613e+05,26434,9193,5.3029e+05,19243,1989.4,321.21,300.68,1182.3,556.63,68.23,262.32,2510.1,2006.4,1449.7,891.19,1339.3,1439.2,181.81,279.45,1606.1,0.043611,0.015167,0.87488,0.031747,0.0032822,0.00052993,0.00049606,0.0019506,0.00091832,0.00011257,0.00043278,0.0041411,0.0033101,0.0023917,0.0014703,0.0022096,0.0023743,0.00029995,0.00046103,0.0026497
IA-2,6.0294e+05,15147,6560,5.4513e+05,9740.5,1740.7,387.61,250.2,1130.5,125.66,86.92,287.6,1397.3,779.42,1005.1,1037.5,800.7,776.32,118.2,394.18,1648.6,0.025122,0.01088,0.90413,0.016155,0.002887,0.00064287,0.00041497,0.0018749,0.00020841,0.00014416,0.000477,0.0023175,0.0012927,0.001667,0.0017207,0.001328,0.0012876,0.00019604,0.00065376,0.0027343
IA-3,5.8563e+05,29413,15832,4.9982e+05,19288,2313.3,665.96,151.89,3384.6,507.28,75.079,798.83,2227.9,1349.5,1984.6,990.61,2258.8,1260.2,119.4,1333.5,6535.4,0.050224,0.027034,0.85346,0.032935,0.0039502,0.0011372,0.00025936,0.0057794,0.00086621,0.0001282,0.001364,0.0038043,0.0023043,0.0033888,0.0016915,0.003857,0.0021519,0.00020389,0.0022771,0.01116
IA-4,5.8704e+05,33831,7385,5.1852e+05,24073,1587.9,1058.9,260.12,3360.8,146.36,60.266,260.41,3022.9,877.84,423.64,877.89,1168.6,1094,105.85,221.74,2615.5,0.05763,0.01258,0.88328,0.041008,0.002705,0.0018038,0.0004431,0.0057249,0.00024932,0.00010266,0.0004436,0.0051494,0.0014954,0.00072165,0.0014954,0.0019906,0.0018635,0.0001803,0.00037773,0.0044554
ID-1,7.2884e+05,64726,7523.2,6.1093e+05,49487,2480.9,381.34,67.001,1819.4,945.23,269.89,1256.6,8017.8,1005,536.35,1692.2,1118,763.07,993.74,241.92,1172.9,0.088806,0.010322,0.83822,0.067899,0.0034039,0.00052321,9.1928e-05,0.0024963,0.0012969,0.0003703,0.0017241,0.011001,0.0013789,0.0007359,0.0023218,0.0015339,0.001047,0.0013635,0.00033193,0.0016093
ID-2,6.8231e+05,68345,7543.8,5.689e+05,52701,2254.2,622.34,228.51,1555.4,605.64,100.29,1552.6,8725.6,960.46,684.04,1313.3,620.7,873.16,1074.8,713.52,1303.8,0.10017,0.011056,0.83379,0.077239,0.0033038,0.0009121,0.00033491,0.0022796,0.00088764,0.00014699,0.0022756,0.012788,0.0014077,0.0010025,0.0019247,0.00090971,0.0012797,0.0015753,0.0010457,0.0019109
IL-1,5.493e+05,41105,8503.5,2.1066e+05,31782,3972.8,733.87,216.06,1417.6,286.6,155.36,705.92,1834.6,2203.1,2366.4,1899.7,234.53,794.55,147.36,449.17,408.77,0.074832,0.015481,0.38351,0.05786,0.0072325,0.001336,0.00039334,0.0025808,0.00052177,0.00028284,0.0012851,0.0033399,0.0040107,0.004308,0.0034584,0.00042696,0.0014465,0.00026827,0.00081772,0.00074416
IL-10,5.1214e+05,85564,34209,3.4202e+05,62387,9079.2,1730.3,686.77,4055.7,1663.9,156.73,2263.2,3540.5,5644.1,9232.5,9053.3,900.45,5342.7,622.02,1241.7,2172.7,0.16707,0.066797,0.66784,0.12182,0.017728,0.0033786,0.001341,0.0079193,0.0032489,0.00030604,0.0044192,0.0069133,0.011021,0.018027,0.017678,0.0017582,0.010432,0.0012146,0.0024246,0.0042424
IL-11,5.2712e+05,73220,34534,3.7315e+05,57058,6605.8,1526.2,253.1,1828.9,1244.5,344.12,1616.6,2743,5004.8,12316,7926.1,686.89,2342.9,245.18,3483.7,2528.1,0.13891,0.065514,0.70789,0.10824,0.012532,0.0028953,0.00048015,0.0034696,0.0023609,0.00065283,0.0030668,0.0052037,0.0094947,0.023365,0.015036,0.0013031,0.0044446,0.00046513,0.0066089,0.004796
IL-12,5.7795e+05,12308,3853.9,5.148e+05,6933.5,2174.3,443.41,57.556,706.42,160.5,38.777,173.52,1619.8,512.86,583.74,1062.1,183.88,794.51,92.999,258.14,365.62,0.021296,0.0066682,0.89074,0.011997,0.0037621,0.00076722,9.9587e-05,0.0012223,0.0002777,6.7094e-05,0.00030024,0.0028026,0.00088739,0.00101,0.0018378,0.00031816,0.0013747,0.00016091,0.00044665,0.00063262
IL-13,5.7024e+05,20314,13716,4.1207e+05,12702,1891.2,652.06,175.59,1222.7,660.75,81.995,581.53,2346.4,4016.6,2544.9,2145.6,797.1,1955.2,336.85,774.42,1145.2,0.035624,0.024053,0.72262,0.022274,0.0033165,0.0011435,0.00030792,0.0021442,0.0011587,0.00014379,0.0010198,0.0041148,0.0070436,0.0044629,0.0037626,0.0013978,0.0034288,0.00059071,0.0013581,0.0020083
IL-14,5.3358e+05,94898,24666,3.4778e+05,77421,7497.8,791.63,300.4,2051.2,766.27,209.42,1515.8,4344.4,2832.3,10882,5488.4,521.67,869.2,122.14,1680.8,2269.5,0.17785,0.046228,0.65179,0.1451,0.014052,0.0014836,0.00056299,0.0038443,0.0014361,0.00039249,0.0028408,0.008142,0.0053081,0.020395,0.010286,0.00097768,0.001629,0.0002289,0.00315,0.0042533
IL-15,5.7945e+05,12594,3673,5.2968e+05,8032.4,1221.7,359.39,90.722,487.03,431.31,28.044,330.7,1613.3,501.02,928.54,929.31,195.71,525.91,151.11,126.76,314.66,0.021735,0.0063388,0.9141,0.013862,0.0021083,0.00062022,0.00015657,0.00084051,0.00074434,4.8398e-05,0.00057072,0.0027842,0.00086465,0.0016025,0.0016038,0.00033776,0.0009076,0.00026078,0.00021876,0.00054304
IL-16,5.6491e+05,29417,7615.7,4.955e+05,22459,3160.9,574.35,312.73,588.94,200.97,57.231,423.99,1638.6,1338.7,2226.7,1419.2,567,714.93,195.34,337.84,815.99,0.052073,0.013481,0.87713,0.039757,0.0055954,0.0010167,0.00055359,0.0010425,0.00035575,0.00010131,0.00075054,0.0029006,0.0023698,0.0039416,0.0025122,0.0010037,0.0012656,0.00034579,0.00059804,0.0014445
IL-17,5.5752e+05,44702,7486.1,4.2199e+05,34328,4352.6,762.09,287.02,1472.7,388.29,82.671,564.25,2464.1,954.8,1646.5,1379.7,768.43,542.94,140.8,233.83,1819.2,0.080181,0.013428,0.75692,0.061574,0.0078071,0.0013669,0.00051481,0.0026415,0.00069647,0.00014829,0.0010121,0.0044198,0.0017126,0.0029532,0.0024747,0.0013783,0.00097385,0.00025254,0.00041942,0.003263
IL-2,5.4135e+05,56925,4877.8,2.0897e+05,47688,5363.7,548.37,288.49,939.78,157.47,91.395,535.69,1312.1,676.13,1106.9,888.99,820.98,417.32,145.14,330.46,491.89,0.10515,0.0090103,0.38602,0.08809,0.009908,0.001013,0.00053291,0.001736,0.00029088,0.00016883,0.00098954,0.0024237,0.001249,0.0020447,0.0016422,0.0015165,0.00077088,0.00026811,0.00061043,0.00090863
IL-3,4.8043e+05,1.6777e+05,34850,2.3523e+05,98471,40277,2707.6,1408.1,9683.6,3141.4,704.89,7816.9,3557,3047.5,8168.8,13277,1584.2,1940.9,500.98,3202.7,3127.9,0.3492,0.072539,0.48962,0.20496,0.083835,0.0056358,0.0029309,0.020156,0.0065388,0.0014672,0.016271,0.0074037,0.0063433,0.017003,0.027636,0.0032975,0.0040399,0.0010428,0.0066664,0.0065107
IL-4,4.3845e+05,2.4554e+05,19101,1.384e+05,2.1161e+05,18254,1583.1,381,4619.3,1967.8,353.12,3066.9,3707.6,10018,2251.5,3419.2,894.57,732.55,152.92,895.14,737.02,0.56003,0.043566,0.31567,0.48264,0.041633,0.0036108,0.00086899,0.010536,0.004488,0.0008054,0.0069949,0.0084562,0.02285,0.0051352,0.0077984,0.0020403,0.0016708,0.00034877,0.0020416,0.001681
IL-5,5.5678e+05,58688,46726,4.167e+05,30954,11950,2470.9,378.57,3635.9,2303.5,298.53,3424.2,3272.5,6921.1,12894,11099,2885.9,5993.8,1272.8,2135.9,3524.4,0.10541,0.083922,0.7484,0.055595,0.021462,0.0044379,0.00067993,0.0065303,0.0041372,0.00053618,0.0061499,0.0058776,0.01243,0.023158,0.019934,0.0051832,0.010765,0.002286,0.0038361,0.0063299
IL-6,5.3965e+05,66646,28725,3.9818e+05,51653,5999.7,1776.1,197.53,1836.1,1114.9,206.26,1357.3,2505.3,3900,10168,6808.2,859.59,1640.6,297.38,3471.3,1579.8,0.1235,0.053229,0.73784,0.095716,0.011118,0.0032911,0.00036604,0.0034024,0.002066,0.0003822,0.0025151,0.0046424,0.0072268,0.018842,0.012616,0.0015929,0.0030402,0.00055106,0.0064324,0.0029275
IL-7,5.4517e+05,67948,39320,1.8969e+05,45611,10754,1276.4,315.95,2234.8,1107.1,488.82,3517.3,2642.4,16557,10526,4371.1,1204.9,2908.6,879.76,940.99,1932.2,0.12464,0.072124,0.34794,0.083664,0.019726,0.0023412,0.00057954,0.0040992,0.0020307,0.00089664,0.0064518,0.0048469,0.03037,0.019307,0.0080178,0.0022101,0.0053352,0.0016137,0.001726,0.0035443
IL-8,4.8902e+05,85993,59276,3.0725e+05,63732,9091.7,1535.6,180.36,3984.7,1735.7,560.76,2047.4,3125,3779.9,26311,12176,1609.8,4255.1,1422.3,4808,4914,0.17585,0.12122,0.6283,0.13033,0.018592,0.0031402,0.00036882,0.0081483,0.0035495,0.0011467,0.0041868,0.0063904,0.0077295,0.053804,0.0249,0.0032919,0.0087014,0.0029085,0.0098319,0.010049
IL-9,5.3193e+05,54432,64289,3.5085e+05,29996,7246.6,2847.9,365.66,4528.4,1854.3,388.07,3355.7,3849.1,8048.6,15272,15085,3781.2,8414.5,1309.3,6901.1,5477.8,0.10233,0.12086,0.65957,0.056391,0.013623,0.0053539,0.00068741,0.0085131,0.003486,0.00072954,0.0063086,0.0072361,0.015131,0.028711,0.028358,0.0071085,0.015819,0.0024614,0.012974,0.010298
IN-1,5.6863e+05,79629,6498.1,3.6817e+05,59446,12972,502.28,218.7,1223.5,498.2,181.33,851.74,3735.1,1114.4,1646.9,1763.3,633.13,360.67,82.887,317.18,579.64,0.14004,0.011428,0.64747,0.10454,0.022813,0.00088332,0.0003846,0.0021516,0.00087614,0.00031888,0.0014979,0.0065686,0.0019598,0.0028963,0.0031009,0.0011134,0.00063428,0.00014577,0.0005578,0.0010194
IN-2,5.4227e+05,38164,5353.2,4.474e+05,25934,4220.8,415.6,212.17,2309.9,456.45,517.76,1088.3,3009.7,934.79,815.91,958.44,513.81,740.31,119.16,295.66,975.1,0.070378,0.0098718,0.82506,0.047824,0.0077836,0.00076641,0.00039127,0.0042597,0.00084174,0.00095479,0.0020069,0.0055501,0.0017238,0.0015046,0.0017675,0.00094752,0.0013652,0.00021975,0.00054522,0.0017982
IN-3,5.5295e+05,23713,9886.2,4.7123e+05,16246,2285.8,266.14,15.915,1907.7,440.72,88.502,367.4,2094.7,822.48,1212.8,1311.5,1043.7,535.55,64.847,229.37,4666,0.042884,0.017879,0.85221,0.029381,0.0041338,0.00048132,2.8781e-05,0.00345,0.00079704,0.00016006,0.00066443,0.0037883,0.0014874,0.0021933,0.0023718,0.0018874,0.00096853,0.00011727,0.00041482,0.0084384
IN-4,5.6631e+05,24964,12028,4.9065e+05,14572,2649.6,775.01,270.64,2219.2,643,342.9,972.94,2518.6,2806.2,4147.8,1045.3,644.7,1021.5,423.7,1062.4,876.44,0.044081,0.021239,0.8664,0.025731,0.0046787,0.0013685,0.0004779,0.0039187,0.0011354,0.00060549,0.001718,0.0044473,0.0049552,0.0073242,0.0018458,0.0011384,0.0018037,0.00074818,0.001876,0.0015476
IN-5,5.751e+05,19357,13721,4.9162e+05,11090,2355.4,711.07,212.86,965.04,377.63,805.8,1243.4,1596.3,3421.4,4917.8,910.75,902.11,1164.7,310.37,668.41,1425.6,0.033659,0.023859,0.85485,0.019283,0.0040956,0.0012364,0.00037014,0.001678,0.00065664,0.0014012,0.0021622,0.0027758,0.0059493,0.0085513,0.0015837,0.0015686,0.0020253,0.00053969,0.0011623,0.0024789
IN-6,5.5014e+05,17705,14344,4.7848e+05,10495,2499.8,620.89,304.79,1080.6,201.48,143.02,747.3,1611.9,944.18,4695.3,1163.2,695.56,678.97,361.79,671.33,5133.5,0.032182,0.026073,0.86974,0.019077,0.0045438,0.0011286,0.00055402,0.0019642,0.00036624,0.00025997,0.0013584,0.0029299,0.0017162,0.0085347,0.0021144,0.0012643,0.0012342,0.00065762,0.0012203,0.0093313
IN-7,5.1397e+05,36911,8483.1,2.8231e+05,21564,3955.4,1074.8,940.57,5119.1,791.91,629.26,903.2,1932.9,1336.4,2544.5,1071.7,392.2,758.53,200.7,902.25,1276.7,0.071817,0.016505,0.54928,0.041956,0.0076958,0.0020912,0.00183,0.00996,0.0015408,0.0012243,0.0017573,0.0037608,0.0026002,0.0049507,0.0020852,0.00076308,0.0014758,0.00039048,0.0017555,0.0024841
IN-8,5.7837e+05,11028,3902.3,5.2392e+05,6147.4,1280.3,426.58,78.319,1044.9,360.16,68.899,236.14,1385.1,861.31,767.31,945.85,414.1,374.4,124.01,100.37,314.99,0.019067,0.0067471,0.90585,0.010629,0.0022137,0.00073754,0.00013541,0.0018066,0.00062271,0.00011913,0.00040828,0.0023949,0.0014892,0.0013267,0.0016354,0.00071597,0.00064734,0.0002144,0.00017354,0.00054462
IN-9,5.832e+05,14680,6750,5.2834e+05,7854,2358,823.78,113.58,1113.6,323.65,149.77,354.49,1588.7,1295.5,2082,636.1,543.01,802.25,259.94,630.3,500.92,0.025171,0.011574,0.90594,0.013467,0.0040432,0.0014125,0.00019475,0.0019094,0.00055495,0.00025681,0.00060785,0.0027241,0.0022214,0.00357,0.0010907,0.0009311,0.0013756,0.00044571,0.0010808,0.00085892
KS-1,5.3241e+05,54814,6781.3,4.3347e+05,44526,1940.5,506.39,168.83,1943.5,265.12,179.61,836.91,4446.4,1172,577.29,917.72,1507.6,1037.6,157.29,212.95,1198.9,0.10295,0.012737,0.81417,0.083632,0.0036448,0.00095113,0.00031711,0.0036505,0.00049797,0.00033736,0.0015719,0.0083516,0.0022013,0.0010843,0.0017237,0.0028317,0.0019489,0.00029543,0.00039998,0.0022518
KS-2,5.3231e+05,45009,7698,4.0786e+05,33759,3716.9,477.04,311.13,2392.1,223,86.517,443.94,3599.4,647.69,363.83,1063.8,936.03,725.4,310.88,438.16,3212.3,0.084555,0.014462,0.76622,0.063421,0.0069826,0.00089617,0.0005845,0.0044938,0.00041893,0.00016253,0.00083399,0.0067619,0.0012168,0.00068349,0.0019984,0.0017584,0.0013627,0.00058402,0.00082312,0.0060346
KS-3,5.3915e+05,38108,17264,4.4083e+05,27064,2303.8,811.19,368.32,2161.9,724.87,496.52,1547,2630.4,3225.7,5032.2,1261.9,1958.4,987.99,283.13,1232.2,3282.1,0.070682,0.03202,0.81764,0.050198,0.004273,0.0015046,0.00068314,0.0040099,0.0013445,0.00092093,0.0028693,0.0048789,0.0059829,0.0093336,0.0023405,0.0036324,0.0018325,0.00052514,0.0022855,0.0060875
KS-4,5.3062e+05,49170,15168,4.0672e+05,38442,2645.9,555.47,250.24,2149.8,212.8,75.291,914.24,3924,1101.2,825.91,1683.3,6714.9,265.49,297.84,527.61,3751.7,0.092664,0.028585,0.76649,0.072447,0.0049865,0.0010468,0.0004716,0.0040515,0.00040104,0.00014189,0.001723,0.0073952,0.0020753,0.0015565,0.0031724,0.012655,0.00050033,0.0005613,0.00099432,0.0070704
KY-1,5.7392e+05,13511,2466.9,5.0152e+05,7783.2,2229.2,487.65,227.3,832.13,254.1,37.694,183.56,1476.3,304.95,593.45,595.29,202.11,211.96,122.3,93.178,343.7,0.023542,0.0042984,0.87385,0.013561,0.0038841,0.00084969,0.00039604,0.0014499,0.00044274,6.5677e-05,0.00031984,0.0025723,0.00053135,0.001034,0.0010372,0.00035216,0.00036932,0.00021309,0.00016235,0.00059886
KY-2,5.717e+05,14869,7023.2,5.0309e+05,6339.3,3458.5,1173.3,150.3,1041.3,334.95,39.764,384.69,1946.9,586.62,1648.2,653.94,611.22,884.57,192.61,300.71,2145.3,0.026009,0.012285,0.88,0.011089,0.0060495,0.0020523,0.0002629,0.0018214,0.00058589,6.9555e-05,0.00067289,0.0034055,0.0010261,0.0028829,0.0011439,0.0010691,0.0015473,0.00033691,0.000526,0.0037526
KY-3,5.4392e+05,21628,10150,3.7622e+05,6456.9,2636.5,7689.4,280.12,1009.2,445.61,175.14,806.76,2128.7,975.43,2190.6,1304.8,2043.5,1065.2,155.42,1172.6,1242.9,0.039763,0.018661,0.69167,0.011871,0.0048471,0.014137,0.00051499,0.0018553,0.00081925,0.000322,0.0014832,0.0039137,0.0017933,0.0040274,0.0023988,0.0037569,0.0019584,0.00028574,0.0021558,0.002285
KY-4,5.6935e+05,14033,4551.5,5.1624e+05,7184.6,2650.2,613.28,168.57,994.45,228.09,147.96,498.66,1547.3,976.84,984.97,949.56,467.36,377.84,287.45,143.24,364.26,0.024647,0.0079942,0.90672,0.012619,0.0046547,0.0010772,0.00029607,0.0017466,0.00040061,0.00025988,0.00087584,0.0027176,0.0017157,0.00173,0.0016678,0.00082086,0.00066362,0.00050487,0.00025158,0.00063978
KY-5,5.7587e+05,6164.6,1568.3,5.4458e+05,2550.6,1047.4,320.5,174.73,412.3,40.43,7.2205,76.4,1535.1,295.9,166.22,468.87,159.04,47.058,16.466,38.244,376.54,0.010705,0.0027234,0.94566,0.0044291,0.0018187,0.00055655,0.00030342,0.00071595,7.0206e-05,1.2538e-05,0.00013267,0.0026656,0.00051382,0.00028864,0.00081419,0.00027618,8.1716e-05,2.8593e-05,6.6411e-05,0.00065385
KY-6,5.6702e+05,17328,7748.7,4.8023e+05,9376.5,2371.1,949.32,176.89,1066.5,318.93,228.16,853.03,1987.6,1754.5,1270.9,1021.9,450.61,742.26,396.17,1004.7,1107.6,0.03056,0.013666,0.84693,0.016536,0.0041816,0.0016742,0.00031197,0.0018808,0.00056248,0.00040239,0.0015044,0.0035054,0.0030943,0.0022414,0.0018023,0.0007947,0.0013091,0.0006987,0.0017719,0.0019533
LA-1,5.6695e+05,42658,9644.3,4.1481e+05,8651.8,3123.3,3638.6,424.68,11568,1009,122.88,992.53,13128,1823.9,1485.5,912.04,2615.4,403.19,360.36,1020.1,1023.7,0.075242,0.017011,0.73165,0.01526,0.0055089,0.0064179,0.00074907,0.020404,0.0017797,0.00021674,0.0017506,0.023155,0.003217,0.0026202,0.0016087,0.0046131,0.00071115,0.00063561,0.0017993,0.0018057
LA-2,5.5533e+05,31916,13761,1.7104e+05,6730.8,2626.1,2652.9,2268.9,9570.4,519.44,211.93,1063.3,6272.4,1111.9,922.41,1104.6,9285.2,165.89,215.25,338.19,617.35,0.057472,0.024779,0.30799,0.01212,0.0047288,0.0047772,0.0040856,0.017234,0.00093536,0.00038162,0.0019148,0.011295,0.0020022,0.001661,0.0019891,0.01672,0.00029872,0.00038761,0.00060899,0.0011117
LA-3,5.6372e+05,18325,6429,3.7013e+05,5715.7,1230,890.06,227.44,2226.3,175.18,228.82,377.05,7254.6,410.31,1423.7,409.56,2278.1,113.23,84.087,402.88,1307.2,0.032508,0.011405,0.65659,0.010139,0.0021819,0.0015789,0.00040346,0.0039493,0.00031076,0.00040591,0.00066887,0.012869,0.00072786,0.0025255,0.00072654,0.0040412,0.00020086,0.00014916,0.00071469,0.002319
LA-4,5.6935e+05,18620,4836.3,3.5217e+05,9501.9,2178.6,435.73,317.59,1281.3,306.35,43.952,350.62,4203.6,705.82,528.92,1088.3,745.94,374.74,115.84,242.07,1034.7,0.032703,0.0084945,0.61856,0.016689,0.0038265,0.00076532,0.00055781,0.0022505,0.00053807,7.7197e-05,0.00061583,0.0073832,0.0012397,0.000929,0.0019116,0.0013102,0.00065819,0.00020346,0.00042518,0.0018173
LA-5,5.7958e+05,15029,3221.2,3.5152e+05,6309,1819,874.62,120.92,1231.3,241.82,7.9385,139.52,4285.2,391.47,404.73,665,697.74,210.06,148.99,161.96,541.24,0.025932,0.0055578,0.60651,0.010885,0.0031385,0.0015091,0.00020864,0.0021246,0.00041724,1.3697e-05,0.00024073,0.0073937,0.00067544,0.00069833,0.0011474,0.0012039,0.00036244,0.00025707,0.00027945,0.00093385
LA-6,5.7902e+05,22666,9617.3,3.8347e+05,6386.8,1594.8,1171.9,343.22,3664,804.38,114.68,555.21,8031.2,1793.3,1464.3,1237.9,3531.4,365.49,268.44,390.25,566.24,0.039146,0.01661,0.66227,0.01103,0.0027543,0.0020239,0.00059275,0.006328,0.0013892,0.00019807,0.00095888,0.01387,0.0030971,0.002529,0.0021379,0.0060989,0.00063122,0.0004636,0.00067398,0.00097793
MA-1,6.0478e+05,95993,9723.3,4.5251e+05,3159.6,79139,823.43,4626.3,2142.9,1069.5,92.829,1726.1,3213.7,1745.1,1695.9,702.06,1360,490.56,75.127,1440.2,2214.3,0.15872,0.016078,0.74823,0.0052244,0.13086,0.0013615,0.0076496,0.0035434,0.0017684,0.00015349,0.0028541,0.0053139,0.0028856,0.0028042,0.0011609,0.0022488,0.00081115,0.00012422,0.0023813,0.0036614
MA-2,5.8078e+05,52788,25525,4.5658e+05,3863.7,29360,1184.9,6251.5,3745.2,1685.9,383.08,2925.3,3388.5,5478.1,7803.1,1009,5111.1,1432.5,361.64,1604.2,2725.3,0.090891,0.043949,0.78615,0.0066525,0.050552,0.0020401,0.010764,0.0064486,0.0029028,0.00065959,0.0050369,0.0058343,0.0094323,0.013435,0.0017373,0.0088004,0.0024664,0.00062268,0.0027621,0.0046924
MA-3,5.4626e+05,92892,35921,3.7948e+05,4087.7,37530,967.54,31939,5889.2,3491.5,357.82,3818.3,4811.2,6213.6,8679.3,846.87,4053.3,1233.7,167.45,644.9,14082,0.17005,0.065758,0.6947,0.0074832,0.068705,0.0017712,0.058468,0.010781,0.0063917,0.00065504,0.0069899,0.0088075,0.011375,0.015889,0.0015503,0.0074202,0.0022584,0.00030654,0.0011806,0.025778
MA-4,5.7465e+05,26684,29029,4.7682e+05,3137.7,11211,1156.8,1717.5,2218.6,1073.5,437.07,2327.8,3404.2,12772,6068.1,1040.1,1407.2,2333.5,537.2,1059.8,3811.1,0.046436,0.050517,0.82975,0.0054602,0.019509,0.0020131,0.0029888,0.0038609,0.001868,0.00076058,0.0040509,0.0059239,0.022226,0.01056,0.0018099,0.0024488,0.0040607,0.00093483,0.0018443,0.0066321
MA-5,5.3561e+05,40099,53685,3.9225e+05,4125.5,9754.7,1467.2,3066.9,8018.3,4369.4,814.23,3987.9,4494.8,24750,11222,1379.5,4440.3,3603.2,603.86,3546.5,4140.6,0.074866,0.10023,0.73234,0.0077024,0.018212,0.0027393,0.0057261,0.014971,0.0081579,0.0015202,0.0074456,0.0083919,0.046209,0.020951,0.0025755,0.0082903,0.0067273,0.0011274,0.0066215,0.0077306
MA-6,5.8622e+05,44670,22272,4.8331e+05,2592.2,9682.7,1620.2,15449,7498.5,2030.9,278.95,1387.5,4129.5,5995.2,5441.8,1116.3,1572.3,1736.3,425.17,1012.5,4972.2,0.0762,0.037992,0.82446,0.0044219,0.016517,0.0027638,0.026354,0.012791,0.0034645,0.00047584,0.0023669,0.0070443,0.010227,0.0092829,0.0019042,0.0026821,0.0029618,0.00072528,0.0017272,0.0084818
MA-7,5.3144e+05,85167,48228,2.556e+05,6108.1,24403,1704,20241,17189,4462,1105.3,3282.6,6671.2,20376,7074.6,1712.6,8679.6,3552.2,667.21,1904.3,4261.8,0.16026,0.09075,0.48095,0.011494,0.045919,0.0032063,0.038088,0.032344,0.0083961,0.0020798,0.0061768,0.012553,0.038341,0.013312,0.0032226,0.016332,0.0066841,0.0012555,0.0035832,0.0080193
MA-8,5.7812e+05,33100,44192,4.1913e+05,3010.8,10909,1463.9,5632.7,3104.1,1765.7,581.08,3204.8,3427.6,22357,4121.5,2630.7,9208.6,1616.2,339.61,1184.6,2733.8,0.057255,0.076441,0.72499,0.0052079,0.018871,0.0025321,0.0097431,0.0053693,0.0030542,0.0010051,0.0055435,0.0059289,0.038672,0.0071292,0.0045504,0.015929,0.0027956,0.00058744,0.0020491,0.0047288
MA-9,6.1741e+05,25327,6659.4,5.4002e+05,2806,11964,800.25,2199.9,2208.9,1172.5,262.04,1221.8,2691.5,1919.8,1065.7,713.89,763.65,396.8,177.83,604.45,1017.3,0.041022,0.010786,0.87466,0.0045448,0.019378,0.0012961,0.0035632,0.0035778,0.0018991,0.00042441,0.0019788,0.0043594,0.0031094,0.0017261,0.0011563,0.0012369,0.0006427,0.00028803,0.00097901,0.0016477
MD-1,5.9535e+05,21809,11931,4.5445e+05,5779,6012.7,988.61,1212.4,3065.3,495.16,116.25,2075.6,2063.9,2339.2,2446.4,2122.1,826.39,1551.5,120.76,1866,658.31,0.036632,0.02004,0.76332,0.0097068,0.010099,0.0016605,0.0020364,0.0051487,0.00083171,0.00019526,0.0034864,0.0034666,0.003929,0.0041092,0.0035644,0.0013881,0.0026061,0.00020284,0.0031343,0.0011057
MD-2,5.7352e+05,24223,24103,3.7088e+05,3841.4,4710.1,1418.5,1747,5119,1348.5,192.68,3448,2397.6,3798.7,5453.3,4105.5,1217.7,3112,171.23,4409.6,1834.9,0.042235,0.042026,0.64668,0.0066979,0.0082127,0.0024732,0.0030461,0.0089255,0.0023513,0.00033596,0.006012,0.0041806,0.0066235,0.0095085,0.0071584,0.0021233,0.0054261,0.00029856,0.0076887,0.0031993
MD-3,5.6538e+05,33829,48245,3.5838e+05,7202.2,7446.3,1589.4,1045.1,7493.7,1659.7,478.94,3294.2,3619.2,10057,12902,4457.4,2612.3,10272,418.32,4174.2,3352.7,0.059833,0.085331,0.63387,0.012739,0.01317,0.0028112,0.0018485,0.013254,0.0029356,0.00084711,0.0058265,0.0064012,0.017787,0.022819,0.0078838,0.0046204,0.018168,0.00073988,0.0073829,0.0059299
MD-4,4.7112e+05,57001,22199,64998,8266.2,4900.9,1295.7,4002.3,29015,1256,282.54,3753.7,4229.1,2697.5,5880.3,4612.4,2408.4,2252.8,237.59,2180.7,1929,0.12099,0.047119,0.13796,0.017546,0.010403,0.0027502,0.0084952,0.061587,0.0026659,0.00059971,0.0079676,0.0089768,0.0057257,0.012482,0.0097902,0.0051121,0.0047818,0.00050432,0.0046288,0.0040944
MD-5,5.858e+05,31450,14873,2.6671e+05,7806.3,7899.6,1132.8,1637.9,6107.9,1115.1,157.12,2448.1,3144.9,2050.7,2325.9,5581.2,834.74,1244.1,279.75,1107.8,1449.3,0.053687,0.02539,0.45528,0.013326,0.013485,0.0019338,0.002796,0.010426,0.0019035,0.00026822,0.0041791,0.0053685,0.0035006,0.0039704,0.0095275,0.0014249,0.0021237,0.00047754,0.001891,0.0024741
MD-6,5.601e+05,48916,41942,3.7886e+05,5914,5881.6,1391,2412.8,17119,2591.4,600.77,8107.2,4897.4,9840.6,11073,4971.7,2954.1,4852.9,253.85,4275.3,3721.1,0.087334,0.074883,0.67642,0.010559,0.010501,0.0024835,0.0043077,0.030565,0.0046266,0.0010726,0.014475,0.0087438,0.017569,0.019769,0.0088765,0.0052741,0.0086642,0.00045323,0.0076331,0.0066436
MD-7,5.5904e+05,26951,12604,1.8677e+05,5614.1,5445.9,1848.5,1394.9,6477.6,991.24,242.93,2272.1,2663.4,2342.5,2515.8,1484,1027.3,1446.4,260.4,1311,2216.4,0.048209,0.022545,0.33409,0.010042,0.0097415,0.0033065,0.0024952,0.011587,0.0017731,0.00043455,0.0040643,0.0047642,0.0041902,0.0045001,0.0026545,0.0018376,0.0025872,0.0004658,0.0023451,0.0039646
MD-8,5.0797e+05,69355,65863,2.6246e+05,6334.1,5369.2,2104.4,3421.4,25835,4595.1,720.9,14024,6951.5,20351,13583,5698.2,6280.5,8989.6,911.01,4878.5,5171.5,0.13653,0.12966,0.51668,0.012469,0.01057,0.0041428,0.0067354,0.050859,0.009046,0.0014192,0.027607,0.013685,0.040063,0.02674,0.011217,0.012364,0.017697,0.0017934,0.0096039,0.010181
ME-1,5.5868e+05,10192,6482.6,5.0996e+05,2867,2146,557.21,258.52,978.37,391.8,103.05,1034,1856.1,1560.7,637.17,1168,693.77,539.53,292.48,58.157,1532.8,0.018243,0.011603,0.91279,0.0051317,0.0038413,0.00099736,0.00046273,0.0017512,0.00070129,0.00018445,0.0018508,0.0033223,0.0027935,0.0011405,0.0020907,0.0012418,0.00096573,0.00052352,0.0001041,0.0027435
ME-2,5.5552e+05,8633.9,3123.4,5.1746e+05,2839.6,2474.1,537.76,168.86,371.69,335.15,21.417,752.91,1132.4,765.58,298.14,840.59,302.82,391.29,54.375,30.026,440.6,0.015542,0.0056225,0.93148,0.0051116,0.0044537,0.00096803,0.00030396,0.00066909,0.0006033,3.8554e-05,0.0013553,0.0020384,0.0013781,0.00053668,0.0015132,0.00054512,0.00070437,9.7881e-05,5.405e-05,0.00079313
MI-1,6.3669e+05,11155,2869.7,5.7872e+05,6731.9,1256,419.9,36.48,431.58,95.235,25.001,211.83,1947.1,418.79,373.85,729.59,253.96,508.81,131,131.2,322.52,0.01752,0.0045072,0.90895,0.010573,0.0019728,0.00065951,5.7296e-05,0.00067785,0.00014958,3.9267e-05,0.0003327,0.0030582,0.00065776,0.00058717,0.0011459,0.00039888,0.00079914,0.00020574,0.00020607,0.00050656
MI-10,5.8538e+05,13579,29436,4.4089e+05,7705.3,1897,506.55,147.43,602.28,357.46,108.61,495.8,1759,3334.2,9782.5,3786.1,2030.9,1907.6,157.55,5187.7,3249.6,0.023198,0.050286,0.75317,0.013163,0.0032406,0.00086533,0.00025185,0.0010289,0.00061064,0.00018554,0.00084698,0.0030049,0.0056958,0.016711,0.0064677,0.0034694,0.0032587,0.00026914,0.0088621,0.0055513
MI-11,5.8358e+05,22027,33331,4.2463e+05,11630,3180.1,455.86,310.53,1200.1,736.05,166.47,1029.9,3317.7,6992.4,12880,3086.5,1042.1,3005.2,769.16,2935.3,2620.1,0.037744,0.057114,0.72762,0.019929,0.0054493,0.00078114,0.00053211,0.0020564,0.0012613,0.00028525,0.0017648,0.005685,0.011982,0.02207,0.0052889,0.0017857,0.0051495,0.001318,0.0050297,0.0044897
MI-12,5.6145e+05,14581,7386.6,2.6652e+05,8469.9,2468.3,544.27,399.22,517.89,340.44,228.28,247.67,1365.4,951.48,2026,1958.6,590.51,489.16,180,496.36,694.46,0.025971,0.013156,0.4747,0.015086,0.0043963,0.0009694,0.00071105,0.00092242,0.00060636,0.00040659,0.00044113,0.0024319,0.0016947,0.0036085,0.0034885,0.0010518,0.00087126,0.0003206,0.00088407,0.0012369
MI-13,5.5269e+05,37441,10838,2.2681e+05,25867,5464,962.08,692.02,1220.9,393.14,142.75,379.95,2318.6,841.32,2422.9,1364.7,322.78,451.87,69.61,4103.1,1262.2,0.067743,0.01961,0.41038,0.046803,0.0098862,0.0017407,0.0012521,0.002209,0.00071132,0.00025829,0.00068745,0.0041952,0.0015222,0.0043838,0.0024692,0.00058402,0.00081759,0.00012595,0.007424,0.0022837
MI-2,6.1228e+05,21860,2726.8,5.4744e+05,15318,2281.7,620.26,213.45,653.25,129.17,15.434,274.91,2353.8,578.29,243.89,345.45,195.37,694.96,94.545,71.913,502.35,0.035703,0.0044535,0.8941,0.025018,0.0037266,0.001013,0.00034861,0.0010669,0.00021097,2.5208e-05,0.00044899,0.0038443,0.00094449,0.00039833,0.0005642,0.00031909,0.001135,0.00015441,0.00011745,0.00082046
MI-3,5.7206e+05,39717,11827,4.4111e+05,25650,4596,1433.3,957.86,2957.2,724.94,122.03,832.23,2443.9,2124.2,1680.8,614.7,2712.1,1862.4,124.07,700.11,2008.4,0.069429,0.020674,0.77108,0.044838,0.0080341,0.0025055,0.0016744,0.0051693,0.0012672,0.00021332,0.0014548,0.004272,0.0037133,0.0029381,0.0010745,0.004741,0.0032556,0.00021688,0.0012238,0.0035109
MI-4,5.8005e+05,35934,10108,4.6675e+05,26456,2577.6,1246.5,231.25,1140.9,416.37,141.73,598.87,3124.5,1287.1,1690.8,927.42,932.64,1035.9,123.89,803.83,3306,0.061949,0.017425,0.80467,0.045609,0.0044437,0.002149,0.00039867,0.0019669,0.00071782,0.00024434,0.0010324,0.0053866,0.002219,0.002915,0.0015989,0.0016078,0.0017859,0.00021358,0.0013858,0.0056995
MI-5,5.9811e+05,23008,3527.7,5.2552e+05,17003,2089.3,559.55,201.06,765.85,199.95,135.03,337.61,1716.3,460.7,657.84,857.32,121.34,490.07,136.94,215.34,588.18,0.038467,0.0058981,0.87863,0.028428,0.0034931,0.00093553,0.00033616,0.0012804,0.0003343,0.00022575,0.00056446,0.0028694,0.00077026,0.0010999,0.0014334,0.00020288,0.00081936,0.00022895,0.00036003,0.00098339
MI-6,5.7406e+05,23175,41167,4.2747e+05,13154,2660.7,649.56,223.18,1506.5,949.14,240.63,926.64,2864.7,9766.2,18101,2469.5,1342.9,3761.3,658.44,3360.9,1706.3,0.04037,0.071711,0.74464,0.022913,0.0046348,0.0011315,0.00038876,0.0026243,0.0016534,0.00041917,0.0016142,0.0049902,0.017012,0.031531,0.0043018,0.0023394,0.0065521,0.001147,0.0058546,0.0029723
MI-7,5.9954e+05,28736,11618,5.0413e+05,20338,2275.3,1143.2,186.54,675.85,339.97,92.512,683.03,3001.4,2774.2,2597,1149.8,1720,1339,204.91,574.58,1258.3,0.04793,0.019378,0.84086,0.033923,0.003795,0.0019067,0.00031114,0.0011273,0.00056705,0.00015431,0.0011392,0.0050062,0.0046271,0.0043317,0.0019179,0.0028688,0.0022334,0.00034177,0.00095837,0.0020988
MI-8,5.9723e+05,27116,5061.7,4.5989e+05,19920,1793.1,1564.3,195.99,271.95,355.07,96.472,434.8,2484.3,820.22,1255.5,702.57,514.73,663.14,131.4,378.03,596.1,0.045403,0.0084754,0.77004,0.033354,0.0030023,0.0026193,0.00032817,0.00045536,0.00059454,0.00016153,0.00072804,0.0041597,0.0013734,0.0021023,0.0011764,0.00086188,0.0011104,0.00022002,0.00063298,0.00099812
MI-9,6.0059e+05,19224,6281.5,5.4189e+05,12998,2375.6,486.57,28.433,422.54,195.18,38.209,432.2,2247.7,1067.1,1403.6,1307.9,461.86,739.2,58.109,464.27,779.43,0.032009,0.010459,0.90226,0.021642,0.0039554,0.00081016,4.7342e-05,0.00070355,0.00032498,6.3619e-05,0.00071963,0.0037424,0.0017768,0.002337,0.0021777,0.00076901,0.0012308,9.6754e-05,0.00077303,0.0012978
MN-1,5.3394e+05,23947,12224,4.6845e+05,16085,1176.8,394.66,91.601,2154.4,739.71,45.351,372.63,2887.1,1783.8,1213.2,879.35,1651.3,1087.7,199.08,189.48,5219.9,0.04485,0.022894,0.87735,0.030125,0.0022041,0.00073916,0.00017156,0.004035,0.0013854,8.4937e-05,0.00069789,0.0054071,0.0033409,0.0022722,0.0016469,0.0030928,0.0020371,0.00037286,0.00035488,0.0097762
MN-2,5.2562e+05,26434,23781,4.2678e+05,17214,2105.2,316.87,378.97,2182.9,709.9,464.78,946.45,2115.1,2741.5,3644.3,2084.7,3735.9,1685.1,336.44,709.62,8843.9,0.050292,0.045244,0.81196,0.032751,0.0040051,0.00060284,0.000721,0.004153,0.0013506,0.00088424,0.0018006,0.004024,0.0052157,0.0069333,0.0039661,0.0071075,0.003206,0.00064009,0.0013501,0.016826
MN-3,5.0961e+05,16943,33977,4.002e+05,9333.9,1603.5,497.08,135.95,1715.3,795.9,134.64,1211.1,1516,4470.7,5558.9,1235.4,4835.4,2092.2,448.83,1027.4,14308,0.033248,0.066672,0.78531,0.018316,0.0031465,0.00097542,0.00026678,0.0033659,0.0015618,0.0002642,0.0023765,0.0029747,0.0087728,0.010908,0.0024243,0.0094885,0.0041055,0.00088073,0.0020161,0.028076
MN-4,5.1209e+05,24583,55173,3.6616e+05,15395,1585.5,874.18,362.65,1667.8,625.33,278.46,1210.1,2584,3301.4,2698,1807.2,3483.1,2413.7,403.29,1588.8,39477,0.048005,0.10774,0.71504,0.030063,0.0030962,0.0017071,0.00070818,0.0032568,0.0012211,0.00054377,0.002363,0.005046,0.0064468,0.0052687,0.0035291,0.0068017,0.0047135,0.00078753,0.0031026,0.077091
MN-5,5.2744e+05,33258,23540,3.6603e+05,17917,2259.1,1039.5,314.98,2268.2,1072.1,407.75,4351.3,3627.9,3694.9,2541.9,1186.9,2396.2,2114.9,459.49,405.75,10740,0.063055,0.044631,0.69398,0.03397,0.0042832,0.0019709,0.00059719,0.0043004,0.0020326,0.00077307,0.0082498,0.0068783,0.0070053,0.0048193,0.0022502,0.0045432,0.0040097,0.00087118,0.00076929,0.020362
MN-6,5.3303e+05,13885,14045,4.6769e+05,8212.6,1241.7,456.96,198.75,839.31,424.95,196.76,742.41,1571.9,1486.7,1763.2,728.89,1881.3,1078.8,173.97,536.8,6394.9,0.02605,0.026348,0.87742,0.015407,0.0023296,0.00085729,0.00037286,0.0015746,0.00079723,0.00036914,0.0013928,0.0029489,0.0027891,0.0033078,0.0013674,0.0035295,0.0020239,0.00032638,0.0010071,0.011997
MN-7,5.3806e+05,17640,4170.8,4.917e+05,11648,1591.3,322.61,259.88,1247.9,285.1,34.321,279.27,1971.9,386.09,240.23,525.63,344.91,564.95,129.42,161.39,1818.2,0.032784,0.0077515,0.91384,0.021647,0.0029574,0.00059958,0.00048299,0.0023192,0.00052986,6.3787e-05,0.00051903,0.0036648,0.00071756,0.00044648,0.00097689,0.00064103,0.00105,0.00024052,0.00029995,0.0033791
MN-8,5.6727e+05,8548.4,4686.1,5.1052e+05,4941.6,622.19,346.33,39.799,610.35,190.93,40.9,228.95,1527.4,726.09,271.63,623.82,359.81,534.47,97.185,47.799,2025.3,0.015069,0.0082609,0.89997,0.0087112,0.0010968,0.00061052,7.0158e-05,0.001076,0.00033658,7.21e-05,0.0004036,0.0026925,0.00128,0.00047884,0.0010997,0.00063429,0.00094217,0.00017132,8.4262e-05,0.0035703
MO-1,5.7007e+05,15979,11410,2.687e+05,8787.9,1483.2,889.45,302.9,961.21,568.85,231.15,577.82,2176.5,2852.7,2113.9,1650.3,2064.2,899.23,256.12,540.87,1033.1,0.02803,0.020016,0.47136,0.015416,0.0026019,0.0015602,0.00053134,0.0016861,0.00099787,0.00040547,0.0010136,0.0038179,0.0050042,0.0037081,0.0028949,0.0036209,0.0015774,0.00044929,0.00094878,0.0018122
MO-2,5.8036e+05,12885,17496,5.0518e+05,7092.9,742.17,530.89,164.42,726.15,309.39,276.65,678.34,2363.8,4117.3,5727.6,1750.1,1874.7,1618.9,259.94,999.14,1148.3,0.022201,0.030147,0.87045,0.012222,0.0012788,0.00091476,0.00028331,0.0012512,0.00053309,0.00047668,0.0011688,0.0040731,0.0070944,0.0098691,0.0030156,0.0032302,0.0027896,0.0004479,0.0017216,0.0019787
MO-3,6.0069e+05,16927,10849,5.1972e+05,9830.6,1682,465.37,236.59,1109.3,618.01,143.13,678.52,2163.8,2024.4,2746.7,1545.2,1579.3,1020.2,233.17,469.9,1230.6,0.02818,0.018061,0.8652,0.016365,0.0028001,0.00077471,0.00039387,0.0018466,0.0010288,0.00023828,0.0011296,0.0036022,0.0033701,0.0045725,0.0025723,0.0026292,0.0016983,0.00038817,0.00078226,0.0020487
MO-4,5.9714e+05,26280,7041.2,4.9851e+05,16301,3148,366.82,291.41,1495,815.93,99.099,553.29,3209.2,1192.5,945.6,1647.8,749.06,1122,245.45,211.21,927.54,0.044009,0.011792,0.83483,0.027299,0.0052718,0.0006143,0.000488,0.0025035,0.0013664,0.00016595,0.00092657,0.0053743,0.001997,0.0015835,0.0027595,0.0012544,0.001879,0.00041104,0.0003537,0.0015533
MO-5,5.702e+05,30142,4548.8,4.1535e+05,20036,2219.1,819.44,211.72,3003.1,400.79,197.71,430.8,2823.7,558.23,507.13,1321.8,687.03,358.5,122.88,187.29,805.91,0.052862,0.0079775,0.72842,0.035138,0.0038917,0.0014371,0.0003713,0.0052667,0.00070289,0.00034674,0.00075552,0.0049521,0.000979,0.00088939,0.0023182,0.0012049,0.00062872,0.0002155,0.00032846,0.0014134
MO-6,5.8351e+05,26495,8149.6,4.9948e+05,17013,2689,1126.4,477.68,1225.6,470.29,70.307,591.66,2830.8,886.24,1284.7,1110.1,2806.7,470.56,420.14,230.33,940.86,0.045405,0.013966,0.85599,0.029156,0.0046082,0.0019303,0.00081863,0.0021003,0.00080596,0.00012049,0.001014,0.0048512,0.0015188,0.0022017,0.0019024,0.00481,0.00080642,0.00072001,0.00039473,0.0016124
MO-7,5.9249e+05,24651,5984.4,5.2131e+05,14043,3165.5,282.91,298.32,2967.9,191.68,176.39,562.69,2963.5,797.98,488.73,1425.5,868.94,564.34,110.26,206.95,1521.7,0.041607,0.010101,0.87987,0.023701,0.0053428,0.0004775,0.00050351,0.0050092,0.00032352,0.00029771,0.00094971,0.0050018,0.0013468,0.00082488,0.002406,0.0014666,0.0009525,0.0001861,0.0003493,0.0025683
MO-8,5.9152e+05,11082,3286,5.2627e+05,6374.4,1264.6,244.81,98.456,779.85,258.82,39.645,305.98,1715.3,657.14,303.28,801.6,379.03,342.64,204.92,392.68,204.72,0.018735,0.0055552,0.88969,0.010776,0.0021378,0.00041387,0.00016645,0.0013184,0.00043756,6.7023e-05,0.00051727,0.0028998,0.0011109,0.00051272,0.0013552,0.00064077,0.00057926,0.00034643,0.00066385,0.00034609
MS-1,5.6229e+05,12535,3564.4,3.7451e+05,8245,904.9,381.78,261.09,954.58,181.86,55.796,341.62,1208.2,720.11,949.91,600.92,639.61,26.554,209.44,69.93,347.9,0.022293,0.006339,0.66605,0.014663,0.0016093,0.00067898,0.00046434,0.0016977,0.00032343,9.923e-05,0.00060755,0.0021487,0.0012807,0.0016894,0.0010687,0.0011375,4.7224e-05,0.00037248,0.00012437,0.00061872
MS-2,5.406e+05,6734.2,1549.1,1.8302e+05,3508.9,602.35,111.91,152.67,610.71,120.38,45.161,318.75,1263.3,162.53,601.73,210.21,273.21,88.135,25.694,26.361,161.2,0.012457,0.0028654,0.33855,0.0064907,0.0011142,0.00020701,0.00028241,0.0011297,0.00022268,8.3539e-05,0.00058962,0.0023368,0.00030064,0.0011131,0.00038884,0.00050538,0.00016303,4.7528e-05,4.8762e-05,0.00029819
MS-3,5.5401e+05,8880,4308.9,3.397e+05,3943.2,763.13,594.06,157.81,1020.6,332.84,142.72,259.31,1666.3,968.47,1230.2,593.45,717.38,147.73,125.37,198.2,328.12,0.016029,0.0077777,0.61316,0.0071176,0.0013775,0.0010723,0.00028485,0.0018422,0.00060078,0.00025761,0.00046806,0.0030076,0.0017481,0.0022206,0.0010712,0.0012949,0.00026665,0.00022629,0.00035775,0.00059227
MS-4,5.6485e+05,20221,7621.6,3.9559e+05,7180,4626.1,764.25,439.03,1915.6,371.58,276.65,445.23,4202.6,682.92,532.93,1729.5,2969.8,277.84,296.77,426.29,705.58,0.035799,0.013493,0.70034,0.012711,0.0081899,0.001353,0.00077725,0.0033913,0.00065783,0.00048977,0.00078821,0.0074401,0.001209,0.00094349,0.0030619,0.0052577,0.00049187,0.00052538,0.00075469,0.0012491
MT-1,4.48e+05,15559,3483.3,3.9167e+05,8697.4,644.27,496.55,110.89,474.96,376.1,96.901,807.38,3854.8,787.08,137.6,1043.9,248.97,488.2,180.67,33.474,563.46,0.03473,0.0077752,0.87426,0.019414,0.0014381,0.0011084,0.00024752,0.0010602,0.0008395,0.0002163,0.0018022,0.0086045,0.0017569,0.00030714,0.0023301,0.00055572,0.0010897,0.00040328,7.4719e-05,0.0012577
MT-2,4.232e+05,14979,2141.7,3.6029e+05,9807.6,965.89,189.79,69.091,406.13,169.28,52.244,267.4,3051.4,368.06,93.903,581.69,345.84,302.89,288.63,8.3869,152.28,0.035394,0.0050607,0.85134,0.023175,0.0022823,0.00044847,0.00016326,0.00095966,0.0004,0.00012345,0.00063185,0.0072102,0.00086972,0.00022189,0.0013745,0.00081721,0.00071571,0.00068202,1.9818e-05,0.00035983
NC-1,5.841e+05,19370,4527.6,3.5353e+05,10051,4061.6,924.36,339.22,1334,366.38,18.451,788.88,1485.7,443.1,469.7,743.92,802.69,544.32,111.79,225.95,1186.2,0.033162,0.0077515,0.60526,0.017208,0.0069537,0.0015825,0.00058076,0.0022838,0.00062725,3.1589e-05,0.0013506,0.0025436,0.00075861,0.00080415,0.0012736,0.0013742,0.00093189,0.00019139,0.00038683,0.0020308
NC-10,5.684e+05,34376,11280,4.1347e+05,15588,6361.6,1541.6,1127,3554.8,1568.5,613.11,1788.2,2232.9,1379.7,1592.4,946.62,1302.1,576.76,295.23,228.39,4958.4,0.060478,0.019845,0.72743,0.027425,0.011192,0.0027121,0.0019827,0.0062541,0.0027595,0.0010787,0.0031461,0.0039284,0.0024274,0.0028016,0.0016654,0.0022908,0.0010147,0.00051941,0.00040182,0.0087235
NC-11,6.0208e+05,23326,4554.4,5.2969e+05,10567,3315.1,1969.4,819.03,1389.3,839.09,254.81,1372.8,2799.3,590.02,557.47,758.07,400.53,750.1,286.81,334.5,876.9,0.038742,0.0075644,0.87976,0.017551,0.005506,0.0032709,0.0013603,0.0023074,0.0013936,0.00042321,0.0022801,0.0046494,0.00097997,0.00092591,0.0012591,0.00066524,0.0012458,0.00047636,0.00055557,0.0014564
NC-12,5.1652e+05,41691,19384,2.2452e+05,11882,6519.4,2815.6,2758.4,8650,2295.3,811.78,3215.8,2742.8,2597.9,4150.9,1166.4,4134.8,1217.5,270.61,1198.7,4647.3,0.080714,0.037528,0.43467,0.023003,0.012622,0.005451,0.0053404,0.016747,0.0044438,0.0015716,0.0062259,0.0053101,0.0050297,0.0080362,0.0022581,0.0080051,0.0023572,0.00052391,0.0023206,0.0089974
NC-13,5.6835e+05,42706,5292.8,3.8612e+05,18429,8791.7,2594.6,941.4,4687.9,1459.8,296.58,2116.1,3388.2,743.56,843.24,1147.1,709.18,847.91,163.37,216.56,621.91,0.075139,0.0093125,0.67937,0.032426,0.015469,0.0045651,0.0016564,0.0082482,0.0025686,0.00052183,0.0037232,0.0059614,0.0013083,0.0014837,0.0020182,0.0012478,0.0014919,0.00028744,0.00038104,0.0010942
NC-14,5.6809e+05,30816,14744,4.1281e+05,9002.3,6317.4,1764.3,1545.8,3940.4,2798.6,519.2,2224,2704.4,1803.2,3906.6,1252.2,2561.2,817.86,240.92,474.94,3687.1,0.054246,0.025954,0.72666,0.015847,0.01112,0.0031057,0.002721,0.0069362,0.0049263,0.00091395,0.003915,0.0047606,0.0031742,0.0068768,0.0022042,0.0045085,0.0014397,0.00042409,0.00083603,0.0064904
NC-2,5.5364e+05,39919,23579,3.3563e+05,11426,8359.2,1733.4,3872.7,5187.4,1780.5,709.5,2393.6,4456.2,4114.2,6570.5,2366.5,4132.1,2702.4,335.69,1319.5,2038,0.072102,0.042589,0.60622,0.020638,0.015099,0.0031309,0.0069949,0.0093697,0.003216,0.0012815,0.0043235,0.0080489,0.0074311,0.011868,0.0042744,0.0074635,0.0048812,0.00060633,0.0023833,0.0036811
NC-3,5.5532e+05,40998,6536.1,3.2587e+05,20371,7459.5,1667.2,1512.2,5566.5,885.43,212.52,804.12,2519.7,957.98,880.31,1338,948.62,896.96,292.81,348.56,872.84,0.073828,0.01177,0.58681,0.036683,0.013433,0.0030023,0.0027232,0.010024,0.0015945,0.0003827,0.001448,0.0045373,0.0017251,0.0015852,0.0024095,0.0017082,0.0016152,0.00052729,0.00062767,0.0015718
NC-4,5.3796e+05,33195,38771,3.2788e+05,12142,4991,2312.9,1035.7,3911.3,1395.3,565.73,2428.3,4412.6,7793.6,16785,2035.9,2133.9,3276.8,997.7,1873.3,3875.6,0.061706,0.072072,0.60949,0.022571,0.0092777,0.0042995,0.0019253,0.0072707,0.0025937,0.0010516,0.0045139,0.0082026,0.014487,0.031201,0.0037845,0.0039666,0.0060911,0.0018546,0.0034823,0.0072044
NC-5,5.7515e+05,25158,8883.2,4.2711e+05,11367,4464.6,1581.8,1015.9,2465,639.36,246.25,808.72,2569.9,1344.8,1203,1012,2521.4,767.22,160.88,480.16,1393.7,0.043742,0.015445,0.7426,0.019763,0.0077625,0.0027502,0.0017663,0.0042858,0.0011116,0.00042815,0.0014061,0.0044682,0.0023382,0.0020916,0.0017595,0.004384,0.0013339,0.00027972,0.00083485,0.0024232
NC-6,5.5672e+05,31969,13616,3.83e+05,15784,5075.2,1231.3,963.4,2782.3,1280,404.93,1234.9,3212.8,1248.3,3567,1430.9,1891.1,743.44,114.67,1971.7,2648.5,0.057424,0.024457,0.68796,0.028352,0.0091163,0.0022116,0.0017305,0.0049976,0.0022991,0.00072734,0.0022181,0.005771,0.0022422,0.0064072,0.0025702,0.0033968,0.0013354,0.00020598,0.0035417,0.0047573
NC-7,5.9697e+05,29426,5891.7,4.1913e+05,11652,8115.3,1315.8,1079.1,2332.5,729.72,117.26,1392,2692,935.52,989.25,1338.6,432.9,1165.9,145.07,203.41,681.03,0.049292,0.0098694,0.7021,0.019519,0.013594,0.0022041,0.0018077,0.0039073,0.0012224,0.00019643,0.0023317,0.0045094,0.0015671,0.0016571,0.0022423,0.00072517,0.0019531,0.00024301,0.00034074,0.0011408
NC-8,5.519e+05,30420,14936,3.6156e+05,12321,5002.4,1415.8,1381.9,3735.9,1526.7,757.66,2221.5,2057.5,2234.2,5812.2,1679.4,1329.8,1231.2,86.585,762.85,1799.5,0.055119,0.027062,0.65512,0.022325,0.009064,0.0025653,0.0025038,0.0067691,0.0027663,0.0013728,0.0040251,0.0037279,0.0040481,0.010531,0.0030429,0.0024096,0.0022309,0.00015688,0.0013822,0.0032606
NC-9,5.6296e+05,42479,9343.5,3.5946e+05,19388,10637,1359.7,1449.3,4287,1075.4,303,1724.7,2254.9,1433.3,1309.5,1852.9,1603.5,1237.6,194.49,732.04,980.15,0.075456,0.016597,0.63852,0.034439,0.018894,0.0024153,0.0025744,0.0076151,0.0019103,0.00053823,0.0030636,0.0040054,0.002546,0.0023261,0.0032914,0.0028483,0.0021983,0.00034547,0.0013003,0.0017411
ND-1,5.8174e+05,19708,4590,5.0397e+05,11243,2741.1,430.97,232.11,713.54,420.54,91.468,610.9,3224.6,524.95,618.66,1060.3,420.66,633.94,201.3,558.98,571.2,0.033878,0.0078902,0.86632,0.019326,0.0047118,0.00074084,0.00039899,0.0012266,0.00072291,0.00015723,0.0010501,0.0055431,0.00090238,0.0010635,0.0018227,0.0007231,0.0010897,0.00034603,0.00096088,0.00098189
NE-1,4.7894e+05,34095,10130,4.0301e+05,22491,2035.1,1057.4,240.71,3376.9,401.73,280.83,583.95,3627.3,728.74,753.67,1725.4,3908,523.76,194.75,393.79,1901.8,0.071187,0.021151,0.84146,0.046959,0.0042493,0.0022077,0.00050259,0.0070508,0.0008388,0.00058635,0.0012193,0.0075735,0.0015216,0.0015736,0.0036025,0.0081596,0.0010936,0.00040664,0.00082222,0.0039709
NE-2,4.5923e+05,34633,11016,3.5573e+05,24532,1749.5,848.62,348.46,3304.9,418.04,239.15,691.48,2500.1,1172.6,1500.3,1362.8,1548.3,756.87,314.85,1489.5,2870.9,0.075415,0.023988,0.77463,0.053421,0.0038096,0.0018479,0.00075879,0.0071966,0.0009103,0.00052076,0.0015057,0.005444,0.0025534,0.0032671,0.0029675,0.0033716,0.0016481,0.0006856,0.0032435,0.0062515
NE-3,4.7571e+05,36974,3099,4.1321e+05,27679,916.5,1053.9,134.44,3542.4,421.82,63.833,293.79,2867.8,450.51,150.95,509.41,566.53,216.91,317.68,53.996,833.01,0.077723,0.0065144,0.86861,0.058185,0.0019266,0.0022154,0.0002826,0.0074464,0.0008867,0.00013418,0.00061758,0.0060283,0.00094701,0.00031732,0.0010708,0.0011909,0.00045597,0.0006678,0.00011351,0.0017511
NH-1,5.5879e+05,18552,11375,5.0217e+05,3258.8,6274.6,695.71,2331.3,1358.7,1078.1,42.504,1133.5,2378.3,1824.9,1284.2,2129,1305.9,1516.5,272.76,1396.1,1645.7,0.033199,0.020356,0.89866,0.0058319,0.011229,0.001245,0.0041719,0.0024315,0.0019294,7.6063e-05,0.0020284,0.0042562,0.0032657,0.0022982,0.0038099,0.0023371,0.002714,0.00048813,0.0024984,0.002945
NH-2,5.5081e+05,18647,9729,4.9661e+05,3307.8,6696.6,641.53,2810.5,959.39,909.61,93.055,751.64,2477.3,2326.5,2665.2,884.89,687.21,631.51,304.35,448.35,1781,0.033855,0.017663,0.90161,0.0060055,0.012158,0.0011647,0.0051026,0.0017418,0.0016514,0.00016894,0.0013646,0.0044975,0.0042237,0.0048387,0.0016065,0.0012476,0.0011465,0.00055255,0.00081398,0.0032335
NJ-1,5.7726e+05,66473,24080,3.7691e+05,5318.1,39863,1834.9,8157.1,3164.3,1489.3,344.32,2850.3,3451.6,3609.3,5337.2,5293.1,3571,2483.5,152.19,2194.5,1439.3,0.11515,0.041714,0.65293,0.0092127,0.069056,0.0031786,0.014131,0.0054817,0.0025799,0.00059647,0.0049377,0.0059792,0.0062524,0.0092457,0.0091694,0.0061862,0.0043022,0.00026363,0.0038015,0.0024933
NJ-10,4.9891e+05,89441,31269,1.0812e+05,3292.1,30078,3649.3,17219,8187.1,4955.2,652.83,14720,6688.2,3291.3,7349.7,13814,1597.7,1220.9,205.23,2738.7,1050.8,0.17927,0.062674,0.21672,0.0065986,0.060287,0.0073146,0.034513,0.01641,0.0099321,0.0013085,0.029504,0.013406,0.006597,0.014732,0.027689,0.0032025,0.0024472,0.00041136,0.0054894,0.0021062
NJ-11,5.582e+05,77490,53751,3.7629e+05,4079,20856,5127.9,7830.5,6233,9261.1,618.53,17177,6307.3,14343,20688,8593.5,1160.2,3852,574.09,2247.3,2293.5,0.13882,0.096294,0.67412,0.0073073,0.037362,0.0091864,0.014028,0.011166,0.016591,0.0011081,0.030772,0.011299,0.025695,0.037062,0.015395,0.0020785,0.0069008,0.0010285,0.0040259,0.0041086
NJ-12,4.9853e+05,73582,79841,2.4499e+05,5834.8,22971,3483.1,9423.7,12395,5520.7,422.85,8782.4,4747.6,16168,44908,5852.3,1039.7,3588.3,370.6,6051.3,1863.8,0.1476,0.16016,0.49142,0.011704,0.046078,0.0069868,0.018903,0.024864,0.011074,0.0008482,0.017617,0.0095232,0.032431,0.090081,0.011739,0.0020855,0.0071978,0.0007434,0.012138,0.0037385
NJ-2,5.8553e+05,70998,18400,4.137e+05,11123,39512,2178.6,5611.2,3462.2,2327.2,109.52,2803.1,3871.9,2785.3,5417.9,3428.1,2178.5,1105.1,272.85,2192.5,1019.7,0.12125,0.031425,0.70653,0.018996,0.06748,0.0037208,0.0095832,0.0059129,0.0039745,0.00018704,0.0047873,0.0066127,0.0047569,0.009253,0.0058547,0.0037205,0.0018874,0.000466,0.0037445,0.0017415
NJ-3,5.774e+05,51959,38345,3.9272e+05,4399.2,22358,2735,3478.3,5886.2,2186.7,655.49,5863.7,4396.5,8437.6,17189,5327.5,752.11,2523,212.86,1943.3,1959.4,0.089987,0.06641,0.68016,0.007619,0.038721,0.0047368,0.0060241,0.010194,0.0037872,0.0011352,0.010155,0.0076143,0.014613,0.02977,0.0092266,0.0013026,0.0043696,0.00036865,0.0033656,0.0033936
NJ-4,5.669e+05,45569,12669,4.7405e+05,4874.5,20235,2954.5,3294.1,2579.6,2921.2,253.91,5061.4,3395,2362.5,2143.3,4935.9,650.63,1193.9,199.47,596.27,587.35,0.080384,0.022349,0.83623,0.0085986,0.035695,0.0052117,0.0058107,0.0045505,0.0051529,0.00044789,0.0089283,0.0059888,0.0041675,0.0037808,0.0087069,0.0011477,0.002106,0.00035186,0.0010518,0.0010361
NJ-5,5.5368e+05,79601,73986,3.5231e+05,3366.9,17058,6788.2,18866,5530.1,10550,476.92,11686,5278.2,10951,12705,12852,802.67,29853,1196.4,3325.1,2300.9,0.14377,0.13363,0.6363,0.006081,0.030809,0.01226,0.034074,0.0099878,0.019054,0.00086136,0.021105,0.0095329,0.019778,0.022946,0.023212,0.0014497,0.053917,0.0021607,0.0060053,0.0041557
NJ-6,5.2165e+05,96540,71419,2.7147e+05,8733.1,32394,4144.2,21071,7488.1,5384.2,671.65,10797,5855.7,10774,38860,8436.1,1675.1,2737,149.82,6755,2031.8,0.18507,0.13691,0.52041,0.016741,0.0621,0.0079445,0.040393,0.014355,0.010322,0.0012875,0.020698,0.011225,0.020654,0.074494,0.016172,0.0032112,0.0052467,0.0002872,0.012949,0.003895
NJ-7,5.7818e+05,59957,36147,4.3303e+05,2861,18243,5585,3952.2,4738.1,7568.3,350.66,9717.1,6941.5,10397,13731,5648.9,807.93,2226.2,265.96,1566.3,1503.5,0.1037,0.062518,0.74896,0.0049483,0.031553,0.0096596,0.0068355,0.0081948,0.01309,0.00060649,0.016806,0.012006,0.017983,0.023748,0.0097701,0.0013974,0.0038504,0.00046,0.002709,0.0026003
NJ-8,4.3044e+05,1.9254e+05,33954,1.4422e+05,7062.6,48056,21513,33997,17809,17183,1647.4,34249,11028,7304.5,11325,6994.1,789.51,2957.3,536.37,2683.8,1364.1,0.44733,0.078884,0.33505,0.016408,0.11164,0.049979,0.078984,0.041373,0.03992,0.0038274,0.079567,0.025621,0.01697,0.02631,0.016249,0.0018342,0.0068705,0.0012461,0.006235,0.0031691
NJ-9,4.8704e+05,1.6996e+05,39952,2.1862e+05,11819,38338,8075.9,44011,9945.7,16148,932.92,31844,8841.6,5406.3,13514,7172.6,914.85,8211.7,568.7,2947.3,1216.3,0.34895,0.08203,0.44888,0.024266,0.078716,0.016581,0.090363,0.020421,0.033154,0.0019155,0.065382,0.018154,0.0111,0.027748,0.014727,0.0018784,0.01686,0.0011676,0.0060514,0.0024973
NM-1,5.4543e+05,2.0272e+05,11826,2.7344e+05,1.0994e+05,3845.6,1462.4,438.64,2309,1067.5,172.49,1897.9,81592,1977,1562,2015.1,3156.3,828.27,567.21,491.63,1228.2,0.37168,0.021682,0.50134,0.20156,0.0070507,0.0026813,0.00080422,0.0042334,0.0019572,0.00031625,0.0034797,0.14959,0.0036248,0.0028639,0.0036946,0.0057869,0.0015186,0.0010399,0.00090136,0.0022518
NM-2,4.9906e+05,2.7028e+05,4877.3,1.7274e+05,1.9798e+05,2609.7,797.7,439.05,1291.2,644.94,98.856,535.15,65889,562.65,729.29,2127.7,302.39,357.54,262.44,160.42,374.87,0.54158,0.0097731,0.34612,0.3967,0.0052293,0.0015984,0.00087975,0.0025872,0.0012923,0.00019808,0.0010723,0.13203,0.0011274,0.0014613,0.0042635,0.00060592,0.00071644,0.00052586,0.00032144,0.00075115
NM-3,5.0876e+05,1.8981e+05,4011.9,2.0495e+05,1.0173e+05,1821.6,706.95,1151.9,1896.7,478.02,250.76,766.8,81012,585.84,493.96,1165.2,419.94,248.38,457.39,285.43,355.73,0.37309,0.0078856,0.40285,0.19995,0.0035804,0.0013896,0.0022641,0.003728,0.00093959,0.00049289,0.0015072,0.15923,0.0011515,0.00097092,0.0022903,0.00082543,0.00048821,0.00089904,0.00056104,0.00069921
NV-1,5.1726e+05,1.3318e+05,43787,2.5443e+05,92413,4690.6,8566.8,877.59,12615,1243.1,360.91,3109.9,9306.5,4805,2844.5,25092,2001.3,2809.5,2057,382,3795.5,0.25748,0.084652,0.49189,0.17866,0.0090683,0.016562,0.0016966,0.024389,0.0024033,0.00069773,0.0060123,0.017992,0.0092894,0.0054993,0.04851,0.0038692,0.0054316,0.0039768,0.00073851,0.0073377
NV-2,5.7952e+05,97521,21495,4.0891e+05,71910,3196.1,901.11,85.375,8061.4,743.23,68.383,1725.1,10831,3566.9,2127.4,9577.1,1636.2,1116.6,1159.3,607.27,1704,0.16828,0.037091,0.7056,0.12409,0.005515,0.0015549,0.00014732,0.01391,0.0012825,0.000118,0.0029767,0.018689,0.006155,0.0036709,0.016526,0.0028234,0.0019268,0.0020005,0.0010479,0.0029404
NV-3,5.7883e+05,99624,96586,2.8256e+05,61475,6506.8,4717.7,919.06,8986,2891.2,401.34,4548.9,9178,17629,3684,47680,6524.1,6500.4,4176.6,921.21,9471.2,0.17211,0.16686,0.48815,0.10621,0.011241,0.0081503,0.0015878,0.015524,0.0049949,0.00069337,0.0078587,0.015856,0.030455,0.0063645,0.082373,0.011271,0.01123,0.0072155,0.0015915,0.016363
NV-4,5.4793e+05,1.426e+05,33110,2.4488e+05,1.0533e+05,7126.4,3795.8,885.06,11337,1066.6,218.49,3064.7,9780,3009.2,815.38,21620,1488.5,1440.3,1673.7,95.062,2968.1,0.26026,0.060428,0.44691,0.19223,0.013006,0.0069275,0.0016153,0.020691,0.0019466,0.00039875,0.0055933,0.017849,0.0054919,0.0014881,0.039458,0.0027166,0.0026286,0.0030546,0.00017349,0.005417
NY-1,5.8647e+05,61006,25949,4.5605e+05,4585.9,17260,2054.4,5092.5,10671,5578.5,339.3,8866.4,6559,7127.4,6785.7,2258.1,484.55,2736.4,216.94,3788.2,2551.5,0.10402,0.044245,0.77762,0.0078195,0.02943,0.003503,0.0086832,0.018195,0.0095119,0.00057854,0.015118,0.011184,0.012153,0.01157,0.0038503,0.0008262,0.0046659,0.00036991,0.0064593,0.0043506
NY-10,4.9923e+05,86330,81157,2.7765e+05,13438,34520,2625.6,11817,4382.2,3478.9,784,6868.1,8415.7,57462,8460.9,2418.1,1241.1,5713.3,1215,2165.6,2481,0.17293,0.16256,0.55615,0.026918,0.069147,0.0052594,0.023671,0.0087779,0.0069685,0.0015704,0.013757,0.016857,0.1151,0.016948,0.0048438,0.002486,0.011444,0.0024338,0.0043378,0.0049696
NY-11,5.0948e+05,79158,85015,2.9692e+05,10836,37196,2759.1,7850.6,5260.8,3026.1,296.76,7103.4,4829.4,61517,6101.5,4854,1228.2,2306.7,159.51,5426,3422,0.15537,0.16687,0.58279,0.021268,0.073009,0.0054156,0.015409,0.010326,0.0059396,0.00058249,0.013942,0.0094791,0.12075,0.011976,0.0095274,0.0024106,0.0045275,0.00031309,0.01065,0.0067167
NY-12,5.5242e+05,59773,56268,3.8331e+05,7074.9,17727,3726.9,7947.8,3601.4,2692.8,784.99,5996.5,10221,22369,12934,4881.2,1109.2,7319,2310.2,1953.5,3392.1,0.1082,0.10186,0.69387,0.012807,0.032089,0.0067465,0.014387,0.0065194,0.0048746,0.001421,0.010855,0.018502,0.040492,0.023412,0.0088361,0.0020078,0.013249,0.0041821,0.0035362,0.0061404
NY-13,5.1286e+05,2.304e+05,25204,97964,14065,55676,4795.3,1.1901e+05,8386.6,3075.3,812.49,11084,13489,10650,4193,3266.4,1100.7,1665,727.21,1372.3,2229.4,0.44924,0.049145,0.19102,0.027426,0.10856,0.0093502,0.23206,0.016353,0.0059964,0.0015842,0.021611,0.026302,0.020767,0.0081757,0.006369,0.0021462,0.0032465,0.001418,0.0026757,0.0043471
NY-14,4.3417e+05,1.9823e+05,47911,1.0101e+05,14172,78196,2900.1,45208,8748.3,13224,910.37,24542,10330,14085,12126,4465.1,1381.5,2239.2,318.15,10610,2686.6,0.45657,0.11035,0.23264,0.032641,0.18011,0.0066797,0.10412,0.020149,0.030458,0.0020968,0.056527,0.023793,0.032441,0.02793,0.010284,0.003182,0.0051575,0.00073278,0.024437,0.006188
NY-15,4.5932e+05,2.2014e+05,13037,51423,13113,83242,3411.3,90746,8938.5,2437.9,690.42,8118.4,9442.9,1817.1,3418.4,1841.5,1056.6,659.61,249.42,2650.2,1344.5,0.47927,0.028384,0.11195,0.028549,0.18123,0.0074267,0.19756,0.01946,0.0053075,0.0015031,0.017675,0.020558,0.0039561,0.0074423,0.0040091,0.0023004,0.0014361,0.00054301,0.0057697,0.0029271
NY-16,5.2945e+05,1.2762e+05,30341,2.3997e+05,14211,38854,3231.2,30922,8703,7050.2,594.99,16765,7285.4,7081.4,10538,4940,396.69,3455.7,1157.2,1700.9,1071.6,0.24104,0.057308,0.45325,0.026842,0.073386,0.006103,0.058404,0.016438,0.013316,0.0011238,0.031665,0.01376,0.013375,0.019904,0.0093305,0.00074925,0.006527,0.0021857,0.0032125,0.0020239
NY-17,5.3185e+05,79680,25351,3.6976e+05,4297.1,24219,3822.4,13994,6888.7,4247.5,336.86,14309,7565.8,5859.1,8858,4692.1,345.35,2385.2,490.52,1731.5,989.53,0.14982,0.047667,0.69525,0.0080796,0.045537,0.007187,0.026312,0.012952,0.0079863,0.00063338,0.026904,0.014225,0.011017,0.016655,0.0088223,0.00064933,0.0044848,0.0009223,0.0032556,0.0018606
NY-18,5.761e+05,85397,14034,3.948e+05,12244,38167,2751.3,10010,5395.3,3227.3,327.55,6445.6,6829.5,4420.8,3988.9,1683.8,621.86,965.81,278.15,1021.9,1053.2,0.14823,0.024361,0.6853,0.021253,0.066251,0.0047758,0.017375,0.0093654,0.005602,0.00056857,0.011188,0.011855,0.0076737,0.0069241,0.0029227,0.0010794,0.0016765,0.00048282,0.0017739,0.0018282
NY-19,6.1269e+05,34185,15422,5.1504e+05,3959.5,13765,1958.1,2787.2,2471.5,1490.9,195.89,2021.3,5535.6,5277.4,3845.8,745.79,557.07,1013.6,285.74,1248.6,2447.6,0.055795,0.02517,0.84062,0.0064626,0.022466,0.003196,0.0045492,0.0040338,0.0024334,0.00031973,0.0032991,0.0090349,0.0086136,0.0062769,0.0012172,0.00090922,0.0016543,0.00046638,0.0020379,0.0039948
NY-2,5.5353e+05,1.1478e+05,16305,3.5237e+05,4121.5,30065,3142.5,15055,31105,7399.9,280.35,14539,9074.6,3063.5,5611.3,1857,340.4,642.25,77.894,3411.2,1301.5,0.20737,0.029457,0.63659,0.0074458,0.054315,0.0056772,0.027198,0.056194,0.013369,0.00050647,0.026265,0.016394,0.0055344,0.010137,0.0033549,0.00061497,0.0011603,0.00014072,0.0061626,0.0023512
NY-20,6.0588e+05,36312,21126,4.7242e+05,3286.2,19356,1301.6,3172.6,2023.9,901.25,139.3,2347.9,3783.3,4335.4,6844.8,2281.9,739.42,1977.4,146.93,2287,2512.7,0.059933,0.034868,0.77973,0.0054238,0.031947,0.0021482,0.0052365,0.0033404,0.0014875,0.00022992,0.0038753,0.0062443,0.0071555,0.011297,0.0037663,0.0012204,0.0032638,0.00024251,0.0037747,0.0041472
NY-21,6.0759e+05,17915,4317.7,5.4892e+05,2881.4,6768.7,475.24,1096.2,1125.7,505.81,62.663,1139.2,3860.4,885.55,676.58,983.15,142.09,733.36,179.65,367.16,350.13,0.029486,0.0071062,0.90344,0.0047423,0.01114,0.00078217,0.0018042,0.0018528,0.00083248,0.00010313,0.0018749,0.0063536,0.0014575,0.0011135,0.0016181,0.00023387,0.001207,0.00029568,0.00060429,0.00057627
NY-22,5.8812e+05,26392,14897,4.8063e+05,2614.5,11685,1595.7,2515,1103,915.84,163.76,1194.5,4605.4,3912.4,2319.9,897.13,1642.2,798.82,207.18,1169.3,3950.3,0.044876,0.02533,0.81723,0.0044454,0.019868,0.0027132,0.0042764,0.0018755,0.0015572,0.00027845,0.0020311,0.0078307,0.0066524,0.0039446,0.0015254,0.0027923,0.0013583,0.00035227,0.0019881,0.0067169
NY-23,6.0603e+05,17064,4168,5.5332e+05,1976.7,9671.2,494.28,900.91,629.44,457.34,182.27,721.12,2030.3,988.84,1064.9,590.79,300.45,393.62,126.67,345.18,357.53,0.028157,0.0068775,0.91303,0.0032618,0.015958,0.00081561,0.0014866,0.0010386,0.00075465,0.00030077,0.0011899,0.0033502,0.0016317,0.0017572,0.00097485,0.00049576,0.0006495,0.00020901,0.00056958,0.00058995
NY-24,6.0816e+05,18439,4129.6,5.4882e+05,3399.1,8982.7,478.9,1148.7,794.05,230.58,57.17,840.69,2506.9,1152.5,748.14,579.73,225.05,462.76,146.3,220.8,594.26,0.030319,0.0067903,0.90243,0.0055892,0.01477,0.00078746,0.0018888,0.0013057,0.00037914,9.4005e-05,0.0013824,0.0041221,0.0018951,0.0012302,0.00095326,0.00037005,0.00076093,0.00024057,0.00036307,0.00097716
NY-25,5.9411e+05,47289,15908,4.3679e+05,2983.4,33047,2000.3,2554.8,1455,642.28,153.11,1335.9,3116.9,3682.1,3042.5,1052.6,1591.2,1434.7,236.96,2640.1,2227.8,0.079596,0.026776,0.73519,0.0050216,0.055625,0.0033669,0.0043002,0.002449,0.0010811,0.00025772,0.0022485,0.0052463,0.0061976,0.005121,0.0017717,0.0026782,0.0024149,0.00039885,0.0044437,0.0037497
NY-26,5.9062e+05,36678,20018,4.251e+05,3385,22817,1177.7,2429.2,1336.3,823.84,99.41,1087.5,3522.4,3602.6,4538.2,686.89,1602.4,1064.6,156.8,5089.9,3276.4,0.062101,0.033893,0.71975,0.0057312,0.038632,0.001994,0.0041129,0.0022625,0.0013949,0.00016831,0.0018412,0.0059639,0.0060998,0.0076838,0.001163,0.0027131,0.0018025,0.00026549,0.0086178,0.0055474
NY-3,5.5895e+05,66795,1.1126e+05,3.4054e+05,5532.3,13900,3035.9,6621.8,12575,7340.2,186.99,10759,6844.3,39589,34897,5920.6,761.96,15390,580.03,8910.4,5209.9,0.1195,0.19905,0.60924,0.0098976,0.024868,0.0054314,0.011847,0.022497,0.013132,0.00033453,0.019249,0.012245,0.070828,0.062433,0.010592,0.0013632,0.027534,0.0010377,0.015941,0.0093208
NY-4,5.5091e+05,92428,38111,3.0324e+05,2921.2,17327,3336.9,13303,24827,7950.3,336.94,13213,9212.3,7421.5,13728,6045.5,239.26,1974.9,288.65,6813.4,1600.1,0.16777,0.069178,0.55043,0.0053026,0.031451,0.0060571,0.024148,0.045065,0.014431,0.00061161,0.023984,0.016722,0.013471,0.024919,0.010974,0.0004343,0.0035847,0.00052396,0.012367,0.0029045
NY-5,5.1836e+05,90255,67476,81566,4653.3,25212,1186.4,20421,11485,7780,487.63,13723,5307.3,7570.5,32585,5415,256.17,723.55,113.62,18464,2347.4,0.17412,0.13017,0.15735,0.0089769,0.048638,0.0022888,0.039395,0.022156,0.015009,0.00094072,0.026473,0.010239,0.014605,0.062861,0.010446,0.00049418,0.0013958,0.00021918,0.035621,0.0045285
NY-6,4.3003e+05,92854,1.5806e+05,1.3954e+05,9609.9,15428,2618.2,15167,4722.9,17913,837.83,20188,6369.4,89115,13932,13496,1811.1,15451,866.38,12839,10548,0.21592,0.36755,0.32448,0.022347,0.035876,0.0060884,0.035269,0.010983,0.041656,0.0019483,0.046946,0.014811,0.20723,0.032396,0.031385,0.0042115,0.035931,0.0020147,0.029855,0.024529
NY-7,4.8987e+05,1.5414e+05,53262,1.9769e+05,15805,51124,2812.3,34999,8527.9,7811.6,1246.6,23003,8807.9,20023,11316,3978.8,1022.8,4607.9,933.46,8282.3,3097.4,0.31465,0.10873,0.40356,0.032263,0.10436,0.005741,0.071445,0.017409,0.015946,0.0025447,0.046957,0.01798,0.040875,0.023101,0.0081221,0.002088,0.0094064,0.0019055,0.016907,0.0063229
NY-8,5.1906e+05,73481,37343,1.5424e+05,6758.5,30509,1667.1,15267,6245.2,1838.9,808.66,4982.5,5403.7,22317,3739.1,1853.1,971.31,1175.1,307.75,5024.9,1954.7,0.14157,0.071943,0.29715,0.013021,0.058778,0.0032117,0.029414,0.012032,0.0035427,0.0015579,0.0095991,0.010411,0.042994,0.0072035,0.0035701,0.0018713,0.002264,0.0005929,0.0096808,0.0037659
NY-9,4.7944e+05,47547,34403,1.5592e+05,6609.2,15080,1621.1,6692.7,7772.3,1755.2,608.63,2784.9,4623,13913,5153,1607.8,447.59,980.45,295.63,9040.4,2965,0.099172,0.071756,0.32521,0.013785,0.031454,0.0033812,0.013959,0.016211,0.0036609,0.0012695,0.0058087,0.0096424,0.029019,0.010748,0.0033534,0.00093356,0.002045,0.0006166,0.018856,0.0061843
OH-1,5.8789e+05,15002,13101,4.4219e+05,5799.9,2805.3,839.81,494.82,1252.4,628.56,90.489,927.17,2163.2,2870.1,5007.9,1032.6,756.39,1018.7,370.85,1031.8,1013.2,0.025518,0.022285,0.75216,0.0098655,0.0047718,0.0014285,0.00084169,0.0021303,0.0010692,0.00015392,0.0015771,0.0036796,0.0048819,0.0085183,0.0017564,0.0012866,0.0017328,0.00063081,0.001755,0.0017234
OH-10,5.9785e+05,16761,9302.4,4.5325e+05,6615.7,4239.5,514.54,475.09,1133.8,525.36,108.78,888.87,2259.3,1618.6,2156.3,1694.3,1031.6,927.48,221.88,623.17,1029.1,0.028035,0.01556,0.75814,0.011066,0.0070912,0.00086065,0.00079466,0.0018965,0.00087874,0.00018195,0.0014868,0.003779,0.0027073,0.0036068,0.002834,0.0017255,0.0015514,0.00037112,0.0010424,0.0017213
OH-11,5.9222e+05,39665,11541,2.693e+05,6381.3,24833,1161.2,1363.7,1504.4,668.38,30.689,1290.2,2432.5,2765.6,2801.3,1145.7,959.72,819.55,259.61,1058.6,1731.4,0.066977,0.019488,0.45473,0.010775,0.041931,0.0019607,0.0023027,0.0025402,0.0011286,5.182e-05,0.0021786,0.0041074,0.0046698,0.0047301,0.0019346,0.0016205,0.0013839,0.00043836,0.0017875,0.0029235
OH-12,5.989e+05,9961.3,12995,5.322e+05,3684.4,2408.8,652.23,135.6,640.58,239.44,93.506,593.44,1513.4,1892.3,3991.9,803.72,973.84,798.94,189.55,2777.7,1567,0.016633,0.021698,0.88863,0.0061519,0.004022,0.0010891,0.00022641,0.0010696,0.0003998,0.00015613,0.00099089,0.0025269,0.0031597,0.0066654,0.001342,0.0016261,0.001334,0.0003165,0.0046381,0.0026164
OH-13,6.0521e+05,12651,13489,4.8136e+05,4417,3622.8,477.14,154.23,892.59,196.71,75.355,666.87,2148.7,2100.6,2775.3,1404.9,759.3,793.22,164.65,3084.7,2406.6,0.020904,0.022288,0.79537,0.0072982,0.005986,0.00078838,0.00025483,0.0014748,0.00032503,0.00012451,0.0011019,0.0035504,0.0034709,0.0045857,0.0023213,0.0012546,0.0013107,0.00027206,0.0050969,0.0039764
OH-14,6.1831e+05,15273,3934.3,5.5048e+05,5937.8,5947.2,504.55,50.674,562.67,218.12,38.648,368.01,1644.9,606.17,912.74,715.92,504.78,289.54,54.823,423.43,426.87,0.024701,0.006363,0.89031,0.0096033,0.0096185,0.00081602,8.1955e-05,0.00091002,0.00035277,6.2507e-05,0.0005952,0.0026603,0.00098037,0.0014762,0.0011579,0.00081639,0.00046828,8.8666e-05,0.00068482,0.00069038
OH-15,5.7763e+05,19215,15539,4.5843e+05,8331.6,4459.9,537.02,933.82,1399,323.68,640.96,829.76,1759.2,2532.3,5844,1553.7,1058.3,905.93,550.79,940.17,2153.5,0.033265,0.026901,0.79364,0.014424,0.0077211,0.00092971,0.0016166,0.0024219,0.00056037,0.0011096,0.0014365,0.0030455,0.004384,0.010117,0.0026898,0.0018322,0.0015684,0.00095355,0.0016276,0.0037282
OH-2,6.1062e+05,7445,3466.4,5.7014e+05,3085.8,1744.7,383.16,139.61,385.1,181.72,35.968,341.47,1147.6,676.55,897.61,633.93,147.95,192.36,216.28,220.85,480.87,0.012193,0.0056769,0.93371,0.0050535,0.0028572,0.0006275,0.00022864,0.00063067,0.00029761,5.8904e-05,0.00055922,0.0018794,0.001108,0.00147,0.0010382,0.0002423,0.00031503,0.0003542,0.00036169,0.00078752
OH-3,5.6475e+05,21149,22521,3.494e+05,8730.1,4487.2,362.78,1074.4,1578.5,817.06,327.5,1181.9,2589.7,4949.5,4823.8,1362.3,1244.5,1844.2,530.45,4653.7,3112.7,0.037449,0.039878,0.61867,0.015458,0.0079454,0.00064238,0.0019024,0.002795,0.0014468,0.00057989,0.0020928,0.0045856,0.008764,0.0085415,0.0024122,0.0022036,0.0032655,0.00093927,0.0082403,0.0055117
OH-4,6.0249e+05,13283,5431,5.3534e+05,6959,2918.1,257.06,73.745,791.38,110.39,160.81,471.61,1540.4,699.45,2088.2,886.14,445.52,480.91,228.14,188,414.61,0.022046,0.0090143,0.88854,0.01155,0.0048434,0.00042667,0.0001224,0.0013135,0.00018323,0.0002669,0.00078278,0.0025568,0.0011609,0.003466,0.0014708,0.00073947,0.0007982,0.00037867,0.00031204,0.00068816
OH-5,6.1089e+05,39347,4203.8,5.2019e+05,17474,16990,522.2,177.13,795.26,144.15,128.85,542.1,2573.4,628.13,1324.9,782.63,249.95,403.19,106.35,148.66,560,0.06441,0.0068814,0.85152,0.028605,0.027812,0.00085481,0.00028996,0.0013018,0.00023597,0.00021092,0.0008874,0.0042125,0.0010282,0.0021688,0.0012811,0.00040916,0.00066,0.00017408,0.00024335,0.00091669
OH-6,6.0787e+05,15152,2145.4,5.3884e+05,3514.3,7776.9,335.05,121.58,630.86,256.93,23.898,422.75,2069.6,317.69,399.14,612.88,285.29,122.71,32.855,191.21,183.66,0.024926,0.0035294,0.88644,0.0057814,0.012794,0.00055119,0.00020001,0.0010378,0.00042268,3.9314e-05,0.00069545,0.0034046,0.00052262,0.00065662,0.0010082,0.00046932,0.00020187,5.4049e-05,0.00031455,0.00030213
OH-7,6.0585e+05,20311,13181,5.3572e+05,5110.7,10204,550.38,502.42,954.07,459.02,130.82,901.66,1498.4,2712.1,4197.2,2012.8,907.2,748.28,83.399,1559.3,960.51,0.033526,0.021756,0.88425,0.0084356,0.016842,0.00090845,0.00082928,0.0015748,0.00075764,0.00021592,0.0014883,0.0024732,0.0044765,0.0069278,0.0033222,0.0014974,0.0012351,0.00013766,0.0025738,0.0015854
OH-8,5.7872e+05,15112,13949,4.5026e+05,5881.1,2028.8,915.28,931.43,1711.6,642.53,110.64,853.49,2036.8,2234.4,2523.4,1827,1181.3,1054.5,381.45,2830.8,1916.1,0.026113,0.024103,0.77804,0.010162,0.0035057,0.0015816,0.0016095,0.0029576,0.0011103,0.00019119,0.0014748,0.0035196,0.003861,0.0043604,0.003157,0.0020413,0.0018221,0.00065913,0.0048915,0.0033109
OH-9,5.9701e+05,34456,5770.1,4.7174e+05,25581,3616.8,875.79,141.71,590.01,511.28,114.2,669.08,2356,1006.9,1628.6,919.51,306.73,641.39,57.491,414.03,795.45,0.057714,0.0096649,0.79016,0.042849,0.0060582,0.0014669,0.00023737,0.00098826,0.0008564,0.00019129,0.0011207,0.0039463,0.0016866,0.0027279,0.0015402,0.00051377,0.0010743,9.6298e-05,0.00069351,0.0013324
OK-1,5.6666e+05,43987,14365,3.8412e+05,29716,3725.4,656.69,523.11,2317.1,708.6,786.49,990.06,4563,1165.9,1918.7,1135.7,2525.8,758.95,330.84,634.51,5894.8,0.077624,0.025351,0.67787,0.052441,0.0065743,0.0011589,0.00092314,0.0040891,0.0012505,0.0013879,0.0017472,0.0080524,0.0020575,0.003386,0.0020041,0.0044574,0.0013393,0.00058385,0.0011197,0.010403
OK-2,6.0761e+05,22795,4509.8,4.0824e+05,17555,1048.4,396.72,102.69,546.6,215.71,94.665,207.08,2628.7,519.16,397.1,779.28,615.47,138.1,145.35,156.2,1759.2,0.037516,0.0074223,0.67188,0.028891,0.0017255,0.00065291,0.00016901,0.0008996,0.00035501,0.0001558,0.00034081,0.0043264,0.00085443,0.00065354,0.0012825,0.0010129,0.00022728,0.00023921,0.00025708,0.0028953
OK-3,5.572e+05,69659,6601.4,3.9014e+05,57322,2198.1,541.57,34.61,2346.2,495.68,99.373,653.86,5968.3,870.93,845.42,836.02,2084.6,317.5,186.4,159.09,1301.5,0.12502,0.011847,0.70017,0.10287,0.0039449,0.00097195,6.2114e-05,0.0042107,0.00088959,0.00017834,0.0011735,0.010711,0.001563,0.0015173,0.0015004,0.0037411,0.00056981,0.00033452,0.00028552,0.0023357
OK-4,6.0165e+05,47067,12760,4.2582e+05,33395,4548.1,740.22,276.67,1729.7,368.68,224.33,541.39,5243.8,1609.2,1537.9,1231.6,4886.4,1225,350.7,511.24,1407.8,0.07823,0.021208,0.70775,0.055505,0.0075593,0.0012303,0.00045984,0.0028749,0.00061277,0.00037286,0.00089983,0.0087156,0.0026747,0.0025561,0.002047,0.0081216,0.0020361,0.0005829,0.00084972,0.0023399
OK-5,5.9048e+05,39100,15504,4.0759e+05,26964,2316.8,728.32,488.86,2419.2,724.02,596.86,942.45,3920.1,2090.8,3750.5,1346.7,4076.7,843.23,407.37,987.28,2001.2,0.066218,0.026256,0.69026,0.045664,0.0039235,0.0012334,0.0008279,0.004097,0.0012262,0.0010108,0.0015961,0.0066388,0.0035408,0.0063517,0.0022806,0.006904,0.001428,0.00068989,0.001672,0.0033891
OR-1,5.241e+05,57402,37537,3.8139e+05,38083,2883.4,1224.7,340.29,4110.4,776.6,485.36,2759,6739.3,8442.8,6710.7,4894.1,5095.1,3974.6,2539.3,1105.9,4774.2,0.10952,0.071621,0.7277,0.072663,0.0055016,0.0023368,0.00064928,0.0078428,0.0014818,0.00092608,0.0052643,0.012859,0.016109,0.012804,0.0093381,0.0097216,0.0075835,0.0048451,0.0021101,0.0091092
OR-2,5.3984e+05,53647,4202.1,4.4073e+05,42189,1618.2,244.87,46.989,1776.4,222.4,82.248,601.34,6865.3,681.54,179.01,1205,282.59,548.2,615.07,93.06,597.65,0.099375,0.007784,0.8164,0.078151,0.0029976,0.00045359,8.7042e-05,0.0032906,0.00041197,0.00015236,0.0011139,0.012717,0.0012625,0.00033159,0.0022322,0.00052346,0.0010155,0.0011394,0.00017238,0.0011071
OR-3,5.2265e+05,50241,35336,3.7241e+05,35627,2254.6,1388.4,196.22,3373.2,602.8,178.59,1657.5,4962.2,7210.5,756.14,4191.2,11242,1673,1447,500.03,8316.7,0.096127,0.067609,0.71254,0.068166,0.0043137,0.0026565,0.00037543,0.0064541,0.0011533,0.0003417,0.0031713,0.0094942,0.013796,0.0014467,0.008019,0.021509,0.0032011,0.0027686,0.00095672,0.015912
OR-4,5.6875e+05,37599,11782,4.7368e+05,25243,2223.8,675.77,62.325,2263.7,658.74,22.27,1353.6,5096.6,3212.7,1399.6,2154.9,1016.8,1306.8,1200.4,225.95,1264.9,0.066109,0.020716,0.83286,0.044383,0.0039099,0.0011882,0.00010958,0.0039801,0.0011582,3.9156e-05,0.00238,0.008961,0.0056487,0.0024609,0.0037889,0.0017878,0.0022977,0.0021107,0.00039729,0.0022239
OR-5,5.4504e+05,38762,14584,4.5572e+05,26697,1633.4,578.9,220.67,2616.6,728.36,58.294,1251.1,4977.6,4207.2,1090.2,2310.3,2311.7,1281,1120.5,170.19,2093.4,0.071118,0.026758,0.83612,0.048982,0.0029968,0.0010621,0.00040487,0.0048008,0.0013363,0.00010695,0.0022955,0.0091326,0.007719,0.0020002,0.0042388,0.0042413,0.0023503,0.0020558,0.00031226,0.0038408
OR-6,5.1127e+05,70427,15589,3.8389e+05,56585,2083.6,607.2,240.06,3362,639.26,183.73,1251.3,5475.1,2899.1,1594.5,3078.8,2088.2,1763.9,1583.2,306.65,2274.2,0.13775,0.03049,0.75085,0.11067,0.0040754,0.0011876,0.00046954,0.0065757,0.0012503,0.00035935,0.0024475,0.010709,0.0056705,0.0031186,0.0060218,0.0040843,0.0034501,0.0030966,0.00059978,0.0044481
PA-1,5.8734e+05,27804,27146,4.9116e+05,4804.4,11992,1289.7,1408,2444,1295.4,321.64,1626.2,2622.6,3860,12302,1646.1,1598.2,3976.8,139.21,1687.9,1935.1,0.047339,0.046218,0.83624,0.0081799,0.020417,0.0021958,0.0023973,0.0041611,0.0022056,0.00054761,0.0027688,0.0044651,0.0065719,0.020946,0.0028026,0.0027211,0.0067708,0.00023701,0.0028738,0.0032946
PA-10,5.8734e+05,44834,18565,4.5024e+05,6005.1,25291,1030.4,5438.5,1726.5,727.93,378.02,1627.1,2608.9,1795.1,4824,1518.6,2882.3,1089.4,264.14,3902,2289.8,0.076334,0.031609,0.76657,0.010224,0.043061,0.0017543,0.0092595,0.0029395,0.0012394,0.00064361,0.0027703,0.0044418,0.0030563,0.0082133,0.0025855,0.0049075,0.0018548,0.00044973,0.0066435,0.0038987
PA-11,5.847e+05,43817,10422,4.9693e+05,4291.8,27619,1641.9,3408.5,1398.6,1071.8,167.71,1683.3,2534.1,1593.7,1283.1,1836.8,1966,674.34,122.09,1279.9,1666,0.074939,0.017824,0.8499,0.0073401,0.047237,0.0028081,0.0058295,0.0023919,0.001833,0.00028683,0.0028788,0.0043339,0.0027256,0.0021944,0.0031414,0.0033624,0.0011533,0.0002088,0.0021891,0.0028494
PA-12,6.04e+05,14286,15859,4.7188e+05,4320.7,3975.2,653.6,530.58,892.11,673.76,325.39,1380.1,1534.9,3315.2,4600.2,1194.5,1001.2,1376.9,244.75,2090.1,2035.8,0.023653,0.026256,0.78126,0.0071535,0.0065814,0.0010821,0.00087845,0.001477,0.0011155,0.00053873,0.0022849,0.0025413,0.0054888,0.0076163,0.0019777,0.0016577,0.0022796,0.00040522,0.0034605,0.0033706
PA-13,6.0088e+05,15653,2964.7,5.5256e+05,4561.8,5581.6,630.1,639.92,1404,181.93,238.25,564.18,1850.8,626.8,629.7,408.7,352.11,298.18,105.28,223.93,320.02,0.026049,0.004934,0.91959,0.0075919,0.0092891,0.0010486,0.001065,0.0023365,0.00030278,0.0003965,0.00093892,0.0030802,0.0010431,0.001048,0.00068017,0.000586,0.00049624,0.0001752,0.00037266,0.00053259
PA-14,6.1251e+05,7671,3504.3,5.6648e+05,2158.8,2082,621.63,255.83,454.1,102.97,16.819,191.55,1787.3,591.02,632.62,483.59,294.98,365.12,77.068,709.07,350.85,0.012524,0.0057213,0.92486,0.0035246,0.0033991,0.0010149,0.00041768,0.00074139,0.00016811,2.746e-05,0.00031274,0.0029181,0.00096492,0.0010328,0.00078953,0.0004816,0.0005961,0.00012582,0.0011577,0.00057281
PA-15,6.0739e+05,11417,5682.9,5.6276e+05,2470.8,4259.8,584.08,341.47,609.72,357.89,71.263,505.03,2217.1,2154.2,1050.4,704.65,340.69,612.69,120.56,261.16,438.5,0.018797,0.0093562,0.92652,0.0040678,0.0070133,0.00096163,0.00056219,0.0010038,0.00058922,0.00011733,0.00083148,0.0036503,0.0035467,0.0017294,0.0011601,0.00056092,0.0010087,0.00019849,0.00042998,0.00072194
PA-16,6.0299e+05,12845,4111.1,5.4511e+05,2831.9,6317.4,399.51,493.05,483.96,288.64,40.109,477.99,1512.2,688.36,595.67,610.22,617.35,329.94,88.13,681.56,499.88,0.021302,0.0068179,0.90402,0.0046965,0.010477,0.00066254,0.00081768,0.00080261,0.00047868,6.6517e-05,0.0007927,0.0025078,0.0011416,0.00098787,0.001012,0.0010238,0.00054717,0.00014615,0.0011303,0.00082901
PA-17,5.8927e+05,11314,9821.4,5.0938e+05,3406.4,3032.2,433.94,500.88,572.88,412.79,374.55,818.17,1762.5,2419.9,4104.5,581.51,560.93,799.54,204.2,440.85,709.89,0.0192,0.016667,0.86443,0.0057806,0.0051456,0.0007364,0.00085,0.00097218,0.00070051,0.00063562,0.0013884,0.002991,0.0041066,0.0069654,0.00098683,0.00095191,0.0013568,0.00034652,0.00074812,0.0012047
PA-2,5.1099e+05,1.0793e+05,41357,2.1771e+05,5270.5,71990,1762.3,12761,4734.4,2996.4,923.82,2338.3,5149.1,12942,9468.7,2859.6,6216.3,1935.1,97.203,1977.3,5861.6,0.21121,0.080936,0.42606,0.010314,0.14088,0.0034489,0.024973,0.0092652,0.005864,0.0018079,0.0045761,0.010077,0.025327,0.01853,0.0055962,0.012165,0.003787,0.00019023,0.0038695,0.011471
PA-3,5.8214e+05,27511,27257,2.0581e+05,4584.7,10831,1324.7,2067.6,1902.9,1263.2,388.31,2299.5,2849.4,7664.7,4537.8,1670.8,3485,3087.4,185.11,1438.2,5188.2,0.047259,0.046823,0.35354,0.0078756,0.018605,0.0022756,0.0035518,0.0032688,0.00217,0.00066705,0.0039501,0.0048947,0.013167,0.0077951,0.0028702,0.0059865,0.0053036,0.00031798,0.0024705,0.0089124
PA-4,5.9039e+05,27661,25735,4.7089e+05,4657.5,11970,1358.2,2560.1,1483.2,896.76,156.01,1742.7,2836.7,5933.3,7228.8,1685.7,2628.4,4960.1,229.96,1326.4,1742.7,0.046852,0.043591,0.79759,0.0078889,0.020275,0.0023005,0.0043363,0.0025122,0.0015189,0.00026425,0.0029517,0.0048048,0.01005,0.012244,0.0028553,0.004452,0.0084013,0.00038951,0.0022467,0.0029518
PA-5,5.6169e+05,23836,29558,3.6039e+05,4951.2,8304.8,1165.9,1046.3,1840.9,763.33,607.76,2121.3,3034.3,7498.8,6566.5,1936.3,5401.9,2653.5,188.49,2181.6,3130.8,0.042436,0.052623,0.64161,0.0088149,0.014785,0.0020757,0.0018627,0.0032775,0.001359,0.001082,0.0037767,0.005402,0.01335,0.011691,0.0034473,0.0096172,0.0047242,0.00033557,0.0038839,0.0055739
PA-6,5.6354e+05,66327,17846,4.3235e+05,13711,30696,1918.3,10630,1864,1641.5,361.16,2303.8,3201.3,4167.9,7097.6,1287,1864.6,1447.7,319.62,628.3,1033.1,0.1177,0.031668,0.7672,0.024331,0.05447,0.003404,0.018862,0.0033076,0.0029128,0.00064088,0.0040881,0.0056808,0.007396,0.012595,0.0022837,0.0033088,0.002569,0.00056717,0.0011149,0.0018333
PA-7,5.8251e+05,90306,14113,4.3342e+05,5011,50032,1698.6,16901,3540.2,2715.6,399.84,4495.6,5511.9,2594.6,5201.8,1201.6,1343.3,791.45,283.5,1476.5,1220.4,0.15503,0.024228,0.74405,0.0086023,0.085889,0.002916,0.029014,0.0060774,0.0046619,0.0006864,0.0077176,0.0094622,0.0044541,0.0089299,0.0020627,0.0023061,0.0013587,0.00048668,0.0025347,0.0020951
PA-8,5.9035e+05,59253,8742.6,4.6914e+05,5622.7,24557,1590.2,13007,2605.1,1490.1,359.99,5191.8,4828.6,1040,2919.2,1610.9,255.84,789.85,70.622,1186.4,869.81,0.10037,0.014809,0.79468,0.0095244,0.041598,0.0026937,0.022033,0.0044128,0.0025242,0.00060979,0.0087945,0.0081792,0.0017616,0.0049449,0.0027288,0.00043337,0.0013379,0.00011963,0.0020096,0.0014734
PA-9,6.0379e+05,29293,3980.3,5.4156e+05,4555,15993,612.51,2975,1449.4,412.41,40.47,840.8,2414.2,902.86,534.03,801.82,317.64,366.09,58.407,486.62,512.83,0.048516,0.0065922,0.89694,0.0075441,0.026489,0.0010144,0.0049272,0.0024006,0.00068304,6.7027e-05,0.0013925,0.0039984,0.0014953,0.00088446,0.001328,0.00052608,0.00060633,9.6734e-05,0.00080595,0.00084935
RI-1,4.0163e+05,53297,10605,2.8932e+05,3403.1,17312,716.37,16041,4890.2,6044.8,341.82,1508.8,3038.5,2350,1131.7,1236.1,401.61,1065.8,253.98,756.43,3409.3,0.1327,0.026405,0.72036,0.0084732,0.043104,0.0017837,0.039941,0.012176,0.015051,0.0008511,0.0037568,0.0075655,0.0058513,0.0028178,0.0030778,0.00099997,0.0026538,0.00063237,0.0018834,0.0084888
RI-2,4.25e+05,43576,10127,3.4117e+05,2736,11030,883.56,13959,7697.7,1722.5,287.99,2269.4,2990.7,2371.7,772.33,1514.7,572.17,675.25,142.67,106.12,3972,0.10253,0.023828,0.80276,0.0064377,0.025952,0.002079,0.032844,0.018112,0.004053,0.00067763,0.0053397,0.007037,0.0055805,0.0018173,0.0035641,0.0013463,0.0015888,0.00033569,0.0002497,0.009346
SC-1,5.7631e+05,29752,9331.4,4.1857e+05,10179,7989.3,1698.5,531.64,2714.4,1335.8,490.2,1737.2,3075.7,1179.1,1055.7,3757.8,1149.5,700.05,356.77,178.19,954.4,0.051625,0.016192,0.7263,0.017663,0.013863,0.0029473,0.0009225,0.0047099,0.0023179,0.00085059,0.0030143,0.0053369,0.0020459,0.0018318,0.0065205,0.0019946,0.0012147,0.00061907,0.00030919,0.0016561
SC-2,5.588e+05,24072,8827.6,3.5986e+05,8261.9,5711.3,1896.2,420.65,2933.1,1112.3,281.76,806.46,2648,1042.9,3097.7,1177.2,1241.2,986.49,269.59,360.81,651.63,0.043077,0.015797,0.64398,0.014785,0.010221,0.0033933,0.00075277,0.0052489,0.0019906,0.00050422,0.0014432,0.0047388,0.0018664,0.0055435,0.0021066,0.0022212,0.0017654,0.00048245,0.00064569,0.0011661
SC-3,5.7395e+05,18867,4281.1,4.3473e+05,7218.5,3982.2,1012.5,506.29,1662.6,1032.8,233.31,1018.8,2200.2,597.42,1164.7,1109,407.32,332.32,138.59,64.464,467.38,0.032872,0.0074591,0.75743,0.012577,0.0069382,0.0017641,0.00088211,0.0028968,0.0017994,0.00040649,0.001775,0.0038335,0.0010409,0.0020293,0.0019321,0.00070968,0.00057901,0.00024146,0.00011232,0.00081431
SC-4,5.58e+05,34240,11957,3.9058e+05,11206,6825.1,2217.7,834.23,3323.8,5221.5,615.02,1668.3,2328.9,1753.9,3031.7,1589,1295.4,705.44,426.66,302.05,2853.2,0.061363,0.021429,0.69998,0.020082,0.012232,0.0039744,0.001495,0.0059566,0.0093575,0.0011022,0.0029898,0.0041736,0.0031432,0.0054332,0.0028477,0.0023216,0.0012642,0.00076463,0.00054131,0.0051133
SC-5,5.6712e+05,21542,7817.7,3.8349e+05,6628.7,5426.3,1637.9,774.61,2189,916.41,280.96,1397.4,2290.8,643.7,2728.8,1176,1100.3,397.67,82.134,100.03,1589.1,0.037985,0.013785,0.67622,0.011688,0.0095683,0.002888,0.0013659,0.0038599,0.0016159,0.00049543,0.0024641,0.0040393,0.001135,0.0048118,0.0020737,0.0019401,0.00070121,0.00014483,0.00017639,0.0028021
SC-6,5.7722e+05,18932,6820.3,2.6467e+05,7472.5,3982.3,926.42,495.84,2107.8,685.31,393.09,807.74,2060.7,1146,1494.6,1749.4,1059.6,482.48,149,239.23,500.05,0.032798,0.011816,0.45853,0.012946,0.0068991,0.001605,0.00085901,0.0036516,0.0011873,0.00068101,0.0013994,0.00357,0.0019854,0.0025893,0.0030307,0.0018356,0.00083587,0.00025812,0.00041445,0.00086631
SC-7,5.9819e+05,17968,5086.4,4.1023e+05,6731.9,4336.7,961.13,626.3,1651.3,491.49,191.86,522.95,2454.7,545.15,745.89,1492.3,866.89,435.33,154.94,52.615,793.36,0.030038,0.008503,0.68578,0.011254,0.0072496,0.0016067,0.001047,0.0027604,0.00082163,0.00032074,0.00087422,0.0041036,0.00091133,0.0012469,0.0024946,0.0014492,0.00072774,0.00025901,8.7956e-05,0.0013263
SD-1,6.6973e+05,18080,6003,5.692e+05,10135,2193.5,623.24,188.16,1831.9,312.27,28.612,315.5,2451.5,597.58,483.12,1053.1,560.51,551.9,340.48,697.73,1718.6,0.026996,0.0089633,0.8499,0.015133,0.0032752,0.00093058,0.00028095,0.0027353,0.00046627,4.2721e-05,0.00047109,0.0036604,0.00089227,0.00072137,0.0015724,0.00083692,0.00082406,0.00050839,0.0010418,0.0025661
TN-1,6.1522e+05,15727,3758,5.662e+05,6959,3009.5,1172.3,205.42,1157.2,266.74,112.15,621.44,2223.2,704.62,907.6,627.81,168.21,547.09,297.44,97.663,407.57,0.025563,0.0061084,0.92033,0.011311,0.0048918,0.0019054,0.00033391,0.001881,0.00043357,0.00018229,0.0010101,0.0036136,0.0011453,0.0014752,0.0010205,0.00027341,0.00088925,0.00048347,0.00015874,0.00066248
TN-2,6.0943e+05,17544,7247.9,5.3318e+05,7056.5,3306.5,1007.2,212.85,1667.1,676.84,244.84,652.88,2718.8,1584.7,1992.7,918.06,1027.9,760.58,212.22,191.64,560.11,0.028787,0.011893,0.87489,0.011579,0.0054256,0.0016527,0.00034926,0.0027356,0.0011106,0.00040175,0.0010713,0.0044612,0.0026003,0.0032698,0.0015064,0.0016866,0.001248,0.00034822,0.00031446,0.00091908
TN-3,6.047e+05,19403,6827,4.9571e+05,9562.5,3065.6,974.48,454.62,1435.4,508.77,219.05,870.73,2311.5,917.76,1594.6,1182.4,816.55,1121.8,133.09,344.18,716.6,0.032086,0.01129,0.81976,0.015813,0.0050696,0.0016115,0.00075181,0.0023737,0.00084136,0.00036224,0.0014399,0.0038225,0.0015177,0.002637,0.0019553,0.0013503,0.0018552,0.00022009,0.00056917,0.0011851
TN-4,5.5012e+05,30209,12833,4.0191e+05,14557,4155.6,1820.9,557.53,3279.5,883.67,654.95,1799.3,2500.4,878.8,1335.9,1474.1,1343.1,859.06,282.75,717.56,5941.2,0.054912,0.023327,0.73058,0.02646,0.007554,0.00331,0.0010135,0.0059614,0.0016063,0.0011905,0.0032708,0.0045452,0.0015975,0.0024284,0.0026795,0.0024414,0.0015616,0.00051398,0.0013044,0.0108
TN-5,5.7672e+05,19558,5771.4,3.7866e+05,9489.6,3274.3,1235.5,494.09,1570.3,592.37,217.86,580.6,2103.2,521.81,1044.1,1206.2,706.99,955.27,350.29,327.08,659.69,0.033912,0.010007,0.65658,0.016454,0.0056774,0.0021424,0.00085674,0.0027228,0.0010271,0.00037776,0.0010067,0.0036469,0.00090479,0.0018104,0.0020915,0.0012259,0.0016564,0.00060739,0.00056714,0.0011439
TN-6,6.0735e+05,21362,7488.1,4.9535e+05,8729.5,3355.9,1451.5,294.69,2201.5,668.04,203.53,1621.9,2835,1359.5,1308,1323.7,935.8,915.88,143.26,107.29,1394.6,0.035172,0.012329,0.8156,0.014373,0.0055255,0.00239,0.0004852,0.0036248,0.0010999,0.00033511,0.0026705,0.0046679,0.0022384,0.0021537,0.0021795,0.0015408,0.001508,0.00023587,0.00017666,0.0022962
TN-7,5.903e+05,26773,8249.3,4.535e+05,12679,5233.1,1378.6,263.71,1795.9,548.26,246.76,987.31,3640.1,1289.1,2075.8,1354.9,930.69,1115.3,255.11,299.89,928.44,0.045355,0.013975,0.76826,0.021479,0.0088651,0.0023355,0.00044674,0.0030424,0.00092879,0.00041803,0.0016726,0.0061665,0.0021838,0.0035166,0.0022952,0.0015766,0.0018894,0.00043218,0.00050802,0.0015728
TN-8,5.5707e+05,17660,10528,3.5515e+05,8774.4,1953.4,946.11,203.66,1684.8,445.29,521.06,671.11,2460.4,2179.7,2203.1,1389,2355.4,477.55,249.96,418.45,1254.3,0.031702,0.018898,0.63753,0.015751,0.0035065,0.0016984,0.00036559,0.0030244,0.00079935,0.00093536,0.0012047,0.0044166,0.0039127,0.0039549,0.0024935,0.0042281,0.00085726,0.0004487,0.00075116,0.0022517
TN-9,5.6443e+05,17521,8209.2,3.4689e+05,8891,2260.7,1205.3,311.63,1774.1,473.04,283.98,519.65,1801.4,1035.8,2492.4,626.23,1004.6,811.44,143.08,502.92,1592.8,0.031042,0.014544,0.61457,0.015752,0.0040053,0.0021355,0.00055211,0.0031432,0.00083809,0.00050313,0.00092067,0.0031915,0.0018351,0.0044158,0.0011095,0.0017798,0.0014376,0.00025349,0.00089102,0.0028219
TX-1,5.5976e+05,60302,4483,3.7139e+05,51384,1776.3,110.59,50.757,1609.1,268.87,195.52,478.04,4428.9,586.79,500.96,779.37,1341.4,262.37,15,384.2,612.82,0.10773,0.0080088,0.66349,0.091796,0.0031733,0.00019756,9.0678e-05,0.0028747,0.00048034,0.0003493,0.00085401,0.0079121,0.0010483,0.00089497,0.0013923,0.0023965,0.00046873,2.6798e-05,0.00068637,0.0010948
TX-10,5.7984e+05,95318,22157,3.8574e+05,74343,3088.6,1706.4,174.24,3266.7,1013.5,720.51,1944.6,9059.9,5110.9,7298.5,1750.5,2873.9,1490.9,406.28,1651,1575.1,0.16438,0.038212,0.66524,0.12821,0.0053265,0.0029428,0.0003005,0.0056337,0.0017478,0.0012426,0.0033536,0.015625,0.0088142,0.012587,0.0030188,0.0049563,0.0025711,0.00070066,0.0028473,0.0027165
TX-11,5.3315e+05,1.8193e+05,15588,2.8417e+05,1.5702e+05,4070.9,3221.8,525.87,2180.5,862.13,766.98,876.9,12402,2597.9,4054.4,1366.5,3006.3,789.29,256.73,2479.3,1037.7,0.34123,0.029238,0.53301,0.29452,0.0076356,0.006043,0.00098635,0.0040899,0.0016171,0.0014386,0.0016447,0.023261,0.0048727,0.0076047,0.0025631,0.0056387,0.0014804,0.00048154,0.0046502,0.0019464
TX-12,5.3945e+05,1.2795e+05,16924,3.2481e+05,1.0672e+05,5908.9,1311.5,135.4,3446.1,752.75,306.6,940.79,8424.1,1347.9,1948.2,2207.6,4357.2,652.8,327,2102.8,3980.8,0.23718,0.031374,0.60212,0.19783,0.010954,0.0024311,0.000251,0.0063883,0.0013954,0.00056836,0.001744,0.015616,0.0024987,0.0036115,0.0040923,0.0080773,0.0012101,0.00060618,0.0038982,0.0073794
TX-13,5.518e+05,1.2163e+05,8980.2,3.6163e+05,1.022e+05,2641.1,1111.6,218.52,2858.3,545.49,386.95,681.61,10988,1054.4,1562.5,1098.3,2068.2,723.78,119.31,400.3,1953.4,0.22043,0.016274,0.65536,0.18522,0.0047864,0.0020144,0.00039601,0.0051799,0.00098858,0.00070125,0.0012353,0.019913,0.0019109,0.0028316,0.0019904,0.0037481,0.0013117,0.00021622,0.00072545,0.0035401
TX-14,5.5424e+05,1.0693e+05,28695,3.0528e+05,81340,4497.6,1265.6,726.73,6613,1259.5,670.71,1121.8,9437.3,4472.9,9043.1,3610.6,7195.1,450.47,379.43,1620.5,1923.4,0.19294,0.051775,0.55081,0.14676,0.0081149,0.0022834,0.0013112,0.011932,0.0022724,0.0012102,0.0020241,0.017028,0.0080703,0.016316,0.0065145,0.012982,0.00081278,0.0006846,0.0029239,0.0034703
TX-15,4.5987e+05,3.448e+05,4192.8,95990,3.2118e+05,2218.1,661.76,294.94,1513.8,431.31,30.219,625.59,17845,388.25,782.98,1650.7,494.71,416.38,63.157,248.87,147.71,0.74977,0.0091172,0.20873,0.69841,0.0048232,0.001439,0.00064135,0.0032917,0.00093789,6.5711e-05,0.0013604,0.038805,0.00084425,0.0017026,0.0035895,0.0010758,0.00090543,0.00013733,0.00054117,0.00032119
TX-16,5.0023e+05,3.9602e+05,6585.2,70530,3.6962e+05,5304.7,629.59,605.19,1953.3,665.25,107.73,1082.2,16054,865.39,807.38,1746.6,851.76,919.97,441.77,241.4,711,0.79168,0.013164,0.141,0.7389,0.010605,0.0012586,0.0012098,0.0039048,0.0013299,0.00021536,0.0021635,0.032094,0.00173,0.001614,0.0034915,0.0017027,0.0018391,0.00088314,0.00048258,0.0014214
TX-17,5.5111e+05,1.0822e+05,19794,3.4218e+05,89418,4590.3,1141.7,337.86,2834.9,829.91,657.37,1355.4,7058.2,3763.9,6506.8,1413.6,2699.2,1949.3,193.2,2211.2,1056.9,0.19637,0.035916,0.6209,0.16225,0.0083291,0.0020716,0.00061305,0.005144,0.0015059,0.0011928,0.0024593,0.012807,0.0068296,0.011807,0.0025649,0.0048977,0.0035371,0.00035056,0.0040122,0.0019177
TX-18,4.9723e+05,1.2337e+05,29036,83004,91064,3755.9,1938.1,834.15,14475,1568,565.6,1706.5,7466,5514.5,9593.1,4416.6,4914.8,908.18,182.26,1631.2,1875.1,0.24812,0.058395,0.16693,0.18314,0.0075536,0.0038978,0.0016776,0.029111,0.0031534,0.0011375,0.003432,0.015015,0.01109,0.019293,0.0088824,0.0098843,0.0018265,0.00036654,0.0032806,0.0037712
TX-19,5.4801e+05,1.852e+05,6645.5,3.0759e+05,1.574e+05,2145,570.51,223.32,1986.5,193.26,134.39,707.24,21842,1052.5,669.06,2105.5,906.67,430.04,171.03,472.84,837.9,0.33795,0.012127,0.5613,0.28721,0.0039143,0.0010411,0.00040752,0.003625,0.00035266,0.00024524,0.0012906,0.039857,0.0019206,0.0012209,0.0038421,0.0016545,0.00078473,0.00031209,0.00086284,0.001529
TX-2,5.1873e+05,1.1769e+05,28175,2.8329e+05,80829,6278.2,2275.5,1130.1,10491,2864.4,2157.9,3798.4,7864.5,4278,4287.6,5183.6,8188.2,921.68,493.84,2409.4,2412.5,0.22688,0.054315,0.54613,0.15582,0.012103,0.0043867,0.0021785,0.020224,0.0055219,0.0041599,0.0073226,0.015161,0.0082471,0.0082656,0.0099929,0.015785,0.0017768,0.00095202,0.0046447,0.0046507
TX-20,5.1817e+05,3.3778e+05,9777,1.0374e+05,2.8478e+05,8555.3,1212.8,521.42,4573.2,1436,365.01,1099.7,35238,970.95,1474.6,2917,1668.8,797.21,321.22,441.1,1186.1,0.65188,0.018868,0.20022,0.54959,0.016511,0.0023405,0.0010063,0.0088258,0.0027713,0.00070442,0.0021223,0.068005,0.0018738,0.0028458,0.0056295,0.0032205,0.0015385,0.00061992,0.00085128,0.0022891
TX-21,6.1547e+05,1.9276e+05,12979,3.621e+05,1.588e+05,6426.6,1407.9,228.27,4125.1,1240.2,454.08,2277.8,17802,1951.4,3501.1,3009.5,1216.6,968.98,379.73,663.72,1288.1,0.3132,0.021088,0.58834,0.25802,0.010442,0.0022876,0.00037089,0.0067024,0.0020151,0.00073778,0.0037009,0.028925,0.0031706,0.0056885,0.0048897,0.0019767,0.0015744,0.00061698,0.0010784,0.0020928
TX-22,5.35e+05,1.3567e+05,65023,2.4993e+05,92834,4107,3187.2,991.35,8898.3,6099,5240,5200.6,9110.3,13819,17974,7459.6,12160,2187.7,483.47,7113.4,3826.1,0.25359,0.12154,0.46716,0.17352,0.0076767,0.0059575,0.001853,0.016632,0.0114,0.0097945,0.0097209,0.017029,0.02583,0.033597,0.013943,0.022729,0.0040891,0.00090368,0.013296,0.0071517
TX-23,5.1333e+05,2.83e+05,13016,1.7849e+05,2.4676e+05,7511.7,852.05,575.26,2861.3,1443.9,344.84,1224.7,21426,2467.1,3155.6,3527.5,914.38,861.25,304.03,657.16,1128.8,0.55131,0.025356,0.34771,0.48071,0.014633,0.0016599,0.0011206,0.005574,0.0028129,0.00067177,0.0023857,0.041739,0.004806,0.0061473,0.0068719,0.0017813,0.0016778,0.00059227,0.0012802,0.002199
TX-24,5.2801e+05,75684,36041,3.5363e+05,52685,5916.9,1327.3,711.24,3397,1550.1,778.23,2770.9,6547.3,4470.4,11785,2383.9,5416.6,2926.4,617.93,5224.8,3216.6,0.14334,0.068259,0.66974,0.099779,0.011206,0.0025137,0.001347,0.0064336,0.0029358,0.0014739,0.0052478,0.0124,0.0084665,0.022319,0.0045148,0.010258,0.0055423,0.0011703,0.0098953,0.0060919
TX-25,5.4686e+05,1.1105e+05,14111,2.9777e+05,90753,5167.8,1293.1,443.56,3487,701.2,247.06,1124.6,7828.1,1293.2,2057.7,1834.7,3781.4,840.51,315.44,1983.4,2005.2,0.20306,0.025805,0.54451,0.16595,0.00945,0.0023646,0.00081111,0.0063764,0.0012822,0.00045179,0.0020565,0.014315,0.0023648,0.0037627,0.0033549,0.0069147,0.001537,0.00057683,0.0036268,0.0036668
TX-26,5.7064e+05,87390,41768,3.58e+05,62228,6223,2544.9,590.83,4139.4,1865.6,1217.7,2502.5,6077.8,4178.1,14460,2995.4,5087.6,6230.9,477.86,4422.1,3916.5,0.15314,0.073195,0.62736,0.10905,0.010905,0.0044597,0.0010354,0.0072539,0.0032694,0.0021339,0.0043854,0.010651,0.0073218,0.025339,0.0052492,0.0089155,0.010919,0.00083741,0.0077493,0.0068633
TX-27,5.6072e+05,2.0894e+05,8728.7,2.866e+05,1.812e+05,3394.3,714.86,426.46,3569.4,963.1,252.89,744.33,17678,1972.4,1452.3,1451.3,1683.9,602.31,130.19,523.03,913.39,0.37263,0.015567,0.51113,0.32316,0.0060535,0.0012749,0.00076055,0.0063658,0.0017176,0.00045101,0.0013275,0.031527,0.0035176,0.00259,0.0025882,0.0030032,0.0010742,0.00023218,0.00093278,0.001629
TX-28,4.184e+05,3.613e+05,2962.9,46528,3.3864e+05,1867.6,530.41,244.22,1304.2,668.75,134.88,328.26,17582,227.84,327.94,1189.6,520.94,223.97,178.75,39.94,253.93,0.86353,0.0070816,0.11121,0.80938,0.0044636,0.0012677,0.0005837,0.0031172,0.0015983,0.00032237,0.00078457,0.042021,0.00054455,0.00078379,0.0028433,0.0012451,0.0005353,0.00042723,9.5459e-05,0.00060691
TX-29,4.2314e+05,1.8657e+05,17267,71955,1.4568e+05,3241.8,2513.2,713.41,19762,1399.1,713.8,1908.3,10640,1338.7,1284.2,2072.3,8892.5,468.57,163.67,1413.5,1633.4,0.44092,0.040807,0.17005,0.34428,0.0076612,0.0059395,0.001686,0.046704,0.0033064,0.0016869,0.0045099,0.025146,0.0031637,0.003035,0.0048974,0.021016,0.0011074,0.0003868,0.0033405,0.0038603
TX-3,5.5174e+05,79894,46191,3.4075e+05,58825,3882.9,1257.9,734.5,4771.3,1298.5,471.78,1743.2,6909,7119.3,16706,3403.6,7152.7,2884.8,576.71,5207.4,3140.3,0.1448,0.083719,0.61759,0.10662,0.0070375,0.0022799,0.0013313,0.0086478,0.0023535,0.00085508,0.0031594,0.012522,0.012903,0.030279,0.0061688,0.012964,0.0052287,0.0010453,0.0094382,0.0056917
TX-30,4.8534e+05,1.2483e+05,19900,85893,1.0329e+05,5066.1,596.69,1041,6270.6,936.94,277.98,1329.1,6019.5,1525.9,1753.9,2340.3,11606,432.39,136.12,698.07,1407.7,0.2572,0.041002,0.17697,0.21282,0.010438,0.0012294,0.002145,0.01292,0.0019305,0.00057274,0.0027384,0.012403,0.003144,0.0036137,0.0048219,0.023912,0.0008909,0.00028046,0.0014383,0.0029005
TX-31,5.8685e+05,1.1621e+05,19193,3.4247e+05,79566,18643,1741.6,1387.5,4097.3,1097.1,408.76,1761.4,7511,1828.5,5042.3,3967.7,1594.9,2801.1,407.79,1827.1,1723.8,0.19803,0.032705,0.58358,0.13558,0.031767,0.0029677,0.0023643,0.0069819,0.0018695,0.00069653,0.0030014,0.012799,0.0031158,0.0085921,0.006761,0.0027178,0.0047731,0.00069488,0.0031134,0.0029374
TX-32,5.2966e+05,88472,41300,3.0516e+05,66534,4285.7,1293.4,321.87,6234.2,1203.1,647.13,1960.3,5992.9,5055.6,7133,2885.7,16504,2273.1,267.73,2921.5,4258.6,0.16704,0.077974,0.57614,0.12562,0.0080914,0.002442,0.0006077,0.01177,0.0022714,0.0012218,0.003701,0.011315,0.0095449,0.013467,0.0054483,0.03116,0.0042917,0.00050548,0.0055158,0.0080403
TX-33,4.3581e+05,1.7122e+05,19877,1.4518e+05,1.4326e+05,3668,1228,510.61,9469.9,1447.3,544.2,1735.6,9359.4,2396.5,8075.3,1564.8,3111.1,1424.5,239.6,1597.7,1467.1,0.39289,0.045609,0.33313,0.32873,0.0084165,0.0028177,0.0011716,0.02173,0.0033209,0.0012487,0.0039825,0.021476,0.0054991,0.01853,0.0035906,0.0071388,0.0032687,0.00054978,0.003666,0.0033665
TX-34,4.9839e+05,3.5919e+05,6679.9,1.1531e+05,3.3141e+05,2632.9,674.67,306.91,1674.2,190.67,236.36,558.92,21503,914.42,1137.1,2289.6,1014.2,375.15,184.97,378.4,386.05,0.7207,0.013403,0.23137,0.66496,0.005283,0.0013537,0.0006158,0.0033592,0.00038257,0.00047426,0.0011215,0.043144,0.0018348,0.0022816,0.0045941,0.0020349,0.00075274,0.00037115,0.00075925,0.0007746
TX-35,5.5435e+05,2.8774e+05,9091.7,1.9909e+05,2.4018e+05,8141.5,1388.7,739.66,3962.9,759.16,237.78,1456.7,30872,834.75,383.96,3098.2,2295.7,787.8,369.65,98.689,1223,0.51905,0.016401,0.35914,0.43326,0.014687,0.0025051,0.0013343,0.0071486,0.0013695,0.00042894,0.0026277,0.05569,0.0015058,0.00069263,0.005589,0.0041412,0.0014211,0.00066682,0.00017803,0.0022061
TX-36,5.2895e+05,1.0835e+05,31623,2.748e+05,84950,5101.5,1187.6,547.67,6175.7,1076.2,292.08,1157,7863.4,3885.5,4461.5,4556.9,13140,913.59,330.56,2532.6,1803.1,0.20484,0.059785,0.51951,0.1606,0.0096444,0.0022451,0.0010354,0.011675,0.0020346,0.00055219,0.0021873,0.014866,0.0073456,0.0084345,0.0086148,0.024841,0.0017272,0.00062493,0.004788,0.0034087
TX-37,5.5496e+05,1.5829e+05,30869,2.9121e+05,1.2265e+05,5824.4,3064.5,639.94,7299.7,2910.8,947.01,2935.8,12023,7479.6,6919.2,2601.6,5586.7,2926,418.83,2127.2,2810,0.28524,0.055624,0.52475,0.22101,0.010495,0.0055221,0.0011531,0.013154,0.0052451,0.0017065,0.0052902,0.021665,0.013478,0.012468,0.0046879,0.010067,0.0052725,0.00075472,0.003833,0.0050634
TX-38,5.1353e+05,1.0844e+05,50052,2.7863e+05,70819,4052.7,3595.3,1012.5,9211.6,4292.1,2575.5,4518.8,8362.1,7831.3,9900.3,4624.6,16286,2482.6,423.36,4988,3515.9,0.21117,0.097466,0.54257,0.13791,0.0078918,0.0070011,0.0019716,0.017938,0.0083581,0.0050153,0.0087995,0.016283,0.01525,0.019279,0.0090054,0.031713,0.0048343,0.00082442,0.0097131,0.0068465
TX-4,5.5127e+05,54573,56369,3.6344e+05,36903,4180,741.11,361.34,3061.4,1296.6,905.51,1971.8,5152,12234,24888,3221.1,4159.9,3893.9,604.65,4417.7,2949.7,0.098995,0.10225,0.65927,0.066942,0.0075825,0.0013444,0.00065546,0.0055534,0.002352,0.0016426,0.0035768,0.0093457,0.022192,0.045147,0.0058431,0.0075461,0.0070635,0.0010968,0.0080137,0.0053507
TX-5,5.2712e+05,1.0734e+05,14329,2.9249e+05,89972,3770.2,1084.3,222.01,3941.4,731,499.04,1378,5743.8,1428,5061.2,2268.8,2870.6,333.04,128.56,601.21,1637.1,0.20364,0.027183,0.55488,0.17069,0.0071524,0.002057,0.00042118,0.0074772,0.0013868,0.00094673,0.0026143,0.010897,0.0027091,0.0096017,0.0043041,0.0054459,0.00063181,0.00024389,0.0011406,0.0031057
TX-6,5.1194e+05,1.1732e+05,18569,2.8485e+05,91371,3976.8,1058.5,516.23,8749.3,1156.8,403.69,2221.4,7868,1545.1,4780.6,1783.8,4123.3,954.98,144.34,3333,1904.2,0.22917,0.036272,0.55641,0.17848,0.007768,0.0020677,0.0010084,0.01709,0.0022596,0.00078854,0.0043392,0.015369,0.0030182,0.0093382,0.0034843,0.0080543,0.0018654,0.00028195,0.0065105,0.0037196
TX-7,4.6012e+05,1.0591e+05,78474,1.7662e+05,63510,4265.4,3482.4,669.69,16757,3690.6,2159.4,4402.9,6969,17104,15640,4699.7,23117,1561.7,458.09,11924,3969,0.23017,0.17055,0.38386,0.13803,0.0092703,0.0075686,0.0014555,0.03642,0.008021,0.0046933,0.0095691,0.015146,0.037172,0.033992,0.010214,0.050242,0.0033942,0.0009956,0.025915,0.008626
TX-8,5.2381e+05,1.3098e+05,29103,2.5545e+05,85830,4872.3,5761,1234.9,17569,4192,2161.3,2753.6,6602.9,3396.1,4199.1,4451.6,10805,1164.2,362.46,2821.4,1902.9,0.25005,0.055561,0.48768,0.16386,0.0093018,0.010998,0.0023575,0.033541,0.0080031,0.0041262,0.0052569,0.012606,0.0064835,0.0080165,0.0084986,0.020628,0.0022226,0.00069197,0.0053864,0.0036329
TX-9,4.29e+05,2.1775e+05,6897.7,1.4364e+05,1.8747e+05,3883.9,1930.1,750.74,11994,1034.3,252.63,837.22,9598.5,559.74,1695.7,1133.3,2331,200.28,29.83,475.06,472.86,0.50759,0.016079,0.33483,0.437,0.0090534,0.004499,0.00175,0.027959,0.0024109,0.00058888,0.0019516,0.022374,0.0013048,0.0039526,0.0026416,0.0054336,0.00046685,6.9533e-05,0.0011074,0.0011022
UT-1,5.6046e+05,89519,21913,4.0485e+05,60818,2558.2,1649.6,824.75,6080.2,1323.2,1148.7,5115.9,10001,3764.3,1943.7,2462.6,4448.3,1398.8,1646.8,1806.3,4442.6,0.15972,0.039099,0.72235,0.10851,0.0045645,0.0029433,0.0014716,0.010849,0.0023609,0.0020496,0.0091281,0.017844,0.0067165,0.003468,0.0043939,0.0079369,0.0024958,0.0029383,0.0032228,0.0079268
UT-2,5.7548e+05,58672,9003.8,4.7977e+05,41062,2078.5,378.08,469.88,4313,414.98,168.51,2806.8,6980.7,1329.5,453.88,1822.4,693.48,704.21,1640.7,404.05,1955.5,0.10195,0.015646,0.83368,0.071351,0.0036117,0.00065698,0.0008165,0.0074945,0.0007211,0.00029281,0.0048772,0.01213,0.0023103,0.00078869,0.0031668,0.001205,0.0012237,0.002851,0.00070211,0.003398
UT-3,5.914e+05,49669,5493.3,5.0168e+05,32860,1815,724.04,539.49,3012.1,761.16,464.64,3873.3,5619.9,1254,291.43,1157.3,289.1,818.79,737.55,118.22,826.9,0.083987,0.0092887,0.8483,0.055563,0.003069,0.0012243,0.00091223,0.0050932,0.001287,0.00078566,0.0065495,0.0095027,0.0021205,0.00049278,0.0019568,0.00048885,0.0013845,0.0012471,0.0001999,0.0013982
UT-4,5.6409e+05,44122,10018,4.8095e+05,26215,2127.4,373.48,446.18,2855.9,930.82,1249.1,4423.4,5501.1,2308.3,1399.8,1154.9,852.15,1357.1,881.87,299.9,1764.4,0.078219,0.01776,0.85261,0.046473,0.0037714,0.00066209,0.00079097,0.0050628,0.0016501,0.0022143,0.0078416,0.0097521,0.0040921,0.0024815,0.0020474,0.0015107,0.0024058,0.0015634,0.00053165,0.0031279
VA-1,6.0304e+05,24803,24263,4.4892e+05,6348,6976.4,1503.4,628.51,3308.8,1434,372.92,1720.7,2510.6,3857.8,6826.1,3705.4,2003.7,3226.1,285.07,1782.5,2576.9,0.04113,0.040235,0.74443,0.010527,0.011569,0.002493,0.0010422,0.0054869,0.0023779,0.0006184,0.0028533,0.0041633,0.0063972,0.011319,0.0061444,0.0033227,0.0053496,0.00047272,0.0029558,0.0042731
VA-10,5.207e+05,63725,70241,3.1424e+05,11311,8646.7,1769.1,862.5,19792,2597.4,471.6,12794,5480.3,5410.2,26904,5564.6,7497,7955.9,699.62,10724,5486.1,0.12238,0.1349,0.60349,0.021723,0.016606,0.0033975,0.0016564,0.03801,0.0049884,0.00090571,0.024572,0.010525,0.01039,0.051668,0.010687,0.014398,0.015279,0.0013436,0.020595,0.010536
VA-11,5.3042e+05,55265,1.0678e+05,2.9486e+05,7227.8,6686.3,1588.4,817.88,14020,3484.9,779.69,14853,5807.3,17509,22790,7746.8,15275,22949,1193.7,10963,8354,0.10419,0.20131,0.5559,0.013627,0.012606,0.0029946,0.0015419,0.026431,0.00657,0.0014699,0.028002,0.010948,0.03301,0.042965,0.014605,0.028797,0.043265,0.0022505,0.020668,0.01575
VA-2,5.9425e+05,36773,27921,3.6804e+05,10525,11427,1761.2,1067.3,3227.8,1211.6,505.43,2828.4,4219.2,2406.9,2178.8,17446,1857.7,1471.1,574.34,602.52,1383.3,0.061882,0.046985,0.61933,0.017712,0.019229,0.0029638,0.001796,0.0054317,0.002039,0.00085054,0.0047596,0.0071,0.0040503,0.0036665,0.029358,0.0031262,0.0024756,0.00096649,0.0010139,0.0023278
VA-3,5.8243e+05,38076,15315,2.4962e+05,13372,12748,1905.3,1415.9,3580.6,721.32,136.59,1522.1,2673.8,1528.6,1068.6,7124.5,1798.8,1441.2,490.66,474.23,1387.9,0.065375,0.026295,0.42859,0.02296,0.021888,0.0032713,0.002431,0.0061478,0.0012385,0.00023452,0.0026133,0.0045908,0.0026245,0.0018348,0.012233,0.0030885,0.0024745,0.00084244,0.00081424,0.002383
VA-4,6.0384e+05,33818,11329,2.7951e+05,7780.9,9146.4,1725.6,1164.7,7231,874.23,576.77,2221.9,3096.4,1910.3,2484.6,1816.6,1406,1294.6,162.22,855.06,1399.6,0.056004,0.018761,0.46288,0.012886,0.015147,0.0028576,0.0019288,0.011975,0.0014478,0.00095517,0.0036797,0.0051278,0.0031636,0.0041146,0.0030083,0.0023284,0.002144,0.00026864,0.001416,0.0023179
VA-5,6.2617e+05,17848,8941.3,4.5063e+05,6145.3,3462.9,1090.6,396,2494.7,568.31,230.15,1430.9,2029.7,2034.7,2152.8,925.29,1040.7,1196.7,192.28,719.27,679.62,0.028504,0.01428,0.71966,0.0098141,0.0055303,0.0017417,0.00063242,0.0039841,0.0009076,0.00036756,0.0022851,0.0032415,0.0032495,0.003438,0.0014777,0.001662,0.0019111,0.00030708,0.0011487,0.0010854
VA-6,6.0354e+05,27174,7937.8,5.0158e+05,8352.3,6262.1,1175.5,881.39,4853,873.08,365.5,1701.6,2709.4,912.39,1292,1436.6,1412.8,862.69,231.45,660.23,1129.7,0.045024,0.013152,0.83105,0.013839,0.010376,0.0019477,0.0014604,0.0080409,0.0014466,0.00060559,0.0028193,0.0044891,0.0015117,0.0021407,0.0023802,0.0023408,0.0014294,0.00038349,0.0010939,0.0018718
VA-7,5.5674e+05,66510,25847,3.1564e+05,13572,10144,1603.6,1415.6,21776,2102.9,459.39,9175.5,6261.3,2075.1,2894.1,4508.1,1801.9,3513.4,267.99,4882.9,5903.7,0.11946,0.046426,0.56694,0.024378,0.01822,0.0028803,0.0025426,0.039113,0.0037772,0.00082513,0.016481,0.011246,0.0037273,0.0051983,0.0080972,0.0032366,0.0063107,0.00048136,0.0087704,0.010604
VA-8,5.3059e+05,70842,57391,3.0616e+05,10579,8905.3,2397.9,1079.2,21934,3108.4,919.25,15796,6122.5,9415.4,9686.6,6737.6,11423,7544.7,1215.3,5847.7,5520.8,0.13352,0.10817,0.57701,0.019938,0.016784,0.0045193,0.0020341,0.041339,0.0058584,0.0017325,0.02977,0.011539,0.017745,0.018256,0.012698,0.021529,0.01422,0.0022904,0.011021,0.010405
VA-9,6.2676e+05,13224,6580,5.5684e+05,4897.7,2637.8,489.16,295.98,1360.3,528.29,25.193,707.21,2281.9,1407.4,1804.7,372.75,768.33,708.83,143.37,346.19,1028.4,0.021098,0.010498,0.88845,0.0078144,0.0042086,0.00078046,0.00047223,0.0021703,0.0008429,4.0196e-05,0.0011284,0.0036408,0.0022455,0.0028794,0.00059472,0.0012259,0.0011309,0.00022875,0.00055235,0.0016408
VT-1,5.218e+05,11588,6617,4.7844e+05,2458.7,2759.4,818.95,377.16,670.06,498.46,144.94,1062.4,2798,1203.2,941.01,917.32,853.52,764.96,235.22,1158,543.82,0.022208,0.012681,0.91691,0.0047119,0.0052882,0.0015695,0.00072281,0.0012841,0.00095527,0.00027777,0.0020361,0.0053622,0.0023059,0.0018034,0.001758,0.0016357,0.001466,0.00045078,0.0022192,0.0010422
WA-1,5.0839e+05,35724,68530,3.5516e+05,23103,1704.3,720,572.7,1986.5,1108.6,515.67,2148.4,3865.3,18384,11931,10176,7133.7,8182.9,2990.6,2427.1,7304.4,0.07027,0.1348,0.69861,0.045443,0.0033524,0.0014162,0.0011265,0.0039075,0.0021806,0.0010143,0.0042259,0.0076029,0.036161,0.023468,0.020016,0.014032,0.016096,0.0058824,0.0047742,0.014368
WA-10,5.6499e+05,53938,39956,3.7467e+05,33419,7612.9,1167.3,573.94,3247.5,840.5,161.89,1214,5700.8,2846.1,1399.5,11485,6116.9,7758.3,1794.4,463.68,8091.6,0.095467,0.070719,0.66314,0.05915,0.013474,0.0020661,0.0010158,0.0057478,0.0014876,0.00028654,0.0021488,0.01009,0.0050373,0.0024769,0.020328,0.010827,0.013732,0.003176,0.00082068,0.014322
WA-2,5.8718e+05,46754,34904,4.4751e+05,31843,2743.8,681.55,369.22,2467.1,792.35,265.42,1792.5,5798.4,5371.8,3113.1,7869.6,6161.9,4796.2,1541.9,1241.1,4807.9,0.079624,0.059443,0.76214,0.054231,0.0046729,0.0011607,0.00062881,0.0042016,0.0013494,0.00045202,0.0030526,0.009875,0.0091484,0.0053017,0.013402,0.010494,0.0081682,0.002626,0.0021137,0.0081882
WA-3,5.853e+05,42961,19537,4.7327e+05,30727,2230.6,950.9,256,1839.6,569.94,78.801,964.01,5344,4110,1130,3553.4,3453.2,2167.5,1262,390.87,3470.2,0.073399,0.03338,0.8086,0.052497,0.003811,0.0016246,0.00043738,0.003143,0.00097376,0.00013463,0.001647,0.0091302,0.007022,0.0019307,0.0060711,0.0058998,0.0037033,0.0021562,0.0006678,0.0059288
WA-4,4.887e+05,1.2956e+05,8774.1,3.1421e+05,1.1735e+05,1295.9,941.75,295.18,2585.3,330.49,98.175,573.17,6092,850.18,885.29,2113.1,1671.3,938.45,732.25,409.65,1174,0.26511,0.017954,0.64295,0.24013,0.0026517,0.001927,0.00060401,0.0052902,0.00067627,0.00020089,0.0011728,0.012466,0.0017397,0.0018115,0.0043238,0.0034199,0.0019203,0.0014984,0.00083825,0.0024022
WA-5,6.0283e+05,39269,11332,5.0227e+05,27225,2622.8,675.77,196.13,1395.1,366.22,147.72,683.59,5956.9,2075.7,716.15,2401.6,1941.3,960.14,919.68,126.45,2191.1,0.06514,0.018798,0.83319,0.045161,0.0043507,0.001121,0.00032534,0.0023142,0.00060751,0.00024504,0.001134,0.0098815,0.0034433,0.001188,0.0039839,0.0032203,0.0015927,0.0015256,0.00020976,0.0036347
WA-6,6.1149e+05,39946,23174,4.7327e+05,24617,4194.7,946.33,235.71,2544.6,522.26,64.607,1038.4,5782.4,2190.9,1044.6,9202.7,2360.5,3195.7,2130.9,199.33,2848.9,0.065325,0.037897,0.77397,0.040257,0.0068598,0.0015476,0.00038547,0.0041613,0.00085408,0.00010566,0.0016982,0.0094563,0.0035829,0.0017082,0.01505,0.0038603,0.0052261,0.0034849,0.00032597,0.0046591
WA-7,5.8958e+05,42946,68120,4.0677e+05,24707,2990.3,1175.4,358.63,2815.4,1114,323.15,3536.3,5925.6,20000,7199.1,10172,9782.6,7731.8,4354.2,1528.6,7351.4,0.072842,0.11554,0.68993,0.041906,0.0050719,0.0019937,0.00060829,0.0047752,0.0018895,0.0005481,0.0059981,0.010051,0.033922,0.012211,0.017254,0.016593,0.013114,0.0073852,0.0025928,0.012469
WA-8,5.3998e+05,40551,40750,4.1023e+05,26672,2602.2,839.42,408.27,2001.5,558.3,347.31,1593.1,5529,9222.7,8866,6848.8,3661.4,4359.2,2052.9,995.22,4743.4,0.075097,0.075465,0.75972,0.049394,0.0048191,0.0015545,0.00075609,0.0037067,0.0010339,0.00064319,0.0029503,0.010239,0.01708,0.016419,0.012683,0.0067807,0.0080729,0.0038018,0.0018431,0.0087845
WA-9,5.0469e+05,44552,1.078e+05,2.489e+05,29904,2428.7,885.67,229.71,3643.8,1077.9,432.6,1728.7,4220.3,27699,7471.2,20916,20791,10006,5301.7,1813.8,13806,0.088275,0.2136,0.49317,0.059253,0.0048123,0.0017549,0.00045515,0.0072198,0.0021358,0.00085715,0.0034253,0.0083622,0.054883,0.014803,0.041443,0.041195,0.019826,0.010505,0.003594,0.027355
WI-1,5.5073e+05,47881,7852,4.4437e+05,34776,6584.7,609.67,415.79,1190.9,515.58,17.191,1037.5,2732.9,822.4,1930.3,1371.2,796.9,499.83,220.78,327.54,1883,0.086941,0.014257,0.80689,0.063146,0.011956,0.001107,0.00075498,0.0021625,0.00093619,3.1216e-05,0.0018839,0.0049624,0.0014933,0.0035051,0.0024898,0.001447,0.00090758,0.00040089,0.00059474,0.003419
WI-2,5.6849e+05,23917,18830,4.8438e+05,13072,3076.8,999.59,250.42,1208.4,922.94,335.45,1420.1,2631.1,5622.4,3938.8,1277.6,846.26,1408.7,374.03,671.43,4690.7,0.042071,0.033123,0.85204,0.022995,0.0054122,0.0017583,0.00044049,0.0021256,0.0016235,0.00059008,0.0024981,0.0046283,0.00989,0.0069284,0.0022473,0.0014886,0.002478,0.00065794,0.0011811,0.0082512
WI-3,5.7746e+05,11381,10368,5.3222e+05,6607.1,1516.1,577.77,77.516,688.98,241.12,73.39,265.55,1333.1,829.8,383.46,1089.9,339.93,564.38,85.609,211.64,6862.8,0.019708,0.017954,0.92166,0.011442,0.0026254,0.0010005,0.00013424,0.0011931,0.00041755,0.00012709,0.00045986,0.0023086,0.001437,0.00066405,0.0018874,0.00058866,0.00097735,0.00014825,0.0003665,0.011885
WI-4,5.0875e+05,61188,18246,2.5281e+05,33393,20474,767.84,658.21,1996,385.84,208.27,1042,2263.9,1994,1489.8,1344.5,786.1,814.13,196.84,555.89,11065,0.12027,0.035864,0.49692,0.065637,0.040243,0.0015093,0.0012938,0.0039234,0.00075842,0.00040937,0.0020481,0.0044499,0.0039194,0.0029284,0.0026428,0.0015452,0.0016003,0.00038691,0.0010927,0.021749
WI-5,5.7595e+05,25865,11619,5.1344e+05,15971,4957.5,685.56,140.5,796.15,601.67,165.86,909.27,1636.9,1899.7,3575,1122.1,771.39,801.63,179.95,684.08,2585,0.044907,0.020173,0.89145,0.02773,0.0086074,0.0011903,0.00024395,0.0013823,0.0010446,0.00028797,0.0015787,0.0028421,0.0032984,0.0062071,0.0019482,0.0013393,0.0013918,0.00031243,0.0011877,0.0044881
WI-6,5.7453e+05,20758,11105,5.1635e+05,13315,3216.6,410.91,191.6,629.64,296.09,136.12,706.1,1856,1269.8,628.22,813.08,456.88,468.11,150.17,341.65,6977.3,0.03613,0.019329,0.89875,0.023175,0.0055987,0.00071521,0.00033349,0.0010959,0.00051536,0.00023693,0.001229,0.0032305,0.0022103,0.0010935,0.0014152,0.00079523,0.00081478,0.00026139,0.00059466,0.012144
WI-7,5.8238e+05,9254.2,6448.5,5.3679e+05,5463.9,1091.3,321.4,79.615,276.85,285.85,17.728,306.47,1411.1,378.27,429.09,623.58,111.2,271.82,114.75,54.054,4465.8,0.01589,0.011073,0.92173,0.009382,0.0018738,0.00055187,0.00013671,0.00047537,0.00049083,3.044e-05,0.00052623,0.0024231,0.00064952,0.00073679,0.0010708,0.00019094,0.00046674,0.00019704,9.2816e-05,0.0076682
WI-8,5.6673e+05,21180,10514,5.0206e+05,13720,3104,595.57,278.98,767.56,311.53,126.29,502.08,1773.3,727.82,1041.6,665.7,279.38,468.75,111.47,219.87,6999.3,0.037372,0.018552,0.88589,0.02421,0.005477,0.0010509,0.00049226,0.0013544,0.0005497,0.00022283,0.00088592,0.003129,0.0012843,0.0018379,0.0011746,0.00049297,0.00082713,0.00019669,0.00038797,0.01235
WV-1,6.9474e+05,7238,3044,6.3946e+05,2623.4,946.71,594.4,81.319,453.85,219.62,38.145,168.45,2112.1,367.71,934.77,669.29,194.09,229.6,139.12,211.12,298.31,0.010418,0.0043815,0.92042,0.003776,0.0013627,0.00085557,0.00011705,0.00065327,0.00031612,5.4906e-05,0.00024247,0.0030401,0.00052928,0.0013455,0.00096336,0.00027937,0.00033048,0.00020024,0.00030388,0.00042937
WV-2,7.1453e+05,15235,4828,6.4669e+05,4533.4,3281.8,575.13,396.32,2043.9,293.67,83.125,1233,2794.6,758.09,1285.2,1217.9,386.2,347.13,159.1,332.28,342.07,0.021322,0.0067569,0.90506,0.0063446,0.0045929,0.00080491,0.00055466,0.0028605,0.000411,0.00011633,0.0017257,0.003911,0.001061,0.0017986,0.0017045,0.00054049,0.00048581,0.00022266,0.00046503,0.00047873
WY-1,4.4029e+05,34240,2595,3.7509e+05,24829,1068.7,284.43,17.079,712.6,226.24,118.04,497.23,6486.7,512.35,277.06,789.83,121.48,344.31,270.81,99.227,179.95,0.077767,0.0058938,0.85191,0.056392,0.0024273,0.000646,3.8791e-05,0.0016185,0.00051385,0.00026809,0.0011293,0.014733,0.0011637,0.00062926,0.0017939,0.00027591,0.000782,0.00061507,0.00022537,0.0004087
