cand_id,committee_id,chain0,file_number,receipt_date,coverage_end_date,most_recent,total_individual_contributions_period,candidate_contribution_period,loans_made_by_candidate_period
H0AL01055,C00697789,1886567,1886567,2025-04-15,2025-03-31,True,61.20,0.0,0.0
H0AL01055,C00697789,1900302,1900302,2025-07-13,2025-06-30,True,0.00,0.0,0.0
H0AL01055,C00697789,1920061,1920061,2025-10-15,2025-09-30,True,271599.75,0.0,0.0
H0AL01055,C00697789,1941670,1941670,2026-01-31,2025-12-31,True,81708.12,0.0,0.0
H0AL01055,C00697789,1963174,1963174,2026-04-15,2026-03-31,True,104410.41,0.0,0.0
H0AL01055,C00697789,1973120,1973120,2026-05-07,2026-04-29,True,25657.90,0.0,0.0
H0AL01055,C00697789,1994537,1994537,2026-07-15,2026-06-30,True,118971.59,0.0,0.0
H0AL07086,C00458976,1887760,1887760,2025-04-15,2025-03-31,True,49104.05,0.0,0.0
H0AL07086,C00458976,1902990,1902990,2025-07-15,2025-06-30,True,33317.89,0.0,0.0
H0AL07086,C00458976,1921034,1921034,2025-10-15,2025-09-30,False,35392.75,0.0,0.0
H0AL07086,C00458976,1921034,1963898,2026-04-15,2025-09-30,True,35392.75,0.0,0.0
H0AL07086,C00458976,1939656,1980967,2026-06-02,2025-12-31,True,40181.85,0.0,0.0
H0AL07086,C00458976,1939656,1939656,2026-01-30,2025-12-31,False,40181.85,0.0,0.0
H0AL07086,C00458976,1963948,1980968,2026-06-02,2026-03-31,True,78869.25,0.0,0.0
H0AL07086,C00458976,1963948,1963948,2026-04-15,2026-03-31,False,78869.25,0.0,0.0
H0AL07086,C00458976,1973300,1973300,2026-05-07,2026-04-29,False,10814.50,0.0,0.0
H0AL07086,C00458976,1973300,1980969,2026-06-02,2026-04-29,True,10814.50,0.0,0.0
H0AL07086,C00458976,1994854,1994854,2026-07-15,2026-06-30,True,106745.33,0.0,0.0
H0AR01083,C00493783,1887187,1887187,2025-04-15,2025-03-31,True,2500.00,0.0,0.0
H0AR01083,C00462374,1886508,1886508,2025-04-15,2025-03-31,False,60709.43,0.0,0.0
H0AR01083,C00462374,1886508,1894063,2025-05-28,2025-03-31,True,60709.43,0.0,0.0
H0AR01083,C00493783,1901651,1901651,2025-07-15,2025-06-30,True,0.00,0.0,0.0
H0AR01083,C00462374,1901437,1901437,2025-07-15,2025-06-30,True,31410.00,0.0,0.0
H0AR01083,C00462374,1919777,1919777,2025-10-15,2025-09-30,True,77543.99,0.0,0.0
H0AR01083,C00493783,1920153,1920153,2025-10-15,2025-09-30,True,0.00,0.0,0.0
H0AR01083,C00462374,1941727,1941727,2026-01-31,2025-12-31,True,10290.26,0.0,0.0
H0AR01083,C00493783,1938916,1938916,2026-01-30,2025-12-31,True,0.00,0.0,0.0
H0AR01083,C00462374,1947722,1954020,2026-03-18,2026-02-11,True,8128.00,0.0,0.0
H0AR01083,C00462374,1947722,1947722,2026-02-19,2026-02-11,False,8128.00,0.0,0.0
H0AR01083,C00462374,1963156,1963156,2026-04-15,2026-03-31,False,73324.00,0.0,0.0
H0AR01083,C00493783,1963829,1963829,2026-04-15,2026-03-31,True,0.00,0.0,0.0
H0AR01083,C00462374,1963156,1990272,2026-07-10,2026-03-31,True,73324.00,0.0,0.0
H0AR01083,C00462374,1995534,1995534,2026-07-15,2026-06-30,True,78750.03,0.0,0.0
H0AR01083,C00493783,1994110,1994110,2026-07-15,2026-06-30,True,0.00,0.0,0.0
H0AR03055,C00477745,1884133,1884133,2025-04-05,2025-03-31,True,177386.13,0.0,0.0
H0AR03055,C00477745,1899911,1899911,2025-07-11,2025-06-30,True,80259.11,0.0,0.0
H0AR03055,C00477745,1918599,1918599,2025-10-11,2025-09-30,True,208973.40,0.0,0.0
H0AR03055,C00477745,1932794,1932794,2026-01-14,2025-12-31,True,96570.36,0.0,0.0
H0AR03055,C00477745,1947570,1947570,2026-02-18,2026-02-11,True,16720.89,0.0,0.0
H0AR03055,C00477745,1960051,1960051,2026-04-11,2026-03-31,False,132650.26,0.0,0.0
H0AR03055,C00477745,1960051,2001817,2026-07-24,2026-03-31,True,132650.26,0.0,0.0
H0AR03055,C00477745,1991457,1991457,2026-07-13,2026-06-30,True,167173.70,0.0,0.0
H0AZ01259,C00461806,1887958,1887958,2025-04-15,2025-03-31,True,45269.54,0.0,0.0
H0AZ01259,C00461806,1903157,1903157,2025-07-15,2025-06-30,True,101763.59,0.0,0.0
H0AZ01259,C00461806,1920587,1920587,2025-10-15,2025-09-30,True,57780.36,0.0,0.0
H0AZ01259,C00461806,1941325,1941325,2026-01-30,2025-12-31,True,46589.37,0.0,0.0
H0AZ01259,C00461806,1967586,1968959,2026-04-19,2026-03-31,True,67091.00,0.0,0.0
H0AZ01259,C00461806,1967586,1967586,2026-04-15,2026-03-31,False,67091.00,0.0,0.0
H0CA03078,C00461061,1886457,1886457,2025-04-15,2025-03-31,True,24471.00,0.0,0.0
H0CA03078,C00461061,1901570,1901570,2025-07-15,2025-06-30,True,51156.50,0.0,0.0
H0CA03078,C00461061,1919901,1919901,2025-10-15,2025-09-30,True,59359.50,0.0,0.0
H0CA03078,C00461061,1940348,1940348,2026-01-30,2025-12-31,True,186613.75,0.0,0.0
H0CA03078,C00461061,1964222,1964222,2026-04-15,2026-03-31,False,61771.25,0.0,0.0
H0CA03078,C00461061,1964222,1983982,2026-06-17,2026-03-31,True,61771.25,0.0,0.0
H0CA03078,C00461061,1978400,1978882,2026-05-22,2026-05-13,True,112426.00,0.0,0.0
H0CA03078,C00461061,1978400,1978400,2026-05-21,2026-05-13,False,112426.00,0.0,0.0
H0CA03078,C00461061,1994993,1994993,2026-07-15,2026-06-30,True,75423.94,0.0,0.0
H0CA08135,C00720078,1886413,1886413,2025-04-15,2025-03-31,True,78939.44,0.0,0.0
H0CA08135,C00720078,1901400,1901400,2025-07-15,2025-06-30,True,85186.93,0.0,0.0
H0CA08135,C00720078,1920093,1920093,2025-10-15,2025-09-30,True,81386.54,0.0,0.0
H0CA08135,C00720078,1938929,1945887,2026-02-11,2025-12-31,True,84005.94,0.0,0.0
H0CA08135,C00720078,1938929,1938929,2026-01-30,2025-12-31,False,84005.94,0.0,0.0
H0CA08135,C00720078,1964096,1964096,2026-04-15,2026-03-31,True,78895.87,0.0,0.0
H0CA08135,C00720078,1978495,1978495,2026-05-21,2026-05-13,True,42983.57,0.0,0.0
H0CA08135,C00720078,1994775,1994775,2026-07-15,2026-06-30,True,47361.54,0.0,0.0
H0CA10073,C00554709,1886848,1886848,2025-04-15,2025-03-31,True,50365.17,0.0,0.0
H0CA10073,C00554709,1901949,1901949,2025-07-15,2025-06-30,False,20974.75,0.0,0.0
H0CA10073,C00554709,1901949,1920239,2025-10-15,2025-06-30,True,21050.05,0.0,0.0
H0CA10073,C00554709,1920276,1920276,2025-10-15,2025-09-30,True,57286.00,0.0,0.0
H0CA10073,C00554709,1938595,1938595,2026-01-30,2025-12-31,True,61860.00,0.0,0.0
H0CA10073,C00554709,1964145,1964145,2026-04-15,2026-03-31,True,40546.00,0.0,0.0
H0CA10073,C00554709,1978418,1978418,2026-05-21,2026-05-13,True,9767.00,0.0,0.0
H0CA10073,C00554709,1993971,1993971,2026-07-15,2026-06-30,True,19791.00,0.0,0.0
H0CA10149,C00462697,1885337,1885337,2025-04-11,2025-03-31,True,4682.00,0.0,0.0
H0CA10149,C00462697,1901602,1901602,2025-07-15,2025-06-30,True,68090.00,0.0,0.0
H0CA10149,C00462697,1919930,1919930,2025-10-15,2025-09-30,True,22560.69,0.0,0.0
H0CA10149,C00462697,1938778,1938778,2026-01-30,2025-12-31,True,46252.52,0.0,0.0
H0CA10149,C00462697,1963826,1963826,2026-04-15,2026-03-31,True,8946.72,0.0,0.0
H0CA10149,C00462697,1977059,1977059,2026-05-20,2026-05-13,True,1121.50,0.0,0.0
H0CA10149,C00462697,1995488,1995488,2026-07-15,2026-06-30,True,2939.22,0.0,0.0
H0CA17193,C00721878,1887055,1887055,2025-04-15,2025-03-31,True,0.00,0.0,0.0
H0CA17193,C00721878,1900350,1900350,2025-07-13,2025-06-30,True,0.00,0.0,0.0
H0CA17193,C00721878,1919319,1919319,2025-10-14,2025-09-30,True,100.00,0.0,0.0
H0CA17193,C00721878,1936351,1936351,2026-01-27,2025-12-31,True,0.00,0.0,0.0
H0CA17193,C00721878,1960565,1960565,2026-04-13,2026-03-31,True,9158.48,0.0,0.0
H0CA17193,C00721878,1976685,1976685,2026-05-19,2026-05-13,True,24450.00,25.0,0.0
H0CA17193,C00721878,1989003,1989003,2026-07-08,2026-06-30,True,3920.00,0.0,0.0
H0CA32101,C00458125,1887021,1887021,2025-04-15,2025-03-31,True,19019.53,0.0,0.0
H0CA32101,C00458125,1900784,1900784,2025-07-14,2025-06-30,True,34521.40,0.0,0.0
H0CA32101,C00458125,1920926,1920926,2025-10-15,2025-09-30,True,289998.50,0.0,0.0
H0CA32101,C00458125,1940499,1940499,2026-01-30,2025-12-31,True,134159.04,0.0,0.0
H0CA32101,C00458125,1964245,1964245,2026-04-15,2026-03-31,True,32264.77,0.0,0.0
H0CA32101,C00458125,1978508,1993834,2026-07-15,2026-05-13,True,12563.84,0.0,0.0
H0CA32101,C00458125,1978508,1978508,2026-05-21,2026-05-13,False,12563.84,0.0,0.0
H0CA32101,C00458125,1993851,1993851,2026-07-15,2026-06-30,True,27821.17,0.0,0.0
H0CA35146,C00730812,1886839,1886839,2025-04-15,2025-03-31,True,720.00,0.0,0.0
H0CA35146,C00730812,1900360,1900360,2025-07-13,2025-06-30,True,1495.00,0.0,0.0
H0CA35146,C00730812,1919292,1919292,2025-10-14,2025-09-30,True,750.00,0.0,0.0
H0CA35146,C00730812,1936315,1936315,2026-01-27,2025-12-31,True,550.00,0.0,0.0
H0CA35146,C00730812,1960688,1960688,2026-04-13,2026-03-31,True,630.00,0.0,0.0
H0CA35146,C00730812,1976661,1976661,2026-05-19,2026-05-13,True,350.00,0.0,0.0
H0CA35146,C00730812,1989011,1989011,2026-07-08,2026-06-30,True,264.00,0.0,0.0
H0CA48172,C00700187,1888148,1974146,2026-05-11,2025-03-31,True,2528.00,0.0,0.0
H0CA48172,C00700187,1888148,1901862,2025-07-15,2025-03-31,False,2528.00,0.0,0.0
H0CA48172,C00700187,1888148,1888148,2025-04-15,2025-03-31,False,2528.00,0.0,0.0
H0CA48172,C00700187,1903345,1903345,2025-07-15,2025-06-30,False,1615.00,0.0,0.0
H0CA48172,C00700187,1903345,1974150,2026-05-11,2025-06-30,True,1615.00,0.0,0.0
H0CA48172,C00700187,1921513,1974152,2026-05-11,2025-09-30,True,10086.50,0.0,0.0
H0CA48172,C00700187,1921513,1921513,2025-10-15,2025-09-30,False,10086.50,0.0,0.0
H0CA48172,C00700187,1943907,1943907,2026-01-31,2025-12-31,False,4610.00,0.0,65000.0
H0CA48172,C00700187,1943907,1974154,2026-05-11,2025-12-31,True,4610.00,0.0,65000.0
H0CA48172,C00700187,1965018,1974157,2026-05-11,2026-03-31,False,12541.26,0.0,65000.0
H0CA48172,C00700187,1965018,2011458,2026-09-10,2026-03-31,True,12541.26,0.0,65000.0
H0CA48172,C00700187,1965018,1965018,2026-04-15,2026-03-31,False,12541.26,0.0,65000.0
H0CA48172,C00700187,1978829,1978829,2026-05-21,2026-05-13,False,5822.00,0.0,55000.0
H0CA48172,C00700187,1978829,2012096,2026-09-15,2026-05-13,True,5822.00,0.0,55000.0
H0CA48172,C00700187,1997864,1997864,2026-07-15,2026-06-30,True,7654.10,0.0,1000.0
H0CO03165,C00728238,1887944,1887944,2025-04-15,2025-03-31,True,262239.04,0.0,0.0
H0CO03165,C00728238,1902070,1902070,2025-07-15,2025-06-30,True,98663.94,0.0,0.0
H0CO03165,C00728238,1921495,1921495,2025-10-15,2025-09-30,True,99015.55,0.0,0.0
H0CO03165,C00728238,1942882,1942882,2026-01-31,2025-12-31,True,138234.82,0.0,0.0
H0CO03165,C00728238,1966758,1966758,2026-04-15,2026-03-31,True,70223.18,0.0,0.0
H0CO03165,C00728238,1985127,1985127,2026-06-18,2026-06-10,True,98912.51,0.0,0.0
H0CO03165,C00728238,1997684,1997684,2026-07-15,2026-06-30,True,29834.59,0.0,0.0
H0CT03072,C00238865,1887930,1887930,2025-04-15,2025-03-31,True,62055.76,0.0,0.0
H0CT03072,C00238865,1903245,1903245,2025-07-15,2025-06-30,True,125601.06,0.0,0.0
H0CT03072,C00238865,1921163,1921163,2025-10-15,2025-09-30,True,70478.19,0.0,0.0
H0CT03072,C00238865,1942966,1942966,2026-01-31,2025-12-31,True,56910.45,0.0,0.0
H0CT03072,C00238865,1965206,1965206,2026-04-15,2026-03-31,True,74207.97,0.0,0.0
H0CT03072,C00238865,1971712,1971712,2026-04-29,2026-04-21,True,10603.00,0.0,0.0
H0CT03072,C00238865,1995406,1995406,2026-07-15,2026-06-30,True,118730.12,0.0,0.0
H0FL03175,C00730895,1887346,1887346,2025-04-15,2025-03-31,True,132693.60,0.0,0.0
H0FL03175,C00730895,1902726,1905898,2025-07-24,2025-06-30,True,133723.02,0.0,0.0
H0FL03175,C00730895,1902726,1902726,2025-07-15,2025-06-30,False,133723.02,0.0,0.0
H0FL03175,C00730895,1920759,1920759,2025-10-15,2025-09-30,True,86540.66,0.0,0.0
H0FL03175,C00730895,1940061,1940061,2026-01-30,2025-12-31,True,127482.08,0.0,0.0
H0FL03175,C00730895,1965323,1965323,2026-04-15,2026-03-31,True,160989.89,0.0,0.0
H0FL03175,C00730895,1995306,1995306,2026-07-15,2026-06-30,True,185596.06,0.0,0.0
H0FL13158,C00718239,1887308,1887308,2025-04-15,2025-03-31,True,277004.71,0.0,0.0
H0FL13158,C00718239,1901324,1901324,2025-07-15,2025-06-30,True,207494.07,0.0,0.0
H0FL13158,C00718239,1920446,1920446,2025-10-15,2025-09-30,True,163448.31,0.0,0.0
H0FL13158,C00718239,1940828,1940828,2026-01-30,2025-12-31,True,136813.87,0.0,0.0
H0FL13158,C00718239,1965417,1965417,2026-04-15,2026-03-31,True,277080.41,0.0,0.0
H0FL13158,C00718239,1994540,1994540,2026-07-15,2026-06-30,True,611815.71,0.0,0.0
H0FL15104,C00742247,1887632,1887632,2025-04-15,2025-03-31,True,36230.44,0.0,0.0
H0FL15104,C00742247,1903239,1903239,2025-07-15,2025-06-30,False,38472.93,0.0,0.0
H0FL15104,C00742247,1903239,1914392,2025-09-10,2025-06-30,True,38472.93,0.0,0.0
H0FL15104,C00742247,1921109,1921109,2025-10-15,2025-09-30,True,17978.59,0.0,0.0
H0FL15104,C00742247,1943302,1943302,2026-01-31,2025-12-31,True,14010.43,0.0,0.0
H0FL15104,C00742247,1967043,1979563,2026-05-26,2026-03-31,True,165436.82,0.0,0.0
H0FL15104,C00742247,1967043,1967043,2026-04-15,2026-03-31,False,165436.82,0.0,0.0
H0FL15104,C00742247,1997514,1997514,2026-07-15,2026-06-30,True,91238.60,0.0,0.0
H0FL26036,C00735985,1886646,1886646,2025-04-15,2025-03-31,True,19000.42,0.0,0.0
H0FL26036,C00735985,1901785,1901785,2025-07-15,2025-06-30,True,36847.90,0.0,0.0
H0FL26036,C00735985,1920685,1920685,2025-10-15,2025-09-30,True,25144.50,0.0,0.0
H0FL26036,C00735985,1938618,1938618,2026-01-30,2025-12-31,True,12297.40,0.0,0.0
H0FL26036,C00735985,1963696,1963696,2026-04-15,2026-03-31,False,43706.99,0.0,0.0
H0FL26036,C00735985,1963696,1971139,2026-04-24,2026-03-31,True,43706.99,0.0,0.0
H0FL26036,C00735985,1994783,1994783,2026-07-15,2026-06-30,True,53547.59,0.0,0.0
H0GA05301,C00752584,1885394,1885394,2025-04-11,2025-03-31,True,14229.58,0.0,0.0
H0GA05301,C00752584,1903212,1903212,2025-07-15,2025-06-30,True,52192.55,0.0,0.0
H0GA05301,C00752584,1921488,1921488,2025-10-15,2025-09-30,True,55276.04,0.0,0.0
H0GA05301,C00752584,1942849,1942849,2026-01-31,2025-12-31,True,10278.26,0.0,0.0
H0GA05301,C00752584,1966908,1966908,2026-04-15,2026-03-31,True,18480.15,0.0,0.0
H0GA05301,C00752584,1973412,1973412,2026-05-07,2026-04-29,True,3393.00,0.0,0.0
H0GA05301,C00752584,1997804,1997804,2026-07-15,2026-06-30,True,26285.38,0.0,0.0
H0GA07273,C00706747,1887117,1887117,2025-04-15,2025-03-31,True,38284.85,0.0,0.0
H0GA07273,C00706747,1901958,1911511,2025-08-18,2025-06-30,True,48623.00,0.0,0.0
H0GA07273,C00706747,1901958,1901958,2025-07-15,2025-06-30,False,48623.00,0.0,0.0
H0GA07273,C00706747,1920154,1920154,2025-10-15,2025-09-30,True,111807.46,0.0,0.0
H0GA07273,C00706747,1939338,1939338,2026-01-30,2025-12-31,True,45295.51,0.0,0.0
H0GA07273,C00706747,1963790,1963790,2026-04-15,2026-03-31,True,83505.00,0.0,0.0
H0GA07273,C00706747,1972939,1972939,2026-05-06,2026-04-29,True,33393.57,0.0,0.0
H0GA07273,C00706747,1993422,1993422,2026-07-15,2026-06-30,False,21188.53,0.0,0.0
H0GA07273,C00706747,1993422,2010441,2026-09-01,2026-06-30,True,21188.53,0.0,0.0
H0GA08099,C00493783,1887187,1887187,2025-04-15,2025-03-31,True,2500.00,0.0,0.0
H0GA08099,C00482737,1886925,1886925,2025-04-15,2025-03-31,True,20459.43,0.0,0.0
H0GA08099,C00482737,1902596,1902596,2025-07-15,2025-06-30,True,9751.00,0.0,0.0
H0GA08099,C00493783,1901651,1901651,2025-07-15,2025-06-30,True,0.00,0.0,0.0
H0GA08099,C00482737,1920936,1920936,2025-10-15,2025-09-30,True,96280.99,0.0,0.0
H0GA08099,C00493783,1920153,1920153,2025-10-15,2025-09-30,True,0.00,0.0,0.0
H0GA08099,C00493783,1938916,1938916,2026-01-30,2025-12-31,True,0.00,0.0,0.0
H0GA08099,C00482737,1940911,1940911,2026-01-30,2025-12-31,True,64529.25,0.0,0.0
H0GA08099,C00482737,1964993,1964993,2026-04-15,2026-03-31,True,117088.79,0.0,0.0
H0GA08099,C00493783,1963829,1963829,2026-04-15,2026-03-31,True,0.00,0.0,0.0
H0GA08099,C00482737,1973217,1973217,2026-05-07,2026-04-29,True,2775.00,0.0,0.0
H0GA08099,C00493783,1994110,1994110,2026-07-15,2026-06-30,True,0.00,0.0,0.0
H0GA08099,C00482737,1995793,1995793,2026-07-15,2026-06-30,True,76016.59,0.0,0.0
H0GA09246,C00740100,1886487,1886487,2025-04-15,2025-03-31,True,51539.49,0.0,0.0
H0GA09246,C00740100,1901974,1901974,2025-07-15,2025-06-30,True,90700.25,0.0,0.0
H0GA09246,C00740100,1919772,1919772,2025-10-15,2025-09-30,False,151997.76,0.0,0.0
H0GA09246,C00740100,1919772,1927750,2025-12-08,2025-09-30,True,151997.76,0.0,0.0
H0GA09246,C00740100,1938784,1938784,2026-01-30,2025-12-31,True,95032.19,0.0,0.0
H0GA09246,C00740100,1964318,1964318,2026-04-15,2026-03-31,True,91092.32,0.0,0.0
H0GA09246,C00740100,1973183,1973183,2026-05-07,2026-04-29,True,45185.00,0.0,0.0
H0GA09246,C00740100,1995897,1995897,2026-07-15,2026-06-30,True,26814.45,0.0,0.0
H0GA14030,C00931709,1942721,1942721,2026-01-31,2025-12-31,True,50126.12,0.0,200000.0
H0GA14030,C00931709,1950685,1950685,2026-02-26,2026-02-18,True,406120.97,0.0,100000.0
H0GA14030,C00931709,1956371,1956371,2026-03-26,2026-03-18,True,353546.96,0.0,50000.0
H0GA14030,C00931709,1963412,1963412,2026-04-15,2026-03-31,True,126232.86,0.0,0.0
H0GA14030,C00931709,1973316,1973316,2026-05-07,2026-04-29,True,80245.22,0.0,100000.0
H0GA14030,C00931709,1997005,1997005,2026-07-15,2026-06-30,True,64520.07,0.0,0.0
H0GA14048,C00938175,1965719,2004341,2026-08-05,2026-03-31,True,211091.21,0.0,1500020.0
H0GA14048,C00938175,1965719,1965719,2026-04-15,2026-03-31,False,211091.21,0.0,1500020.0
H0GA14048,C00938175,1973338,1973338,2026-05-07,2026-04-29,False,134361.57,0.0,0.0
H0GA14048,C00938175,1973338,2004356,2026-08-05,2026-04-29,True,134361.57,0.0,0.0
H0GA14048,C00938175,1981367,1981367,2026-06-04,2026-05-27,True,73578.76,0.0,150000.0
H0GA14048,C00938175,1995996,1995996,2026-07-15,2026-06-30,True,45886.34,0.0,100000.0
H0IL05096,C00457556,1887763,1887763,2025-04-15,2025-03-31,True,35238.29,0.0,0.0
H0IL05096,C00457556,1903010,1903010,2025-07-15,2025-06-30,True,67930.00,0.0,0.0
H0IL05096,C00457556,1921262,1921262,2025-10-15,2025-09-30,True,38349.99,0.0,0.0
H0IL05096,C00457556,1943238,1943238,2026-01-31,2025-12-31,True,28334.00,0.0,0.0
H0IL05096,C00457556,1951729,1951729,2026-03-05,2026-02-25,True,48593.00,0.0,0.0
H0IL05096,C00457556,1965068,1965068,2026-04-15,2026-03-31,True,14116.00,0.0,0.0
H0IL05096,C00457556,1994435,1994435,2026-07-15,2026-06-30,True,12016.00,0.0,0.0
H0IL15129,C00723916,1887790,1887790,2025-04-15,2025-03-31,True,155385.96,0.0,0.0
H0IL15129,C00723916,1900890,1918635,2025-10-11,2025-06-30,True,168722.84,0.0,0.0
H0IL15129,C00723916,1900890,1900890,2025-07-14,2025-06-30,False,169096.24,0.0,0.0
H0IL15129,C00723916,1919663,1919663,2025-10-15,2025-09-30,True,134286.34,0.0,0.0
H0IL15129,C00723916,1940526,1940526,2026-01-30,2025-12-31,True,248651.45,0.0,0.0
H0IL15129,C00723916,1951272,1951272,2026-03-02,2026-02-25,True,166445.90,0.0,0.0
H0IL15129,C00723916,1963116,1963116,2026-04-15,2026-03-31,True,91017.76,0.0,0.0
H0IL15129,C00723916,1993088,1993088,2026-07-15,2026-06-30,True,195475.52,100.0,0.0
H0IN01150,C00727529,1887065,1887065,2025-04-15,2025-03-31,True,141589.26,0.0,0.0
H0IN01150,C00727529,1902375,1902375,2025-07-15,2025-06-30,True,139012.19,0.0,0.0
H0IN01150,C00727529,1920342,1920342,2025-10-15,2025-09-30,True,275612.95,0.0,0.0
H0IN01150,C00727529,1939139,1939139,2026-01-30,2025-12-31,True,192283.99,0.0,0.0
H0IN01150,C00727529,1963549,1963549,2026-04-15,2026-03-31,False,213105.70,0.0,0.0
H0IN01150,C00727529,1963549,1971475,2026-04-28,2026-03-31,True,213105.70,0.0,0.0
H0IN01150,C00727529,1970806,1970806,2026-04-22,2026-04-15,False,35629.36,0.0,0.0
H0IN01150,C00727529,1970806,1971476,2026-04-28,2026-04-15,True,35629.36,0.0,0.0
H0IN01150,C00727529,1994441,1994441,2026-07-15,2026-06-30,True,247885.83,0.0,0.0
H0IN03198,C00493783,1887187,1887187,2025-04-15,2025-03-31,True,2500.00,0.0,0.0
H0IN03198,C00838110,1886396,1886396,2025-04-15,2025-03-31,True,66892.90,0.0,0.0
H0IN03198,C00493783,1901651,1901651,2025-07-15,2025-06-30,True,0.00,0.0,0.0
H0IN03198,C00838110,1900981,1900981,2025-07-14,2025-06-30,True,88944.47,0.0,0.0
H0IN03198,C00838110,1919949,1919949,2025-10-15,2025-09-30,True,81171.60,0.0,0.0
H0IN03198,C00493783,1920153,1920153,2025-10-15,2025-09-30,True,0.00,0.0,0.0
H0IN03198,C00838110,1937307,1937307,2026-01-29,2025-12-31,True,63140.26,0.0,0.0
H0IN03198,C00493783,1938916,1938916,2026-01-30,2025-12-31,True,0.00,0.0,0.0
H0IN03198,C00838110,1961835,1961835,2026-04-14,2026-03-31,True,31763.60,0.0,0.0
H0IN03198,C00493783,1963829,1963829,2026-04-15,2026-03-31,True,0.00,0.0,0.0
H0IN03198,C00838110,1969821,1969821,2026-04-20,2026-04-15,True,338.46,0.0,0.0
H0IN03198,C00493783,1994110,1994110,2026-07-15,2026-06-30,True,0.00,0.0,0.0
H0IN03198,C00838110,1990366,1990366,2026-07-11,2026-06-30,True,31253.85,0.0,0.0
H0IN05326,C00737767,1886417,1886417,2025-04-15,2025-03-31,True,117869.18,0.0,25000.0
H0IN05326,C00737767,1901419,1901419,2025-07-15,2025-06-30,True,255285.89,0.0,0.0
H0IN05326,C00737767,1920426,1920426,2025-10-15,2025-09-30,True,287002.24,0.0,0.0
H0IN05326,C00737767,1933487,1933487,2026-01-18,2025-12-31,False,239376.26,0.0,0.0
H0IN05326,C00737767,1933487,1958737,2026-04-08,2025-12-31,True,239376.26,0.0,0.0
H0IN05326,C00737767,1964436,1964436,2026-04-15,2026-03-31,True,49656.14,0.0,0.0
H0IN05326,C00737767,1970852,1970852,2026-04-23,2026-04-15,True,4647.06,0.0,0.0
H0IN05326,C00737767,1993630,1993630,2026-07-15,2026-06-30,True,147358.61,0.0,0.0
H0KS01123,C00460659,1886656,1886656,2025-04-15,2025-03-31,True,9393.95,0.0,0.0
H0KS01123,C00460659,1901492,1901492,2025-07-15,2025-06-30,True,67405.02,0.0,0.0
H0KS01123,C00460659,1919993,1919993,2025-10-15,2025-09-30,True,86891.26,0.0,0.0
H0KS01123,C00460659,1941758,1941758,2026-01-31,2025-12-31,True,50152.14,0.0,0.0
H0KS01123,C00460659,1963444,1963444,2026-04-15,2026-03-31,True,65136.36,0.0,0.0
H0KS01123,C00460659,1993498,1993498,2026-07-15,2026-06-30,True,63709.97,0.0,0.0
H0KY05015,C00116632,1886801,1886801,2025-04-15,2025-03-31,True,14250.00,0.0,0.0
H0KY05015,C00116632,1902270,1902270,2025-07-15,2025-06-30,True,46500.00,0.0,0.0
H0KY05015,C00116632,1920173,1920173,2025-10-15,2025-09-30,True,80800.00,0.0,0.0
H0KY05015,C00116632,1939314,1939314,2026-01-30,2025-12-31,True,27831.74,0.0,0.0
H0KY05015,C00116632,1964676,1964676,2026-04-15,2026-03-31,True,178252.00,0.0,0.0
H0KY05015,C00116632,1973276,1973276,2026-05-07,2026-04-29,True,33651.00,0.0,0.0
H0KY05015,C00116632,1994822,1994822,2026-07-15,2026-06-30,True,22012.59,0.0,0.0
H0MA04192,C00721449,1887190,1887190,2025-04-15,2025-03-31,True,329803.44,0.0,0.0
H0MA04192,C00721449,1902481,1902481,2025-07-15,2025-06-30,True,457957.46,0.0,0.0
H0MA04192,C00721449,1920277,1920277,2025-10-15,2025-09-30,True,437124.15,0.0,0.0
H0MA04192,C00721449,1939847,1939847,2026-01-30,2025-12-31,True,273771.66,0.0,0.0
H0MA04192,C00721449,1964568,1964568,2026-04-15,2026-03-31,True,301343.14,0.0,0.0
H0MA04192,C00721449,1995918,1995918,2026-07-15,2026-06-30,True,389396.99,0.0,0.0
H0MA10082,C00479063,1888021,1888021,2025-04-15,2025-03-31,True,52182.95,0.0,0.0
H0MA10082,C00479063,1903114,1903114,2025-07-15,2025-06-30,True,47848.00,0.0,0.0
H0MA10082,C00479063,1921410,1921410,2025-10-15,2025-09-30,True,49149.99,0.0,0.0
H0MA10082,C00479063,1943388,1943388,2026-01-31,2025-12-31,True,12234.45,0.0,0.0
H0MA10082,C00479063,1965074,1965074,2026-04-15,2026-03-31,True,25181.16,0.0,0.0
H0MA10082,C00479063,1997043,1997043,2026-07-15,2026-06-30,False,30093.13,0.0,0.0
H0MA10082,C00479063,1997043,2004838,2026-08-07,2026-06-30,True,38888.13,0.0,0.0
H0MI02094,C00459297,1886459,1886459,2025-04-15,2025-03-31,True,242252.97,0.0,0.0
H0MI02094,C00459297,1902292,1905981,2025-07-24,2025-06-30,True,421052.22,0.0,0.0
H0MI02094,C00459297,1902292,1902292,2025-07-15,2025-06-30,False,421052.22,0.0,0.0
H0MI02094,C00459297,1920425,1920425,2025-10-15,2025-09-30,True,98485.00,0.0,0.0
H0MI02094,C00459297,1937736,1937736,2026-01-29,2025-12-31,True,129685.33,0.0,0.0
H0MI02094,C00459297,1964885,1964885,2026-04-15,2026-03-31,True,249556.85,0.0,0.0
H0MI02094,C00459297,1994295,1994295,2026-07-15,2026-06-30,False,486948.48,0.0,0.0
H0MI02094,C00459297,1994295,2003739,2026-08-03,2026-06-30,True,486948.48,0.0,0.0
H0MI03316,C00711317,1887655,1887655,2025-04-15,2025-03-31,True,220388.08,0.0,0.0
H0MI03316,C00711317,1902250,1902250,2025-07-15,2025-06-30,True,235621.66,0.0,0.0
H0MI03316,C00711317,1921053,1921053,2025-10-15,2025-09-30,True,295481.18,0.0,0.0
H0MI03316,C00711317,1940077,1940077,2026-01-30,2025-12-31,True,261237.06,0.0,0.0
H0MI03316,C00711317,1962265,1962265,2026-04-14,2026-03-31,True,266714.12,0.0,0.0
H0MI03316,C00711317,1996147,1996147,2026-07-15,2026-06-30,True,253805.33,0.0,0.0
H0MI10287,C00726042,1886759,1897486,2025-06-30,2025-03-31,True,366773.04,0.0,0.0
H0MI10287,C00726042,1886759,1892272,2025-05-15,2025-03-31,False,366773.04,0.0,0.0
H0MI10287,C00726042,1886759,1886759,2025-04-15,2025-03-31,False,366773.04,0.0,0.0
H0MI10287,C00726042,1902346,1902346,2025-07-15,2025-06-30,True,490488.87,0.0,0.0
H0MI10287,C00726042,1920672,1920672,2025-10-15,2025-09-30,True,339485.52,0.0,0.0
H0MI10287,C00726042,1939741,1939741,2026-01-30,2025-12-31,True,499179.57,0.0,0.0
H0MI10287,C00726042,1964576,1964576,2026-04-15,2026-03-31,False,508805.07,0.0,0.0
H0MI10287,C00726042,1964576,2009646,2026-08-25,2026-03-31,True,508805.07,0.0,0.0
H0MI10287,C00726042,1995547,1995547,2026-07-15,2026-06-30,False,435618.02,0.0,0.0
H0MI10287,C00726042,1995547,2001081,2026-07-21,2026-06-30,False,435618.02,0.0,0.0
H0MI10287,C00726042,1995547,2009648,2026-08-25,2026-06-30,True,435618.02,0.0,0.0
H0MN04049,C00354688,1887616,1887616,2025-04-15,2025-03-31,True,116383.44,0.0,0.0
H0MN04049,C00354688,1902408,1902408,2025-07-15,2025-06-30,True,198558.01,0.0,0.0
H0MN04049,C00354688,1920815,1920815,2025-10-15,2025-09-30,True,124843.01,0.0,0.0
H0MN04049,C00354688,1942400,1942400,2026-01-31,2025-12-31,True,112583.04,0.0,0.0
H0MN04049,C00354688,1965260,1965260,2026-04-15,2026-03-31,True,116978.35,0.0,0.0
H0MN04049,C00354688,1995321,2010811,2026-09-04,2026-06-30,True,103664.01,0.0,0.0
H0MN04049,C00354688,1995321,1995321,2026-07-15,2026-06-30,False,103664.01,0.0,0.0
H0MN07091,C00717959,1886057,1886057,2025-04-14,2025-03-31,True,54003.34,0.0,0.0
H0MN07091,C00717959,1901858,1901858,2025-07-15,2025-06-30,True,50240.82,0.0,0.0
H0MN07091,C00717959,1919907,1919907,2025-10-15,2025-09-30,True,127568.57,0.0,0.0
H0MN07091,C00717959,1938853,1938853,2026-01-30,2025-12-31,True,82033.05,0.0,0.0
H0MN07091,C00717959,1965667,1965667,2026-04-15,2026-03-31,True,73766.80,0.0,0.0
H0MN07091,C00717959,1993506,1993506,2026-07-15,2026-06-30,True,75252.73,0.0,0.0
H0NC02125,C00729277,1887392,1887392,2025-04-15,2025-03-31,True,217934.82,0.0,0.0
H0NC02125,C00729277,1902802,1902802,2025-07-15,2025-06-30,False,133658.62,0.0,0.0
H0NC02125,C00729277,1902802,1903832,2025-07-16,2025-06-30,True,133658.62,0.0,0.0
H0NC02125,C00729277,1920752,1920752,2025-10-15,2025-09-30,True,214904.95,0.0,0.0
H0NC02125,C00729277,1942778,1942778,2026-01-31,2025-12-31,True,138267.89,0.0,0.0
H0NC02125,C00729277,1948141,1948141,2026-02-19,2026-02-11,True,26630.77,0.0,0.0
H0NC02125,C00729277,1966046,1966046,2026-04-15,2026-03-31,True,112901.28,0.0,0.0
H0NC02125,C00729277,1995745,1995745,2026-07-15,2026-06-30,True,114073.76,0.0,0.0
H0NC03172,C00697649,1886725,1886725,2025-04-15,2025-03-31,True,81356.56,0.0,0.0
H0NC03172,C00697649,1902255,1902255,2025-07-15,2025-06-30,True,307664.07,0.0,0.0
H0NC03172,C00697649,1920369,1956708,2026-03-30,2025-09-30,False,111330.79,0.0,0.0
H0NC03172,C00697649,1920369,1920369,2025-10-15,2025-09-30,False,111330.79,0.0,0.0
H0NC03172,C00697649,1920369,1962461,2026-04-14,2025-09-30,True,111330.79,0.0,0.0
H0NC03172,C00697649,1920369,1932689,2026-01-14,2025-09-30,False,111330.79,0.0,0.0
H0NC03172,C00697649,1940602,1940602,2026-01-30,2025-12-31,True,127833.99,0.0,0.0
H0NC03172,C00697649,1948185,1948185,2026-02-19,2026-02-11,True,73513.15,0.0,0.0
H0NC03172,C00697649,1964949,1964949,2026-04-15,2026-03-31,False,134564.07,0.0,0.0
H0NC03172,C00697649,1964949,1978353,2026-05-21,2026-03-31,True,134564.07,0.0,0.0
H0NC03172,C00697649,1995090,1995090,2026-07-15,2026-06-30,False,176874.94,0.0,0.0
H0NC03172,C00697649,1995090,2006322,2026-08-14,2026-06-30,True,175374.94,0.0,0.0
H0NJ07261,C00703058,1887419,1887419,2025-04-15,2025-03-31,True,390269.58,0.0,0.0
H0NJ07261,C00703058,1901956,1901956,2025-07-15,2025-06-30,True,385441.10,0.0,0.0
H0NJ07261,C00703058,1920527,1953752,2026-03-17,2025-09-30,True,378902.00,0.0,0.0
H0NJ07261,C00703058,1920527,1920527,2025-10-15,2025-09-30,False,378902.00,0.0,0.0
H0NJ07261,C00703058,1920527,1942672,2026-01-31,2025-09-30,False,397001.63,0.0,0.0
H0NJ07261,C00703058,1943865,1943865,2026-01-31,2025-12-31,False,244281.58,0.0,0.0
H0NJ07261,C00703058,1943865,1961457,2026-04-14,2025-12-31,True,262465.96,0.0,0.0
H0NJ07261,C00703058,1964894,1964894,2026-04-15,2026-03-31,True,355988.49,0.0,0.0
H0NJ07261,C00703058,1978441,1978441,2026-05-21,2026-05-13,True,84226.19,0.0,0.0
H0NJ07261,C00703058,1997752,1997752,2026-07-15,2026-06-30,True,99262.29,0.0,0.0
H0NM03102,C00704049,1887952,1887952,2025-04-15,2025-03-31,True,178031.60,0.0,0.0
H0NM03102,C00704049,1902175,1902175,2025-07-15,2025-06-30,True,162840.50,0.0,0.0
H0NM03102,C00704049,1920941,1920941,2025-10-15,2025-09-30,True,219142.83,0.0,0.0
H0NM03102,C00704049,1942609,1942609,2026-01-31,2025-12-31,True,153062.44,0.0,0.0
H0NM03102,C00704049,1965057,1965057,2026-04-15,2026-03-31,True,147988.41,0.0,0.0
H0NM03102,C00704049,1979011,1979011,2026-05-22,2026-05-13,True,62833.49,0.0,0.0
H0NM03102,C00704049,1996924,1996924,2026-07-15,2026-06-30,True,93972.10,0.0,0.0
H0NY02234,C00729954,1887043,1887043,2025-04-15,2025-03-31,True,80637.96,0.0,0.0
H0NY02234,C00729954,1902793,1902793,2025-07-15,2025-06-30,True,83454.66,0.0,0.0
H0NY02234,C00729954,1920012,1920012,2025-10-15,2025-09-30,True,139898.37,0.0,0.0
H0NY02234,C00729954,1941791,1941791,2026-01-31,2025-12-31,True,46452.01,0.0,0.0
H0NY02234,C00729954,1965730,1965730,2026-04-15,2026-03-31,True,158767.71,0.0,0.0
H0NY02234,C00729954,1982787,1982787,2026-06-11,2026-06-03,True,146419.18,0.0,0.0
H0NY02234,C00729954,1996751,1996751,2026-07-15,2026-06-30,True,100912.15,0.0,0.0
H0NY02267,C00732768,1883353,2006016,2026-08-13,2025-03-31,True,0.00,0.0,0.0
H0NY02267,C00732768,1883353,1883353,2025-04-01,2025-03-31,False,0.00,0.0,0.0
H0NY02267,C00732768,1898518,1898518,2025-07-06,2025-06-30,False,0.00,0.0,0.0
H0NY02267,C00732768,1898518,2006017,2026-08-13,2025-06-30,True,0.00,0.0,0.0
H0NY02267,C00732768,1917075,2006019,2026-08-13,2025-09-30,True,0.00,0.0,0.0
H0NY02267,C00732768,1917075,1917075,2025-10-01,2025-09-30,False,0.00,0.0,0.0
H0NY02267,C00732768,1930925,1930925,2026-01-06,2025-12-31,True,0.00,0.0,0.0
H0NY02267,C00937490,1966590,1966590,2026-04-15,2026-03-31,False,210809.97,0.0,0.0
H0NY02267,C00732768,1957128,1957128,2026-04-01,2026-03-31,False,0.00,0.0,0.0
H0NY02267,C00732768,1957128,2006022,2026-08-13,2026-03-31,True,0.00,0.0,0.0
H0NY02267,C00937490,1966590,1986716,2026-06-26,2026-03-31,True,214683.97,0.0,0.0
H0NY02267,C00937490,1982776,1986738,2026-06-26,2026-06-03,True,172093.22,0.0,0.0
H0NY02267,C00937490,1982776,1982776,2026-06-11,2026-06-03,False,120999.36,0.0,0.0
H0NY02267,C00937490,1997050,1997050,2026-07-15,2026-06-30,True,74267.00,0.0,0.0
H0NY02267,C00732768,1987279,1987279,2026-07-01,2026-06-30,False,0.00,0.0,0.0
H0NY02267,C00732768,1987279,2006023,2026-08-13,2026-06-30,True,0.00,0.0,0.0
H0NY02267,C00894527,1992931,1992931,2026-07-14,2026-06-30,True,0.00,0.0,0.0
H0NY02267,C00895094,1988870,1988870,2026-07-08,2026-06-30,True,0.00,0.0,0.0
H0NY11078,C00694778,1886735,1898788,2025-07-07,2025-03-31,True,104086.38,0.0,0.0
H0NY11078,C00694778,1886735,1886735,2025-04-15,2025-03-31,False,104086.38,0.0,0.0
H0NY11078,C00694778,1902053,1902053,2025-07-15,2025-06-30,True,197045.46,0.0,0.0
H0NY11078,C00694778,1920274,1920274,2025-10-15,2025-09-30,True,201743.67,0.0,0.0
H0NY11078,C00694778,1941861,1941861,2026-01-31,2025-12-31,False,209086.29,0.0,0.0
H0NY11078,C00694778,1941861,1987053,2026-06-30,2025-12-31,True,209086.29,0.0,0.0
H0NY11078,C00694778,1963571,1987054,2026-06-30,2026-03-31,True,247882.82,0.0,0.0
H0NY11078,C00694778,1963571,1963571,2026-04-15,2026-03-31,False,247882.82,0.0,0.0
H0NY11078,C00694778,1982608,1987057,2026-06-30,2026-06-03,True,81472.68,0.0,0.0
H0NY11078,C00694778,1982608,1982608,2026-06-11,2026-06-03,False,81472.68,0.0,0.0
H0NY11078,C00694778,1993933,1993933,2026-07-15,2026-06-30,True,55554.93,0.0,0.0
H0NY15160,C00699744,1887595,1904212,2025-07-17,2025-03-31,True,585440.14,0.0,0.0
H0NY15160,C00699744,1887595,1887595,2025-04-15,2025-03-31,False,585440.14,0.0,0.0
H0NY15160,C00699744,1903007,1903007,2025-07-15,2025-06-30,False,371287.20,0.0,0.0
H0NY15160,C00699744,1903007,1904213,2025-07-17,2025-06-30,True,371287.20,0.0,0.0
H0NY15160,C00699744,1921302,1921302,2025-10-15,2025-09-30,False,297234.21,0.0,0.0
H0NY15160,C00699744,1921302,1925378,2025-11-18,2025-09-30,True,297234.21,0.0,0.0
H0NY15160,C00699744,1944095,1944095,2026-01-31,2025-12-31,True,459293.78,0.0,0.0
H0NY15160,C00699744,1967649,1967649,2026-04-15,2026-03-31,True,263652.31,0.0,0.0
H0NY15160,C00699744,1982765,1982765,2026-06-11,2026-06-03,False,274651.90,0.0,0.0
H0NY15160,C00699744,1982765,1991363,2026-07-13,2026-06-03,True,274651.90,0.0,0.0
H0NY15160,C00699744,1997893,1997893,2026-07-15,2026-06-30,True,58824.79,0.0,0.0
H0OK05205,C00703843,1885750,1885750,2025-04-14,2025-03-31,False,87971.59,0.0,0.0
H0OK05205,C00703843,1885750,1893837,2025-05-22,2025-03-31,True,87971.59,0.0,0.0
H0OK05205,C00703843,1901044,1901044,2025-07-14,2025-06-30,False,64396.90,0.0,0.0
H0OK05205,C00703843,1901044,1968271,2026-04-16,2025-06-30,True,64396.90,0.0,0.0
H0OK05205,C00703843,1919853,1919853,2025-10-15,2025-09-30,True,51995.06,0.0,0.0
H0OK05205,C00703843,1937288,1937288,2026-01-29,2025-12-31,True,32362.23,0.0,0.0
H0OK05205,C00703843,1961879,1961879,2026-04-14,2026-03-31,True,107040.40,0.0,0.0
H0OK05205,C00703843,1981100,1981100,2026-06-03,2026-05-27,True,45113.42,0.0,0.0
H0OK05205,C00703843,1992446,1992446,2026-07-14,2026-06-30,True,65063.95,0.0,0.0
H0OR02127,C00725465,1886596,1886596,2025-04-15,2025-03-31,True,25640.01,0.0,0.0
H0OR02127,C00725465,1901740,1901740,2025-07-15,2025-06-30,True,151442.55,0.0,0.0
H0OR02127,C00725465,1919561,1919561,2025-10-14,2025-09-30,True,78918.35,0.0,0.0
H0OR02127,C00725465,1940283,1940283,2026-01-30,2025-12-31,True,32843.86,0.0,0.0
H0OR02127,C00725465,1964994,1964994,2026-04-15,2026-03-31,True,54887.00,0.0,0.0
H0OR02127,C00725465,1973360,1973360,2026-05-07,2026-04-29,True,24552.00,0.0,0.0
H0OR02127,C00725465,1995366,1995366,2026-07-15,2026-06-30,True,80242.49,0.0,0.0
H0PA03271,C00474189,1887408,1887408,2025-04-15,2025-03-31,True,23513.08,0.0,0.0
H0PA03271,C00474189,1902218,1910396,2025-08-06,2025-06-30,True,69584.75,0.0,0.0
H0PA03271,C00474189,1902218,1902218,2025-07-15,2025-06-30,False,69584.75,0.0,0.0
H0PA03271,C00474189,1920359,1920359,2025-10-15,2025-09-30,True,53513.57,0.0,0.0
H0PA03271,C00474189,1940589,1940589,2026-01-30,2025-12-31,True,32287.87,0.0,0.0
H0PA03271,C00474189,1966016,1966016,2026-04-15,2026-03-31,True,55123.71,0.0,0.0
H0PA03271,C00474189,1973330,1973330,2026-05-07,2026-04-29,True,2183.56,0.0,0.0
H0PA03271,C00474189,1996053,1996053,2026-07-15,2026-06-30,True,53904.03,0.0,0.0
H0TN01118,C00741090,1886150,1886150,2025-04-14,2025-03-31,True,44243.22,0.0,0.0
H0TN01118,C00741090,1901453,1901453,2025-07-15,2025-06-30,True,92225.39,0.0,0.0
H0TN01118,C00741090,1919771,1919771,2025-10-15,2025-09-30,True,99917.54,0.0,0.0
H0TN01118,C00741090,1939109,1939109,2026-01-30,2025-12-31,True,40669.82,0.0,0.0
H0TN01118,C00741090,1961751,1961751,2026-04-14,2026-03-31,False,63252.05,0.0,0.0
H0TN01118,C00741090,1961751,1997281,2026-07-15,2026-03-31,True,63252.05,0.0,0.0
H0TN01118,C00741090,1994683,1994683,2026-07-15,2026-06-30,True,100599.84,0.0,0.0
H0TN03254,C00461822,1886489,1886489,2025-04-15,2025-03-31,True,315294.43,0.0,0.0
H0TN03254,C00461822,1900671,1900671,2025-07-14,2025-06-30,True,287177.00,0.0,0.0
H0TN03254,C00461822,1920126,1920126,2025-10-15,2025-09-30,False,141165.00,0.0,0.0
H0TN03254,C00461822,1920126,1932468,2026-01-13,2025-09-30,True,141165.00,0.0,0.0
H0TN03254,C00461822,1932550,1932550,2026-01-14,2025-12-31,True,61114.52,0.0,0.0
H0TN03254,C00461822,1961451,1972509,2026-05-04,2026-03-31,True,407399.75,0.0,0.0
H0TN03254,C00461822,1961451,1961451,2026-04-14,2026-03-31,False,381847.75,0.0,0.0
H0TN03254,C00461822,1991553,2000966,2026-07-21,2026-06-30,True,267700.09,0.0,0.0
H0TN03254,C00461822,1991553,1991553,2026-07-14,2026-06-30,False,267700.09,0.0,0.0
H0TN04195,C00493783,1887187,1887187,2025-04-15,2025-03-31,True,2500.00,0.0,0.0
H0TN04195,C00464073,1887664,1888174,2025-04-15,2025-03-31,True,20530.00,0.0,0.0
H0TN04195,C00464073,1887664,1887664,2025-04-15,2025-03-31,False,20530.00,0.0,0.0
H0TN04195,C00493783,1901651,1901651,2025-07-15,2025-06-30,True,0.00,0.0,0.0
H0TN04195,C00464073,1903140,1903140,2025-07-15,2025-06-30,True,9120.00,0.0,0.0
H0TN04195,C00493783,1920153,1920153,2025-10-15,2025-09-30,True,0.00,0.0,0.0
H0TN04195,C00464073,1921264,1921264,2025-10-15,2025-09-30,True,54145.00,0.0,0.0
H0TN04195,C00464073,1943283,1943283,2026-01-31,2025-12-31,True,53774.20,0.0,0.0
H0TN04195,C00493783,1938916,1938916,2026-01-30,2025-12-31,True,0.00,0.0,0.0
H0TN04195,C00493783,1963829,1963829,2026-04-15,2026-03-31,True,0.00,0.0,0.0
H0TN04195,C00464073,1966718,1966718,2026-04-15,2026-03-31,True,14325.00,0.0,0.0
H0TN04195,C00464073,1997628,1997628,2026-07-15,2026-06-30,True,70862.60,0.0,0.0
H0TN04195,C00493783,1994110,1994110,2026-07-15,2026-06-30,True,0.00,0.0,0.0
H0TX04219,C00750307,1887405,1887405,2025-04-15,2025-03-31,True,25226.89,0.0,0.0
H0TX04219,C00750307,1901975,1901975,2025-07-15,2025-06-30,False,47640.74,0.0,0.0
H0TX04219,C00750307,1901975,1913243,2025-08-28,2025-06-30,True,47640.74,0.0,0.0
H0TX04219,C00750307,1920542,1920542,2025-10-15,2025-09-30,True,41223.30,0.0,0.0
H0TX04219,C00750307,1939709,1939709,2026-01-30,2025-12-31,True,51892.91,0.0,0.0
H0TX04219,C00750307,1947973,1947973,2026-02-19,2026-02-11,True,2315.23,0.0,0.0
H0TX04219,C00750307,1964761,1964761,2026-04-15,2026-03-31,True,42679.80,0.0,0.0
H0TX04219,C00750307,1993491,1993491,2026-07-15,2026-06-30,True,47516.37,0.0,0.0
H0TX08145,C00721597,1886241,1886241,2025-04-14,2025-03-31,True,429.00,0.0,0.0
H0TX08145,C00721597,1901631,1901631,2025-07-15,2025-06-30,True,654.00,0.0,0.0
H0TX08145,C00721597,1925862,1925862,2025-11-20,2025-09-30,True,1385.00,0.0,0.0
H0TX08145,C00721597,1935022,1935022,2026-01-24,2025-12-31,True,2529.00,0.0,0.0
H0TX08145,C00721597,1949724,1949724,2026-02-20,2026-02-11,True,1288.00,0.0,0.0
H0TX08145,C00721597,1960196,1960196,2026-04-11,2026-03-31,True,4484.36,0.0,0.0
H0TX08145,C00721597,1990499,1990499,2026-07-11,2026-06-30,True,8585.64,0.0,0.0
H0TX11230,C00719294,1887096,1887096,2025-04-15,2025-03-31,True,171881.93,0.0,0.0
H0TX11230,C00719294,1902197,1902197,2025-07-15,2025-06-30,True,155198.99,0.0,0.0
H0TX11230,C00719294,1920319,1920319,2025-10-15,2025-09-30,True,84390.45,0.0,0.0
H0TX11230,C00719294,1940257,1940257,2026-01-30,2025-12-31,True,105067.88,0.0,0.0
H0TX11230,C00719294,1948215,1948215,2026-02-19,2026-02-11,True,39515.45,0.0,0.0
H0TX11230,C00719294,1965022,1965022,2026-04-15,2026-03-31,True,83551.13,0.0,0.0
H0TX11230,C00719294,1995835,1995835,2026-07-15,2026-06-30,True,89445.95,0.0,0.0
H0TX13228,C00730531,1887251,1887251,2025-04-15,2025-03-31,True,539615.40,0.0,0.0
H0TX13228,C00730531,1902295,1902295,2025-07-15,2025-06-30,True,363513.39,0.0,0.0
H0TX13228,C00730531,1920321,1923749,2025-10-29,2025-09-30,True,325479.28,0.0,0.0
H0TX13228,C00730531,1920321,1920321,2025-10-15,2025-09-30,False,325479.28,0.0,0.0
H0TX13228,C00730531,1942584,1942584,2026-01-31,2025-12-31,True,404185.13,0.0,0.0
H0TX13228,C00730531,1948180,1948180,2026-02-19,2026-02-11,True,155793.33,0.0,0.0
H0TX13228,C00730531,1966537,1966537,2026-04-15,2026-03-31,True,177269.12,0.0,0.0
H0TX13228,C00730531,1995211,1995211,2026-07-15,2026-06-30,True,639519.66,0.0,0.0
H0TX15124,C00765719,1887746,1944610,2026-02-03,2025-03-31,True,502472.98,0.0,0.0
H0TX15124,C00765719,1887746,1887746,2025-04-15,2025-03-31,False,502472.98,0.0,0.0
H0TX15124,C00765719,1901991,1901991,2025-07-15,2025-06-30,True,514426.30,0.0,0.0
H0TX15124,C00765719,1920805,1920805,2025-10-15,2025-09-30,True,542155.03,0.0,0.0
H0TX15124,C00765719,1942579,1942579,2026-01-31,2025-12-31,True,495524.50,84.0,0.0
H0TX15124,C00765719,1948242,1948242,2026-02-19,2026-02-11,True,224465.35,0.0,0.0
H0TX15124,C00765719,1966949,1966949,2026-04-15,2026-03-31,True,313744.92,0.0,0.0
H0TX15124,C00765719,1997809,1997809,2026-07-15,2026-06-30,True,719511.66,0.0,0.0
H0TX22302,C00730150,1886124,1886124,2025-04-14,2025-03-31,True,26902.09,0.0,0.0
H0TX22302,C00730150,1901489,1901489,2025-07-15,2025-06-30,False,18406.42,0.0,0.0
H0TX22302,C00730150,1901489,1946164,2026-02-12,2025-06-30,True,18406.42,0.0,0.0
H0TX22302,C00730150,1901489,1913651,2025-09-03,2025-06-30,False,18406.42,0.0,0.0
H0TX22302,C00730150,1919966,1919966,2025-10-15,2025-09-30,False,42918.70,0.0,0.0
H0TX22302,C00730150,1919966,1946166,2026-02-12,2025-09-30,True,42918.70,0.0,0.0
H0TX22302,C00730150,1940580,1946169,2026-02-12,2025-12-31,True,70710.87,0.0,0.0
H0TX22302,C00730150,1940580,1940580,2026-01-30,2025-12-31,False,70710.87,0.0,0.0
H0TX22302,C00730150,1960145,1960145,2026-04-11,2026-03-31,True,170.00,0.0,0.0
H0TX22302,C00730150,1990530,1990530,2026-07-11,2026-06-30,True,0.00,0.0,0.0
H0TX24209,C00714865,1887049,1887049,2025-04-15,2025-03-31,True,111754.10,0.0,0.0
H0TX24209,C00714865,1901750,1901750,2025-07-15,2025-06-30,True,85709.24,0.0,0.0
H0TX24209,C00714865,1919780,1919780,2025-10-15,2025-09-30,True,77882.66,0.0,0.0
H0TX24209,C00714865,1933841,1933841,2026-01-20,2025-12-31,True,82973.16,0.0,0.0
H0TX24209,C00714865,1948086,1948086,2026-02-19,2026-02-11,True,25657.83,0.0,0.0
H0TX24209,C00714865,1963574,1963574,2026-04-15,2026-03-31,False,110439.01,0.0,0.0
H0TX24209,C00714865,1963574,1972453,2026-05-04,2026-03-31,True,110439.01,0.0,0.0
H0TX24209,C00714865,1993992,1993992,2026-07-15,2026-06-30,True,76297.96,0.0,0.0
H0UT01205,C00738872,1887008,1887008,2025-04-15,2025-03-31,True,191584.43,0.0,0.0
H0UT01205,C00738872,1902097,1902097,2025-07-15,2025-06-30,True,228452.76,0.0,0.0
H0UT01205,C00738872,1920055,1920055,2025-10-15,2025-09-30,False,134600.29,0.0,0.0
H0UT01205,C00738872,1920055,1923271,2025-10-21,2025-09-30,True,134600.29,0.0,0.0
H0UT01205,C00738872,1940609,1940609,2026-01-30,2025-12-31,True,104098.94,0.0,0.0
H0UT01205,C00738872,1961020,1961020,2026-04-13,2026-04-05,True,139313.92,0.0,0.0
H0UT01205,C00738872,1982613,1995370,2026-07-15,2026-06-03,True,135960.56,0.0,0.0
H0UT01205,C00738872,1982613,1982613,2026-06-11,2026-06-03,False,135960.56,0.0,0.0
H0UT01205,C00738872,1995405,1995405,2026-07-15,2026-06-30,True,65535.03,0.0,0.0
H0VA07133,C00856831,1886390,1914042,2025-09-07,2025-03-31,False,92834.18,0.0,0.0
H0VA07133,C00856831,1886390,1900447,2025-07-14,2025-03-31,False,92834.18,0.0,0.0
H0VA07133,C00856831,1886390,1886390,2025-04-15,2025-03-31,False,92799.18,0.0,0.0
H0VA07133,C00856831,1886390,1914184,2025-09-09,2025-03-31,True,92834.18,0.0,0.0
H0VA07133,C00900118,1886436,1886448,2025-04-15,2025-03-31,False,0.00,0.0,0.0
H0VA07133,C00900118,1886436,1886436,2025-04-15,2025-03-31,False,0.00,0.0,0.0
H0VA07133,C00856831,1886390,1897304,2025-06-26,2025-03-31,False,92834.18,0.0,0.0
H0VA07133,C00900118,1886436,1900449,2025-07-14,2025-03-31,True,0.00,0.0,0.0
H0VA07133,C00900118,1900450,1900450,2025-07-14,2025-06-30,True,0.00,0.0,0.0
H0VA07133,C00856831,1900448,1900448,2025-07-14,2025-06-30,False,91572.83,0.0,0.0
H0VA07133,C00856831,1900448,1914188,2025-09-09,2025-06-30,True,91097.72,0.0,0.0
H0VA07133,C00856831,1921198,1943229,2026-01-31,2025-09-30,True,115034.22,0.0,0.0
H0VA07133,C00856831,1921198,1921198,2025-10-15,2025-09-30,False,115034.22,0.0,0.0
H0VA07133,C00856831,1943275,1943275,2026-01-31,2025-12-31,False,140993.95,0.0,0.0
H0VA07133,C00856831,1943275,1978527,2026-05-21,2025-12-31,True,140993.95,0.0,0.0
H0VA07133,C00856831,1963119,2005708,2026-08-11,2026-03-31,True,317443.05,0.0,0.0
H0VA07133,C00856831,1963119,2005497,2026-08-11,2026-03-31,False,317443.05,0.0,0.0
H0VA07133,C00856831,1963119,1963119,2026-04-15,2026-03-31,False,312356.34,0.0,0.0
H0VA07133,C00856831,1981056,2005712,2026-08-11,2026-05-27,True,182791.53,0.0,0.0
H0VA07133,C00856831,1981056,1994899,2026-07-15,2026-05-27,False,182791.53,0.0,0.0
H0VA07133,C00856831,1981056,1981056,2026-06-03,2026-05-27,False,177399.00,0.0,0.0
H0VA07133,C00856831,1994942,1994942,2026-07-15,2026-06-30,False,152534.08,0.0,0.0
H0VA07133,C00856831,1994942,2005715,2026-08-11,2026-06-30,True,152534.08,0.0,0.0
H0VA09055,C00477240,1886637,1886637,2025-04-15,2025-03-31,True,26361.85,0.0,0.0
H0VA09055,C00477240,1901331,1901331,2025-07-15,2025-06-30,True,41583.13,0.0,0.0
H0VA09055,C00477240,1920582,1920582,2025-10-15,2025-09-30,True,150851.16,0.0,0.0
H0VA09055,C00477240,1942197,1942197,2026-01-31,2025-12-31,True,67532.36,0.0,0.0
H0VA09055,C00477240,1965457,1993938,2026-07-15,2026-03-31,True,125457.15,0.0,0.0
H0VA09055,C00477240,1965457,1965457,2026-04-15,2026-03-31,False,125457.15,0.0,0.0
H0VA09055,C00477240,1994287,1994287,2026-07-15,2026-06-30,True,137299.74,0.0,0.0
H0WA02080,C00345546,1886744,1901731,2025-07-15,2025-03-31,True,72074.00,0.0,0.0
H0WA02080,C00345546,1886744,1886744,2025-04-15,2025-03-31,False,72074.00,0.0,0.0
H0WA02080,C00345546,1901920,1901920,2025-07-15,2025-06-30,True,121789.24,0.0,0.0
H0WA02080,C00345546,1920008,1920008,2025-10-15,2025-09-30,True,163678.00,0.0,0.0
H0WA02080,C00345546,1939801,1939801,2026-01-30,2025-12-31,True,105531.75,0.0,0.0
H0WA02080,C00345546,1963682,1963682,2026-04-15,2026-03-31,True,178261.54,0.0,0.0
H0WA02080,C00345546,1994357,1994357,2026-07-15,2026-06-30,True,177923.50,0.0,0.0
H0WA08046,C00459099,1887226,1887226,2025-04-15,2025-03-31,True,209394.57,0.0,0.0
H0WA08046,C00459099,1903193,1903193,2025-07-15,2025-06-30,True,271868.09,0.0,0.0
H0WA08046,C00459099,1920909,1920909,2025-10-15,2025-09-30,True,348442.84,0.0,0.0
H0WA08046,C00459099,1940921,1940921,2026-01-30,2025-12-31,True,207293.69,0.0,0.0
H0WA08046,C00459099,1963978,1963978,2026-04-15,2026-03-31,True,287768.60,0.0,0.0
H0WA08046,C00459099,1996658,1996658,2026-07-15,2026-06-30,True,393243.34,0.0,0.0
H0WA10034,C00732826,1887413,1887413,2025-04-15,2025-03-31,True,115310.19,0.0,0.0
H0WA10034,C00732826,1902273,1902273,2025-07-15,2025-06-30,True,159553.98,0.0,0.0
H0WA10034,C00732826,1919177,1919177,2025-10-14,2025-09-30,True,122020.51,0.0,0.0
H0WA10034,C00732826,1937039,1937039,2026-01-28,2025-12-31,True,115591.65,0.0,0.0
H0WA10034,C00732826,1960532,1960532,2026-04-13,2026-03-31,True,174531.72,0.0,0.0
H0WA10034,C00732826,1991755,1991755,2026-07-14,2026-06-30,True,136821.89,0.0,0.0
H0WI03175,C00742007,1887897,1887897,2025-04-15,2025-03-31,True,661209.84,0.0,0.0
H0WI03175,C00742007,1903082,1903082,2025-07-15,2025-06-30,True,605668.12,0.0,0.0
H0WI03175,C00742007,1921415,1921415,2025-10-15,2025-09-30,True,604743.03,0.0,0.0
H0WI03175,C00742007,1943316,1943316,2026-01-31,2025-12-31,True,583936.10,0.0,0.0
H0WI03175,C00742007,1967130,1967130,2026-04-15,2026-03-31,True,753640.77,0.0,0.0
H0WI03175,C00742007,1997548,1998479,2026-07-16,2026-06-30,True,984612.58,0.0,0.0
H0WI03175,C00742007,1997548,1997548,2026-07-15,2026-06-30,False,984612.58,0.0,0.0
H0WI05113,C00720011,1887860,1887860,2025-04-15,2025-03-31,False,51637.64,0.0,0.0
H0WI05113,C00720011,1887860,1903183,2025-07-15,2025-03-31,True,51637.64,0.0,0.0
H0WI05113,C00720011,1903186,1903186,2025-07-15,2025-06-30,True,56293.70,0.0,0.0
H0WI05113,C00720011,1921590,1939108,2026-01-30,2025-09-30,True,85863.04,0.0,0.0
H0WI05113,C00720011,1921590,1921590,2025-10-15,2025-09-30,False,85613.04,0.0,0.0
H0WI05113,C00720011,1942082,1942082,2026-01-31,2025-12-31,True,55528.79,0.0,0.0
H0WI05113,C00720011,1966448,1966448,2026-04-15,2026-03-31,True,134582.14,0.0,0.0
H0WI05113,C00720011,1996830,1996830,2026-07-15,2026-06-30,True,87913.28,0.0,0.0
H2AK01083,C00792341,1888074,1888074,2025-04-15,2025-03-31,True,319930.55,0.0,0.0
H2AK01083,C00792341,1902858,1902858,2025-07-15,2025-06-30,True,283532.10,0.0,0.0
H2AK01083,C00792341,1921312,1921312,2025-10-15,2025-09-30,True,390529.84,0.0,0.0
H2AK01083,C00792341,1941225,1941225,2026-01-30,2025-12-31,True,643189.72,0.0,0.0
H2AK01083,C00792341,1966345,1966345,2026-04-15,2026-03-31,True,464529.68,0.0,0.0
H2AK01083,C00792341,1995510,1995510,2026-07-15,2026-06-30,True,540140.87,0.0,0.0
H2AL03032,C00367862,1887968,1887968,2025-04-15,2025-03-31,True,335493.45,0.0,0.0
H2AL03032,C00367862,1903168,1903168,2025-07-15,2025-06-30,True,265868.19,0.0,0.0
H2AL03032,C00367862,1921440,1921440,2025-10-15,2025-09-30,True,144975.26,0.0,0.0
H2AL03032,C00367862,1941623,1941623,2026-01-31,2025-12-31,True,81813.50,0.0,0.0
H2AL03032,C00367862,1966781,1966781,2026-04-15,2026-03-31,True,260479.24,0.0,0.0
H2AL03032,C00367862,1973094,1973094,2026-05-07,2026-04-29,True,79939.93,0.0,0.0
H2AL03032,C00367862,1997075,1997075,2026-07-15,2026-06-30,True,187864.02,0.0,0.0
H2AL05102,C00774281,1886728,1886728,2025-04-15,2025-03-31,False,232574.43,0.0,0.0
H2AL05102,C00774281,1886728,1888564,2025-04-16,2025-03-31,True,232574.43,0.0,0.0
H2AL05102,C00774281,1900482,1900482,2025-07-14,2025-06-30,True,93396.18,0.0,0.0
H2AL05102,C00774281,1919046,1919046,2025-10-14,2025-09-30,True,88902.99,0.0,0.0
H2AL05102,C00774281,1938386,1938386,2026-01-30,2025-12-31,True,20407.25,0.0,0.0
H2AL05102,C00774281,1962967,1962967,2026-04-15,2026-03-31,True,181080.03,0.0,0.0
H2AL05102,C00774281,1973192,1973192,2026-05-07,2026-04-29,False,22943.56,0.0,0.0
H2AL05102,C00774281,1973192,1993497,2026-07-15,2026-04-29,True,22943.56,0.0,0.0
H2AL05102,C00774281,1993511,1993511,2026-07-15,2026-06-30,True,47724.08,0.0,0.0
H2AZ01354,C00784934,1885921,1885921,2025-04-14,2025-03-31,True,1005274.82,0.0,0.0
H2AZ01354,C00784934,1901802,1901802,2025-07-15,2025-06-30,True,1011160.75,0.0,0.0
H2AZ01354,C00784934,1919790,1919790,2025-10-15,2025-09-30,True,1405734.57,0.0,0.0
H2AZ01354,C00784934,1941976,1941976,2026-01-31,2025-12-31,True,1493602.97,0.0,0.0
H2AZ01354,C00784934,1965714,1965714,2026-04-15,2026-03-31,True,1757884.90,0.0,0.0
H2AZ02360,C00786194,1887909,1887909,2025-04-15,2025-03-31,True,259981.65,0.0,0.0
H2AZ02360,C00786194,1901907,1901907,2025-07-15,2025-06-30,True,358689.81,0.0,0.0
H2AZ02360,C00786194,1921421,1921421,2025-10-15,2025-09-30,True,239106.54,0.0,0.0
H2AZ02360,C00786194,1941720,1941720,2026-01-31,2025-12-31,False,507692.88,0.0,0.0
H2AZ02360,C00786194,1941720,1951852,2026-03-05,2025-12-31,True,507692.88,0.0,0.0
H2AZ02360,C00786194,1966563,1966563,2026-04-15,2026-03-31,True,406193.99,0.0,0.0
H2CA00153,C00784835,1885094,1898270,2025-07-03,2025-03-31,True,673.00,0.0,25.0
H2CA00153,C00784835,1885094,1885094,2025-04-10,2025-03-31,False,673.00,0.0,25.0
H2CA00153,C00784835,1898252,1898252,2025-07-03,2025-06-30,False,825.00,0.0,0.0
H2CA00153,C00784835,1898252,1898271,2025-07-03,2025-06-30,True,825.00,0.0,0.0
H2CA00153,C00784835,1918115,1918115,2025-10-08,2025-09-30,True,1275.00,0.0,0.0
H2CA00153,C00784835,1935199,1935199,2026-01-25,2025-12-31,True,800.00,0.0,0.0
H2CA00153,C00784835,1957907,1957907,2026-04-05,2026-03-31,True,3736.00,0.0,0.0
H2CA00153,C00784835,1976822,1976822,2026-05-20,2026-05-13,True,403.00,0.0,0.0
H2CA00153,C00784835,1989849,1989849,2026-07-10,2026-06-30,True,839.00,0.0,0.0
H2CA06259,C00536680,1887362,1887362,2025-04-15,2025-03-31,False,133509.83,0.0,0.0
H2CA06259,C00536680,1887362,1890779,2025-05-01,2025-03-31,False,133509.83,0.0,0.0
H2CA06259,C00536680,1887362,1896340,2025-06-19,2025-03-31,False,133509.83,0.0,0.0
H2CA06259,C00536680,1887362,1917998,2025-10-07,2025-03-31,False,133509.83,0.0,0.0
H2CA06259,C00536680,1887362,1954611,2026-03-19,2025-03-31,True,133509.83,0.0,0.0
H2CA06259,C00536680,1903226,1903226,2025-07-15,2025-06-30,False,79697.29,0.0,0.0
H2CA06259,C00536680,1903226,1954612,2026-03-19,2025-06-30,True,79697.29,0.0,0.0
H2CA06259,C00536680,1921057,1921057,2025-10-15,2025-09-30,False,66398.00,0.0,0.0
H2CA06259,C00536680,1921057,1954613,2026-03-19,2025-09-30,True,66398.00,0.0,0.0
H2CA06259,C00536680,1940956,1954614,2026-03-19,2025-12-31,False,65423.50,0.0,0.0
H2CA06259,C00536680,1940956,1940956,2026-01-30,2025-12-31,False,65600.50,0.0,0.0
H2CA06259,C00536680,1940956,2012725,2026-09-17,2025-12-31,True,65423.50,0.0,0.0
H2CA06259,C00536680,1940956,2005701,2026-08-11,2025-12-31,False,65423.50,0.0,0.0
H2CA06259,C00536680,1966103,1981185,2026-06-03,2026-03-31,False,74416.49,0.0,0.0
H2CA06259,C00536680,1966103,1980614,2026-05-31,2026-03-31,False,74416.49,0.0,0.0
H2CA06259,C00536680,1966103,2005703,2026-08-11,2026-03-31,False,74416.49,0.0,0.0
H2CA06259,C00536680,1966103,1966103,2026-04-15,2026-03-31,False,76616.49,0.0,0.0
H2CA06259,C00536680,1966103,2012727,2026-09-17,2026-03-31,True,74416.49,0.0,0.0
H2CA06259,C00536680,1978668,2012730,2026-09-17,2026-05-13,True,138341.46,0.0,0.0
H2CA06259,C00536680,1978668,1982141,2026-06-09,2026-05-13,False,138341.46,0.0,0.0
H2CA06259,C00536680,1978668,1980615,2026-05-31,2026-05-13,False,138341.46,0.0,0.0
H2CA06259,C00536680,1978668,2005704,2026-08-11,2026-05-13,False,138341.46,0.0,0.0
H2CA06259,C00536680,1978668,1981181,2026-06-03,2026-05-13,False,138341.46,0.0,0.0
H2CA06259,C00536680,1978668,1978668,2026-05-21,2026-05-13,False,138341.46,0.0,0.0
H2CA06259,C00536680,1996104,2012735,2026-09-17,2026-06-30,True,49795.25,0.0,0.0
H2CA06259,C00536680,1996104,1996104,2026-07-15,2026-06-30,False,49795.25,0.0,0.0
H2CA06259,C00536680,1996104,2010300,2026-08-31,2026-06-30,False,49795.25,0.0,0.0
H2CA13115,C00801431,1887973,1893856,2025-05-23,2025-03-31,False,228536.27,0.0,0.0
H2CA13115,C00801431,1887973,1887973,2025-04-15,2025-03-31,False,235432.31,0.0,0.0
H2CA13115,C00801431,1887973,1905542,2025-07-22,2025-03-31,True,228286.27,0.0,0.0
H2CA13115,C00801431,1903250,1913798,2025-09-04,2025-06-30,True,401056.51,0.0,0.0
H2CA13115,C00801431,1903250,1903250,2025-07-15,2025-06-30,False,453261.61,0.0,0.0
H2CA13115,C00801431,1921397,1934604,2026-01-22,2025-09-30,True,338336.06,0.0,0.0
H2CA13115,C00801431,1921397,1921397,2025-10-15,2025-09-30,False,338336.06,0.0,0.0
H2CA13115,C00801431,1943786,1965744,2026-04-15,2025-12-31,True,364943.18,0.0,0.0
H2CA13115,C00801431,1943786,1943786,2026-01-31,2025-12-31,False,364943.18,0.0,0.0
H2CA13115,C00801431,1966021,1978667,2026-05-21,2026-03-31,True,612182.54,0.0,0.0
H2CA13115,C00801431,1966021,1966021,2026-04-15,2026-03-31,False,612182.54,0.0,0.0
H2CA13115,C00801431,1978672,1978672,2026-05-21,2026-05-13,True,213404.74,0.0,0.0
H2CA13115,C00801431,1997331,1997331,2026-07-15,2026-06-30,True,264704.96,0.0,0.0
H2CA14162,C00795005,1887344,1917736,2025-10-06,2025-03-31,False,55021.00,0.0,0.0
H2CA14162,C00795005,1887344,2005436,2026-08-10,2025-03-31,True,55021.00,0.0,0.0
H2CA14162,C00795005,1887344,1891363,2025-05-07,2025-03-31,False,55021.00,0.0,0.0
H2CA14162,C00795005,1887344,1892130,2025-05-14,2025-03-31,False,55021.00,0.0,0.0
H2CA14162,C00795005,1887344,1942692,2026-01-31,2025-03-31,False,55021.00,0.0,0.0
H2CA14162,C00795005,1887344,1887344,2025-04-15,2025-03-31,False,55021.00,0.0,0.0
H2CA14162,C00795005,1903242,1903242,2025-07-15,2025-06-30,False,68846.00,0.0,0.0
H2CA14162,C00795005,1903242,2005437,2026-08-10,2025-06-30,True,68846.00,0.0,0.0
H2CA14162,C00795005,1903242,1942719,2026-01-31,2025-06-30,False,68846.00,0.0,0.0
H2CA14162,C00795005,1903242,1917737,2025-10-06,2025-06-30,False,68846.00,0.0,0.0
H2CA14162,C00795005,1903242,1927980,2025-12-10,2025-06-30,False,68846.00,0.0,0.0
H2CA14162,C00795005,1903242,1923877,2025-10-31,2025-06-30,False,68846.00,0.0,0.0
H2CA14162,C00795005,1921046,1921046,2025-10-15,2025-09-30,False,68564.00,0.0,0.0
H2CA14162,C00795005,1921046,1942727,2026-01-31,2025-09-30,False,68564.00,0.0,0.0
H2CA14162,C00795005,1921046,1927981,2025-12-10,2025-09-30,False,68564.00,0.0,0.0
H2CA14162,C00795005,1921046,2005438,2026-08-10,2025-09-30,True,68564.00,0.0,0.0
H2CA14162,C00795005,1921046,1924063,2025-11-04,2025-09-30,False,68564.00,0.0,0.0
H2CA14162,C00795005,1942749,2010554,2026-09-02,2025-12-31,True,55411.85,0.0,0.0
H2CA14162,C00795005,1942749,1979518,2026-05-26,2025-12-31,False,55411.85,0.0,0.0
H2CA14162,C00795005,1942749,1956807,2026-03-31,2025-12-31,False,55911.85,0.0,0.0
H2CA14162,C00795005,1942749,2005440,2026-08-10,2025-12-31,False,55411.85,0.0,0.0
H2CA14162,C00795005,1942749,1957177,2026-04-01,2025-12-31,False,55411.85,0.0,0.0
H2CA14162,C00795005,1942749,1985072,2026-06-18,2025-12-31,False,55411.85,0.0,0.0
H2CA14162,C00795005,1942749,1942749,2026-01-31,2025-12-31,False,55911.85,0.0,0.0
H2CA14162,C00795005,1966320,1979515,2026-05-26,2026-03-31,False,50613.00,0.0,0.0
H2CA14162,C00795005,1966320,1985073,2026-06-18,2026-03-31,False,50613.00,0.0,0.0
H2CA14162,C00795005,1966320,1966320,2026-04-15,2026-03-31,False,50613.00,0.0,0.0
H2CA14162,C00795005,1966320,2005442,2026-08-10,2026-03-31,False,50263.00,0.0,0.0
H2CA14162,C00795005,1966320,2010557,2026-09-02,2026-03-31,True,50263.00,0.0,0.0
H2CA14162,C00795005,1978737,1978737,2026-05-21,2026-05-13,False,21394.00,0.0,0.0
H2CA14162,C00795005,1978737,2010302,2026-08-31,2026-05-13,True,21394.00,0.0,0.0
H2CA14162,C00795005,1978737,2005444,2026-08-10,2026-05-13,False,21394.00,0.0,0.0
H2CA14162,C00795005,1978737,1985076,2026-06-18,2026-05-13,False,21394.00,0.0,0.0
H2CA14162,C00795005,1996475,1996475,2026-07-15,2026-06-30,False,27825.00,0.0,0.0
H2CA14162,C00795005,1996475,2010558,2026-09-02,2026-06-30,True,27825.00,0.0,0.0
H2CA14162,C00795005,1996475,2010304,2026-08-31,2026-06-30,False,27825.00,0.0,0.0
H2CA14162,C00795005,1996475,2005445,2026-08-10,2026-06-30,False,27825.00,0.0,0.0
H2CA20094,C00499392,1888091,1898197,2025-07-03,2025-03-31,True,220771.68,0.0,0.0
H2CA20094,C00499392,1888091,1888091,2025-04-15,2025-03-31,False,220771.68,0.0,0.0
H2CA20094,C00499392,1903158,1903158,2025-07-15,2025-06-30,True,170104.38,0.0,0.0
H2CA20094,C00499392,1921528,1921528,2025-10-15,2025-09-30,True,265552.50,0.0,0.0
H2CA20094,C00499392,1943913,1943913,2026-01-31,2025-12-31,True,147329.14,0.0,0.0
H2CA20094,C00499392,1966858,1966858,2026-04-15,2026-03-31,True,337835.65,0.0,0.0
H2CA20094,C00499392,1978756,1978756,2026-05-21,2026-05-13,True,28674.71,0.0,0.0
H2CA20094,C00499392,1996880,1996880,2026-07-15,2026-06-30,True,253324.31,0.0,0.0
H2CA31125,C00510461,1887795,1887795,2025-04-15,2025-03-31,False,280331.76,0.0,0.0
H2CA31125,C00510461,1887795,1902590,2025-07-15,2025-03-31,True,280331.76,0.0,0.0
H2CA31125,C00510461,1902712,1919488,2025-10-14,2025-06-30,True,390960.46,0.0,0.0
H2CA31125,C00510461,1902712,1902712,2025-07-15,2025-06-30,False,390960.46,0.0,0.0
H2CA31125,C00510461,1919492,1963530,2026-04-15,2025-09-30,True,377299.31,0.0,0.0
H2CA31125,C00510461,1919492,1919492,2025-10-14,2025-09-30,False,377299.31,0.0,0.0
H2CA31125,C00510461,1939451,1939451,2026-01-30,2025-12-31,False,185452.49,0.0,0.0
H2CA31125,C00510461,1939451,1963539,2026-04-15,2025-12-31,True,185452.49,0.0,0.0
H2CA31125,C00510461,1966298,1966298,2026-04-15,2026-03-31,False,362652.68,0.0,0.0
H2CA31125,C00510461,1966298,1976598,2026-05-19,2026-03-31,True,362652.68,0.0,0.0
H2CA31125,C00510461,1978682,1978682,2026-05-21,2026-05-13,True,150013.18,0.0,0.0
H2CA31125,C00510461,1995123,1995123,2026-07-15,2026-06-30,True,161623.57,0.0,0.0
H2CA36439,C00502575,1887557,1897637,2025-07-01,2025-03-31,True,223318.94,0.0,0.0
H2CA36439,C00502575,1887557,1887557,2025-04-15,2025-03-31,False,223318.94,0.0,0.0
H2CA36439,C00502575,1902514,1902514,2025-07-15,2025-06-30,True,210961.75,0.0,0.0
H2CA36439,C00502575,1921315,1921315,2025-10-15,2025-09-30,True,204826.65,0.0,0.0
H2CA36439,C00502575,1941913,1941913,2026-01-31,2025-12-31,True,114599.43,0.0,0.0
H2CA36439,C00502575,1966824,1966824,2026-04-15,2026-03-31,True,208252.47,0.0,0.0
H2CA36439,C00502575,1978517,1978517,2026-05-21,2026-05-13,True,52311.26,0.0,0.0
H2CA36439,C00502575,1997045,1997045,2026-07-15,2026-06-30,True,93653.30,0.0,0.0
H2CA37023,C00257337,1887335,1887335,2025-04-15,2025-03-31,True,469266.18,0.0,0.0
H2CA37023,C00257337,1901584,1901584,2025-07-15,2025-06-30,True,509607.43,0.0,0.0
H2CA37023,C00257337,1920529,1920529,2025-10-15,2025-09-30,True,250216.38,0.0,0.0
H2CA37023,C00257337,1940658,1956868,2026-03-31,2025-12-31,True,375855.31,0.0,0.0
H2CA37023,C00257337,1940658,1940658,2026-01-30,2025-12-31,False,375855.31,0.0,0.0
H2CA37023,C00257337,1964795,1964795,2026-04-15,2026-03-31,False,350169.85,0.0,0.0
H2CA37023,C00257337,1964795,1986315,2026-06-22,2026-03-31,True,350169.85,0.0,0.0
H2CA37023,C00257337,1978728,1978728,2026-05-21,2026-05-13,True,310428.32,0.0,0.0
H2CA37023,C00257337,1995755,1995755,2026-07-15,2026-06-30,True,265758.81,0.0,0.0
H2CA37304,C00795823,1886902,1886902,2025-04-15,2025-03-31,True,30718.24,0.0,0.0
H2CA37304,C00795823,1902017,1902017,2025-07-15,2025-06-30,True,45328.81,0.0,0.0
H2CA37304,C00795823,1920211,1934197,2026-01-21,2025-09-30,True,86889.20,0.0,0.0
H2CA37304,C00795823,1920211,1923232,2025-10-21,2025-09-30,False,86889.20,0.0,0.0
H2CA37304,C00795823,1920211,1920211,2025-10-15,2025-09-30,False,86889.20,0.0,0.0
H2CA37304,C00795823,1940587,1940587,2026-01-30,2025-12-31,True,43446.00,0.0,0.0
H2CA37304,C00795823,1965090,1965090,2026-04-15,2026-03-31,True,89503.81,0.0,0.0
H2CA37304,C00795823,1978438,1978438,2026-05-21,2026-05-13,True,272348.31,0.0,0.0
H2CA37304,C00795823,1995479,1995479,2026-07-15,2026-06-30,True,196425.35,0.0,0.0
H2CA38260,C00946038,1990669,1990669,2026-07-12,2026-06-30,True,1209.00,500.0,0.0
H2CA39078,C00384057,1886648,1886648,2025-04-15,2025-03-31,True,73999.79,0.0,0.0
H2CA39078,C00384057,1902203,1902203,2025-07-15,2025-06-30,True,26589.58,0.0,0.0
H2CA39078,C00384057,1920400,1920400,2025-10-15,2025-09-30,True,10545.98,0.0,0.0
H2CA39078,C00384057,1941814,1941814,2026-01-31,2025-12-31,True,42211.96,0.0,0.0
H2CA39078,C00384057,1965227,1965227,2026-04-15,2026-03-31,True,84021.17,0.0,0.0
H2CA39078,C00384057,1978532,1978532,2026-05-21,2026-05-13,True,26976.76,0.0,0.0
H2CA39078,C00384057,1995769,1995769,2026-07-15,2026-06-30,True,78917.14,0.0,0.0
H2CA39151,C00776930,1883737,1883737,2025-04-02,2025-03-31,True,0.00,0.0,0.0
H2CA39151,C00776930,1899245,1899245,2025-07-09,2025-06-30,True,2000.00,0.0,0.0
H2CA39151,C00776930,1917533,1917533,2025-10-04,2025-09-30,True,6625.00,0.0,0.0
H2CA39151,C00776930,1930804,1930804,2026-01-05,2025-12-31,True,0.00,0.0,0.0
H2CA39151,C00776930,1957624,1957624,2026-04-03,2026-03-31,True,58512.33,0.0,0.0
H2CA39151,C00776930,1974808,1974808,2026-05-14,2026-05-13,True,0.00,0.0,0.0
H2CA39151,C00776930,1988350,1988350,2026-07-06,2026-06-30,True,14184.00,0.0,0.0
H2CA43245,C00498667,1887296,1887296,2025-04-15,2025-03-31,True,73520.88,0.0,0.0
H2CA43245,C00498667,1903218,1903218,2025-07-15,2025-06-30,True,85150.86,0.0,0.0
H2CA43245,C00498667,1921285,1921285,2025-10-15,2025-09-30,True,71442.38,0.0,0.0
H2CA43245,C00498667,1943696,1943696,2026-01-31,2025-12-31,True,70440.09,0.0,0.0
H2CA43245,C00498667,1966286,1966286,2026-04-15,2026-03-31,True,87650.90,0.0,0.0
H2CA43245,C00498667,1978587,1978587,2026-05-21,2026-05-13,True,27059.06,0.0,0.0
H2CA43245,C00498667,1996482,1996482,2026-07-15,2026-06-30,True,62725.66,0.0,0.0
H2CA47188,C00797795,1887722,1887722,2025-04-15,2025-03-31,True,227375.28,0.0,0.0
H2CA47188,C00797795,1903049,1903049,2025-07-15,2025-06-30,True,176605.93,0.0,0.0
H2CA47188,C00797795,1921359,1921359,2025-10-15,2025-09-30,True,217614.93,0.0,0.0
H2CA47188,C00797795,1942946,1942946,2026-01-31,2025-12-31,True,228183.76,0.0,0.0
H2CA47188,C00797795,1966105,1966105,2026-04-15,2026-03-31,True,626273.93,0.0,0.0
H2CA47188,C00797795,1978645,1978645,2026-05-21,2026-05-13,True,220290.48,0.0,0.0
H2CA47188,C00797795,1997678,1997678,2026-07-15,2026-06-30,True,262267.60,0.0,0.0
H2CA50026,C00497321,1886219,1886219,2025-04-14,2025-03-31,True,90060.14,0.0,0.0
H2CA50026,C00497321,1900490,1900490,2025-07-14,2025-06-30,True,267.00,0.0,0.0
H2CA50026,C00497321,1918222,1918222,2025-10-09,2025-09-30,True,15.07,0.0,0.0
H2CA50026,C00497321,1935142,1935142,2026-01-25,2025-12-31,True,1012.02,0.0,0.0
H2CA50026,C00497321,1960676,1960676,2026-04-13,2026-03-31,True,17787.15,0.0,0.0
H2CA50026,C00497321,1977654,1977654,2026-05-20,2026-05-13,True,9252.13,0.0,0.0
H2CA50026,C00497321,1994535,1994535,2026-07-15,2026-06-30,True,17609.00,0.0,0.0
H2CA52089,C00503110,1886644,1886644,2025-04-15,2025-03-31,True,56858.50,0.0,0.0
H2CA52089,C00503110,1902177,1902177,2025-07-15,2025-06-30,True,33182.50,1181.9,0.0
H2CA52089,C00503110,1921073,1921073,2025-10-15,2025-09-30,True,58264.13,0.0,0.0
H2CA52089,C00503110,1940812,1940812,2026-01-30,2025-12-31,True,45854.07,0.0,0.0
H2CA52089,C00503110,1963851,1963851,2026-04-15,2026-03-31,True,63775.65,459.53,0.0
H2CA52089,C00503110,1978350,1978350,2026-05-21,2026-05-13,True,20381.63,0.0,0.0
H2CA52089,C00503110,1994995,1994995,2026-07-15,2026-06-30,True,57663.67,0.0,0.0
H2CT02112,C00410233,1886658,1886658,2025-04-15,2025-03-31,True,42641.00,0.0,0.0
H2CT02112,C00410233,1901792,1901792,2025-07-15,2025-06-30,True,28586.06,0.0,0.0
H2CT02112,C00410233,1920262,1920262,2025-10-15,2025-09-30,True,62989.97,0.0,0.0
H2CT02112,C00410233,1939668,1939668,2026-01-30,2025-12-31,True,52215.75,0.0,0.0
H2CT02112,C00410233,1966640,1966640,2026-04-15,2026-03-31,True,48105.76,0.0,0.0
H2CT02112,C00410233,1971648,1971648,2026-04-29,2026-04-21,True,3844.77,0.0,0.0
H2CT02112,C00410233,1996201,1996201,2026-07-15,2026-06-30,True,84655.50,0.0,0.0
H2CT03102,C00785634,1886284,1886284,2025-04-14,2025-03-31,True,0.00,700.0,0.0
H2CT03102,C00785634,1920914,1920914,2025-10-15,2025-09-30,True,0.00,0.0,0.0
H2CT03102,C00785634,1941453,1941453,2026-01-30,2025-12-31,True,104.10,0.0,35.81
H2CT03102,C00785634,2002500,2002500,2026-07-28,2026-03-31,True,1110.42,0.0,16000.0
H2CT03102,C00785634,2001264,2001264,2026-07-22,2026-06-30,True,2854.91,0.0,0.0
H2FL04211,C00816983,1887717,1887717,2025-04-15,2025-03-31,True,78634.48,0.0,0.0
H2FL04211,C00816983,1901362,1901362,2025-07-15,2025-06-30,True,162816.20,0.0,0.0
H2FL04211,C00816983,1920515,1920515,2025-10-15,2025-09-30,True,141733.26,0.0,0.0
H2FL04211,C00816983,1938777,1938777,2026-01-30,2025-12-31,True,92851.26,0.0,0.0
H2FL04211,C00816983,1964864,1964864,2026-04-15,2026-03-31,True,77533.52,0.0,0.0
H2FL04211,C00816983,1993244,1993244,2026-07-15,2026-06-30,True,299175.11,0.0,0.0
H2FL10259,C00786822,1887375,1887375,2025-04-15,2025-03-31,True,564934.97,0.0,0.0
H2FL10259,C00786822,1902199,1902199,2025-07-15,2025-06-30,True,605412.08,4250.0,0.0
H2FL10259,C00786822,1920530,1920530,2025-10-15,2025-09-30,True,478429.74,0.0,0.0
H2FL10259,C00786822,1942348,1942348,2026-01-31,2025-12-31,True,333161.28,0.0,0.0
H2FL10259,C00786822,1964716,1964716,2026-04-15,2026-03-31,True,556770.71,2000.0,0.0
H2FL10259,C00786822,1996972,2004723,2026-08-06,2026-06-30,True,506916.60,2000.0,0.0
H2FL10259,C00786822,1996972,1996972,2026-07-15,2026-06-30,False,506916.60,2000.0,0.0
H2FL14053,C00494856,1885354,1885354,2025-04-11,2025-03-31,True,219513.24,0.0,0.0
H2FL14053,C00494856,1901954,1901954,2025-07-15,2025-06-30,True,232509.82,0.0,0.0
H2FL14053,C00494856,1920205,1950433,2026-02-25,2025-09-30,True,240170.01,0.0,0.0
H2FL14053,C00494856,1920205,1920205,2025-10-15,2025-09-30,False,240170.01,0.0,0.0
H2FL14053,C00494856,1943455,1943455,2026-01-31,2025-12-31,True,361011.49,0.0,0.0
H2FL14053,C00494856,1966093,1966093,2026-04-15,2026-03-31,True,311937.51,0.0,0.0
H2FL14053,C00494856,1996409,2009821,2026-08-26,2026-06-30,True,248339.31,0.0,0.0
H2FL14053,C00494856,1996409,2005850,2026-08-12,2026-06-30,False,248339.31,0.0,0.0
H2FL14053,C00494856,1996409,1996409,2026-07-15,2026-06-30,False,248289.31,0.0,0.0
H2FL14053,C00494856,1996409,2003886,2026-08-04,2026-06-30,False,248339.31,0.0,0.0
H2FL15241,C00815373,1887567,1887567,2025-04-15,2025-03-31,True,31047.82,0.0,0.0
H2FL15241,C00815373,1903256,1903256,2025-07-15,2025-06-30,True,57177.27,0.0,0.0
H2FL15241,C00815373,1921224,1921224,2025-10-15,2025-09-30,False,128850.79,0.0,0.0
H2FL15241,C00815373,1921224,1930195,2025-12-29,2025-09-30,True,128850.79,0.0,0.0
H2FL15241,C00815373,1943259,1943259,2026-01-31,2025-12-31,False,69213.97,0.0,0.0
H2FL15241,C00815373,1943259,1954903,2026-03-20,2025-12-31,True,69213.97,0.0,0.0
H2FL15241,C00815373,1965933,1965933,2026-04-15,2026-03-31,True,80977.51,0.0,0.0
H2FL15241,C00815373,1995924,2002247,2026-07-27,2026-06-30,True,71619.64,0.0,0.0
H2FL15241,C00815373,1995924,1995924,2026-07-15,2026-06-30,False,71619.64,0.0,0.0
H2FL21132,C00791541,1887590,1887590,2025-04-15,2025-03-31,True,1482.04,6057.0,0.0
H2FL21132,C00791541,1901323,1901323,2025-07-15,2025-06-30,True,2764.73,1849.0,52026.0
H2FL21132,C00791541,1920475,1920475,2025-10-15,2025-09-30,True,9087.86,6419.72,0.0
H2FL21132,C00791541,1942182,1942182,2026-01-31,2025-12-31,True,12622.24,7458.05,0.0
H2FL21132,C00791541,1966193,1966193,2026-04-15,2026-03-31,True,32681.34,4796.0,0.0
H2FL21132,C00791541,1994694,1994694,2026-07-15,2026-06-30,False,12180.90,5447.0,0.0
H2FL21132,C00791541,1994694,2012551,2026-09-17,2026-06-30,True,12180.90,5447.0,0.0
H2FL22171,C00807628,1886461,1886461,2025-04-15,2025-03-31,True,122976.46,0.0,0.0
H2FL22171,C00807628,1902507,1902507,2025-07-15,2025-06-30,True,274541.68,0.0,0.0
H2FL22171,C00807628,1919932,1919932,2025-10-15,2025-09-30,True,311588.95,0.0,0.0
H2FL22171,C00807628,1942914,1982332,2026-06-10,2025-12-31,True,293281.62,0.0,0.0
H2FL22171,C00807628,1942914,1961761,2026-04-14,2025-12-31,False,293281.62,0.0,0.0
H2FL22171,C00807628,1942914,1942914,2026-01-31,2025-12-31,False,293281.62,0.0,0.0
H2FL22171,C00807628,1963291,1982539,2026-06-11,2026-03-31,True,256385.43,0.0,0.0
H2FL22171,C00807628,1963291,1963291,2026-04-15,2026-03-31,False,256385.43,0.0,0.0
H2FL22171,C00807628,1995499,1995499,2026-07-15,2026-06-30,True,677000.82,0.0,0.0
H2FL25018,C00376087,1887164,1887164,2025-04-15,2025-03-31,True,178790.44,0.0,0.0
H2FL25018,C00376087,1900914,1900914,2025-07-14,2025-06-30,True,123520.00,0.0,0.0
H2FL25018,C00376087,1918628,1918628,2025-10-11,2025-09-30,True,202803.00,0.0,0.0
H2FL25018,C00376087,1941965,1941965,2026-01-31,2025-12-31,True,196725.25,0.0,0.0
H2FL25018,C00376087,1965124,1965124,2026-04-15,2026-03-31,True,176767.00,0.0,0.0
H2FL25018,C00376087,1990759,1990759,2026-07-12,2026-06-30,True,213691.59,0.0,0.0
H2GA02031,C00266940,1887654,1887654,2025-04-15,2025-03-31,True,30362.15,0.0,0.0
H2GA02031,C00266940,1902485,1902485,2025-07-15,2025-06-30,True,94300.67,0.0,0.0
H2GA02031,C00266940,1920326,1920326,2025-10-15,2025-09-30,True,71848.31,0.0,0.0
H2GA02031,C00266940,1940817,1940817,2026-01-30,2025-12-31,True,31345.00,0.0,0.0
H2GA02031,C00266940,1967243,1994755,2026-07-15,2026-03-31,True,72472.68,0.0,0.0
H2GA02031,C00266940,1967243,1967243,2026-04-15,2026-03-31,False,72472.68,0.0,0.0
H2GA02031,C00266940,1973322,1973322,2026-05-07,2026-04-29,True,53489.06,0.0,0.0
H2GA02031,C00266940,1994725,1994725,2026-07-15,2026-06-30,True,23900.27,0.0,0.0
H2GA12121,C00504019,1886382,1886382,2025-04-15,2025-03-31,True,140802.45,0.0,0.0
H2GA12121,C00504019,1900246,1900246,2025-07-12,2025-06-30,True,89621.89,0.0,0.0
H2GA12121,C00504019,1918107,1918107,2025-10-08,2025-09-30,True,116365.45,0.0,0.0
H2GA12121,C00504019,1934175,1934175,2026-01-21,2025-12-31,True,27180.70,0.0,0.0
H2GA12121,C00504019,1963281,1963281,2026-04-15,2026-03-31,True,50140.66,0.0,0.0
H2GA12121,C00504019,1973268,1973268,2026-05-07,2026-04-29,True,12961.00,0.0,0.0
H2GA12121,C00504019,1988418,1988418,2026-07-06,2026-06-30,True,44212.09,0.0,0.0
H2HI02128,C00680918,1884068,1884068,2025-04-04,2025-03-31,True,57921.00,0.0,0.0
H2HI02128,C00680918,1900136,1900136,2025-07-11,2025-06-30,True,74060.69,0.0,0.0
H2HI02128,C00680918,1918834,1918834,2025-10-13,2025-09-30,True,37891.99,0.0,0.0
H2HI02128,C00680918,1942105,1942105,2026-01-31,2025-12-31,True,87109.61,0.0,0.0
H2HI02128,C00680918,1967082,1967082,2026-04-15,2026-03-31,True,123165.15,0.0,0.0
H2HI02128,C00680918,1997510,1997510,2026-07-15,2026-06-30,True,157067.78,0.0,0.0
H2HI02581,C00813758,1887391,1887391,2025-04-15,2025-03-31,True,78612.80,0.0,0.0
H2HI02581,C00813758,1903012,1903012,2025-07-15,2025-06-30,True,99007.85,0.0,0.0
H2HI02581,C00813758,1921186,1921186,2025-10-15,2025-09-30,True,35486.30,0.0,0.0
H2HI02581,C00813758,1941319,1941319,2026-01-30,2025-12-31,True,142971.30,0.0,0.0
H2HI02581,C00813758,1966301,1966301,2026-04-15,2026-03-31,True,170725.56,0.0,0.0
H2HI02581,C00813758,1997647,1997647,2026-07-15,2026-06-30,True,92696.30,0.0,0.0
H2IA02111,C00787820,1887642,1887642,2025-04-15,2025-03-31,True,0.00,0.0,0.0
H2IA02111,C00787820,1902329,1902329,2025-07-15,2025-06-30,True,722217.55,7000.0,0.0
H2IA02111,C00787820,1921223,1921223,2025-10-15,2025-09-30,True,967164.59,0.0,0.0
H2IA02111,C00787820,1942572,1942572,2026-01-31,2025-12-31,True,1036668.46,0.0,0.0
H2IA02111,C00787820,1965497,1965497,2026-04-15,2026-03-31,True,1308154.93,0.0,0.0
H2IA02111,C00787820,1978355,1978355,2026-05-21,2026-05-13,True,493346.98,0.0,0.0
H2IA02111,C00787820,1994960,1994960,2026-07-15,2026-06-30,True,1120787.47,0.0,0.0
H2IA03119,C00784389,1887534,1897093,2025-06-23,2025-03-31,True,155489.46,0.0,0.0
H2IA03119,C00784389,1887534,1887534,2025-04-15,2025-03-31,False,155489.46,0.0,0.0
H2IA03119,C00784389,1902663,1902663,2025-07-15,2025-06-30,False,232470.46,0.0,0.0
H2IA03119,C00784389,1902663,1921413,2025-10-15,2025-06-30,False,232470.46,0.0,0.0
H2IA03119,C00784389,1902663,1956174,2026-03-25,2025-06-30,True,235770.46,0.0,0.0
H2IA03119,C00784389,1921417,1956175,2026-03-25,2025-09-30,True,134184.88,0.0,0.0
H2IA03119,C00784389,1921417,1921417,2025-10-15,2025-09-30,False,134184.88,0.0,0.0
H2IA03119,C00784389,1940922,1956176,2026-03-25,2025-12-31,True,115684.21,0.0,0.0
H2IA03119,C00784389,1940922,1940922,2026-01-30,2025-12-31,False,115684.21,0.0,0.0
H2IA03119,C00784389,1966562,1966562,2026-04-15,2026-03-31,False,175842.91,0.0,0.0
H2IA03119,C00784389,1966562,2005407,2026-08-10,2026-03-31,True,175842.91,0.0,0.0
H2IA03119,C00784389,1978686,1978686,2026-05-21,2026-05-13,True,79638.56,0.0,0.0
H2IA03119,C00784389,1997689,1997689,2026-07-15,2026-06-30,True,113691.37,0.0,0.0
H2ID01192,C00808022,1884749,1884749,2025-04-09,2025-03-31,False,1603.00,0.0,0.0
H2ID01192,C00808022,1884749,1982165,2026-06-10,2025-03-31,True,1603.00,0.0,0.0
H2ID01192,C00808022,1900829,1900829,2025-07-14,2025-06-30,False,24705.00,0.0,0.0
H2ID01192,C00808022,1900829,1982167,2026-06-10,2025-06-30,True,24955.00,0.0,0.0
H2ID01192,C00808022,1921277,1982168,2026-06-10,2025-09-30,True,21816.00,0.0,0.0
H2ID01192,C00808022,1921277,1921277,2025-10-15,2025-09-30,False,21816.00,0.0,0.0
H2ID01192,C00808022,1942486,1982169,2026-06-10,2025-12-31,False,30523.09,0.0,0.0
H2ID01192,C00808022,1942486,1982173,2026-06-10,2025-12-31,True,30523.09,0.0,0.0
H2ID01192,C00808022,1942486,1942486,2026-01-31,2025-12-31,False,30523.09,0.0,0.0
H2ID01192,C00808022,1963461,1982174,2026-06-10,2026-03-31,True,37820.27,0.0,0.0
H2ID01192,C00808022,1963461,1963461,2026-04-15,2026-03-31,False,37820.27,0.0,0.0
H2ID01192,C00808022,1973008,1982175,2026-06-10,2026-04-29,True,14615.09,0.0,0.0
H2ID01192,C00808022,1973008,1973008,2026-05-06,2026-04-29,False,14615.09,0.0,0.0
H2ID01192,C00808022,1992761,1992761,2026-07-14,2026-06-30,True,34641.18,0.0,0.0
H2IL01349,C00802603,1888018,1888018,2025-04-15,2025-03-31,False,44730.00,0.0,0.0
H2IL01349,C00802603,1888018,1894630,2025-06-04,2025-03-31,True,44730.00,0.0,0.0
H2IL01349,C00802603,1902614,1902614,2025-07-15,2025-06-30,True,20884.17,0.0,0.0
H2IL01349,C00802603,1920720,1920720,2025-10-15,2025-09-30,True,24377.00,0.0,0.0
H2IL01349,C00802603,1942838,1942838,2026-01-31,2025-12-31,True,82884.00,0.0,0.0
H2IL01349,C00802603,1951819,1951819,2026-03-05,2026-02-25,True,39793.00,0.0,0.0
H2IL01349,C00802603,1964590,1964590,2026-04-15,2026-03-31,True,15691.00,0.0,0.0
H2IL01349,C00802603,1995561,1995561,2026-07-15,2026-06-30,True,41002.00,0.0,0.0
H2IL03162,C00796672,1886901,1886901,2025-04-15,2025-03-31,True,132699.50,0.0,0.0
H2IL03162,C00796672,1902575,1902575,2025-07-15,2025-06-30,True,383028.59,0.0,0.0
H2IL03162,C00796672,1919408,1919408,2025-10-14,2025-09-30,True,196130.66,0.0,0.0
H2IL03162,C00796672,1937719,1937719,2026-01-29,2025-12-31,True,111897.24,0.0,0.0
H2IL03162,C00796672,1951826,1951826,2026-03-05,2026-02-25,True,39796.84,0.0,0.0
H2IL03162,C00796672,1963681,1963681,2026-04-15,2026-03-31,True,64252.37,0.0,0.0
H2IL03162,C00796672,1995862,2001360,2026-07-22,2026-06-30,True,109867.48,0.0,0.0
H2IL03162,C00796672,1995862,1995862,2026-07-15,2026-06-30,False,109867.48,0.0,0.0
H2IL06090,C00844308,1885909,1885909,2025-04-14,2025-03-31,True,5918.56,0.0,0.0
H2IL06090,C00844308,1901062,1901062,2025-07-14,2025-06-30,True,27098.68,0.0,0.0
H2IL06090,C00844308,1919755,1919755,2025-10-15,2025-09-30,True,84414.70,0.0,0.0
H2IL06090,C00844308,1940317,1940317,2026-01-30,2025-12-31,True,82848.01,0.0,0.0
H2IL06090,C00844308,1951786,1951786,2026-03-05,2026-02-25,True,52192.86,0.0,0.0
H2IL06090,C00844308,1965560,1965560,2026-04-15,2026-03-31,True,21167.69,0.0,0.0
H2IL06090,C00844308,1995566,1995566,2026-07-15,2026-06-30,True,34447.22,0.0,0.0
H2IL08203,C00911453,1992884,1992884,2026-07-14,2025-09-30,True,0.00,90.0,0.0
H2IL08203,C00911453,1992886,1992886,2026-07-14,2025-12-31,True,0.00,90.0,0.0
H2IL08203,C00911453,1992888,1992888,2026-07-14,2026-02-25,True,0.00,44578.62,0.0
H2IL08203,C00911453,1992906,1992906,2026-07-14,2026-03-31,True,0.00,5075.0,0.0
H2IL08203,C00911453,1992911,1992911,2026-07-14,2026-06-30,True,0.00,3320.39,0.0
H2IL10068,C00495952,1885968,1924183,2025-11-05,2025-03-31,False,286484.79,0.0,0.0
H2IL10068,C00495952,1885968,1988196,2026-07-06,2025-03-31,True,286484.79,0.0,0.0
H2IL10068,C00495952,1885968,1890665,2025-04-30,2025-03-31,False,286484.79,0.0,0.0
H2IL10068,C00495952,1885968,1885968,2025-04-14,2025-03-31,False,286484.79,0.0,0.0
H2IL10068,C00495952,1901601,1901601,2025-07-15,2025-06-30,True,307735.06,0.0,0.0
H2IL10068,C00495952,1919813,1919813,2025-10-15,2025-09-30,True,286725.60,0.0,0.0
H2IL10068,C00495952,1942322,1942322,2026-01-31,2025-12-31,True,286438.76,0.0,0.0
H2IL10068,C00495952,1951830,1951830,2026-03-05,2026-02-25,True,204899.93,0.0,0.0
H2IL10068,C00495952,1966783,1966783,2026-04-15,2026-03-31,True,135002.29,0.0,0.0
H2IL10068,C00495952,1996385,1996385,2026-07-15,2026-06-30,True,134542.97,0.0,0.0
H2IL13153,C00787812,1887569,1887569,2025-04-15,2025-03-31,True,271463.24,0.0,0.0
H2IL13153,C00787812,1902456,1910558,2025-08-08,2025-06-30,True,219934.16,0.0,0.0
H2IL13153,C00787812,1902456,1902456,2025-07-15,2025-06-30,False,219729.16,0.0,0.0
H2IL13153,C00787812,1920733,1920733,2025-10-15,2025-09-30,True,303850.48,0.0,0.0
H2IL13153,C00787812,1939162,1939162,2026-01-30,2025-12-31,True,240698.20,0.0,0.0
H2IL13153,C00787812,1951759,1951759,2026-03-05,2026-02-25,False,244065.11,0.0,0.0
H2IL13153,C00787812,1951759,1957645,2026-04-03,2026-02-25,True,244065.11,0.0,0.0
H2IL13153,C00787812,1965120,1965120,2026-04-15,2026-03-31,True,130766.99,0.0,0.0
H2IL13153,C00787812,1996165,1996165,2026-07-15,2026-06-30,True,238084.46,0.0,0.0
H2IL17147,C00793935,1887113,1887113,2025-04-15,2025-03-31,True,201802.75,0.0,0.0
H2IL17147,C00793935,1901917,1941656,2026-01-31,2025-06-30,True,234798.72,0.0,0.0
H2IL17147,C00793935,1901917,1901917,2025-07-15,2025-06-30,False,234798.72,0.0,0.0
H2IL17147,C00793935,1920121,1920121,2025-10-15,2025-09-30,False,264715.66,0.0,0.0
H2IL17147,C00793935,1920121,1963594,2026-04-15,2025-09-30,True,264715.66,0.0,0.0
H2IL17147,C00793935,1941661,1941661,2026-01-31,2025-12-31,False,180092.96,0.0,0.0
H2IL17147,C00793935,1941661,1963661,2026-04-15,2025-12-31,True,180092.96,0.0,0.0
H2IL17147,C00793935,1951739,1951739,2026-03-05,2026-02-25,True,85309.05,0.0,0.0
H2IL17147,C00793935,1963841,1995623,2026-07-15,2026-03-31,True,126127.94,0.0,0.0
H2IL17147,C00793935,1963841,1963841,2026-04-15,2026-03-31,False,126127.94,0.0,0.0
H2IL17147,C00793935,1963841,1967455,2026-04-15,2026-03-31,False,126127.94,0.0,0.0
H2IL17147,C00793935,1994635,1994635,2026-07-15,2026-06-30,True,194318.32,0.0,0.0
H2IN02295,C00822767,1887877,1887877,2025-04-15,2025-03-31,True,370103.07,0.0,0.0
H2IN02295,C00822767,1902144,1902144,2025-07-15,2025-06-30,False,298461.62,0.0,0.0
H2IN02295,C00822767,1902144,1916687,2025-09-25,2025-06-30,False,298461.62,0.0,0.0
H2IN02295,C00822767,1902144,1924272,2025-11-06,2025-06-30,True,298461.62,0.0,0.0
H2IN02295,C00822767,1920070,1920070,2025-10-15,2025-09-30,True,262251.22,0.0,0.0
H2IN02295,C00822767,1941659,1941659,2026-01-31,2025-12-31,False,404580.21,0.0,0.0
H2IN02295,C00822767,1941659,1956360,2026-03-26,2025-12-31,True,404580.21,0.0,0.0
H2IN02295,C00822767,1963400,1963400,2026-04-15,2026-03-31,True,498968.41,0.0,0.0
H2IN02295,C00822767,1970853,1970853,2026-04-23,2026-04-15,True,136001.55,0.0,0.0
H2IN02295,C00822767,1995497,1995497,2026-07-15,2026-06-30,True,864141.55,0.0,0.0
H2KY03206,C00791392,1886758,1886758,2025-04-15,2025-03-31,True,143817.20,0.0,0.0
H2KY03206,C00791392,1902054,1902054,2025-07-15,2025-06-30,True,128123.74,0.0,0.0
H2KY03206,C00791392,1920379,1920379,2025-10-15,2025-09-30,False,129238.35,0.0,0.0
H2KY03206,C00791392,1920379,1930992,2026-01-06,2025-09-30,True,129238.35,0.0,0.0
H2KY03206,C00791392,1941915,1941915,2026-01-31,2025-12-31,True,306146.77,0.0,0.0
H2KY03206,C00791392,1963755,1963755,2026-04-15,2026-03-31,True,97120.04,0.0,0.0
H2KY03206,C00791392,1973243,1973243,2026-05-07,2026-04-29,True,51920.50,0.0,0.0
H2KY03206,C00791392,1994232,1994232,2026-07-15,2026-06-30,True,75217.32,0.0,0.0
H2LA02149,C00763649,1887878,1887878,2025-04-15,2025-03-31,True,18905.00,0.0,0.0
H2LA02149,C00763649,1903058,1903058,2025-07-15,2025-06-30,True,94395.20,0.0,0.0
H2LA02149,C00763649,1921190,1921190,2025-10-15,2025-09-30,True,77766.15,0.0,0.0
H2LA02149,C00763649,1943707,1943707,2026-01-31,2025-12-31,False,78940.00,0.0,0.0
H2LA02149,C00763649,1943707,1982403,2026-06-10,2025-12-31,True,78940.00,0.0,0.0
H2LA02149,C00763649,1966845,1966845,2026-04-15,2026-03-31,False,40805.00,0.0,0.0
H2LA02149,C00763649,1966845,2003814,2026-08-03,2026-03-31,True,39805.00,0.0,0.0
H2LA02149,C00763649,1997544,1997544,2026-07-15,2026-06-30,True,88700.89,0.0,0.0
H2MA09072,C00366948,1885904,1885904,2025-04-14,2025-03-31,True,10800.00,0.0,0.0
H2MA09072,C00366948,1901408,1901408,2025-07-15,2025-06-30,True,83513.26,0.0,0.0
H2MA09072,C00366948,1919814,1919814,2025-10-15,2025-09-30,True,12555.00,0.0,0.0
H2MA09072,C00366948,1940730,1940730,2026-01-30,2025-12-31,True,56095.00,0.0,0.0
H2MA09072,C00366948,1964484,1964484,2026-04-15,2026-03-31,True,121283.00,0.0,0.0
H2MA09072,C00366948,1994828,1994828,2026-07-15,2026-06-30,True,209085.00,0.0,0.0
H2MD04232,C00792283,1886868,1886868,2025-04-15,2025-03-31,True,13443.06,0.0,0.0
H2MD04232,C00792283,1902152,1902152,2025-07-15,2025-06-30,True,70863.71,0.0,0.0
H2MD04232,C00792283,1919921,1919921,2025-10-15,2025-09-30,True,43952.49,0.0,0.0
H2MD04232,C00792283,1941927,1941927,2026-01-31,2025-12-31,True,69564.52,0.0,0.0
H2MD04232,C00792283,1963542,1982562,2026-06-11,2026-03-31,True,111111.90,0.0,0.0
H2MD04232,C00792283,1963542,1963542,2026-04-15,2026-03-31,False,111111.90,0.0,0.0
H2MD04232,C00792283,1982565,1982565,2026-06-11,2026-06-03,True,19597.95,0.0,0.0
H2MD04232,C00792283,1993839,1993839,2026-07-15,2026-06-30,True,7361.00,0.0,0.0
H2MD06138,C00940718,1963118,1963118,2026-04-15,2026-03-31,True,275.00,0.0,0.0
H2MD06138,C00940718,1982466,1982466,2026-06-11,2026-06-03,True,16003.07,200.0,0.0
H2MD06138,C00940718,1993310,1993310,2026-07-15,2026-06-30,True,2716.40,0.0,1000.0
H2MI07123,C00793976,1887875,1887875,2025-04-15,2025-03-31,False,296067.15,0.0,0.0
H2MI07123,C00793976,1887875,1926739,2025-11-24,2025-03-31,True,296067.15,0.0,0.0
H2MI07123,C00793976,1903320,1903320,2025-07-15,2025-06-30,False,494947.39,0.0,0.0
H2MI07123,C00793976,1903320,1986156,2026-06-21,2025-06-30,True,494947.39,0.0,0.0
H2MI07123,C00793976,1921626,1986157,2026-06-21,2025-09-30,True,538378.53,0.0,0.0
H2MI07123,C00793976,1921626,1921626,2025-10-15,2025-09-30,False,538378.53,0.0,0.0
H2MI07123,C00793976,1943856,1986159,2026-06-21,2025-12-31,True,618469.83,0.0,0.0
H2MI07123,C00793976,1943856,1943856,2026-01-31,2025-12-31,False,618769.83,0.0,0.0
H2MI07123,C00793976,1943856,1944041,2026-01-31,2025-12-31,False,618769.83,0.0,0.0
H2MI07123,C00793976,1964826,1964826,2026-04-15,2026-03-31,False,670333.97,0.0,0.0
H2MI07123,C00793976,1964826,2010168,2026-08-29,2026-03-31,True,666833.97,0.0,0.0
H2MI07123,C00793976,1992128,1992128,2026-07-14,2026-06-30,False,647815.12,0.0,0.0
H2MI07123,C00793976,1992128,2010169,2026-08-29,2026-06-30,True,647815.12,0.0,0.0
H2MI12198,C00812644,1886149,1886149,2025-04-14,2025-03-31,True,0.00,0.0,0.0
H2MI12198,C00812644,1901179,1901179,2025-07-14,2025-06-30,True,0.00,0.0,0.0
H2MI12198,C00812644,1917598,1917598,2025-10-05,2025-09-30,True,0.00,0.0,0.0
H2MI12198,C00812644,1934937,1934937,2026-01-23,2025-12-31,True,0.00,0.0,0.0
H2MI12198,C00812644,1958581,1989141,2026-07-08,2026-03-31,True,0.00,0.0,0.0
H2MI12198,C00812644,1958581,1958581,2026-04-07,2026-03-31,False,0.00,0.0,0.0
H2MI12198,C00812644,1989142,1989142,2026-07-08,2026-06-30,True,775.00,0.0,0.0
H2MN01223,C00807743,1887615,1887615,2025-04-15,2025-03-31,True,143621.02,0.0,0.0
H2MN01223,C00807743,1901849,1901849,2025-07-15,2025-06-30,True,115833.63,0.0,0.0
H2MN01223,C00807743,1919373,1923351,2025-10-22,2025-09-30,True,100217.11,0.0,0.0
H2MN01223,C00807743,1919373,1919373,2025-10-14,2025-09-30,False,100217.11,0.0,0.0
H2MN01223,C00807743,1940036,1940036,2026-01-30,2025-12-31,True,124612.33,0.0,0.0
H2MN01223,C00807743,1965776,1965776,2026-04-15,2026-03-31,True,116656.09,0.0,0.0
H2MN01223,C00807743,1995726,1995726,2026-07-15,2026-06-30,True,194166.50,0.0,0.0
H2MO02102,C00495846,1887559,1887559,2025-04-15,2025-03-31,True,399817.53,0.0,0.0
H2MO02102,C00495846,1903089,1903089,2025-07-15,2025-06-30,True,256654.60,0.0,0.0
H2MO02102,C00495846,1920920,1920920,2025-10-15,2025-09-30,True,368723.64,0.0,0.0
H2MO02102,C00495846,1942875,1942875,2026-01-31,2025-12-31,True,293654.86,0.0,0.0
H2MO02102,C00495846,1965854,1965854,2026-04-15,2026-03-31,True,339461.93,0.0,0.0
H2MO02102,C00495846,1996324,1996324,2026-07-15,2026-06-30,True,310101.49,0.0,0.0
H2MO03167,C00806190,1884354,1884354,2025-04-07,2025-03-31,True,90.00,0.0,0.0
H2MO03167,C00806190,1899182,1899182,2025-07-09,2025-06-30,True,395.00,0.0,0.0
H2MO03167,C00806190,1920452,1920452,2025-10-15,2025-09-30,True,11392.46,0.0,0.0
H2MO03167,C00806190,1942132,1942132,2026-01-31,2025-12-31,True,3987.30,0.0,0.0
H2MO03167,C00806190,1965470,1979722,2026-05-27,2026-03-31,True,6450.00,0.0,0.0
H2MO03167,C00806190,1965470,1965470,2026-04-15,2026-03-31,False,6375.00,0.0,0.0
H2MO03167,C00806190,1997021,1998390,2026-07-16,2026-06-30,True,19080.93,0.0,0.0
H2MO03167,C00806190,1997021,1997021,2026-07-15,2026-06-30,False,19080.93,0.0,0.0
H2MO04199,C00939710,1963067,1963067,2026-04-15,2026-03-31,True,104972.00,0.0,0.0
H2MO04199,C00939710,1994226,1994226,2026-07-15,2026-06-30,True,174605.53,0.0,0.0
H2MO04207,C00792598,1887448,1887448,2025-04-15,2025-03-31,False,80236.60,0.0,0.0
H2MO04207,C00792598,1887448,1895605,2025-06-16,2025-03-31,True,81236.60,0.0,0.0
H2MO04207,C00792598,1903115,1913068,2025-08-26,2025-06-30,True,144672.40,0.0,0.0
H2MO04207,C00792598,1903115,1903115,2025-07-15,2025-06-30,False,144672.40,0.0,0.0
H2MO04207,C00792598,1920315,1970051,2026-04-20,2025-09-30,True,183089.98,0.0,0.0
H2MO04207,C00792598,1920315,1920315,2025-10-15,2025-09-30,False,184089.98,0.0,0.0
H2MO04207,C00792598,1941389,1970063,2026-04-20,2025-12-31,True,100532.26,0.0,0.0
H2MO04207,C00792598,1941389,1941389,2026-01-30,2025-12-31,False,100992.26,0.0,0.0
H2MO04207,C00792598,1964840,2002875,2026-07-30,2026-03-31,True,104094.70,0.0,0.0
H2MO04207,C00792598,1964840,2001591,2026-07-23,2026-03-31,False,105594.70,0.0,0.0
H2MO04207,C00792598,1964840,1964840,2026-04-15,2026-03-31,False,105594.70,0.0,0.0
H2MO04207,C00792598,1995455,2001595,2026-07-23,2026-06-30,False,154606.00,0.0,0.0
H2MO04207,C00792598,1995455,2011021,2026-09-08,2026-06-30,True,149606.00,0.0,0.0
H2MO04207,C00792598,1995455,1995455,2026-07-15,2026-06-30,False,154606.00,0.0,0.0
H2MO07143,C00788414,1887439,1887439,2025-04-15,2025-03-31,True,169131.82,0.0,0.0
H2MO07143,C00788414,1902190,1914081,2025-09-08,2025-06-30,True,222818.02,0.0,0.0
H2MO07143,C00788414,1902190,1902190,2025-07-15,2025-06-30,False,229418.02,0.0,0.0
H2MO07143,C00788414,1921591,1921591,2025-10-15,2025-09-30,True,209544.20,0.0,0.0
H2MO07143,C00788414,1942151,1942151,2026-01-31,2025-12-31,False,123529.74,0.0,0.0
H2MO07143,C00788414,1942151,1968218,2026-04-16,2025-12-31,True,122539.74,0.0,0.0
H2MO07143,C00788414,1963694,2001086,2026-07-21,2026-03-31,True,156173.97,0.0,0.0
H2MO07143,C00788414,1963694,1963694,2026-04-15,2026-03-31,False,156173.97,0.0,0.0
H2MO07143,C00788414,1963694,1970922,2026-04-23,2026-03-31,False,156173.97,0.0,0.0
H2MO07143,C00788414,1994872,2010391,2026-09-01,2026-06-30,True,185354.89,0.0,0.0
H2MO07143,C00788414,1994872,1994872,2026-07-15,2026-06-30,False,186458.99,0.0,0.0
H2MS02203,C00781468,1884926,1884926,2025-04-10,2025-03-31,True,60.00,0.0,0.0
H2MS02203,C00781468,1901515,1901515,2025-07-15,2025-06-30,True,2520.00,0.0,0.0
H2MS02203,C00781468,1919525,1919525,2025-10-14,2025-09-30,False,6200.00,0.0,0.0
H2MS02203,C00781468,1919525,1950117,2026-02-23,2025-09-30,True,6800.00,0.0,0.0
H2MS02203,C00781468,1937450,1950120,2026-02-23,2025-12-31,True,2210.00,0.0,0.0
H2MS02203,C00781468,1937450,1937450,2026-01-29,2025-12-31,False,2535.00,0.0,0.0
H2MS02203,C00781468,1950122,1950122,2026-02-23,2026-02-18,True,9511.00,411.93,0.0
H2MS02203,C00781468,1963797,1963797,2026-04-15,2026-03-31,True,7822.44,0.0,2500.0
H2MS02203,C00781468,1995667,1995667,2026-07-15,2026-06-30,True,13395.00,9.19,0.0
H2MS04258,C00776393,1887491,1887491,2025-04-15,2025-03-31,True,37114.70,0.0,0.0
H2MS04258,C00776393,1902435,1902435,2025-07-15,2025-06-30,True,31590.25,0.0,0.0
H2MS04258,C00776393,1920741,1920741,2025-10-15,2025-09-30,True,154061.91,0.0,0.0
H2MS04258,C00776393,1941825,1941825,2026-01-31,2025-12-31,False,95650.85,0.0,0.0
H2MS04258,C00776393,1941825,1960127,2026-04-11,2025-12-31,True,95650.85,0.0,0.0
H2MS04258,C00776393,1950717,1950717,2026-02-26,2026-02-18,True,17276.13,0.0,0.0
H2MS04258,C00776393,1965389,1965389,2026-04-15,2026-03-31,True,99311.63,0.0,0.0
H2MS04258,C00776393,1997897,1997897,2026-07-15,2026-06-30,True,29023.17,0.0,0.0
H2NC02287,C00795211,1887725,1887725,2025-04-15,2025-03-31,False,67142.35,0.0,0.0
H2NC02287,C00795211,1887725,1901100,2025-07-14,2025-03-31,True,67142.35,0.0,0.0
H2NC02287,C00795211,1901130,1901130,2025-07-14,2025-06-30,False,389994.42,0.0,0.0
H2NC02287,C00795211,1901130,1921165,2025-10-15,2025-06-30,True,391994.42,0.0,0.0
H2NC02287,C00795211,1921476,1921476,2025-10-15,2025-09-30,True,326123.58,0.0,0.0
H2NC02287,C00795211,1941169,1941169,2026-01-30,2025-12-31,True,222488.79,0.0,0.0
H2NC02287,C00795211,1948424,1948424,2026-02-19,2026-02-11,True,92812.18,0.0,0.0
H2NC02287,C00795211,1962700,1962700,2026-04-14,2026-03-31,True,400913.86,0.0,0.0
H2NC02287,C00795211,1996406,1996406,2026-07-15,2026-06-30,True,710235.43,0.0,0.0
H2NC06114,C00794727,1887329,1887329,2025-04-15,2025-03-31,True,30853.15,0.0,0.0
H2NC06114,C00794727,1902807,1902807,2025-07-15,2025-06-30,True,32295.00,0.0,0.0
H2NC06114,C00794727,1920773,1920773,2025-10-15,2025-09-30,True,46226.84,0.0,0.0
H2NC06114,C00794727,1942762,1942762,2026-01-31,2025-12-31,True,57765.80,0.0,0.0
H2NC06114,C00794727,1948139,1948139,2026-02-19,2026-02-11,True,117743.61,0.0,0.0
H2NC06114,C00794727,1966113,1966113,2026-04-15,2026-03-31,True,79338.70,0.0,0.0
H2NC06114,C00794727,1995704,1995704,2026-07-15,2026-06-30,True,43576.83,0.0,0.0
H2NC07096,C00501643,1887030,1887030,2025-04-15,2025-03-31,True,35912.51,0.0,0.0
H2NC07096,C00501643,1902073,1902073,2025-07-15,2025-06-30,True,207365.53,0.0,0.0
H2NC07096,C00501643,1920545,1920545,2025-10-15,2025-09-30,True,115645.20,0.0,0.0
H2NC07096,C00501643,1942067,1942067,2026-01-31,2025-12-31,True,70346.03,0.0,0.0
H2NC07096,C00501643,1948220,1948220,2026-02-19,2026-02-11,True,25644.22,0.0,0.0
H2NC07096,C00501643,1965798,1965798,2026-04-15,2026-03-31,True,117364.50,0.0,0.0
H2NC07096,C00501643,1994862,1994862,2026-07-15,2026-06-30,True,208334.18,0.0,0.0
H2NC08185,C00504522,1886761,1886761,2025-04-15,2025-03-31,True,108950.39,0.0,0.0
H2NC08185,C00504522,1901873,1901873,2025-07-15,2025-06-30,True,182268.48,0.0,0.0
H2NC08185,C00504522,1920602,1920602,2025-10-15,2025-09-30,True,181642.35,0.0,0.0
H2NC08185,C00504522,1938665,1938665,2026-01-30,2025-12-31,True,102696.41,0.0,0.0
H2NC08185,C00504522,1948078,1948078,2026-02-19,2026-02-11,True,13527.34,0.0,0.0
H2NC08185,C00504522,1964662,1964662,2026-04-15,2026-03-31,True,90096.61,0.0,0.0
H2NC08185,C00504522,1995079,1995079,2026-07-15,2026-06-30,True,230673.91,0.0,0.0
H2NC13243,C00802298,1887214,1887214,2025-04-15,2025-03-31,True,81768.90,0.0,0.0
H2NC13243,C00802298,1902443,1902443,2025-07-15,2025-06-30,True,159771.32,0.0,0.0
H2NC13243,C00802298,1920626,1920626,2025-10-15,2025-09-30,True,63102.48,0.0,0.0
H2NC13243,C00802298,1942042,1942042,2026-01-31,2025-12-31,True,108616.58,0.0,0.0
H2NC13243,C00802298,1948225,1948225,2026-02-19,2026-02-11,False,78116.56,0.0,0.0
H2NC13243,C00802298,1948225,1980937,2026-06-02,2026-02-11,True,78116.56,0.0,0.0
H2NC13243,C00802298,1965275,1965275,2026-04-15,2026-03-31,False,65039.10,0.0,0.0
H2NC13243,C00802298,1965275,1980947,2026-06-02,2026-03-31,True,65039.10,0.0,0.0
H2NC13243,C00802298,1994748,1994748,2026-07-15,2026-06-30,True,62113.11,0.0,0.0
H2NE01118,C00801241,1887967,1887967,2025-04-15,2025-03-31,True,72734.43,0.0,0.0
H2NE01118,C00801241,1903120,1912702,2025-08-21,2025-06-30,True,263777.00,0.0,0.0
H2NE01118,C00801241,1903120,1903120,2025-07-15,2025-06-30,False,263777.00,0.0,0.0
H2NE01118,C00801241,1921605,1921605,2025-10-15,2025-09-30,False,271994.00,0.0,0.0
H2NE01118,C00801241,1921605,1928060,2025-12-11,2025-09-30,True,269494.00,0.0,0.0
H2NE01118,C00801241,1941380,1951382,2026-03-03,2025-12-31,True,175555.26,0.0,0.0
H2NE01118,C00801241,1941380,1941380,2026-01-30,2025-12-31,False,182555.26,0.0,0.0
H2NE01118,C00801241,1964582,1974667,2026-05-13,2026-03-31,False,143840.00,0.0,0.0
H2NE01118,C00801241,1964582,1983654,2026-06-16,2026-03-31,True,143840.00,0.0,0.0
H2NE01118,C00801241,1964582,1964582,2026-04-15,2026-03-31,False,146840.00,0.0,0.0
H2NE01118,C00801241,1971862,1974668,2026-05-13,2026-04-22,True,18000.68,0.0,0.0
H2NE01118,C00801241,1971862,1971862,2026-04-30,2026-04-22,False,18000.68,0.0,0.0
H2NE01118,C00801241,1996485,2000175,2026-07-20,2026-06-30,False,134216.70,0.0,0.0
H2NE01118,C00801241,1996485,1996485,2026-07-15,2026-06-30,False,130716.70,0.0,0.0
H2NE01118,C00801241,1996485,2010262,2026-08-31,2026-06-30,True,134216.70,0.0,0.0
H2NH02260,C00800458,1884848,1920543,2025-10-15,2025-03-31,True,4024.65,0.0,0.0
H2NH02260,C00800458,1884848,1884848,2025-04-10,2025-03-31,False,4024.65,0.0,0.0
H2NH02260,C00800458,1903433,1974566,2026-05-13,2025-06-30,True,168776.26,0.0,80000.0
H2NH02260,C00800458,1903433,1920549,2025-10-15,2025-06-30,False,168776.26,0.0,80000.0
H2NH02260,C00800458,1903433,1903433,2025-07-15,2025-06-30,False,168776.26,0.0,80000.0
H2NH02260,C00800458,1920565,1920565,2025-10-15,2025-09-30,False,147856.54,0.0,20000.0
H2NH02260,C00800458,1920565,1933134,2026-01-16,2025-09-30,False,147856.54,0.0,20000.0
H2NH02260,C00800458,1920565,1974568,2026-05-13,2025-09-30,True,147856.54,0.0,20000.0
H2NH02260,C00800458,1933135,1974573,2026-05-13,2025-12-31,True,211579.06,0.0,20000.0
H2NH02260,C00800458,1933135,1933135,2026-01-16,2025-12-31,False,211579.06,0.0,20000.0
H2NH02260,C00800458,1960377,1960377,2026-04-12,2026-03-31,False,212170.50,0.0,0.0
H2NH02260,C00800458,1960377,1974575,2026-05-13,2026-03-31,False,212170.50,0.0,0.0
H2NH02260,C00800458,1960377,1989573,2026-07-09,2026-03-31,True,212170.50,0.0,0.0
H2NH02260,C00800458,1992064,1992064,2026-07-14,2026-06-30,False,229524.17,0.0,0.0
H2NH02260,C00800458,1992064,2009834,2026-08-26,2026-06-30,True,229524.17,0.0,0.0
H2NJ01187,C00815084,1884567,1884567,2025-04-08,2025-03-31,True,0.00,0.0,0.0
H2NJ01187,C00815084,1888365,1888365,2025-04-16,2025-04-09,True,0.00,0.0,0.0
H2NJ01187,C00930941,1957981,1957981,2026-04-05,2026-03-31,True,400.00,0.0,100.0
H2NJ01187,C00930941,1978302,1978302,2026-05-21,2026-05-13,True,3756.10,0.0,0.0
H2NJ01187,C00930941,1990583,1990583,2026-07-12,2026-06-30,True,6368.63,0.0,0.0
H2NJ06210,C00796649,1942643,1951301,2026-03-02,2025-12-31,True,0.00,0.0,42806.4
H2NJ06210,C00796649,1942643,1942643,2026-01-31,2025-12-31,False,0.00,0.0,21225.0
H2NJ06210,C00796649,1963108,1963108,2026-04-15,2026-03-31,True,9433.68,0.0,2500.0
H2NJ06210,C00796649,1978360,1990616,2026-07-12,2026-05-13,True,12603.25,0.0,150.0
H2NJ06210,C00796649,1978360,1978360,2026-05-21,2026-05-13,False,12627.95,0.0,150.0
H2NJ06210,C00796649,1991586,1991586,2026-07-14,2026-06-30,True,3641.59,0.0,8290.0
H2NJ08232,C00799767,1886927,1886927,2025-04-15,2025-03-31,True,79937.50,0.0,0.0
H2NJ08232,C00799767,1902944,1902944,2025-07-15,2025-06-30,True,120914.00,0.0,0.0
H2NJ08232,C00799767,1920931,1920931,2025-10-15,2025-09-30,True,199634.99,0.0,0.0
H2NJ08232,C00799767,1943705,1943705,2026-01-31,2025-12-31,True,104989.21,0.0,0.0
H2NJ08232,C00799767,1965616,1965616,2026-04-15,2026-03-31,True,358831.44,0.0,0.0
H2NJ08232,C00799767,1978723,1978723,2026-05-21,2026-05-13,True,95289.61,0.0,0.0
H2NJ08232,C00799767,1996318,1996318,2026-07-15,2026-06-30,True,167530.68,0.0,0.0
H2NM01144,C00765099,1887276,1887276,2025-04-15,2025-03-31,True,164325.36,0.0,0.0
H2NM01144,C00765099,1902595,1902595,2025-07-15,2025-06-30,True,161111.78,0.0,0.0
H2NM01144,C00765099,1920415,1920415,2025-10-15,2025-09-30,True,159894.81,0.0,0.0
H2NM01144,C00765099,1938536,1938536,2026-01-30,2025-12-31,True,144555.97,0.0,0.0
H2NM01144,C00765099,1964372,1964372,2026-04-15,2026-03-31,True,222201.23,0.0,0.0
H2NM01144,C00765099,1978370,1978370,2026-05-21,2026-05-13,True,112488.02,0.0,0.0
H2NM01144,C00765099,1993555,1993555,2026-07-15,2026-06-30,True,161854.17,0.0,0.0
H2NM02191,C00789404,1887619,1887619,2025-04-15,2025-03-31,True,154188.24,0.0,0.0
H2NM02191,C00789404,1902828,1902828,2025-07-15,2025-06-30,True,369465.69,0.0,0.0
H2NM02191,C00789404,1920265,1920265,2025-10-15,2025-09-30,True,305964.60,0.0,0.0
H2NM02191,C00789404,1942127,1942127,2026-01-31,2025-12-31,True,381135.84,0.0,0.0
H2NM02191,C00789404,1963708,1963708,2026-04-15,2026-03-31,True,611991.46,0.0,0.0
H2NM02191,C00789404,1978642,1978642,2026-05-21,2026-05-13,True,231147.24,0.0,0.0
H2NM02191,C00789404,1994680,1994680,2026-07-15,2026-06-30,True,395766.61,0.0,0.0
H2NV04011,C00668228,1887449,1887449,2025-04-15,2025-03-31,True,102320.69,0.0,0.0
H2NV04011,C00668228,1902028,1902028,2025-07-15,2025-06-30,True,238866.73,0.0,0.0
H2NV04011,C00668228,1921348,1921348,2025-10-15,2025-09-30,True,222734.11,0.0,0.0
H2NV04011,C00668228,1940951,1940951,2026-01-30,2025-12-31,True,221090.83,0.0,0.0
H2NV04011,C00668228,1966043,1966043,2026-04-15,2026-03-31,True,283816.89,0.0,0.0
H2NV04011,C00668228,1980086,1980086,2026-05-28,2026-05-20,True,108972.74,0.0,0.0
H2NV04011,C00668228,1996227,1996227,2026-07-15,2026-06-30,True,158955.40,0.0,0.0
H2NY01190,C00806018,1886860,1886860,2025-04-15,2025-03-31,False,196906.49,0.0,0.0
H2NY01190,C00806018,1886860,1920738,2025-10-15,2025-03-31,True,196906.49,0.0,0.0
H2NY01190,C00806018,1886860,1889797,2025-04-21,2025-03-31,False,196906.49,0.0,0.0
H2NY01190,C00806018,1901087,1920749,2025-10-15,2025-06-30,True,142362.81,0.0,0.0
H2NY01190,C00806018,1901087,1901087,2025-07-14,2025-06-30,False,142362.81,0.0,0.0
H2NY01190,C00806018,1920755,1920755,2025-10-15,2025-09-30,False,175093.84,0.0,0.0
H2NY01190,C00806018,1920755,1968160,2026-04-16,2025-09-30,False,175093.84,0.0,0.0
H2NY01190,C00806018,1920755,1968182,2026-04-16,2025-09-30,True,175093.84,0.0,0.0
H2NY01190,C00806018,1940773,1940773,2026-01-30,2025-12-31,False,189797.38,0.0,0.0
H2NY01190,C00806018,1940773,1964345,2026-04-15,2025-12-31,True,189797.38,0.0,0.0
H2NY01190,C00806018,1964375,1970582,2026-04-21,2026-03-31,True,256483.80,0.0,0.0
H2NY01190,C00806018,1964375,1964375,2026-04-15,2026-03-31,False,256483.80,0.0,0.0
H2NY01190,C00806018,1982566,1982566,2026-06-11,2026-06-03,True,125821.64,0.0,0.0
H2NY01190,C00806018,1992404,1992404,2026-07-14,2026-06-30,True,78446.88,0.0,0.0
H2NY04244,C00840165,1888014,1888014,2025-04-15,2025-03-31,True,416588.01,0.0,0.0
H2NY04244,C00840165,1903084,1912569,2025-08-20,2025-06-30,True,477796.12,0.0,0.0
H2NY04244,C00840165,1903084,1903084,2025-07-15,2025-06-30,False,477796.12,0.0,0.0
H2NY04244,C00840165,1921105,1921105,2025-10-15,2025-09-30,True,450024.98,0.0,0.0
H2NY04244,C00840165,1939650,1939650,2026-01-30,2025-12-31,True,593647.01,0.0,0.0
H2NY04244,C00840165,1964617,1964617,2026-04-15,2026-03-31,True,478237.69,0.0,0.0
H2NY04244,C00840165,1982554,1982554,2026-06-11,2026-06-03,False,325325.65,0.0,0.0
H2NY04244,C00840165,1982554,1983604,2026-06-16,2026-06-03,True,325325.65,0.0,0.0
H2NY04244,C00840165,1994327,1994327,2026-07-15,2026-06-30,True,262490.64,0.0,0.0
H2NY06116,C00516666,1886899,1886899,2025-04-15,2025-03-31,True,91722.23,0.0,0.0
H2NY06116,C00516666,1901510,1901510,2025-07-15,2025-06-30,True,104019.00,0.0,0.0
H2NY06116,C00516666,1919894,1919894,2025-10-15,2025-09-30,True,135765.99,0.0,0.0
H2NY06116,C00516666,1939662,1939662,2026-01-30,2025-12-31,True,287899.22,0.0,0.0
H2NY06116,C00516666,1962276,1962276,2026-04-14,2026-03-31,True,419798.15,0.0,0.0
H2NY06116,C00516666,1982493,1982493,2026-06-11,2026-06-03,True,158460.73,0.0,0.0
H2NY06116,C00516666,1997461,1997461,2026-07-15,2026-06-30,True,146052.00,0.0,0.0
H2NY10092,C00503052,1887257,1887257,2025-04-15,2025-03-31,False,2582919.39,0.0,0.0
H2NY10092,C00503052,1887257,1892087,2025-05-14,2025-03-31,True,2582919.39,0.0,0.0
H2NY10092,C00503052,1903278,1903278,2025-07-15,2025-06-30,True,1699691.36,0.0,0.0
H2NY10092,C00503052,1921115,1973228,2026-05-07,2025-09-30,True,2314699.05,0.0,0.0
H2NY10092,C00503052,1921115,1921115,2025-10-15,2025-09-30,False,2314699.05,0.0,0.0
H2NY10092,C00503052,1941951,1941951,2026-01-31,2025-12-31,True,1089637.66,0.0,0.0
H2NY10092,C00503052,1966662,1966662,2026-04-15,2026-03-31,True,1583320.77,0.0,0.0
H2NY10092,C00503052,1982805,1982805,2026-06-11,2026-06-03,True,1050183.64,0.0,0.0
H2NY10092,C00503052,1997488,1997488,2026-07-15,2026-06-30,True,542521.93,0.0,0.0
H2NY17162,C00815415,1885757,1885757,2025-04-14,2025-03-31,True,505383.38,0.0,0.0
H2NY17162,C00815415,1900621,1931601,2026-01-09,2025-06-30,True,648119.21,0.0,0.0
H2NY17162,C00815415,1900621,1900621,2025-07-14,2025-06-30,False,648119.21,0.0,0.0
H2NY17162,C00815415,1918365,1918365,2025-10-09,2025-09-30,True,452835.74,0.0,0.0
H2NY17162,C00815415,1933887,1933887,2026-01-20,2025-12-31,False,429577.96,0.0,0.0
H2NY17162,C00815415,1933887,1944263,2026-02-01,2025-12-31,True,429577.96,0.0,0.0
H2NY17162,C00815415,1959812,2009320,2026-08-21,2026-03-31,True,563448.88,0.0,0.0
H2NY17162,C00815415,1959812,1959812,2026-04-10,2026-03-31,False,563448.88,0.0,0.0
H2NY17162,C00815415,1959812,2005188,2026-08-09,2026-03-31,False,563448.88,0.0,0.0
H2NY17162,C00815415,1982323,1982323,2026-06-10,2026-06-03,True,357800.25,0.0,0.0
H2NY17162,C00815415,1989486,1989486,2026-07-09,2026-06-30,True,228839.55,0.0,0.0
H2NY23228,C00817932,1885807,1885807,2025-04-14,2025-03-31,True,176938.79,0.0,0.0
H2NY23228,C00817932,1901038,1901038,2025-07-14,2025-06-30,True,120451.61,0.0,0.0
H2NY23228,C00817932,1919900,1919900,2025-10-15,2025-09-30,True,164720.49,0.0,0.0
H2NY23228,C00817932,1937298,1937298,2026-01-29,2025-12-31,True,156083.40,0.0,0.0
H2NY23228,C00817932,1961860,1961860,2026-04-14,2026-03-31,True,135374.06,0.0,0.0
H2NY23228,C00817932,1982209,1982209,2026-06-10,2026-06-03,True,69050.25,0.0,0.0
H2NY23228,C00817932,1990369,1990369,2026-07-11,2026-06-30,True,71176.00,0.0,0.0
H2OH01194,C00800276,1886858,1886858,2025-04-15,2025-03-31,True,374303.57,0.0,0.0
H2OH01194,C00800276,1901950,1901950,2025-07-15,2025-06-30,True,475860.59,0.0,0.0
H2OH01194,C00800276,1921260,1921260,2025-10-15,2025-09-30,True,86420.45,0.0,0.0
H2OH01194,C00800276,1940754,1940754,2026-01-30,2025-12-31,True,273344.71,0.0,0.0
H2OH01194,C00800276,1964950,1964950,2026-04-15,2026-03-31,True,873012.47,0.0,0.0
H2OH01194,C00800276,1971002,1971002,2026-04-23,2026-04-15,True,92377.56,0.0,0.0
H2OH01194,C00800276,1996908,1996908,2026-07-15,2026-06-30,True,634911.14,0.0,0.0
H2OH03067,C00373001,1887221,1887221,2025-04-15,2025-03-31,True,96295.50,0.0,0.0
H2OH03067,C00373001,1902241,1902241,2025-07-15,2025-06-30,True,14554.00,0.0,0.0
H2OH03067,C00373001,1920825,1920825,2025-10-15,2025-09-30,True,67413.61,0.0,0.0
H2OH03067,C00373001,1941013,1941013,2026-01-30,2025-12-31,True,11965.84,0.0,0.0
H2OH03067,C00373001,1965262,1982538,2026-06-11,2026-03-31,True,127255.59,0.0,0.0
H2OH03067,C00373001,1965262,1965262,2026-04-15,2026-03-31,False,127255.59,0.0,0.0
H2OH03067,C00373001,1968946,1970890,2026-04-23,2026-04-15,True,336.50,0.0,0.0
H2OH03067,C00373001,1968946,1968946,2026-04-19,2026-04-15,False,336.50,0.0,0.0
H2OH03067,C00373001,1996124,1996124,2026-07-15,2026-06-30,True,58376.62,0.0,0.0
H2OH03125,C00507368,1885969,1885969,2025-04-14,2025-03-31,True,58781.93,0.0,0.0
H2OH03125,C00507368,1901894,1901894,2025-07-15,2025-06-30,True,50612.50,0.0,0.0
H2OH03125,C00507368,1919289,1919289,2025-10-14,2025-09-30,True,19620.32,0.0,0.0
H2OH03125,C00507368,1935183,1935183,2026-01-25,2025-12-31,True,70813.83,0.0,0.0
H2OH03125,C00507368,1962841,1962841,2026-04-15,2026-03-31,True,53140.92,0.0,0.0
H2OH03125,C00507368,1969005,1969005,2026-04-19,2026-04-15,True,247.50,0.0,0.0
H2OH03125,C00507368,1993667,1994422,2026-07-15,2026-06-30,True,52880.61,0.0,0.0
H2OH03125,C00507368,1993667,1993667,2026-07-15,2026-06-30,False,52880.61,0.0,0.0
H2OH09031,C00154625,1887165,1890365,2025-04-28,2025-03-31,True,107333.78,0.0,0.0
H2OH09031,C00154625,1887165,1887165,2025-04-15,2025-03-31,False,107333.78,0.0,0.0
H2OH09031,C00154625,1901793,1901793,2025-07-15,2025-06-30,False,228255.21,0.0,0.0
H2OH09031,C00154625,1901793,1912045,2025-08-20,2025-06-30,True,228255.21,0.0,0.0
H2OH09031,C00154625,1920764,1922117,2025-10-17,2025-09-30,True,234191.50,0.0,0.0
H2OH09031,C00154625,1920764,1920764,2025-10-15,2025-09-30,False,234191.50,0.0,0.0
H2OH09031,C00154625,1938803,1938859,2026-01-30,2025-12-31,True,381593.39,0.0,0.0
H2OH09031,C00154625,1938803,1938803,2026-01-30,2025-12-31,False,383093.39,0.0,0.0
H2OH09031,C00154625,1964274,1964274,2026-04-15,2026-03-31,True,703579.77,0.0,0.0
H2OH09031,C00154625,1970911,1970911,2026-04-23,2026-04-15,True,78773.47,0.0,0.0
H2OH09031,C00154625,1994421,1994421,2026-07-15,2026-06-30,True,569678.40,0.0,0.0
H2OH11169,C00764381,1887173,1887173,2025-04-15,2025-03-31,True,41222.55,0.0,0.0
H2OH11169,C00764381,1902419,1902419,2025-07-15,2025-06-30,True,76227.18,0.0,0.0
H2OH11169,C00764381,1920584,1920584,2025-10-15,2025-09-30,True,46158.98,0.0,0.0
H2OH11169,C00764381,1939472,1939472,2026-01-30,2025-12-31,True,104475.12,0.0,0.0
H2OH11169,C00764381,1964177,1964177,2026-04-15,2026-03-31,True,63955.20,0.0,0.0
H2OH11169,C00764381,1970869,1970869,2026-04-23,2026-04-15,True,7416.50,0.0,0.0
H2OH11169,C00764381,1995046,1995046,2026-07-15,2026-06-30,True,109442.88,0.0,0.0
H2OH13264,C00801274,1887033,1887033,2025-04-15,2025-03-31,True,107346.52,0.0,0.0
H2OH13264,C00801274,1902332,1902332,2025-07-15,2025-06-30,True,291838.69,0.0,0.0
H2OH13264,C00801274,1920184,1920184,2025-10-15,2025-09-30,True,333886.97,0.0,0.0
H2OH13264,C00801274,1938894,1938894,2026-01-30,2025-12-31,True,313520.72,0.0,0.0
H2OH13264,C00801274,1965446,1965446,2026-04-15,2026-03-31,True,488353.84,0.0,0.0
H2OH13264,C00801274,1970981,1970981,2026-04-23,2026-04-15,True,71202.98,0.0,0.0
H2OH13264,C00801274,1996029,1996029,2026-07-15,2026-06-30,False,316194.66,0.0,0.0
H2OH13264,C00801274,1996029,2010032,2026-08-28,2026-06-30,True,317743.85,0.0,0.0
H2OH14064,C00527457,1887743,1887743,2025-04-15,2025-03-31,False,91851.93,0.0,0.0
H2OH14064,C00527457,1887743,1900624,2025-07-14,2025-03-31,True,91851.93,0.0,0.0
H2OH14064,C00527457,1903487,1903487,2025-07-15,2025-06-30,True,42381.36,0.0,0.0
H2OH14064,C00527457,1921506,1921506,2025-10-15,2025-09-30,True,20180.49,0.0,0.0
H2OH14064,C00527457,1943640,1944482,2026-02-02,2025-12-31,True,30614.75,0.0,0.0
H2OH14064,C00527457,1943640,1943640,2026-01-31,2025-12-31,False,30614.75,0.0,0.0
H2OH14064,C00527457,1967350,1967350,2026-04-15,2026-03-31,False,119064.50,0.0,0.0
H2OH14064,C00527457,1967350,1975837,2026-05-18,2026-03-31,True,119064.50,0.0,0.0
H2OH14064,C00527457,1971016,1975840,2026-05-18,2026-04-15,True,4251.00,0.0,0.0
H2OH14064,C00527457,1971016,1971016,2026-04-23,2026-04-15,False,4251.00,0.0,0.0
H2OH14064,C00527457,1996763,1996763,2026-07-15,2026-06-30,True,75462.09,0.0,0.0
H2OH15228,C00779603,1886450,1886450,2025-04-15,2025-03-31,True,100587.15,0.0,0.0
H2OH15228,C00779603,1901884,1959221,2026-04-09,2025-06-30,True,157673.80,0.0,0.0
H2OH15228,C00779603,1901884,1901884,2025-07-15,2025-06-30,False,157673.80,0.0,0.0
H2OH15228,C00779603,1919880,1919880,2025-10-15,2025-09-30,False,142267.13,0.0,0.0
H2OH15228,C00779603,1919880,1930548,2026-01-02,2025-09-30,True,142267.13,0.0,0.0
H2OH15228,C00779603,1939910,1939910,2026-01-30,2025-12-31,True,138625.85,0.0,0.0
H2OH15228,C00779603,1964250,1964250,2026-04-15,2026-03-31,True,94916.09,0.0,0.0
H2OH15228,C00779603,1970942,1970942,2026-04-23,2026-04-15,True,31258.79,0.0,0.0
H2OH15228,C00779603,1995484,1995484,2026-07-15,2026-06-30,True,235029.89,0.0,0.0
H2OH16051,C00770818,1887430,1888384,2025-04-16,2025-03-31,True,107034.46,0.0,0.0
H2OH16051,C00770818,1887430,1887430,2025-04-15,2025-03-31,False,107034.46,0.0,0.0
H2OH16051,C00770818,1902274,1902274,2025-07-15,2025-06-30,True,88673.81,0.0,0.0
H2OH16051,C00770818,1920099,1920099,2025-10-15,2025-09-30,True,184249.45,0.0,0.0
H2OH16051,C00770818,1940052,1940052,2026-01-30,2025-12-31,True,136663.03,0.0,0.0
H2OH16051,C00770818,1964936,1982259,2026-06-10,2026-03-31,True,136056.99,0.0,0.0
H2OH16051,C00770818,1964936,1964936,2026-04-15,2026-03-31,False,136056.99,0.0,0.0
H2OH16051,C00770818,1970924,1970924,2026-04-23,2026-04-15,True,58125.95,0.0,0.0
H2OH16051,C00770818,1996081,1996081,2026-07-15,2026-06-30,True,213581.26,0.0,0.0
H2OK02315,C00812974,1886351,1886351,2025-04-15,2025-03-31,True,10179.44,0.0,0.0
H2OK02315,C00812974,1900195,1900195,2025-07-12,2025-06-30,True,2585.00,0.0,0.0
H2OK02315,C00812974,1919648,1919648,2025-10-15,2025-09-30,True,36293.00,0.0,0.0
H2OK02315,C00812974,1941235,1941235,2026-01-30,2025-12-31,True,2665.51,0.0,0.0
H2OK02315,C00812974,1963110,1963110,2026-04-15,2026-03-31,True,31559.00,0.0,0.0
H2OK02315,C00812974,1980349,1980349,2026-05-29,2026-05-27,True,13793.57,0.0,0.0
H2OK02315,C00812974,1993086,1993086,2026-07-15,2026-06-30,True,11810.03,0.0,0.0
H2OK04055,C00379735,1887627,1887627,2025-04-15,2025-03-31,True,417159.32,0.0,0.0
H2OK04055,C00379735,1903027,1903027,2025-07-15,2025-06-30,True,535131.54,0.0,0.0
H2OK04055,C00379735,1921161,1921161,2025-10-15,2025-09-30,True,336671.97,0.0,0.0
H2OK04055,C00379735,1943053,1943053,2026-01-31,2025-12-31,True,156638.43,0.0,0.0
H2OK04055,C00379735,1965852,1965852,2026-04-15,2026-03-31,True,302681.44,0.0,0.0
H2OK04055,C00379735,1981403,1981403,2026-06-04,2026-05-27,True,232269.02,0.0,0.0
H2OK04055,C00379735,1996213,1996213,2026-07-15,2026-06-30,True,81497.65,0.0,0.0
H2OR01133,C00500421,1887157,1902531,2025-07-15,2025-03-31,True,20363.50,0.0,0.0
H2OR01133,C00500421,1887157,1887157,2025-04-15,2025-03-31,False,20363.50,0.0,0.0
H2OR01133,C00500421,1903070,1903070,2025-07-15,2025-06-30,True,100725.00,0.0,0.0
H2OR01133,C00500421,1919500,1919500,2025-10-14,2025-09-30,True,69687.67,0.0,0.0
H2OR01133,C00500421,1939519,1939519,2026-01-30,2025-12-31,True,65474.14,0.0,0.0
H2OR01133,C00500421,1964557,1964557,2026-04-15,2026-03-31,True,57954.50,0.0,0.0
H2OR01133,C00500421,1973318,1973318,2026-05-07,2026-04-29,True,27713.00,0.0,0.0
H2OR01133,C00500421,1994131,1994131,2026-07-15,2026-06-30,True,50098.28,0.0,0.0
H2OR01240,C00763946,1906194,1906194,2025-07-25,2025-06-30,True,0.00,0.0,0.0
H2OR01240,C00763946,1918479,1918479,2025-10-10,2025-09-30,True,0.00,0.0,0.0
H2OR01240,C00763946,1931856,1931856,2026-01-11,2025-12-31,True,0.00,0.0,0.0
H2OR01240,C00763946,1962564,1962564,2026-04-14,2026-03-31,True,0.00,0.0,0.0
H2OR01240,C00763946,1973303,1973303,2026-05-07,2026-04-29,True,25.00,0.0,0.0
H2OR01240,C00763946,1989816,1989816,2026-07-10,2026-06-30,True,765.84,0.0,2000.0
H2OR04095,C00796144,1887603,1887603,2025-04-15,2025-03-31,True,72767.60,0.0,0.0
H2OR04095,C00796144,1903068,1903068,2025-07-15,2025-06-30,True,107062.65,0.0,0.0
H2OR04095,C00796144,1919571,1919571,2025-10-14,2025-09-30,True,127487.52,0.0,0.0
H2OR04095,C00796144,1942497,1942497,2026-01-31,2025-12-31,True,71335.00,0.0,0.0
H2OR04095,C00796144,1966339,1966339,2026-04-15,2026-03-31,True,121948.14,0.0,0.0
H2OR04095,C00796144,1973446,1973446,2026-05-07,2026-04-29,True,31396.10,0.0,0.0
H2OR04095,C00796144,1996888,1996888,2026-07-15,2026-06-30,True,80319.31,0.0,0.0
H2OR06066,C00793703,1887432,1887432,2025-04-15,2025-03-31,True,153230.28,0.0,0.0
H2OR06066,C00793703,1902272,1902272,2025-07-15,2025-06-30,True,130889.95,0.0,0.0
H2OR06066,C00793703,1920571,1920571,2025-10-15,2025-09-30,False,167403.19,0.0,0.0
H2OR06066,C00793703,1920571,1942916,2026-01-31,2025-09-30,True,167403.19,0.0,0.0
H2OR06066,C00793703,1942921,1942921,2026-01-31,2025-12-31,True,114653.27,7.0,0.0
H2OR06066,C00793703,1964757,1964757,2026-04-15,2026-03-31,True,187386.24,0.0,0.0
H2OR06066,C00793703,1973178,1973178,2026-05-07,2026-04-29,True,55617.77,0.0,0.0
H2OR06066,C00793703,1995350,1995350,2026-07-15,2026-06-30,True,106677.60,0.0,0.0
H2PA04135,C00510164,1886826,1886826,2025-04-15,2025-03-31,True,130045.80,0.0,0.0
H2PA04135,C00510164,1901477,1901477,2025-07-15,2025-06-30,True,495342.43,0.0,0.0
H2PA04135,C00510164,1919896,1919896,2025-10-15,2025-09-30,True,498911.81,0.0,0.0
H2PA04135,C00510164,1941391,1941391,2026-01-30,2025-12-31,True,560172.39,0.0,0.0
H2PA04135,C00510164,1963354,1963354,2026-04-15,2026-03-31,True,650341.61,0.0,0.0
H2PA04135,C00510164,1973156,1973156,2026-05-07,2026-04-29,True,219069.16,0.0,0.0
H2PA04135,C00510164,1993388,1993388,2026-07-15,2026-06-30,True,546335.41,0.0,0.0
H2PA17103,C00787648,1887394,1887394,2025-04-15,2025-03-31,True,158013.47,0.0,0.0
H2PA17103,C00787648,1903009,1903009,2025-07-15,2025-06-30,True,237764.19,0.0,0.0
H2PA17103,C00787648,1920901,1920901,2025-10-15,2025-09-30,True,320993.10,0.0,0.0
H2PA17103,C00787648,1941930,1941930,2026-01-31,2025-12-31,True,512316.81,0.0,0.0
H2PA17103,C00787648,1964123,1964123,2026-04-15,2026-03-31,True,501333.37,0.0,0.0
H2PA17103,C00787648,1973287,1973287,2026-05-07,2026-04-29,False,152241.72,0.0,0.0
H2PA17103,C00787648,1973287,2012695,2026-09-17,2026-04-29,True,152241.72,0.0,0.0
H2PA17103,C00787648,1995757,1995757,2026-07-15,2026-06-30,True,336435.42,0.0,0.0
H2PA18200,C00791780,1886600,1886600,2025-04-15,2025-03-31,True,136907.62,0.0,0.0
H2PA18200,C00791780,1901499,1901499,2025-07-15,2025-06-30,True,185592.09,0.0,0.0
H2PA18200,C00791780,1919836,1919836,2025-10-15,2025-09-30,True,371982.74,0.0,0.0
H2PA18200,C00791780,1939796,1939796,2026-01-30,2025-12-31,True,204812.55,0.0,0.0
H2PA18200,C00791780,1963573,1963573,2026-04-15,2026-03-31,True,132190.23,0.0,0.0
H2PA18200,C00791780,1973292,1973292,2026-05-07,2026-04-29,False,35458.04,0.0,0.0
H2PA18200,C00791780,1973292,1993681,2026-07-15,2026-04-29,True,35458.04,0.0,0.0
H2PA18200,C00791780,1993739,1993739,2026-07-15,2026-06-30,True,81425.99,0.0,0.0
H2RI02184,C00802504,1887138,1887138,2025-04-15,2025-03-31,True,149012.44,0.0,0.0
H2RI02184,C00802504,1902138,1902138,2025-07-15,2025-06-30,True,72625.00,0.0,0.0
H2RI02184,C00802504,1920333,1920333,2025-10-15,2025-09-30,True,104642.99,0.0,0.0
H2RI02184,C00802504,1941905,1941905,2026-01-31,2025-12-31,True,115335.45,0.0,0.0
H2RI02184,C00802504,1963796,1963796,2026-04-15,2026-03-31,True,124712.15,0.0,0.0
H2RI02184,C00802504,1994019,1994019,2026-07-15,2026-06-30,True,130402.13,0.0,0.0
H2SC02042,C00255562,1887637,1887637,2025-04-15,2025-03-31,True,25684.08,0.0,0.0
H2SC02042,C00255562,1903293,1903293,2025-07-15,2025-06-30,True,51674.00,0.0,0.0
H2SC02042,C00255562,1920951,1920951,2025-10-15,2025-09-30,True,146976.44,0.0,0.0
H2SC02042,C00255562,1942447,1942447,2026-01-31,2025-12-31,True,27337.55,0.0,0.0
H2SC02042,C00255562,1965274,1965274,2026-04-15,2026-03-31,True,42298.12,0.0,0.0
H2SC02042,C00255562,1980023,1980023,2026-05-28,2026-05-20,False,55761.73,0.0,0.0
H2SC02042,C00255562,1980023,1996557,2026-07-15,2026-05-20,True,56281.73,0.0,0.0
H2SC02042,C00255562,1996569,1996569,2026-07-15,2026-06-30,True,107170.24,0.0,0.0
H2SC02059,C00368522,1886737,1886737,2025-04-15,2025-03-31,True,30695.43,0.0,0.0
H2SC02059,C00368522,1901627,1901627,2025-07-15,2025-06-30,True,63077.00,0.0,0.0
H2SC02059,C00368522,1921945,1921945,2025-10-16,2025-09-30,True,29319.99,0.0,0.0
H2SC02059,C00368522,1939242,1939242,2026-01-30,2025-12-31,True,39515.28,0.0,0.0
H2SC02059,C00368522,1964657,1964657,2026-04-15,2026-03-31,True,111903.75,0.0,200000.0
H2SC02059,C00368522,1979943,1979943,2026-05-28,2026-05-20,True,44905.91,0.0,0.0
H2SC02059,C00368522,1993672,1993672,2026-07-15,2026-06-30,True,54783.19,0.0,0.0
H2SC07280,C00786657,1887010,1887010,2025-04-15,2025-03-31,True,90677.33,0.0,0.0
H2SC07280,C00786657,1902087,1902087,2025-07-15,2025-06-30,True,137104.43,0.0,0.0
H2SC07280,C00786657,1920231,1920231,2025-10-15,2025-09-30,True,225546.71,0.0,0.0
H2SC07280,C00786657,1939895,1939895,2026-01-30,2025-12-31,True,36828.36,0.0,0.0
H2SC07280,C00786657,1964985,1964985,2026-04-15,2026-03-31,True,157981.77,0.0,0.0
H2SC07280,C00786657,1980028,1980028,2026-05-28,2026-05-20,False,82348.90,0.0,0.0
H2SC07280,C00786657,1980028,2011604,2026-09-11,2026-05-20,True,82348.90,0.0,0.0
H2SC07280,C00786657,1995298,1995298,2026-07-15,2026-06-30,True,43860.32,0.0,0.0
H2TN07103,C00376244,1887309,1887309,2025-04-15,2025-03-31,True,0.00,0.0,0.0
H2TN07103,C00614826,1887443,1887443,2025-04-15,2025-03-31,True,339859.43,0.0,0.0
H2TN07103,C00376244,1902234,1902234,2025-07-15,2025-06-30,True,0.00,0.0,0.0
H2TN07103,C00614826,1903189,1903189,2025-07-15,2025-06-30,True,199442.67,0.0,0.0
H2TN07103,C00614826,1921479,1921479,2025-10-15,2025-09-30,True,84902.99,0.0,0.0
H2TN07103,C00376244,1920606,1920606,2025-10-15,2025-09-30,True,0.00,0.0,0.0
H2TN07103,C00376244,1941427,1941427,2026-01-30,2025-12-31,True,0.00,0.0,0.0
H2TN07103,C00614826,1941436,1941436,2026-01-30,2025-12-31,True,171952.25,0.0,0.0
H2TN07103,C00614826,1965931,1965931,2026-04-15,2026-03-31,True,69287.33,0.0,0.0
H2TN07103,C00376244,1965856,1965856,2026-04-15,2026-03-31,True,0.00,0.0,0.0
H2TN07103,C00376244,1997590,1997590,2026-07-15,2026-06-30,True,0.00,0.0,0.0
H2TN07103,C00614826,1997533,1997533,2026-07-15,2026-06-30,True,180515.49,0.0,0.0
H2TX00064,C00791293,1884864,1884864,2025-04-10,2025-03-31,True,20879.43,0.0,0.0
H2TX00064,C00791293,1899595,1899595,2025-07-10,2025-06-30,False,54992.00,0.0,0.0
H2TX00064,C00791293,1899595,1946600,2026-02-14,2025-06-30,True,53992.00,0.0,0.0
H2TX00064,C00791293,1918303,1936594,2026-01-28,2025-09-30,False,92769.65,673.32,0.0
H2TX00064,C00791293,1918303,1918303,2025-10-09,2025-09-30,False,92784.65,673.32,0.0
H2TX00064,C00791293,1918303,1923425,2025-10-23,2025-09-30,False,92769.65,673.32,0.0
H2TX00064,C00791293,1918303,1946602,2026-02-14,2025-09-30,True,85769.65,673.32,0.0
H2TX00064,C00791293,1918303,1930350,2025-12-31,2025-09-30,False,92769.65,673.32,0.0
H2TX00064,C00791293,1936643,1936643,2026-01-28,2025-12-31,False,97528.83,0.0,0.0
H2TX00064,C00791293,1936643,1946606,2026-02-14,2025-12-31,True,97528.83,0.0,0.0
H2TX00064,C00791293,1947072,1956833,2026-03-31,2026-02-11,False,29622.03,571.42,0.0
H2TX00064,C00791293,1947072,2005582,2026-08-11,2026-02-11,True,29622.03,571.42,0.0
H2TX00064,C00791293,1947072,1947072,2026-02-17,2026-02-11,False,29622.03,571.42,0.0
H2TX00064,C00791293,1958966,2005596,2026-08-11,2026-03-31,True,60124.84,0.0,0.0
H2TX00064,C00791293,1958966,1958966,2026-04-08,2026-03-31,False,60124.84,0.0,0.0
H2TX00064,C00791293,1990506,1990506,2026-07-11,2026-06-30,False,112676.37,606.2,0.0
H2TX00064,C00791293,1990506,2005599,2026-08-11,2026-06-30,True,112676.37,606.2,0.0
H2TX01112,C00796086,1886962,1886962,2025-04-15,2025-03-31,True,73045.93,0.0,0.0
H2TX01112,C00796086,1902512,1902512,2025-07-15,2025-06-30,True,112300.72,0.0,0.0
H2TX01112,C00796086,1920488,1920488,2025-10-15,2025-09-30,True,114758.11,0.0,0.0
H2TX01112,C00796086,1940074,1947817,2026-02-19,2025-12-31,True,102478.29,0.0,0.0
H2TX01112,C00796086,1940074,1940074,2026-01-30,2025-12-31,False,102478.29,0.0,0.0
H2TX01112,C00796086,1948123,1948123,2026-02-19,2026-02-11,True,43255.10,0.0,0.0
H2TX01112,C00796086,1965529,1965529,2026-04-15,2026-03-31,True,61376.74,0.0,0.0
H2TX01112,C00796086,1995891,1995891,2026-07-15,2026-06-30,True,240485.42,0.0,0.0
H2TX03126,C00303305,1887864,1887864,2025-04-15,2025-03-31,True,65855.00,0.0,0.0
H2TX03126,C00303305,1903013,1903013,2025-07-15,2025-06-30,True,61336.00,0.0,0.0
H2TX03126,C00303305,1921230,1921230,2025-10-15,2025-09-30,True,48414.52,0.0,0.0
H2TX03126,C00303305,1943117,1943117,2026-01-31,2025-12-31,True,133550.50,0.0,0.0
H2TX03126,C00303305,1946716,1946716,2026-02-16,2026-02-11,False,115320.70,10.0,0.0
H2TX03126,C00303305,1946716,2002409,2026-07-28,2026-02-11,True,115320.70,10.0,0.0
H2TX03126,C00303305,1965902,1965902,2026-04-15,2026-03-31,True,27700.00,0.0,0.0
H2TX03126,C00303305,1994233,1994233,2026-07-15,2026-06-30,True,46576.00,0.0,0.0
H2TX14149,C00502229,1887185,1894181,2025-05-29,2025-03-31,True,16478.43,0.0,0.0
H2TX14149,C00502229,1887185,1887185,2025-04-15,2025-03-31,False,16478.43,0.0,0.0
H2TX14149,C00502229,1887185,1890029,2025-04-23,2025-03-31,False,16478.43,0.0,0.0
H2TX14149,C00502229,1901699,1901699,2025-07-15,2025-06-30,True,57342.00,0.0,0.0
H2TX14149,C00502229,1919680,1919680,2025-10-15,2025-09-30,True,38634.99,0.0,0.0
H2TX14149,C00502229,1940459,1940459,2026-01-30,2025-12-31,True,43390.25,0.0,0.0
H2TX14149,C00502229,1946963,1946963,2026-02-17,2026-02-11,True,8468.67,0.0,0.0
H2TX14149,C00502229,1963930,1974352,2026-05-12,2026-03-31,True,46702.33,0.0,0.0
H2TX14149,C00502229,1963930,1963930,2026-04-15,2026-03-31,False,46702.33,0.0,0.0
H2TX14149,C00502229,1992368,1992368,2026-07-14,2026-06-30,True,40392.59,0.0,0.0
H2TX23082,C00371302,1887612,1887612,2025-04-15,2025-03-31,True,110709.01,2250.0,0.0
H2TX23082,C00371302,1902811,1902811,2025-07-15,2025-06-30,False,146845.57,2250.0,200000.0
H2TX23082,C00371302,1902811,1914374,2025-09-10,2025-06-30,True,146845.57,2250.0,200000.0
H2TX23082,C00371302,1921236,1921236,2025-10-15,2025-09-30,True,139683.92,2250.0,0.0
H2TX23082,C00371302,1940593,1940593,2026-01-30,2025-12-31,True,145355.72,2250.0,38000.0
H2TX23082,C00371302,1948190,1948190,2026-02-19,2026-02-11,True,41771.61,1500.0,0.0
H2TX23082,C00371302,1966883,1966883,2026-04-15,2026-03-31,False,199947.56,750.0,0.0
H2TX23082,C00371302,1966883,1979723,2026-05-27,2026-03-31,True,199947.56,750.0,0.0
H2TX23082,C00371302,1997435,2009856,2026-08-27,2026-06-30,True,338866.84,2250.0,63000.0
H2TX23082,C00371302,1997435,1997435,2026-07-15,2026-06-30,False,338866.84,2250.0,63000.0
H2TX31044,C00371203,1887459,1887459,2025-04-15,2025-03-31,True,78640.88,0.0,0.0
H2TX31044,C00371203,1902766,1902766,2025-07-15,2025-06-30,True,39614.87,0.0,0.0
H2TX31044,C00371203,1921305,1921305,2025-10-15,2025-09-30,True,26940.42,0.0,0.0
H2TX31044,C00371203,1940243,1940243,2026-01-30,2025-12-31,True,41252.83,0.0,0.0
H2TX31044,C00371203,1948069,1948069,2026-02-19,2026-02-11,True,86354.57,0.0,0.0
H2TX31044,C00371203,1965683,1965683,2026-04-15,2026-03-31,False,71650.00,0.0,0.0
H2TX31044,C00371203,1965683,1987494,2026-07-02,2026-03-31,True,71650.00,0.0,0.0
H2TX31044,C00371203,1995634,1995634,2026-07-15,2026-06-30,True,62480.16,0.0,0.0
H2TX33040,C00498121,1887533,1887533,2025-04-15,2025-03-31,True,11344.31,0.0,0.0
H2TX33040,C00498121,1902376,1902376,2025-07-15,2025-06-30,True,8991.76,0.0,0.0
H2TX33040,C00498121,1920703,1920703,2025-10-15,2025-09-30,True,18739.12,0.0,0.0
H2TX33040,C00498121,1941781,1941781,2026-01-31,2025-12-31,True,1551.37,0.0,0.0
H2TX33040,C00498121,1948165,1948165,2026-02-19,2026-02-11,True,4020.08,0.0,0.0
H2TX33040,C00498121,1965651,1979980,2026-05-28,2026-03-31,True,9464.29,0.0,0.0
H2TX33040,C00498121,1965651,1965651,2026-04-15,2026-03-31,False,9464.29,0.0,0.0
H2TX33040,C00498121,1997785,1997785,2026-07-15,2026-06-30,True,15604.16,0.0,0.0
H2TX34113,C00768994,1886285,1929903,2025-12-22,2025-03-31,True,0.00,0.0,0.0
H2TX34113,C00768994,1886285,1886285,2025-04-14,2025-03-31,False,0.00,0.0,0.0
H2TX34113,C00768994,1903408,1903408,2025-07-15,2025-06-30,False,300105.59,0.0,0.0
H2TX34113,C00768994,1903408,1929908,2025-12-22,2025-06-30,True,300105.59,0.0,0.0
H2TX34113,C00768994,1921484,1921484,2025-10-15,2025-09-30,False,366954.81,0.0,0.0
H2TX34113,C00768994,1921484,1929910,2025-12-22,2025-09-30,True,366954.81,0.0,0.0
H2TX34113,C00768994,1943501,1943501,2026-01-31,2025-12-31,True,418229.42,0.0,0.0
H2TX34113,C00768994,1948110,1948110,2026-02-19,2026-02-11,True,122070.33,0.0,0.0
H2TX34113,C00768994,1967047,1995648,2026-07-15,2026-03-31,True,41733.04,0.0,0.0
H2TX34113,C00768994,1967047,1967047,2026-04-15,2026-03-31,False,41733.04,0.0,0.0
H2TX34113,C00768994,1996685,1996685,2026-07-15,2026-06-30,True,0.00,0.0,0.0
H2TX35011,C00497933,1887670,1887670,2025-04-15,2025-03-31,True,51815.22,0.0,0.0
H2TX35011,C00497933,1903003,1903003,2025-07-15,2025-06-30,True,81208.05,0.0,0.0
H2TX35011,C00497933,1921011,1921011,2025-10-15,2025-09-30,True,48612.63,0.0,0.0
H2TX35011,C00497933,1942331,1942331,2026-01-31,2025-12-31,True,7668.00,0.0,0.0
H2TX35011,C00497933,1948202,1948202,2026-02-19,2026-02-11,True,8464.00,0.0,0.0
H2TX35011,C00497933,1966857,1966857,2026-04-15,2026-03-31,True,100126.33,0.0,0.0
H2TX35011,C00497933,1997233,1997233,2026-07-15,2026-06-30,True,75878.79,0.0,0.0
H2TX35144,C00791897,1886380,1886380,2025-04-15,2025-03-31,True,75718.00,0.0,0.0
H2TX35144,C00791897,1901468,1901468,2025-07-15,2025-06-30,True,124609.84,0.0,0.0
H2TX35144,C00791897,1920096,1920096,2025-10-15,2025-09-30,True,397857.89,0.0,0.0
H2TX35144,C00791897,1941857,1941857,2026-01-31,2025-12-31,True,86842.73,0.0,0.0
H2TX35144,C00791897,1947870,1947870,2026-02-19,2026-02-11,True,35304.61,0.0,0.0
H2TX35144,C00791897,1964463,1964463,2026-04-15,2026-03-31,True,77562.85,0.0,0.0
H2TX35144,C00791897,1995083,1995083,2026-07-15,2026-06-30,True,91094.54,0.0,0.0
H2VA02064,C00776120,1887212,1913558,2025-09-02,2025-03-31,True,470516.72,0.0,0.0
H2VA02064,C00776120,1887212,1887212,2025-04-15,2025-03-31,False,472516.72,0.0,0.0
H2VA02064,C00776120,1901761,1901761,2025-07-15,2025-06-30,True,409510.29,0.0,0.0
H2VA02064,C00776120,1920048,1920048,2025-10-15,2025-09-30,True,417014.70,0.0,0.0
H2VA02064,C00776120,1942022,1942022,2026-01-31,2025-12-31,True,325345.14,0.0,0.0
H2VA02064,C00776120,1963783,2007684,2026-08-19,2026-03-31,True,596190.81,0.0,0.0
H2VA02064,C00776120,1963783,1963783,2026-04-15,2026-03-31,False,596190.81,0.0,0.0
H2VA02064,C00776120,1994013,1994013,2026-07-15,2026-06-30,True,680315.86,0.0,0.0
H2VA10273,C00944264,1961197,1961197,2026-04-13,2026-03-31,True,25665.43,0.0,0.0
H2VA10273,C00944264,1991733,1991733,2026-07-14,2026-06-30,True,27204.54,0.0,50000.0
H2VT01076,C00797175,1887883,1887883,2025-04-15,2025-03-31,False,114745.65,0.0,0.0
H2VT01076,C00797175,1887883,1901899,2025-07-15,2025-03-31,True,114745.65,0.0,0.0
H2VT01076,C00797175,1902792,1902792,2025-07-15,2025-06-30,True,115394.58,0.0,0.0
H2VT01076,C00797175,1920787,1920787,2025-10-15,2025-09-30,True,99299.45,0.0,0.0
H2VT01076,C00797175,1941935,1941935,2026-01-31,2025-12-31,True,78792.70,0.0,0.0
H2VT01076,C00797175,1966310,1966310,2026-04-15,2026-03-31,True,103050.92,0.0,0.0
H2VT01076,C00797175,1996842,2003050,2026-07-30,2026-06-30,True,133171.57,0.0,0.0
H2VT01076,C00797175,1996842,1996842,2026-07-15,2026-06-30,False,133171.57,0.0,0.0
H2WA03217,C00806174,1887382,1887382,2025-04-15,2025-03-31,True,438348.24,0.0,0.0
H2WA03217,C00806174,1902994,1902994,2025-07-15,2025-06-30,True,431836.10,0.0,0.0
H2WA03217,C00806174,1920152,1920152,2025-10-15,2025-09-30,True,288925.08,0.0,0.0
H2WA03217,C00806174,1941898,1941898,2026-01-31,2025-12-31,True,354236.48,0.0,0.0
H2WA03217,C00806174,1964440,1964440,2026-04-15,2026-03-31,True,390721.29,0.0,0.0
H2WA03217,C00806174,1996963,1996963,2026-07-15,2026-06-30,True,559078.22,0.0,0.0
H2WI02124,C00502179,1887107,1887107,2025-04-15,2025-03-31,True,45626.60,0.0,0.0
H2WI02124,C00502179,1902893,1902893,2025-07-15,2025-06-30,True,82488.98,0.0,0.0
H2WI02124,C00502179,1920658,1920658,2025-10-15,2025-09-30,True,93188.69,0.0,0.0
H2WI02124,C00502179,1942607,1942607,2026-01-31,2025-12-31,False,48855.10,0.0,0.0
H2WI02124,C00502179,1942607,1943204,2026-01-31,2025-12-31,True,48855.10,0.0,0.0
H2WI02124,C00502179,1967411,1967411,2026-04-15,2026-03-31,False,32307.29,0.0,0.0
H2WI02124,C00502179,1967411,1974305,2026-05-12,2026-03-31,True,32307.29,0.0,0.0
H2WI02124,C00502179,1995780,1995780,2026-07-15,2026-06-30,True,52729.81,0.0,0.0
H4AL02170,C00856237,1887481,1887481,2025-04-15,2025-03-31,True,51103.81,0.0,0.0
H4AL02170,C00856237,1902730,1902730,2025-07-15,2025-06-30,True,27451.22,0.0,0.0
H4AL02170,C00856237,1920279,1946508,2026-02-13,2025-09-30,False,69109.16,0.0,0.0
H4AL02170,C00856237,1920279,1922049,2025-10-16,2025-09-30,False,69109.16,0.0,0.0
H4AL02170,C00856237,1920279,1973409,2026-05-07,2025-09-30,True,69109.16,0.0,0.0
H4AL02170,C00856237,1920279,1920279,2025-10-15,2025-09-30,False,69109.16,0.0,0.0
H4AL02170,C00856237,1942346,1942346,2026-01-31,2025-12-31,False,41965.44,0.0,0.0
H4AL02170,C00856237,1942346,1973413,2026-05-07,2025-12-31,True,41965.44,0.0,0.0
H4AL02170,C00856237,1966048,1966048,2026-04-15,2026-03-31,False,41261.17,0.0,0.0
H4AL02170,C00856237,1966048,1970509,2026-04-21,2026-03-31,False,41261.17,0.0,0.0
H4AL02170,C00856237,1966048,1973415,2026-05-07,2026-03-31,True,41261.17,0.0,0.0
H4AL02170,C00856237,1973416,1973416,2026-05-07,2026-04-29,False,6280.00,0.0,0.0
H4AL02170,C00856237,1973416,2003039,2026-07-30,2026-04-29,True,6280.00,0.0,0.0
H4AL02170,C00856237,1997595,1997595,2026-07-15,2026-06-30,False,201365.05,0.0,0.0
H4AL02170,C00856237,1997595,2003045,2026-07-30,2026-06-30,True,201365.05,0.0,0.0
H4AL06098,C00551374,1887427,1887427,2025-04-15,2025-03-31,True,33280.46,0.0,0.0
H4AL06098,C00551374,1902120,1902120,2025-07-15,2025-06-30,True,162775.91,0.0,0.0
H4AL06098,C00551374,1919967,1919967,2025-10-15,2025-09-30,True,24002.99,0.0,0.0
H4AL06098,C00551374,1939894,1939894,2026-01-30,2025-12-31,True,89782.25,0.0,0.0
H4AL06098,C00551374,1965117,1978930,2026-05-22,2026-03-31,True,62302.00,0.0,0.0
H4AL06098,C00551374,1965117,1965117,2026-04-15,2026-03-31,False,69302.00,0.0,0.0
H4AL06098,C00551374,1973188,1978933,2026-05-22,2026-04-29,True,42508.56,0.0,0.0
H4AL06098,C00551374,1973188,1973188,2026-05-07,2026-04-29,False,42508.56,0.0,0.0
H4AL06098,C00551374,1995410,1995410,2026-07-15,2026-06-30,True,114979.03,0.0,0.0
H4AR02141,C00551275,1887435,1887435,2025-04-15,2025-03-31,True,295703.93,0.0,0.0
H4AR02141,C00551275,1903596,1903596,2025-07-16,2025-06-30,True,229671.49,0.0,0.0
H4AR02141,C00551275,1921189,1921189,2025-10-15,2025-09-30,True,438290.45,0.0,0.0
H4AR02141,C00551275,1942091,1942091,2026-01-31,2025-12-31,True,347961.88,0.0,0.0
H4AR02141,C00551275,1948129,1948129,2026-02-19,2026-02-11,True,67315.44,0.0,0.0
H4AR02141,C00551275,1966770,1966770,2026-04-15,2026-03-31,True,182131.41,0.0,0.0
H4AR02141,C00551275,1996454,1996454,2026-07-15,2026-06-30,True,231035.89,0.0,0.0
H4AR04048,C00548180,1886624,1886624,2025-04-15,2025-03-31,True,186288.21,0.0,0.0
H4AR04048,C00548180,1901796,1935519,2026-01-26,2025-06-30,True,146748.72,0.0,0.0
H4AR04048,C00548180,1901796,1901796,2025-07-15,2025-06-30,False,146748.72,0.0,0.0
H4AR04048,C00548180,1919830,1935521,2026-01-26,2025-09-30,True,133819.80,0.0,0.0
H4AR04048,C00548180,1919830,1919830,2025-10-15,2025-09-30,False,133819.80,0.0,0.0
H4AR04048,C00548180,1938976,1938976,2026-01-30,2025-12-31,True,135711.93,0.0,0.0
H4AR04048,C00548180,1948157,1948157,2026-02-19,2026-02-11,True,50518.86,0.0,0.0
H4AR04048,C00548180,1964712,1964712,2026-04-15,2026-03-31,True,115057.87,0.0,0.0
H4AR04048,C00548180,1993747,1993747,2026-07-15,2026-06-30,True,95828.59,0.0,0.0
H4AZ01194,C00836502,1888154,1888154,2025-04-15,2025-03-31,True,8.50,0.0,0.0
H4AZ01194,C00836502,1903407,1903407,2025-07-15,2025-06-30,True,299484.80,65.11,2602.68
H4AZ01194,C00836502,1921646,1921646,2025-10-15,2025-09-30,True,205897.86,618.03,55166.83
H4AZ01194,C00836502,1943670,1943670,2026-01-31,2025-12-31,True,196340.10,3308.34,128000.0
H4AZ01194,C00836502,1967257,1967257,2026-04-15,2026-03-31,True,174263.85,893.71,40000.0
H4AZ02184,C00853473,1887556,1887556,2025-04-15,2025-03-31,True,45531.52,0.0,0.0
H4AZ02184,C00853473,1903454,1903454,2025-07-15,2025-06-30,True,13993.56,0.0,0.0
H4AZ02184,C00853473,1921704,1921704,2025-10-15,2025-09-30,True,735078.62,0.0,0.0
H4AZ02184,C00853473,1944116,1944116,2026-01-31,2025-12-31,False,353909.90,0.0,0.0
H4AZ02184,C00853473,1944116,1967478,2026-04-15,2025-12-31,True,353909.90,0.0,0.0
H4AZ02184,C00853473,1967495,1967495,2026-04-15,2026-03-31,True,998150.16,0.0,0.0
H4AZ03109,C00836767,1887925,1887925,2025-04-15,2025-03-31,True,225631.09,35427.0,30000.0
H4AZ03109,C00836767,1903200,1903200,2025-07-15,2025-06-30,True,195480.27,277.6,0.0
H4AZ03109,C00836767,1921485,1921485,2025-10-15,2025-09-30,False,161875.82,0.0,0.0
H4AZ03109,C00836767,1921485,1955352,2026-03-20,2025-09-30,True,161875.82,0.0,0.0
H4AZ03109,C00836767,1943409,1943409,2026-01-31,2025-12-31,True,240418.80,0.0,0.0
H4AZ03109,C00836767,1967112,1967112,2026-04-15,2026-03-31,True,116106.47,0.0,0.0
H4AZ04115,C00914598,1921419,1921419,2025-10-15,2025-09-30,True,185239.03,10000.0,0.0
H4AZ04115,C00914598,1941740,1941740,2026-01-31,2025-12-31,True,166957.14,0.0,0.0
H4AZ04115,C00914598,1966905,1966905,2026-04-15,2026-03-31,True,82716.30,0.0,0.0
H4AZ07134,C00856773,1886359,1898043,2025-07-03,2025-03-31,True,4075.53,14737.67,136470.0
H4AZ07134,C00856773,1886359,1886359,2025-04-15,2025-03-31,False,4101.56,14737.67,136470.0
H4AZ07134,C00856773,1898046,1898046,2025-07-03,2025-06-25,True,11954.90,12333.09,0.0
H4AZ07134,C00856773,1898047,1898047,2025-07-03,2025-06-30,True,375.00,0.0,0.0
H4AZ07134,C00856773,1914243,1914243,2025-09-09,2025-09-03,True,20207.00,6012.31,0.0
H4AZ07134,C00856773,1925550,1925550,2025-11-19,2025-10-13,True,2215.00,5644.4,0.0
H4AZ07134,C00856773,1939404,1939404,2026-01-30,2025-12-31,True,25.00,0.0,0.0
H4AZ07134,C00856773,1961402,1961402,2026-04-14,2026-03-31,True,220.00,0.0,0.0
H4AZ08108,C00853986,1887498,1887498,2025-04-15,2025-03-31,True,64992.40,0.0,0.0
H4AZ08108,C00853986,1902937,1916440,2025-09-22,2025-06-30,True,77931.10,0.0,0.0
H4AZ08108,C00853986,1902937,1902937,2025-07-15,2025-06-30,False,77931.10,0.0,0.0
H4AZ08108,C00853986,1921005,1921005,2025-10-15,2025-09-30,True,43081.44,0.0,0.0
H4AZ08108,C00853986,1943058,1943058,2026-01-31,2025-12-31,True,52979.83,0.0,0.0
H4AZ08108,C00853986,1965777,1965777,2026-04-15,2026-03-31,True,188920.83,0.0,0.0
H4CA09093,C00845826,1887031,1887031,2025-04-15,2025-03-31,True,1931.92,0.0,0.0
H4CA09093,C00845826,1901839,1901839,2025-07-15,2025-06-30,True,647.28,0.0,0.0
H4CA09093,C00845826,1919992,1930402,2026-01-01,2025-09-30,True,251447.66,0.0,0.0
H4CA09093,C00845826,1919992,1919992,2025-10-15,2025-09-30,False,251447.66,0.0,0.0
H4CA09093,C00845826,1943781,1943781,2026-01-31,2025-12-31,True,230318.16,0.0,0.0
H4CA09093,C00845826,1964230,1964230,2026-04-15,2026-03-31,True,283107.64,0.0,0.0
H4CA09093,C00845826,1978597,1978597,2026-05-21,2026-05-13,True,162989.64,0.0,0.0
H4CA09093,C00895052,1984859,1984859,2026-06-18,2026-06-18,True,0.00,0.0,0.0
H4CA09093,C00845826,1994547,1994547,2026-07-15,2026-06-30,True,263966.52,0.0,0.0
H4CA09093,C00894444,1992875,1992875,2026-07-14,2026-06-30,True,0.00,0.0,0.0
H4CA09101,C00846873,1886311,1886311,2025-04-14,2025-03-31,True,2889.35,0.0,0.0
H4CA09101,C00846873,1903046,1903046,2025-07-15,2025-06-30,True,0.00,0.0,0.0
H4CA09101,C00846873,1920983,1920983,2025-10-15,2025-09-30,True,504.10,0.0,0.0
H4CA09101,C00846873,1940843,1940843,2026-01-30,2025-12-31,True,600.00,0.0,0.0
H4CA09101,C00846873,1965769,1965769,2026-04-15,2026-03-31,True,2670.00,0.0,0.0
H4CA09101,C00846873,1978628,1978628,2026-05-21,2026-05-13,True,1501.00,0.0,0.0
H4CA09101,C00895151,1983294,1983294,2026-06-15,2026-06-15,True,0.00,0.0,0.0
H4CA09101,C00846873,1996464,1996464,2026-07-15,2026-06-30,True,2145.00,0.0,0.0
H4CA12055,C00503185,1886959,1886959,2025-04-15,2025-03-31,True,3632433.13,0.0,0.0
H4CA12055,C00503185,1901934,1901934,2025-07-15,2025-06-30,True,2129340.25,0.0,0.0
H4CA12055,C00503185,1920491,1920491,2025-10-15,2025-09-30,True,1667598.01,0.0,0.0
H4CA12055,C00503185,1940216,1940216,2026-01-30,2025-12-31,True,1666281.49,0.0,0.0
H4CA12055,C00503185,1964721,1964721,2026-04-15,2026-03-31,True,1803050.14,0.0,0.0
H4CA12055,C00503185,1978561,1978561,2026-05-21,2026-05-13,True,736486.41,0.0,0.0
H4CA12055,C00503185,1995069,1995069,2026-07-15,2026-06-30,True,1100600.41,0.0,0.0
H4CA16049,C00289603,1887620,1887620,2025-04-15,2025-03-31,True,251571.28,0.0,0.0
H4CA16049,C00289603,1902154,1902154,2025-07-15,2025-06-30,True,227800.38,0.0,0.0
H4CA16049,C00289603,1921116,1921116,2025-10-15,2025-09-30,True,166010.36,0.0,0.0
H4CA16049,C00289603,1940573,1940573,2026-01-30,2025-12-31,False,177816.67,0.0,0.0
H4CA16049,C00289603,1940573,1953816,2026-03-17,2025-12-31,True,177816.67,0.0,0.0
H4CA16049,C00289603,1965802,1965802,2026-04-15,2026-03-31,True,145833.80,0.0,0.0
H4CA16049,C00289603,1977844,1977844,2026-05-20,2026-05-13,True,79599.33,0.0,0.0
H4CA16049,C00289603,1994478,1994478,2026-07-15,2026-06-30,True,56436.38,0.0,0.0
H4CA16197,C00858688,1887017,1887017,2025-04-15,2025-03-31,False,392053.00,0.0,0.0
H4CA16197,C00858688,1887017,1964671,2026-04-15,2025-03-31,True,392053.00,0.0,0.0
H4CA16197,C00858688,1902118,1902118,2025-07-15,2025-06-30,True,332115.71,0.0,0.0
H4CA16197,C00858688,1920230,1920230,2025-10-15,2025-09-30,False,394169.30,0.0,0.0
H4CA16197,C00858688,1920230,1923977,2025-11-03,2025-09-30,True,394169.30,0.0,0.0
H4CA16197,C00858688,1939677,1939677,2026-01-30,2025-12-31,True,154112.00,0.0,0.0
H4CA16197,C00858688,1964619,1981325,2026-06-04,2026-03-31,True,107339.00,0.0,0.0
H4CA16197,C00858688,1964619,1964619,2026-04-15,2026-03-31,False,107339.00,0.0,0.0
H4CA16197,C00858688,1978536,1978536,2026-05-21,2026-05-13,True,65773.00,0.0,0.0
H4CA16197,C00858688,1995383,2001575,2026-07-23,2026-06-30,True,59507.66,0.0,0.0
H4CA16197,C00858688,1995383,1995383,2026-07-15,2026-06-30,False,60007.66,0.0,0.0
H4CA20082,C00391029,1884152,1884152,2025-04-05,2025-03-31,True,3169.44,0.0,0.0
H4CA20082,C00391029,1899347,1899347,2025-07-09,2025-06-30,True,148114.00,0.0,0.0
H4CA20082,C00391029,1921360,1921360,2025-10-15,2025-09-30,True,79404.08,0.0,0.0
H4CA20082,C00391029,1941009,1941009,2026-01-30,2025-12-31,False,134562.91,0.0,0.0
H4CA20082,C00391029,1941009,1981600,2026-06-05,2025-12-31,True,134562.91,0.0,0.0
H4CA20082,C00391029,1967346,1967346,2026-04-15,2026-03-31,True,87136.90,0.0,0.0
H4CA20082,C00391029,1978704,1978704,2026-05-21,2026-05-13,True,12748.12,0.0,0.0
H4CA20082,C00391029,1994213,2009760,2026-08-26,2026-06-30,True,62586.33,0.0,0.0
H4CA20082,C00391029,1994213,1994213,2026-07-15,2026-06-30,False,61586.33,0.0,0.0
H4CA20181,C00859892,1887778,1887778,2025-04-15,2025-03-31,False,176008.57,0.0,0.0
H4CA20181,C00859892,1887778,1902970,2025-07-15,2025-03-31,True,176008.57,0.0,0.0
H4CA20181,C00859892,1903112,1916616,2025-09-24,2025-06-30,True,69632.63,0.0,0.0
H4CA20181,C00859892,1903112,1903112,2025-07-15,2025-06-30,False,69632.63,0.0,0.0
H4CA20181,C00859892,1921242,1937554,2026-01-29,2025-09-30,False,195265.00,0.0,0.0
H4CA20181,C00859892,1921242,1921242,2025-10-15,2025-09-30,False,195265.00,0.0,0.0
H4CA20181,C00859892,1921242,1964755,2026-04-15,2025-09-30,True,219660.12,0.0,0.0
H4CA20181,C00859892,1940247,1964809,2026-04-15,2025-12-31,True,93657.77,0.0,0.0
H4CA20181,C00859892,1940247,1940247,2026-01-30,2025-12-31,False,94657.77,0.0,0.0
H4CA20181,C00859892,1965049,1965049,2026-04-15,2026-03-31,True,97744.41,0.0,0.0
H4CA20181,C00859892,1978475,1978475,2026-05-21,2026-05-13,True,53205.07,0.0,0.0
H4CA20181,C00859892,1994385,1994385,2026-07-15,2026-06-30,True,74691.40,0.0,0.0
H4CA23011,C00167585,1886088,1886088,2025-04-14,2025-03-31,True,1264.42,0.0,0.0
H4CA23011,C00167585,1902912,1902912,2025-07-15,2025-06-30,True,8710.54,0.0,0.0
H4CA23011,C00167585,1920728,1920728,2025-10-15,2025-09-30,True,132901.04,0.0,0.0
H4CA23011,C00167585,1937615,1937615,2026-01-29,2025-12-31,True,32272.38,0.0,0.0
H4CA23011,C00167585,1966319,1966319,2026-04-15,2026-03-31,True,42921.19,0.0,0.0
H4CA23011,C00167585,1978447,1982402,2026-06-10,2026-05-13,True,79181.00,0.0,0.0
H4CA23011,C00167585,1978447,1978447,2026-05-21,2026-05-13,False,79181.00,0.0,0.0
H4CA23011,C00167585,1996565,1996565,2026-07-15,2026-06-30,True,41406.00,0.0,0.0
H4CA27111,C00834028,1887401,1887401,2025-04-15,2025-03-31,True,564042.09,0.0,0.0
H4CA27111,C00834028,1903015,1903015,2025-07-15,2025-06-30,True,647704.62,0.0,0.0
H4CA27111,C00834028,1920505,1920505,2025-10-15,2025-09-30,True,488038.90,0.0,0.0
H4CA27111,C00834028,1943446,1943446,2026-01-31,2025-12-31,False,371381.51,0.0,0.0
H4CA27111,C00834028,1943446,1959901,2026-04-10,2025-12-31,True,371381.51,0.0,0.0
H4CA27111,C00834028,1966334,1966334,2026-04-15,2026-03-31,True,320011.25,0.0,0.0
H4CA27111,C00834028,1978742,1978742,2026-05-21,2026-05-13,False,128085.05,0.0,0.0
H4CA27111,C00834028,1978742,2001696,2026-07-23,2026-05-13,True,128085.05,0.0,0.0
H4CA27111,C00834028,1996808,1996808,2026-07-15,2026-06-30,True,286737.39,0.0,0.0
H4CA28127,C00858845,1886115,1886115,2025-04-14,2025-03-31,True,0.00,0.0,0.0
H4CA28127,C00858845,1903148,1903148,2025-07-15,2025-06-30,True,0.00,0.0,0.0
H4CA28127,C00858845,1921379,1921379,2025-10-15,2025-09-30,True,50.00,0.0,0.0
H4CA28127,C00858845,1940734,1991083,2026-07-13,2025-12-31,True,0.00,0.0,0.0
H4CA28127,C00858845,1940734,1940734,2026-01-30,2025-12-31,False,0.00,0.0,0.0
H4CA28127,C00858845,1961988,1961988,2026-04-14,2026-03-31,False,0.00,0.0,0.0
H4CA28127,C00858845,1961988,1991088,2026-07-13,2026-03-31,True,0.00,0.0,0.0
H4CA28127,C00858845,1978420,1991092,2026-07-13,2026-05-13,True,0.00,0.0,0.0
H4CA28127,C00858845,1978420,1978420,2026-05-21,2026-05-13,False,0.00,0.0,0.0
H4CA28127,C00858845,1991097,1991097,2026-07-13,2026-06-30,True,200.00,0.0,0.0
H4CA30149,C00831321,1887070,1887070,2025-04-15,2025-03-31,True,50339.79,0.0,0.0
H4CA30149,C00831321,1901977,1901977,2025-07-15,2025-06-30,True,132096.79,0.0,0.0
H4CA30149,C00831321,1920402,1932333,2026-01-13,2025-09-30,True,108123.45,0.0,0.0
H4CA30149,C00831321,1920402,1920402,2025-10-15,2025-09-30,False,108123.45,0.0,0.0
H4CA30149,C00831321,1939724,1939724,2026-01-30,2025-12-31,True,51265.72,0.0,0.0
H4CA30149,C00831321,1964535,1964535,2026-04-15,2026-03-31,True,75380.30,0.0,0.0
H4CA30149,C00831321,1978364,1978364,2026-05-21,2026-05-13,True,89955.35,0.0,0.0
H4CA30149,C00831321,1994621,1994621,2026-07-15,2026-06-30,True,29664.85,0.0,0.0
H4CA32137,C00907626,1900288,1900288,2025-07-13,2025-06-30,True,0.00,5253.41,0.0
H4CA32137,C00907626,1919797,1919797,2025-10-15,2025-09-30,True,350.00,0.0,0.0
H4CA32137,C00907626,1934341,1956221,2026-03-25,2025-12-31,True,1800.00,2448.71,0.0
H4CA32137,C00907626,1934341,1934341,2026-01-21,2025-12-31,False,1800.00,0.0,0.0
H4CA32137,C00907626,1957138,1957138,2026-04-01,2026-03-31,False,200.00,5198.93,0.0
H4CA32137,C00907626,1957138,1975080,2026-05-15,2026-03-31,True,200.00,458.93,4740.0
H4CA32137,C00907626,1975081,1975081,2026-05-15,2026-05-13,True,1479.00,0.0,3051.29
H4CA32137,C00907626,1989244,1989244,2026-07-09,2026-06-30,True,3035.00,0.0,11500.0
H4CA33119,C00556506,1887994,1887994,2025-04-15,2025-03-31,False,144597.53,0.0,0.0
H4CA33119,C00556506,1887994,1903260,2025-07-15,2025-03-31,True,144597.53,0.0,0.0
H4CA33119,C00556506,1903262,1903262,2025-07-15,2025-06-30,True,174831.52,0.0,0.0
H4CA33119,C00556506,1921411,1921411,2025-10-15,2025-09-30,True,134476.58,0.0,0.0
H4CA33119,C00556506,1940937,1940937,2026-01-30,2025-12-31,False,201646.04,0.0,0.0
H4CA33119,C00556506,1940937,1954024,2026-03-18,2025-12-31,False,201646.04,0.0,0.0
H4CA33119,C00556506,1940937,2007359,2026-08-18,2025-12-31,True,201646.04,0.0,0.0
H4CA33119,C00556506,1966747,1966747,2026-04-15,2026-03-31,False,109754.65,0.0,0.0
H4CA33119,C00556506,1966747,1997237,2026-07-15,2026-03-31,True,109754.65,0.0,0.0
H4CA33119,C00556506,1978718,1978718,2026-05-21,2026-05-13,False,69417.13,0.0,0.0
H4CA33119,C00556506,1978718,1997246,2026-07-15,2026-05-13,True,69417.13,0.0,0.0
H4CA33119,C00556506,1997255,1997255,2026-07-15,2026-06-30,True,128520.25,0.0,0.0
H4CA35031,C00557652,1887728,1887728,2025-04-15,2025-03-31,False,17993.00,0.0,0.0
H4CA35031,C00557652,1887728,1897072,2025-06-23,2025-03-31,True,17993.00,0.0,0.0
H4CA35031,C00557652,1887728,1891009,2025-05-05,2025-03-31,False,17993.00,0.0,0.0
H4CA35031,C00557652,1902703,1902703,2025-07-15,2025-06-30,True,48634.00,0.0,0.0
H4CA35031,C00557652,1919369,1919369,2025-10-14,2025-09-30,True,19350.79,0.0,0.0
H4CA35031,C00557652,1937458,1937458,2026-01-29,2025-12-31,True,12889.34,0.0,0.0
H4CA35031,C00557652,1964530,1964530,2026-04-15,2026-03-31,True,44245.91,0.0,0.0
H4CA35031,C00557652,1978727,1978727,2026-05-21,2026-05-13,False,70887.35,0.0,0.0
H4CA35031,C00557652,1978727,1992030,2026-07-14,2026-05-13,True,71403.47,0.0,0.0
H4CA35031,C00557652,1995187,1995187,2026-07-15,2026-06-30,True,53544.57,0.0,0.0
H4CA45170,C00851790,1887809,1887809,2025-04-15,2025-03-31,False,299490.04,0.0,0.0
H4CA45170,C00851790,1887809,1910822,2025-08-12,2025-03-31,True,299490.04,0.0,0.0
H4CA45170,C00851790,1902578,1902578,2025-07-15,2025-06-30,True,553095.48,0.0,0.0
H4CA45170,C00851790,1920418,1920418,2025-10-15,2025-09-30,True,887307.82,0.0,0.0
H4CA45170,C00851790,1942134,1942134,2026-01-31,2025-12-31,True,397121.40,0.0,0.0
H4CA45170,C00851790,1965374,1965374,2026-04-15,2026-03-31,True,633528.39,0.0,0.0
H4CA45170,C00851790,1978752,1978752,2026-05-21,2026-05-13,True,316829.04,0.0,0.0
H4CA45170,C00851790,1996961,1996961,2026-07-15,2026-06-30,True,495305.54,0.0,0.0
H4CA46137,C00847699,1885366,1885366,2025-04-11,2025-03-31,True,5450.00,0.0,2000.0
H4CA46137,C00847699,1902004,1902004,2025-07-15,2025-06-30,True,6775.00,0.0,2000.0
H4CA46137,C00847699,1920533,1920533,2025-10-15,2025-09-30,True,14449.00,0.0,0.0
H4CA46137,C00847699,1944442,1944442,2026-02-02,2025-12-31,True,23665.00,0.0,0.0
H4CA46137,C00847699,1965958,2005835,2026-08-12,2026-03-31,True,11558.00,0.0,0.0
H4CA46137,C00847699,1965958,1965958,2026-04-15,2026-03-31,False,11558.00,0.0,0.0
H4CA46137,C00847699,1978481,1978481,2026-05-21,2026-05-13,False,5770.00,0.0,0.0
H4CA46137,C00847699,1978481,2005837,2026-08-12,2026-05-13,True,5770.00,0.0,0.0
H4CA46137,C00847699,1995222,1995222,2026-07-15,2026-06-30,True,3000.00,0.0,5000.0
H4CA47085,C00831537,1887428,1887428,2025-04-15,2025-03-31,False,593110.39,0.0,0.0
H4CA47085,C00831537,1887428,1895788,2025-06-17,2025-03-31,True,593110.39,0.0,0.0
H4CA47085,C00831537,1902963,1902963,2025-07-15,2025-06-30,True,521760.27,0.0,0.0
H4CA47085,C00831537,1921111,1921111,2025-10-15,2025-09-30,True,506570.33,0.0,0.0
H4CA47085,C00831537,1941042,1941042,2026-01-30,2025-12-31,True,298443.32,0.0,0.0
H4CA47085,C00831537,1966258,1966258,2026-04-15,2026-03-31,True,312954.49,0.0,0.0
H4CA47085,C00831537,1978660,1978660,2026-05-21,2026-05-13,True,151237.81,0.0,0.0
H4CA47085,C00831537,1995801,1995801,2026-07-15,2026-06-30,True,200547.25,0.0,0.0
H4CO03357,C00848333,1888038,1979222,2026-05-23,2025-03-31,True,412358.89,0.0,0.0
H4CO03357,C00848333,1888038,1960210,2026-04-11,2025-03-31,False,412358.89,0.0,0.0
H4CO03357,C00848333,1888038,1888038,2025-04-15,2025-03-31,False,412358.89,0.0,0.0
H4CO03357,C00848333,1903558,1903561,2025-07-16,2025-06-30,False,395112.29,0.0,0.0
H4CO03357,C00848333,1903558,1979224,2026-05-23,2025-06-30,True,394937.29,0.0,0.0
H4CO03357,C00848333,1903558,1960324,2026-04-12,2025-06-30,False,394937.29,0.0,0.0
H4CO03357,C00848333,1903558,1903558,2025-07-16,2025-06-30,False,396512.29,0.0,0.0
H4CO03357,C00848333,1921081,1921081,2025-10-15,2025-09-30,False,298515.58,0.0,0.0
H4CO03357,C00848333,1921081,2002739,2026-07-29,2025-09-30,True,298515.58,0.0,0.0
H4CO03357,C00848333,1921081,1979227,2026-05-23,2025-09-30,False,298515.58,0.0,0.0
H4CO03357,C00848333,1921081,1960330,2026-04-12,2025-09-30,False,298515.58,0.0,0.0
H4CO03357,C00848333,1943822,1960334,2026-04-12,2025-12-31,False,186328.64,0.0,0.0
H4CO03357,C00848333,1943822,1979228,2026-05-23,2025-12-31,False,186328.64,0.0,0.0
H4CO03357,C00848333,1943822,2011698,2026-09-12,2025-12-31,True,186328.64,0.0,0.0
H4CO03357,C00848333,1943822,1943822,2026-01-31,2025-12-31,False,186328.64,0.0,0.0
H4CO03357,C00848333,1966977,1966977,2026-04-15,2026-03-31,False,327332.65,0.0,0.0
H4CO03357,C00848333,1966977,1979230,2026-05-23,2026-03-31,True,327807.65,0.0,0.0
H4CO03357,C00848333,1985183,1998453,2026-07-16,2026-06-10,True,190518.54,0.0,0.0
H4CO03357,C00848333,1985183,1985183,2026-06-18,2026-06-10,False,189973.54,0.0,0.0
H4CO03357,C00848333,1998045,1998045,2026-07-15,2026-06-30,True,89958.45,0.0,0.0
H4CO08034,C00849844,1887735,1887735,2025-04-15,2025-03-31,True,142234.45,0.0,0.0
H4CO08034,C00849844,1902132,1902132,2025-07-15,2025-06-30,True,244588.52,0.0,0.0
H4CO08034,C00849844,1920189,1920189,2025-10-15,2025-09-30,True,203787.12,0.0,0.0
H4CO08034,C00849844,1941387,1941387,2026-01-30,2025-12-31,True,324152.52,0.0,0.0
H4CO08034,C00849844,1963035,1963035,2026-04-15,2026-03-31,True,524246.66,0.0,0.0
H4CO08034,C00849844,1984544,1984544,2026-06-18,2026-06-10,True,489524.77,0.0,0.0
H4CO08034,C00849844,1995208,1995208,2026-07-15,2026-06-30,False,170398.53,0.0,0.0
H4CO08034,C00849844,1995208,2001080,2026-07-21,2026-06-30,True,170398.53,0.0,0.0
H4DE00045,C00843763,1887662,1887662,2025-04-15,2025-03-31,True,668900.00,0.0,0.0
H4DE00045,C00843763,1902170,1902170,2025-07-15,2025-06-30,True,715161.38,0.0,0.0
H4DE00045,C00843763,1921020,1950884,2026-02-27,2025-09-30,True,677833.32,0.0,0.0
H4DE00045,C00843763,1921020,1921020,2025-10-15,2025-09-30,False,677833.32,0.0,0.0
H4DE00045,C00843763,1939357,1939357,2026-01-30,2025-12-31,False,665868.39,0.0,0.0
H4DE00045,C00843763,1939357,1950892,2026-02-27,2025-12-31,True,665868.39,0.0,0.0
H4DE00045,C00843763,1965182,1965182,2026-04-15,2026-03-31,True,634715.58,0.0,0.0
H4DE00045,C00843763,1994173,1994173,2026-07-15,2026-06-30,True,655368.78,0.0,0.0
H4FL01197,C00847137,1863923,1863923,2025-01-16,2025-01-08,True,88104.86,0.0,0.0
H4FL01197,C00847137,1882122,1891498,2025-05-08,2025-03-12,True,6368105.91,0.0,0.0
H4FL01197,C00847137,1882122,1882122,2025-03-20,2025-03-12,False,6368105.91,0.0,0.0
H4FL01197,C00847137,1887749,1904309,2025-07-17,2025-03-31,True,3408302.99,0.0,0.0
H4FL01197,C00847137,1887749,1887749,2025-04-15,2025-03-31,False,3408302.99,0.0,0.0
H4FL01197,C00847137,1890768,1904311,2025-07-17,2025-04-21,True,25090.40,0.0,0.0
H4FL01197,C00847137,1890768,1890768,2025-05-01,2025-04-21,False,25090.40,0.0,0.0
H4FL01197,C00941161,1966060,1966060,2026-04-15,2026-03-31,True,36746.15,0.0,0.0
H4FL01197,C00941161,1996238,1996238,2026-07-15,2026-06-30,True,99181.29,0.0,0.0
H4FL08168,C00877324,1886106,1895824,2025-06-17,2025-03-31,True,69910.81,0.0,0.0
H4FL08168,C00877324,1886106,1886106,2025-04-14,2025-03-31,False,69910.81,0.0,0.0
H4FL08168,C00877324,1901292,1901292,2025-07-15,2025-06-30,True,299635.38,0.0,0.0
H4FL08168,C00877324,1919784,1919784,2025-10-15,2025-09-30,True,124176.55,0.0,0.0
H4FL08168,C00877324,1938495,1984042,2026-06-17,2025-12-31,True,131045.96,0.0,0.0
H4FL08168,C00877324,1938495,1938495,2026-01-30,2025-12-31,False,131045.96,0.0,0.0
H4FL08168,C00877324,1962094,1984048,2026-06-17,2026-03-31,True,96529.85,0.0,0.0
H4FL08168,C00877324,1962094,1962094,2026-04-14,2026-03-31,False,96529.85,0.0,0.0
H4FL08168,C00877324,1993395,1993395,2026-07-15,2026-06-30,True,135846.55,0.0,0.0
H4FL17060,C00924787,1938450,1938450,2026-01-30,2025-12-31,False,18245.00,7987.01,15000.0
H4FL17060,C00924787,1938450,1979487,2026-05-26,2025-12-31,True,18145.00,5000.0,15000.0
H4FL17060,C00924787,1963537,1986888,2026-06-29,2026-03-31,True,23934.82,242.0,10000.0
H4FL17060,C00924787,1963537,1963537,2026-04-15,2026-03-31,False,23934.82,242.0,10000.0
H4FL17060,C00924787,1990851,1990851,2026-07-13,2026-06-30,True,10126.09,211.88,8000.0
H4FL20023,C00385773,1887768,1887768,2025-04-15,2025-03-31,True,268172.75,0.0,0.0
H4FL20023,C00385773,1902941,1902941,2025-07-15,2025-06-30,True,382458.38,0.0,0.0
H4FL20023,C00385773,1921206,1921206,2025-10-15,2025-09-30,True,309017.35,0.0,0.0
H4FL20023,C00385773,1943244,1943244,2026-01-31,2025-12-31,True,411455.89,0.0,0.0
H4FL20023,C00385773,1966128,1966128,2026-04-15,2026-03-31,True,567248.74,0.0,0.0
H4FL20023,C00385773,1996477,1996477,2026-07-15,2026-06-30,True,491706.90,0.0,0.0
H4FL28042,C00845750,1888225,1888225,2025-04-15,2025-03-31,True,3507.19,0.0,66500.0
H4FL28042,C00845750,1912846,1912846,2025-08-22,2025-06-30,True,0.00,10200.0,66500.0
H4FL28042,C00904128,1972521,1972521,2026-05-04,2026-03-31,False,0.00,0.0,0.0
H4FL28042,C00904128,1972521,2001203,2026-07-22,2026-03-31,True,14096.84,0.0,200000.0
H4FL28042,C00904128,1972521,1972543,2026-05-04,2026-03-31,False,0.00,0.0,200000.0
H4FL28042,C00904128,1997798,1997798,2026-07-15,2026-06-30,True,17583.00,0.0,0.0
H4GA03100,C00866475,1883212,1883212,2025-03-31,2025-03-31,False,0.00,0.0,0.0
H4GA03100,C00866475,1883212,1888727,2025-04-17,2025-03-31,True,0.00,0.0,0.0
H4GA03100,C00903609,1902496,1902496,2025-07-15,2025-06-30,True,12479.25,0.0,0.0
H4GA03100,C00903609,1920915,1920915,2025-10-15,2025-09-30,True,15855.87,0.0,0.0
H4GA03100,C00903609,1933612,1933612,2026-01-19,2025-12-31,True,18106.18,0.0,0.0
H4GA03100,C00903609,1965757,1965757,2026-04-15,2026-03-31,True,29962.68,0.0,0.0
H4GA03100,C00903609,1973289,1973289,2026-05-07,2026-04-29,True,18699.00,0.0,0.0
H4GA03100,C00903609,1995882,1995882,2026-07-15,2026-06-30,True,46410.86,0.0,0.0
H4GA03126,C00872473,1886378,1886378,2025-04-15,2025-03-31,True,110235.15,0.0,0.0
H4GA03126,C00872473,1900432,1900432,2025-07-14,2025-06-30,False,122359.21,0.0,0.0
H4GA03126,C00872473,1900432,1917355,2025-10-02,2025-06-30,True,113685.41,0.0,0.0
H4GA03126,C00872473,1919676,2009826,2026-08-26,2025-09-30,True,232379.66,0.0,0.0
H4GA03126,C00872473,1919676,1919676,2025-10-15,2025-09-30,False,232379.66,0.0,0.0
H4GA03126,C00872473,1943330,2009827,2026-08-26,2025-12-31,True,197242.74,0.0,0.0
H4GA03126,C00872473,1943330,1943330,2026-01-31,2025-12-31,False,197242.74,0.0,0.0
H4GA03126,C00872473,1963074,2009829,2026-08-26,2026-03-31,True,66731.93,0.0,0.0
H4GA03126,C00872473,1963074,1963074,2026-04-15,2026-03-31,False,66731.93,0.0,0.0
H4GA03126,C00872473,1973253,1973253,2026-05-07,2026-04-29,False,25771.45,0.0,0.0
H4GA03126,C00872473,1973253,2009830,2026-08-26,2026-04-29,True,25771.45,0.0,0.0
H4GA03126,C00872473,1993077,2009831,2026-08-26,2026-06-30,True,133429.85,0.0,0.0
H4GA03126,C00872473,1993077,1993077,2026-07-15,2026-06-30,False,133429.85,0.0,0.0
H4GA14057,C00905406,1902958,1902958,2025-07-15,2025-06-30,True,523322.42,0.0,0.0
H4GA14057,C00905406,1921001,1921001,2025-10-15,2025-09-30,True,766439.57,0.0,0.0
H4GA14057,C00905406,1937590,1937590,2026-01-29,2025-12-31,True,959305.82,0.0,0.0
H4GA14057,C00905406,1950751,1950751,2026-02-26,2026-02-18,True,2045831.92,0.0,0.0
H4GA14057,C00905406,1956384,1956384,2026-03-26,2026-03-18,True,2106829.23,0.0,0.0
H4GA14057,C00905406,1966520,1966520,2026-04-15,2026-03-31,True,759446.98,0.0,0.0
H4GA14057,C00905406,1973449,1973449,2026-05-07,2026-04-29,True,733932.34,0.0,0.0
H4GA14057,C00905406,1995588,1995588,2026-07-15,2026-06-30,True,189717.29,0.0,0.0
H4IL12060,C00546499,1887624,1887624,2025-04-15,2025-03-31,True,63281.67,0.0,0.0
H4IL12060,C00546499,1902612,1902612,2025-07-15,2025-06-30,True,98098.12,0.0,0.0
H4IL12060,C00546499,1920930,1920930,2025-10-15,2025-09-30,False,92542.74,0.0,0.0
H4IL12060,C00546499,1920930,1927176,2025-12-01,2025-09-30,True,92542.74,0.0,0.0
H4IL12060,C00546499,1940435,1940435,2026-01-30,2025-12-31,True,37463.04,0.0,0.0
H4IL12060,C00546499,1951793,1951793,2026-03-05,2026-02-25,True,38248.60,0.0,0.0
H4IL12060,C00546499,1965268,1965268,2026-04-15,2026-03-31,True,84416.80,0.0,0.0
H4IL12060,C00546499,1995911,1995911,2026-07-15,2026-06-30,True,98548.11,0.0,0.0
H4IN06185,C00870949,1885775,1885775,2025-04-14,2025-03-31,False,13810.73,0.0,0.0
H4IN06185,C00870949,1885775,1897507,2025-06-30,2025-03-31,True,13810.73,0.0,0.0
H4IN06185,C00870949,1901303,1901303,2025-07-15,2025-06-30,True,24010.91,0.0,0.0
H4IN06185,C00870949,1919218,1919218,2025-10-14,2025-09-30,True,44284.27,0.0,1000000.0
H4IN06185,C00870949,1934042,1934042,2026-01-20,2025-12-31,True,23661.06,0.0,1000000.0
H4IN06185,C00870949,1964971,1964971,2026-04-15,2026-03-31,True,740.96,0.0,0.0
H4IN06185,C00870949,1969712,1969712,2026-04-20,2026-04-15,True,2027.39,0.0,0.0
H4IN06185,C00870949,1993437,1993437,2026-07-15,2026-06-30,True,17613.30,0.0,0.0
H4IN08249,C00867218,1887549,1887549,2025-04-15,2025-03-31,True,17410.02,0.0,0.0
H4IN08249,C00867218,1902309,1902309,2025-07-15,2025-06-30,True,54258.98,3500.0,0.0
H4IN08249,C00867218,1920069,1920069,2025-10-15,2025-09-30,True,31448.21,0.0,0.0
H4IN08249,C00867218,1942399,1942399,2026-01-31,2025-12-31,True,20887.28,0.0,0.0
H4IN08249,C00867218,1966074,1966074,2026-04-15,2026-03-31,True,85486.26,0.0,0.0
H4IN08249,C00867218,1971019,1971019,2026-04-23,2026-04-15,True,19038.91,0.0,0.0
H4IN08249,C00867218,1995847,2009515,2026-08-24,2026-06-30,True,28497.71,0.0,0.0
H4IN08249,C00867218,1995847,1995847,2026-07-15,2026-06-30,False,28497.71,0.0,0.0
H4KS02164,C00877373,1887935,1887935,2025-04-15,2025-03-31,True,106001.80,0.0,0.0
H4KS02164,C00877373,1903367,1903367,2025-07-15,2025-06-30,True,69702.34,0.0,0.0
H4KS02164,C00877373,1921422,1921422,2025-10-15,2025-09-30,True,190791.22,0.0,0.0
H4KS02164,C00877373,1942371,1942371,2026-01-31,2025-12-31,True,147092.85,0.0,0.0
H4KS02164,C00877373,1967278,1967278,2026-04-15,2026-03-31,True,91693.81,0.0,0.0
H4KS02164,C00877373,1997430,1997430,2026-07-15,2026-06-30,True,271221.49,0.0,0.0
H4MA03022,C00285171,1885023,1885023,2025-04-10,2025-03-31,True,73633.73,0.0,0.0
H4MA03022,C00285171,1900189,1900189,2025-07-12,2025-06-30,True,47782.00,0.0,0.0
H4MA03022,C00285171,1918798,1918798,2025-10-13,2025-09-30,True,117217.34,0.0,0.0
H4MA03022,C00285171,1934150,1934150,2026-01-21,2025-12-31,True,68954.83,0.0,0.0
H4MA03022,C00285171,1960225,1960225,2026-04-12,2026-03-31,True,68540.19,0.0,0.0
H4MA03022,C00285171,1989756,1989756,2026-07-10,2026-06-30,True,181435.00,0.0,0.0
H4MA05084,C00541888,1886747,1886747,2025-04-15,2025-03-31,False,98797.26,0.0,0.0
H4MA05084,C00541888,1886747,1890970,2025-05-05,2025-03-31,True,98797.26,0.0,0.0
H4MA05084,C00541888,1902348,1902348,2025-07-15,2025-06-30,True,121811.18,0.0,0.0
H4MA05084,C00541888,1920187,1920187,2025-10-15,2025-09-30,True,185936.02,0.0,0.0
H4MA05084,C00541888,1938937,1938937,2026-01-30,2025-12-31,True,330842.25,0.0,0.0
H4MA05084,C00541888,1963848,1963848,2026-04-15,2026-03-31,True,185873.32,0.0,0.0
H4MA05084,C00541888,1993945,1993945,2026-07-15,2026-06-30,True,127702.87,0.0,0.0
H4MD02232,C00867747,1887073,1887073,2025-04-15,2025-03-31,True,97774.26,0.0,0.0
H4MD02232,C00867747,1902044,1902044,2025-07-15,2025-06-30,True,122920.14,0.0,0.0
H4MD02232,C00867747,1920361,1920361,2025-10-15,2025-09-30,True,87563.01,0.0,0.0
H4MD02232,C00867747,1941980,1941980,2026-01-31,2025-12-31,True,123390.63,0.0,0.0
H4MD02232,C00867747,1964104,1981399,2026-06-04,2026-03-31,True,118210.97,0.0,0.0
H4MD02232,C00867747,1964104,1964104,2026-04-15,2026-03-31,False,118210.97,0.0,0.0
H4MD02232,C00867747,1982758,1982758,2026-06-11,2026-06-03,True,111075.89,0.0,0.0
H4MD02232,C00867747,1994459,1994459,2026-07-15,2026-06-30,True,37555.00,0.0,0.0
H4MD03149,C00920082,1963189,1963189,2026-04-15,2026-03-31,True,4859.36,0.0,0.0
H4MD03149,C00920082,2004466,2004466,2026-08-06,2026-06-03,True,2847.81,0.0,0.0
H4MD03149,C00920082,1992103,1992103,2026-07-14,2026-06-30,True,251.03,0.0,0.0
H4MD03156,C00855353,1887006,1887006,2025-04-15,2025-03-31,True,92021.76,0.0,0.0
H4MD03156,C00855353,1901978,1901978,2025-07-15,2025-06-30,False,95113.82,0.0,0.0
H4MD03156,C00855353,1901978,1920318,2025-10-15,2025-06-30,False,95113.82,648.72,0.0
H4MD03156,C00855353,1901978,1981388,2026-06-04,2025-06-30,True,95113.82,648.72,0.0
H4MD03156,C00855353,1920348,1920348,2025-10-15,2025-09-30,True,139347.05,0.0,0.0
H4MD03156,C00855353,1941971,1941971,2026-01-31,2025-12-31,True,76074.21,0.0,0.0
H4MD03156,C00855353,1964019,1964019,2026-04-15,2026-03-31,True,185000.71,0.0,0.0
H4MD03156,C00855353,1982669,1982669,2026-06-11,2026-06-03,True,73977.18,0.0,0.0
H4MD03156,C00855353,1994128,1994128,2026-07-15,2026-06-30,False,31312.00,0.0,0.0
H4MD03156,C00855353,1994128,2009756,2026-08-26,2026-06-30,True,31312.00,0.0,0.0
H4MD06340,C00854471,1887916,1887916,2025-04-15,2025-03-31,True,131587.03,0.0,0.0
H4MD06340,C00854471,1902784,1902784,2025-07-15,2025-06-30,True,71841.69,0.0,200000.0
H4MD06340,C00854471,1919412,1919412,2025-10-14,2025-09-30,True,114778.00,0.0,200000.0
H4MD06340,C00854471,1937315,1937315,2026-01-29,2025-12-31,True,62946.03,0.0,300000.0
H4MD06340,C00854471,1964883,1964883,2026-04-15,2026-03-31,True,224396.65,0.0,1500000.0
H4MD06340,C00854471,1982591,1982591,2026-06-11,2026-06-03,True,167589.48,0.0,5200000.0
H4MD06340,C00854471,1994972,1994972,2026-07-15,2026-06-30,True,96078.50,0.0,3600000.0
H4MD08213,C00872754,1883793,1883793,2025-04-03,2025-03-31,True,26.35,0.0,0.0
H4MD08213,C00872754,1900283,1900283,2025-07-13,2025-06-30,True,4830.83,0.0,0.0
H4MD08213,C00872754,1919731,1919731,2025-10-15,2025-09-30,True,4579.20,0.0,0.0
H4MD08213,C00872754,1937557,1937557,2026-01-29,2025-12-31,True,1412.38,0.0,0.0
H4MD08213,C00872754,1963114,1963114,2026-04-15,2026-03-31,True,2716.21,0.0,0.0
H4MD08213,C00872754,1982468,1982468,2026-06-11,2026-06-03,True,2096.65,0.0,0.0
H4MD08213,C00872754,1993303,1993303,2026-07-15,2026-06-30,True,927.98,0.0,0.0
H4ME01160,C00860379,1884620,1884620,2025-04-08,2025-03-31,True,0.00,0.0,0.0
H4ME01160,C00860379,1927749,1927749,2025-12-08,2025-06-30,True,0.26,0.0,0.0
H4ME01160,C00860379,1927757,1927757,2025-12-08,2025-09-30,True,0.00,0.0,0.0
H4ME01160,C00860379,1932520,1932520,2026-01-13,2025-12-31,True,10851.77,0.0,0.0
H4ME01160,C00860379,1962919,1962919,2026-04-15,2026-03-31,True,49065.88,0.0,0.0
H4ME01160,C00860379,1980100,1980100,2026-05-28,2026-05-20,True,1123.54,1000.0,0.0
H4ME01160,C00860379,1996541,1996541,2026-07-15,2026-06-30,True,6437.34,0.0,0.0
H4MI01155,C00837054,1885914,1885914,2025-04-14,2025-03-31,True,0.00,0.0,0.0
H4MI01155,C00837054,1899838,1899838,2025-07-11,2025-06-30,True,0.00,0.0,0.0
H4MI01155,C00837054,1919752,1930178,2025-12-29,2025-09-30,True,99390.44,0.0,0.0
H4MI01155,C00837054,1919752,1919752,2025-10-15,2025-09-30,False,99390.44,0.0,0.0
H4MI01155,C00837054,1935028,1950244,2026-02-24,2025-12-31,True,79739.50,0.0,0.0
H4MI01155,C00837054,1935028,1935028,2026-01-24,2025-12-31,False,79739.50,0.0,0.0
H4MI01155,C00837054,1960129,1960129,2026-04-11,2026-03-31,True,159506.12,0.0,0.0
H4MI01155,C00837054,1995235,1995235,2026-07-15,2026-06-30,True,392053.45,0.0,0.0
H4MI04126,C00561530,1887885,1887885,2025-04-15,2025-03-31,True,113488.13,0.0,0.0
H4MI04126,C00561530,1901000,1901000,2025-07-14,2025-06-30,False,252992.29,0.0,0.0
H4MI04126,C00561530,1901000,1990910,2026-07-13,2025-06-30,True,252992.29,0.0,0.0
H4MI04126,C00561530,1920520,1920520,2025-10-15,2025-09-30,True,179127.81,0.0,0.0
H4MI04126,C00561530,1937887,1937887,2026-01-29,2025-12-31,False,95579.32,0.0,0.0
H4MI04126,C00561530,1937887,1972977,2026-05-06,2025-12-31,True,95579.32,0.0,0.0
H4MI04126,C00561530,1962240,1962240,2026-04-14,2026-03-31,True,131864.55,0.0,0.0
H4MI04126,C00561530,1993939,1993939,2026-07-15,2026-06-30,True,275684.60,0.0,0.0
H4MI07103,C00390724,1886527,1919530,2025-10-14,2025-03-31,True,196431.68,0.0,0.0
H4MI07103,C00390724,1886527,1886527,2025-04-15,2025-03-31,False,196431.68,0.0,0.0
H4MI07103,C00390724,1901524,1901524,2025-07-15,2025-06-30,True,224619.58,0.0,0.0
H4MI07103,C00390724,1920006,1920006,2025-10-15,2025-09-30,True,104246.42,0.0,0.0
H4MI07103,C00390724,1942771,1942771,2026-01-31,2025-12-31,True,77174.22,0.0,0.0
H4MI07103,C00390724,1964499,1964499,2026-04-15,2026-03-31,True,74595.27,0.0,0.0
H4MI07103,C00390724,1994895,1994895,2026-07-15,2026-06-30,True,170868.55,0.0,0.0
H4MI08218,C00864207,1887395,1887395,2025-04-15,2025-03-31,True,511562.12,0.0,0.0
H4MI08218,C00864207,1902321,1902321,2025-07-15,2025-06-30,True,452808.17,0.0,0.0
H4MI08218,C00864207,1920548,1920548,2025-10-15,2025-09-30,True,526285.84,0.0,0.0
H4MI08218,C00864207,1940090,1940090,2026-01-30,2025-12-31,True,537269.29,0.0,0.0
H4MI08218,C00864207,1964559,1964559,2026-04-15,2026-03-31,True,744681.83,0.0,0.0
H4MI08218,C00864207,1995428,1995428,2026-07-15,2026-06-30,True,766936.98,0.0,0.0
H4MI12079,C00558213,1887514,1887514,2025-04-15,2025-03-31,True,35215.00,0.0,0.0
H4MI12079,C00558213,1902659,1902659,2025-07-15,2025-06-30,True,75414.61,0.0,0.0
H4MI12079,C00558213,1919498,1919498,2025-10-14,2025-09-30,False,55767.48,0.0,0.0
H4MI12079,C00558213,1919498,1978180,2026-05-20,2025-09-30,True,55767.48,0.0,0.0
H4MI12079,C00558213,1942705,1942705,2026-01-31,2025-12-31,False,67570.70,0.0,0.0
H4MI12079,C00558213,1942705,1978182,2026-05-20,2025-12-31,True,67570.70,0.0,0.0
H4MI12079,C00558213,1962621,1962621,2026-04-14,2026-03-31,True,38224.69,0.0,0.0
H4MI12079,C00558213,1992260,1992260,2026-07-14,2026-06-30,True,89229.81,0.0,0.0
H4MN03118,C00856062,1887023,1920171,2025-10-15,2025-03-31,True,182409.96,7000.0,0.0
H4MN03118,C00856062,1887023,1887023,2025-04-15,2025-03-31,False,181945.00,7000.0,0.0
H4MN03118,C00856062,1901999,1920206,2025-10-15,2025-06-30,True,147629.17,0.0,0.0
H4MN03118,C00856062,1901999,1901999,2025-07-15,2025-06-30,False,147629.17,0.0,0.0
H4MN03118,C00856062,1920228,1920228,2025-10-15,2025-09-30,True,179378.00,0.0,0.0
H4MN03118,C00856062,1941961,1941961,2026-01-31,2025-12-31,True,152110.28,0.0,0.0
H4MN03118,C00856062,1964064,1964064,2026-04-15,2026-03-31,True,197108.57,0.0,0.0
H4MN03118,C00856062,1994106,1994106,2026-07-15,2026-06-30,True,218591.10,0.0,0.0
H4MN06087,C00545749,1887792,1887792,2025-04-15,2025-03-31,True,163081.85,0.0,0.0
H4MN06087,C00545749,1902735,1902735,2025-07-15,2025-06-30,True,399540.64,0.0,0.0
H4MN06087,C00545749,1920981,1920981,2025-10-15,2025-09-30,False,475028.75,0.0,0.0
H4MN06087,C00545749,1920981,1924534,2025-11-11,2025-09-30,True,484528.75,0.0,0.0
H4MN06087,C00545749,1940345,1940345,2026-01-30,2025-12-31,True,569412.79,0.0,0.0
H4MN06087,C00545749,1965524,1965524,2026-04-15,2026-03-31,True,544310.42,0.0,0.0
H4MN06087,C00545749,1995669,1995669,2026-07-15,2026-06-30,True,414098.01,0.0,0.0
H4MO01134,C00842336,1887271,1887271,2025-04-15,2025-03-31,True,363818.79,0.0,0.0
H4MO01134,C00842336,1902023,1902023,2025-07-15,2025-06-30,True,197515.50,0.0,0.0
H4MO01134,C00842336,1921037,1921037,2025-10-15,2025-09-30,False,81242.61,0.0,0.0
H4MO01134,C00842336,1921037,1938101,2026-01-29,2025-09-30,True,81242.61,0.0,0.0
H4MO01134,C00842336,1940932,1940932,2026-01-30,2025-12-31,True,376730.10,0.0,0.0
H4MO01134,C00842336,1967648,1967648,2026-04-15,2026-03-31,True,440585.10,0.0,0.0
H4MO01134,C00842336,1997651,1997651,2026-07-15,2026-06-30,True,1214136.88,0.0,0.0
H4MO03221,C00870238,1886645,1886645,2025-04-15,2025-03-31,True,40328.66,0.0,0.0
H4MO03221,C00870238,1901787,1901787,2025-07-15,2025-06-30,True,83810.64,0.0,0.0
H4MO03221,C00870238,1920039,1920039,2025-10-15,2025-09-30,True,50419.99,0.0,0.0
H4MO03221,C00870238,1940803,1940803,2026-01-30,2025-12-31,True,103135.67,0.0,0.0
H4MO03221,C00870238,1963593,1963593,2026-04-15,2026-03-31,True,62053.13,0.0,0.0
H4MO03221,C00870238,1994143,2002630,2026-07-29,2026-06-30,False,158120.03,0.0,0.0
H4MO03221,C00870238,1994143,1994143,2026-07-15,2026-06-30,False,158120.03,0.0,0.0
H4MO03221,C00870238,1994143,2004274,2026-08-05,2026-06-30,True,158120.03,0.0,0.0
H4MO05234,C00395848,1885782,1885782,2025-04-14,2025-03-31,True,25564.50,0.0,0.0
H4MO05234,C00395848,1903375,1903375,2025-07-15,2025-06-30,True,54953.51,0.0,0.0
H4MO05234,C00395848,1921401,1921401,2025-10-15,2025-09-30,True,95623.95,0.0,0.0
H4MO05234,C00395848,1942558,1942558,2026-01-31,2025-12-31,True,48641.91,0.0,0.0
H4MO05234,C00395848,1965244,1965244,2026-04-15,2026-03-31,True,63659.30,0.0,0.0
H4MO05234,C00395848,1997925,1997925,2026-07-15,2026-06-30,True,175406.33,0.0,0.0
H4MO07156,C00859140,1884498,1884498,2025-04-02,2025-03-31,False,28.81,0.0,0.0
H4MO07156,C00859140,1898985,1898985,2025-07-01,2025-06-30,False,3002.75,0.0,0.0
H4MO07156,C00859140,1956634,1956634,2025-10-08,2025-09-30,False,2077.39,0.0,0.0
H4MO07156,C00859140,2012025,2012025,2026-01-08,2025-12-31,False,7755.54,0.0,0.0
H4MO07156,C00859140,-1001647,-1001647,2026-04-03,2026-03-31,True,13938.39,0.0,0.0
H4MO07156,C00859140,-1002403,-1002403,2026-07-02,2026-06-30,True,15236.97,0.0,0.0
H4MO08162,C00541862,1887847,1887847,2025-04-15,2025-03-31,True,290077.62,0.0,0.0
H4MO08162,C00541862,1902983,1902983,2025-07-15,2025-06-30,True,335143.44,0.0,0.0
H4MO08162,C00541862,1921017,1921017,2025-10-15,2025-09-30,True,298837.42,0.0,0.0
H4MO08162,C00541862,1942114,1942114,2026-01-31,2025-12-31,True,200980.56,0.0,0.0
H4MO08162,C00541862,1966350,1966350,2026-04-15,2026-03-31,True,174368.09,0.0,0.0
H4MO08162,C00541862,1996374,1996374,2026-07-15,2026-06-30,True,229606.30,0.0,0.0
H4MS02068,C00279851,1885321,1885321,2025-04-11,2025-03-31,False,10370.86,0.0,0.0
H4MS02068,C00279851,1885321,1897200,2025-06-25,2025-03-31,True,10370.86,0.0,0.0
H4MS02068,C00279851,1899972,1914259,2025-09-09,2025-06-30,True,54734.30,0.0,0.0
H4MS02068,C00279851,1899972,1899972,2025-07-11,2025-06-30,False,54734.30,0.0,0.0
H4MS02068,C00279851,1918535,1918535,2025-10-10,2025-09-30,True,10197.15,0.0,0.0
H4MS02068,C00279851,1937667,1937667,2026-01-29,2025-12-31,True,30434.75,0.0,0.0
H4MS02068,C00279851,1950072,1950072,2026-02-23,2026-02-18,True,15855.86,0.0,0.0
H4MS02068,C00279851,1962202,1962202,2026-04-14,2026-03-31,False,28629.75,0.0,0.0
H4MS02068,C00279851,1962202,1987107,2026-06-30,2026-03-31,True,28629.75,0.0,0.0
H4MS02068,C00279851,1991069,1991069,2026-07-13,2026-06-30,True,52744.65,0.0,0.0
H4MT02098,C00855288,1886906,1886906,2025-04-15,2025-03-31,True,115661.73,0.0,0.0
H4MT02098,C00855288,1902387,1902387,2025-07-15,2025-06-30,True,145022.39,0.0,0.0
H4MT02098,C00855288,1920434,1920434,2025-10-15,2025-09-30,True,189967.78,0.0,0.0
H4MT02098,C00855288,1942962,1942962,2026-01-31,2025-12-31,True,218833.02,0.0,0.0
H4MT02098,C00855288,1965848,1965848,2026-04-15,2026-03-31,True,278622.31,0.0,0.0
H4MT02098,C00855288,1978605,1978605,2026-05-21,2026-05-13,True,115088.73,0.0,0.0
H4MT02098,C00855288,1995823,1995823,2026-07-15,2026-06-30,True,164509.60,0.0,0.0
H4NC01137,C00853499,1886950,1886950,2025-04-15,2025-03-31,True,0.00,0.0,0.0
H4NC01137,C00853499,1899703,1899703,2025-07-10,2025-06-30,True,0.00,0.0,0.0
H4NC01137,C00853499,1918170,1918170,2025-10-08,2025-09-30,True,0.00,0.0,0.0
H4NC01137,C00853499,1942782,1942782,2026-01-31,2025-12-31,True,9363.31,1740.0,2001000.0
H4NC01137,C00853499,1948239,1948239,2026-02-19,2026-02-11,True,114352.48,0.0,0.0
H4NC01137,C00853499,1966281,1966281,2026-04-15,2026-03-31,True,88656.63,0.0,0.0
H4NC01137,C00895037,1963618,1963618,2026-04-15,2026-03-31,True,0.00,0.0,0.0
H4NC01137,C00894485,1967301,1967301,2026-04-15,2026-03-31,False,0.00,0.0,0.0
H4NC01137,C00894485,1967301,1967537,2026-04-15,2026-03-31,True,0.00,0.0,0.0
H4NC01137,C00895037,1965406,1965406,2026-04-15,2026-04-15,True,0.00,0.0,0.0
H4NC01137,C00853499,1996174,1996174,2026-07-15,2026-06-30,True,344674.35,0.0,400000.0
H4NC01137,C00894485,1992895,1992895,2026-07-14,2026-06-30,True,0.00,0.0,0.0
H4NC02150,C00769463,1890919,1890919,2025-05-04,2025-03-31,True,0.00,0.0,0.0
H4NC02150,C00769463,1900985,1900985,2025-07-14,2025-06-30,True,1750.00,0.0,0.0
H4NC02150,C00769463,1922403,1922403,2025-10-19,2025-09-30,True,200.00,0.0,0.0
H4NC02150,C00769463,1934952,1934952,2026-01-23,2025-12-31,True,0.00,1900.0,0.0
H4NC02150,C00769463,1947481,1947481,2026-02-18,2026-02-18,True,0.00,0.0,0.0
H4NC02150,C00769463,1971421,1971421,2026-04-27,2026-03-31,True,503.40,1075.0,0.0
H4NC02150,C00769463,1997991,1997991,2026-07-15,2026-06-30,True,3791.92,1593.98,0.0
H4NC05146,C00386748,1884994,1895995,2025-06-18,2025-03-31,False,205528.50,0.0,0.0
H4NC05146,C00386748,1884994,1884994,2025-04-10,2025-03-31,False,205528.50,0.0,0.0
H4NC05146,C00386748,1884994,1897688,2025-07-01,2025-03-31,True,206537.94,0.0,0.0
H4NC05146,C00386748,1900772,1900772,2025-07-14,2025-06-30,True,212979.16,0.0,0.0
H4NC05146,C00386748,1918204,1918204,2025-10-09,2025-09-30,True,197241.99,0.0,0.0
H4NC05146,C00386748,1935872,1935872,2026-01-27,2025-12-31,True,151196.78,0.0,0.0
H4NC05146,C00386748,1947125,1947125,2026-02-17,2026-02-11,True,75683.80,0.0,0.0
H4NC05146,C00386748,1961971,1961971,2026-04-14,2026-03-31,True,84803.00,0.0,0.0
H4NC05146,C00386748,1992599,1992599,2026-07-14,2026-06-30,True,183081.53,0.0,0.0
H4NC05294,C00841874,1886557,1886557,2025-04-15,2025-03-31,True,0.00,0.0,0.0
H4NC05294,C00841874,1902265,1902265,2025-07-15,2025-06-30,True,89467.32,0.0,0.0
H4NC05294,C00841874,1920438,1920438,2025-10-15,2025-09-30,True,54683.49,0.0,0.0
H4NC05294,C00841874,1939874,1939874,2026-01-30,2025-12-31,True,47260.25,0.0,0.0
H4NC05294,C00841874,1948257,1948257,2026-02-19,2026-02-11,True,21235.18,0.0,0.0
H4NC05294,C00841874,1964501,1964501,2026-04-15,2026-03-31,True,32619.70,0.0,0.0
H4NC05294,C00841874,1995315,1995315,2026-07-15,2026-06-30,True,145976.58,0.0,0.0
H4NC06177,C00860064,1884806,1895641,2025-06-16,2025-03-31,True,106010.64,0.0,0.0
H4NC06177,C00860064,1884806,1884806,2025-04-09,2025-03-31,False,106010.64,0.0,0.0
H4NC06177,C00860064,1899008,1913245,2025-08-28,2025-06-30,True,222933.91,0.0,0.0
H4NC06177,C00860064,1899008,1899008,2025-07-08,2025-06-30,False,222933.91,0.0,0.0
H4NC06177,C00860064,1919861,1919861,2025-10-15,2025-09-30,True,89409.42,0.0,0.0
H4NC06177,C00860064,1938444,1938444,2026-01-30,2025-12-31,True,42421.63,0.0,0.0
H4NC06177,C00860064,1947700,1947700,2026-02-19,2026-02-11,True,2538.40,0.0,0.0
H4NC06177,C00860064,1965657,1965657,2026-04-15,2026-03-31,True,15119.31,0.0,0.0
H4NC06177,C00860064,1996259,1996259,2026-07-15,2026-06-30,True,111731.31,0.0,0.0
H4NC08066,C00850404,1885190,1885190,2025-04-11,2025-03-31,True,47932.20,0.0,0.0
H4NC08066,C00850404,1901080,1901080,2025-07-14,2025-06-30,True,65068.98,0.0,0.0
H4NC08066,C00850404,1919627,1919627,2025-10-15,2025-09-30,True,77992.12,0.0,0.0
H4NC08066,C00850404,1935018,1935018,2026-01-24,2025-12-31,False,102592.70,0.0,0.0
H4NC08066,C00850404,1935018,1952882,2026-03-12,2025-12-31,True,102592.70,0.0,0.0
H4NC08066,C00850404,1947594,1947594,2026-02-18,2026-02-11,False,75126.48,0.0,0.0
H4NC08066,C00850404,1947594,1952883,2026-03-12,2026-02-11,True,75126.48,0.0,0.0
H4NC08066,C00850404,1961352,1961352,2026-04-14,2026-03-31,False,179058.00,0.0,0.0
H4NC08066,C00850404,1961352,1986747,2026-06-26,2026-03-31,True,179058.00,0.0,0.0
H4NC08066,C00850404,1991570,2008037,2026-08-20,2026-06-30,True,237951.65,0.0,0.0
H4NC08066,C00850404,1991570,1991570,2026-07-14,2026-06-30,False,237951.65,0.0,0.0
H4NC12100,C00546358,1886101,1913371,2025-08-29,2025-03-31,True,7950.72,0.0,0.0
H4NC12100,C00546358,1886101,1886101,2025-04-14,2025-03-31,False,7950.72,0.0,0.0
H4NC12100,C00546358,1901084,1913377,2025-08-29,2025-06-30,True,2360.00,0.0,0.0
H4NC12100,C00546358,1901084,1901084,2025-07-14,2025-06-30,False,2360.00,0.0,0.0
H4NC12100,C00546358,1918428,1918428,2025-10-10,2025-09-30,True,28775.00,0.0,0.0
H4NC12100,C00546358,1939212,1939212,2026-01-30,2025-12-31,True,32425.00,0.0,0.0
H4NC12100,C00546358,1947296,1947296,2026-02-18,2026-02-11,True,8399.00,0.0,0.0
H4NC12100,C00546358,1960847,1960847,2026-04-13,2026-03-31,True,6284.00,0.0,0.0
H4NC12100,C00546358,1989924,1989924,2026-07-10,2026-06-30,True,8700.34,0.0,0.0
H4NC13116,C00855361,1887037,1887037,2025-04-15,2025-03-31,True,71823.15,0.0,0.0
H4NC13116,C00855361,1902062,1902062,2025-07-15,2025-06-30,True,91524.15,0.0,0.0
H4NC13116,C00855361,1920489,1920489,2025-10-15,2025-09-30,True,96212.19,0.0,0.0
H4NC13116,C00855361,1942280,1942280,2026-01-31,2025-12-31,True,118404.43,0.0,0.0
H4NC13116,C00855361,1948230,1948230,2026-02-19,2026-02-11,True,11288.46,0.0,0.0
H4NC13116,C00855361,1965361,1965361,2026-04-15,2026-03-31,False,48108.65,0.0,0.0
H4NC13116,C00855361,1965361,1980787,2026-06-01,2026-03-31,True,48108.65,0.0,0.0
H4NC13116,C00855361,1994056,1994056,2026-07-15,2026-06-30,True,48503.54,0.0,0.0
H4NC14015,C00856005,1887014,1887014,2025-04-15,2025-03-31,True,274557.20,0.0,0.0
H4NC14015,C00856005,1902093,1902093,2025-07-15,2025-06-30,True,265215.55,0.0,0.0
H4NC14015,C00856005,1920298,1920298,2025-10-15,2025-09-30,True,45403.79,0.0,0.0
H4NC14015,C00856005,1942215,1942215,2026-01-31,2025-12-31,True,291768.77,0.0,0.0
H4NC14015,C00856005,1948236,1948236,2026-02-19,2026-02-11,True,76212.98,0.0,0.0
H4NC14015,C00856005,1965884,1965884,2026-04-15,2026-03-31,True,103899.24,0.0,0.0
H4NC14015,C00856005,1995381,1995381,2026-07-15,2026-06-30,True,43935.75,0.0,0.0
H4ND00061,C00869370,1887510,1887510,2025-04-15,2025-03-31,True,18001.12,0.0,0.0
H4ND00061,C00869370,1902124,1902124,2025-07-15,2025-06-30,True,54752.74,0.0,0.0
H4ND00061,C00869370,1919969,1919969,2025-10-15,2025-09-30,True,83721.01,0.0,0.0
H4ND00061,C00869370,1939465,1952399,2026-03-10,2025-12-31,True,32062.55,0.0,0.0
H4ND00061,C00869370,1939465,1939465,2026-01-30,2025-12-31,False,32062.55,0.0,0.0
H4ND00061,C00869370,1965046,1965046,2026-04-15,2026-03-31,True,89280.11,0.0,0.0
H4ND00061,C00869370,1979954,1979954,2026-05-28,2026-05-20,True,44821.25,0.0,0.0
H4ND00061,C00869370,1996278,1996278,2026-07-15,2026-06-30,True,60497.45,0.0,0.0
H4NH02399,C00878454,1886933,1886933,2025-04-15,2025-03-31,True,491571.60,0.0,0.0
H4NH02399,C00878454,1902752,1902752,2025-07-15,2025-06-30,True,446520.29,0.0,0.0
H4NH02399,C00878454,1920085,1920085,2025-10-15,2025-09-30,True,495628.28,0.0,0.0
H4NH02399,C00878454,1940300,1940300,2026-01-30,2025-12-31,True,526480.71,0.0,0.0
H4NH02399,C00878454,1965053,1965053,2026-04-15,2026-03-31,True,375668.68,0.0,0.0
H4NH02399,C00878454,1993785,1993785,2026-07-15,2026-06-30,True,434155.01,0.0,0.0
H4NJ01084,C00558320,1887606,1900089,2025-07-11,2025-03-31,True,36815.44,0.0,0.0
H4NJ01084,C00558320,1887606,1887606,2025-04-15,2025-03-31,False,36815.44,0.0,0.0
H4NJ01084,C00558320,1902845,1902845,2025-07-15,2025-06-30,True,118997.00,0.0,0.0
H4NJ01084,C00558320,1921492,1921492,2025-10-15,2025-09-30,True,131131.99,0.0,0.0
H4NJ01084,C00558320,1942889,1942889,2026-01-31,2025-12-31,True,25926.45,0.0,0.0
H4NJ01084,C00558320,1964791,1964791,2026-04-15,2026-03-31,True,322488.15,0.0,0.0
H4NJ01084,C00558320,1978589,1991087,2026-07-13,2026-05-13,True,26608.13,0.0,0.0
H4NJ01084,C00558320,1978589,1978589,2026-05-21,2026-05-13,False,26608.13,0.0,0.0
H4NJ01084,C00558320,1996312,1996312,2026-07-15,2026-06-30,True,63368.00,0.0,0.0
H4NJ03080,C00859496,1887912,1887912,2025-04-15,2025-03-31,False,81038.35,0.0,0.0
H4NJ03080,C00859496,1887912,1946165,2026-02-12,2025-03-31,True,81038.35,0.0,0.0
H4NJ03080,C00859496,1903110,1903110,2025-07-15,2025-06-30,True,116906.49,0.0,0.0
H4NJ03080,C00859496,1920910,1920910,2025-10-15,2025-09-30,False,64789.75,0.0,0.0
H4NJ03080,C00859496,1920910,1946167,2026-02-12,2025-09-30,True,64789.75,0.0,0.0
H4NJ03080,C00859496,1942187,1942187,2026-01-31,2025-12-31,True,55494.74,0.0,0.0
H4NJ03080,C00859496,1964438,1964438,2026-04-15,2026-03-31,True,50896.75,0.0,0.0
H4NJ03080,C00859496,1978503,1978503,2026-05-21,2026-05-13,True,21444.15,0.0,0.0
H4NJ03080,C00859496,1995100,1995100,2026-07-15,2026-06-30,True,40349.20,0.0,0.0
H4NJ09194,C00887547,1887383,1902903,2025-07-15,2025-03-31,True,115063.49,0.0,0.0
H4NJ09194,C00887547,1887383,1887383,2025-04-15,2025-03-31,False,115063.49,0.0,0.0
H4NJ09194,C00887547,1902919,1902919,2025-07-15,2025-06-30,True,281477.54,0.0,0.0
H4NJ09194,C00887547,1921074,1921074,2025-10-15,2025-09-30,True,303733.64,0.0,0.0
H4NJ09194,C00887547,1943505,1943505,2026-01-31,2025-12-31,True,263459.07,0.0,0.0
H4NJ09194,C00887547,1966101,1966101,2026-04-15,2026-03-31,True,278545.02,0.0,0.0
H4NJ09194,C00887547,1978670,1978670,2026-05-21,2026-05-13,True,63808.32,0.0,0.0
H4NJ09194,C00887547,1997250,1997250,2026-07-15,2026-06-30,True,170136.28,0.0,0.0
H4NJ10135,C00927533,1975488,1975488,2026-05-16,2026-05-13,True,1360.00,910.33,0.0
H4NJ10135,C00927533,1992755,1992755,2026-07-14,2026-06-30,True,0.00,0.0,0.0
H4NJ10176,C00878603,1886736,1886736,2025-04-15,2025-03-31,True,18143.34,0.0,0.0
H4NJ10176,C00878603,1901561,1901561,2025-07-15,2025-06-30,False,548103.85,0.0,0.0
H4NJ10176,C00878603,1901561,1919151,2025-10-14,2025-06-30,True,548103.85,0.0,0.0
H4NJ10176,C00878603,1919183,1919183,2025-10-14,2025-09-30,False,102937.89,0.0,0.0
H4NJ10176,C00878603,1919183,1951986,2026-03-06,2025-09-30,True,102890.39,0.0,0.0
H4NJ10176,C00878603,1919183,1930662,2026-01-05,2025-09-30,False,102890.39,0.0,0.0
H4NJ10176,C00878603,1919183,1927798,2025-12-09,2025-09-30,False,102890.39,0.0,0.0
H4NJ10176,C00878603,1941454,1951991,2026-03-06,2025-12-31,True,344956.75,0.0,0.0
H4NJ10176,C00878603,1941454,1941454,2026-01-30,2025-12-31,False,344956.75,0.0,0.0
H4NJ10176,C00878603,1962973,1962973,2026-04-15,2026-03-31,False,185192.46,0.0,0.0
H4NJ10176,C00878603,1962973,1976008,2026-05-18,2026-03-31,False,185192.46,0.0,0.0
H4NJ10176,C00878603,1962973,1976063,2026-05-18,2026-03-31,True,185192.46,0.0,0.0
H4NJ10176,C00878603,1978461,1978866,2026-05-22,2026-05-13,True,177618.44,0.0,0.0
H4NJ10176,C00878603,1978461,1978461,2026-05-21,2026-05-13,False,177618.44,0.0,0.0
H4NJ10176,C00878603,1994215,1994215,2026-07-15,2026-06-30,True,205570.17,0.0,0.0
H4NV03225,C00900910,1887936,1887936,2025-04-15,2025-03-31,True,0.00,0.0,0.0
H4NV03225,C00900910,1898743,1898743,2025-07-07,2025-06-30,True,12787.48,0.0,3000000.0
H4NV03225,C00900910,1921204,1921204,2025-10-15,2025-09-30,True,43140.86,7000.0,0.0
H4NV03225,C00900910,1942653,1942653,2026-01-31,2025-12-31,True,56530.73,0.0,0.0
H4NV03225,C00900910,1966750,1966750,2026-04-15,2026-03-31,True,55836.89,0.0,0.0
H4NV03225,C00900910,1980148,1980148,2026-05-28,2026-05-20,True,61817.94,0.0,0.0
H4NV03225,C00895102,1986349,1986349,2026-06-23,2026-06-23,True,0.00,0.0,0.0
H4NV03225,C00900910,1997181,1997181,2026-07-15,2026-06-30,True,132147.18,0.0,0.0
H4NV03225,C00894519,1992920,1992920,2026-07-14,2026-06-30,True,0.00,0.0,0.0
H4NV04108,C00830471,1885689,1885689,2025-04-14,2025-03-31,False,0.00,30000.0,15000.0
H4NV04108,C00830471,1885689,1899733,2025-07-10,2025-03-31,True,0.00,30000.0,15000.0
H4NV04108,C00901710,1901921,1901921,2025-07-15,2025-06-30,False,185514.73,0.0,310000.0
H4NV04108,C00830471,1899738,1899738,2025-07-10,2025-06-30,True,0.00,0.0,0.0
H4NV04108,C00901710,1901921,1903846,2025-07-16,2025-06-30,True,185514.73,0.0,310000.0
H4NV04108,C00830471,1916968,1916968,2025-09-30,2025-09-22,False,0.00,0.0,0.0
H4NV04108,C00830471,1916968,1919325,2025-10-14,2025-09-30,True,0.00,0.0,0.0
H4NV04108,C00901710,1921296,1922179,2025-10-17,2025-09-30,True,88321.83,0.0,100000.0
H4NV04108,C00901710,1921296,1921296,2025-10-15,2025-09-30,False,88321.83,0.0,100000.0
H4NV04108,C00901710,1939264,1939264,2026-01-30,2025-12-31,False,106194.96,0.0,0.0
H4NV04108,C00901710,1939264,1974311,2026-05-12,2025-12-31,True,106194.96,0.0,110000.0
H4NV04108,C00901710,1966095,1966095,2026-04-15,2026-03-31,False,17875.62,0.0,760000.0
H4NV04108,C00901710,1966095,1989628,2026-07-09,2026-03-31,True,17875.62,0.0,760000.0
H4NV04108,C00901710,1979956,1979956,2026-05-28,2026-05-20,True,30195.89,0.0,0.0
H4NV04108,C00901710,1993373,1993373,2026-07-15,2026-06-30,False,92396.48,0.0,300000.0
H4NV04108,C00901710,1993373,1993549,2026-07-15,2026-06-30,True,92396.48,0.0,350000.0
H4NY06047,C00872333,1901061,1901061,2025-07-14,2025-06-30,True,0.00,0.0,0.0
H4NY06047,C00872333,1919293,1919293,2025-10-14,2025-09-30,True,0.00,0.0,0.0
H4NY06047,C00872333,1932668,1932668,2026-01-14,2025-12-31,True,0.00,0.0,0.0
H4NY06047,C00872333,1962645,1962645,2026-04-14,2026-03-31,True,0.00,0.0,0.0
H4NY06047,C00872333,1995747,1995747,2026-07-15,2026-06-03,True,2578.08,0.0,0.0
H4NY06047,C00872333,1995832,1995832,2026-07-15,2026-06-30,True,0.00,0.0,0.0
H4NY11138,C00415331,1886432,1886432,2025-04-15,2025-03-31,True,41583.39,0.0,0.0
H4NY11138,C00415331,1903044,1903044,2025-07-15,2025-06-30,True,91370.38,0.0,0.0
H4NY11138,C00415331,1921613,1923113,2025-10-20,2025-09-30,False,73266.53,0.0,0.0
H4NY11138,C00415331,1921613,1943200,2026-01-31,2025-09-30,True,73266.53,0.0,0.0
H4NY11138,C00415331,1921613,1921613,2025-10-15,2025-09-30,False,71266.53,0.0,0.0
H4NY11138,C00415331,1943217,1943217,2026-01-31,2025-12-31,True,59718.12,0.0,0.0
H4NY11138,C00415331,1966589,1966589,2026-04-15,2026-03-31,True,87303.16,0.0,0.0
H4NY11138,C00415331,1982800,1982800,2026-06-11,2026-06-03,False,25436.13,0.0,0.0
H4NY11138,C00415331,1982800,1995332,2026-07-15,2026-06-03,True,25436.13,0.0,0.0
H4NY11138,C00415331,1995385,1995385,2026-07-15,2026-06-30,True,48409.00,0.0,0.0
H4NY16087,C00859041,1887942,1887942,2025-04-15,2025-03-31,True,29994.00,0.0,0.0
H4NY16087,C00859041,1902076,1902076,2025-07-15,2025-06-30,True,69872.50,0.0,0.0
H4NY16087,C00859041,1921235,1921235,2025-10-15,2025-09-30,True,18627.00,0.0,0.0
H4NY16087,C00859041,1938806,1938806,2026-01-30,2025-12-31,True,18199.95,0.0,0.0
H4NY16087,C00859041,1967323,1970674,2026-04-22,2026-03-31,True,130657.15,0.0,0.0
H4NY16087,C00859041,1967323,1967323,2026-04-15,2026-03-31,False,129274.15,0.0,0.0
H4NY16087,C00859041,1982797,1982797,2026-06-11,2026-06-03,False,29880.13,0.0,0.0
H4NY16087,C00859041,1982797,1984902,2026-06-18,2026-06-03,True,37080.13,0.0,0.0
H4NY16087,C00859041,1997101,1997101,2026-07-15,2026-06-30,True,9628.40,0.0,0.0
H4NY22051,C00632828,1887228,1887228,2025-04-15,2025-03-31,False,204685.88,0.0,0.0
H4NY22051,C00632828,1887228,1923608,2025-10-27,2025-03-31,True,204685.88,0.0,0.0
H4NY22051,C00632828,1902418,1902418,2025-07-15,2025-06-30,False,260072.26,0.0,0.0
H4NY22051,C00632828,1902418,1923609,2025-10-27,2025-06-30,True,260072.26,0.0,0.0
H4NY22051,C00632828,1919770,1923610,2025-10-27,2025-09-30,True,145619.79,0.0,0.0
H4NY22051,C00632828,1919770,1919770,2025-10-15,2025-09-30,False,145619.79,0.0,0.0
H4NY22051,C00632828,1938760,1938760,2026-01-30,2025-12-31,True,160391.47,0.0,0.0
H4NY22051,C00632828,1963962,1963962,2026-04-15,2026-03-31,True,156538.53,0.0,0.0
H4NY22051,C00632828,1982469,1982469,2026-06-11,2026-06-03,True,56619.94,0.0,0.0
H4NY22051,C00632828,1994289,1994289,2026-07-15,2026-06-30,True,74505.55,0.0,0.0
H4NY22085,C00845461,1887649,1887649,2025-04-15,2025-03-31,True,223270.16,0.0,0.0
H4NY22085,C00845461,1903095,1903095,2025-07-15,2025-06-30,True,248559.56,0.0,0.0
H4NY22085,C00845461,1920391,1920391,2025-10-15,2025-09-30,True,302460.90,0.0,0.0
H4NY22085,C00845461,1942224,1997522,2026-07-15,2025-12-31,True,305616.39,0.0,0.0
H4NY22085,C00845461,1942224,1942224,2026-01-31,2025-12-31,False,303466.17,0.0,0.0
H4NY22085,C00845461,1966380,1966380,2026-04-15,2026-03-31,True,302526.12,0.0,0.0
H4NY22085,C00845461,1982779,1982779,2026-06-11,2026-06-03,False,160915.68,0.0,0.0
H4NY22085,C00845461,1982779,1997527,2026-07-15,2026-06-03,True,160915.68,0.0,0.0
H4NY22085,C00845461,1997518,1997518,2026-07-15,2026-06-30,True,159699.77,0.0,0.0
H4NY26078,C00856526,1886883,1886883,2025-04-15,2025-03-31,False,274546.90,0.0,0.0
H4NY26078,C00856526,1886883,1903416,2025-07-15,2025-03-31,True,274546.90,0.0,0.0
H4NY26078,C00856526,1903424,1903424,2025-07-15,2025-06-30,False,233077.65,0.0,0.0
H4NY26078,C00856526,1903424,1941621,2026-01-31,2025-06-30,True,233077.65,0.0,0.0
H4NY26078,C00856526,1921356,1921356,2025-10-15,2025-09-30,False,268416.71,0.0,0.0
H4NY26078,C00856526,1921356,1941641,2026-01-31,2025-09-30,True,268416.71,0.0,0.0
H4NY26078,C00856526,1942362,1942362,2026-01-31,2025-12-31,True,312836.99,0.0,0.0
H4NY26078,C00856526,1967557,1967557,2026-04-15,2026-03-31,True,297545.94,0.0,0.0
H4NY26078,C00856526,1982737,1982737,2026-06-11,2026-06-03,True,122686.72,0.0,0.0
H4NY26078,C00856526,1994645,1994645,2026-07-15,2026-06-30,True,204359.06,0.0,0.0
H4OH02248,C00860213,1887753,1887753,2025-04-15,2025-03-31,True,63674.54,0.0,0.0
H4OH02248,C00860213,1903285,1903285,2025-07-15,2025-06-30,False,114555.93,0.0,0.0
H4OH02248,C00860213,1903285,1931800,2026-01-10,2025-06-30,True,114555.93,0.0,0.0
H4OH02248,C00860213,1921511,1921511,2025-10-15,2025-09-30,True,102405.97,0.0,0.0
H4OH02248,C00860213,1943916,1943916,2026-01-31,2025-12-31,True,78304.58,0.0,0.0
H4OH02248,C00860213,1967076,1967076,2026-04-15,2026-03-31,True,119737.45,0.0,0.0
H4OH02248,C00860213,1971018,1990958,2026-07-13,2026-04-15,True,17489.66,0.0,0.0
H4OH02248,C00860213,1971018,1971018,2026-04-23,2026-04-15,False,17489.66,0.0,0.0
H4OH02248,C00860213,1993624,2009858,2026-08-27,2026-06-30,True,128666.25,0.0,0.0
H4OH02248,C00860213,1993624,1993624,2026-07-15,2026-06-30,False,128666.25,0.0,0.0
H4OH06165,C00858415,1886609,1886609,2025-04-15,2025-03-31,True,43728.51,0.0,0.0
H4OH06165,C00858415,1901579,1901579,2025-07-15,2025-06-30,True,60716.24,0.0,0.0
H4OH06165,C00858415,1920100,1920100,2025-10-15,2025-09-30,True,18001.75,0.0,0.0
H4OH06165,C00858415,1940321,1940321,2026-01-30,2025-12-31,True,30525.58,0.0,0.0
H4OH06165,C00858415,1960855,1960855,2026-04-13,2026-03-31,True,35581.36,0.0,0.0
H4OH06165,C00858415,1970906,1970906,2026-04-23,2026-04-15,True,13439.35,0.0,0.0
H4OH06165,C00858415,1991110,1991110,2026-07-13,2026-06-30,False,67137.15,0.0,0.0
H4OH06165,C00858415,1991110,2006885,2026-08-17,2026-06-30,True,52137.15,0.0,0.0
H4OH09169,C00863829,1888034,1888034,2025-04-15,2025-03-31,False,19.60,0.0,0.0
H4OH09169,C00863829,1888034,1894104,2025-05-29,2025-03-31,True,19.60,0.0,0.0
H4OH09169,C00863829,1902351,1902351,2025-07-15,2025-06-30,True,-3.11,0.0,0.0
H4OH09169,C00863829,1902357,1902357,2025-07-15,2025-07-15,True,0.00,0.0,0.0
H4OH09169,C00909630,1919720,1919720,2025-10-15,2025-09-30,True,205957.60,0.0,115000.0
H4OH09169,C00909630,1943627,1943627,2026-01-31,2025-12-31,True,75348.76,0.0,120000.0
H4OH09169,C00909630,1965974,1965974,2026-04-15,2026-03-31,True,66394.97,0.0,75000.0
H4OH09169,C00909630,1971035,1971035,2026-04-23,2026-04-15,True,6480.40,0.0,0.0
H4OH09169,C00895110,1975195,1975195,2026-05-15,2026-05-15,True,0.00,0.0,0.0
H4OH09169,C00894535,1992939,1992939,2026-07-14,2026-06-30,True,0.00,0.0,0.0
H4OH09169,C00909630,1995875,1995875,2026-07-15,2026-06-30,True,97632.53,0.0,0.0
H4OH12080,C00851956,1885767,1885767,2025-04-14,2025-03-31,True,1220.50,0.0,0.0
H4OH12080,C00851956,1900033,1900033,2025-07-11,2025-06-30,True,725.00,0.0,0.0
H4OH12080,C00851956,1918640,1918640,2025-10-12,2025-09-30,True,963.50,0.0,0.0
H4OH12080,C00851956,1937192,1937192,2026-01-29,2025-12-31,True,12450.34,0.0,0.0
H4OH12080,C00851956,1960010,1960010,2026-04-11,2026-03-31,True,29958.97,0.0,0.0
H4OH12080,C00851956,1970889,1970889,2026-04-23,2026-04-15,True,8260.50,0.0,0.0
H4OH12080,C00851956,1994269,1994269,2026-07-15,2026-06-30,True,28548.42,0.0,0.0
H4OK02196,C00846857,1887690,1887690,2025-04-15,2025-03-31,True,170.00,0.0,0.0
H4OK02196,C00846857,1903429,1903429,2025-07-15,2025-06-30,True,170.00,0.0,0.0
H4OK02196,C00846857,1920648,1920648,2025-10-15,2025-09-30,True,1435.26,0.0,0.0
H4OK02196,C00846857,1943847,1943847,2026-01-31,2025-12-31,True,660.00,0.0,0.0
H4OK02196,C00846857,1967313,1967313,2026-04-15,2026-03-31,True,245.00,0.0,0.0
H4OK02196,C00846857,1981777,1981777,2026-06-08,2026-05-27,True,340.00,1060.0,0.0
H4OK02196,C00846857,1998661,1998661,2026-07-16,2026-06-30,True,210.00,0.0,0.0
H4OK06056,C00287912,1887907,1887907,2025-04-15,2025-03-31,True,1273.00,0.0,0.0
H4OK06056,C00287912,1903145,1903145,2025-07-15,2025-06-30,True,21899.00,0.0,0.0
H4OK06056,C00287912,1919378,1919378,2025-10-14,2025-09-30,True,18579.00,0.0,0.0
H4OK06056,C00287912,1937704,1937704,2026-01-29,2025-12-31,True,26314.25,0.0,0.0
H4OK06056,C00287912,1962110,1962110,2026-04-14,2026-03-31,True,18292.00,0.0,0.0
H4OK06056,C00287912,1981172,1981172,2026-06-03,2026-05-27,True,83924.21,0.0,0.0
H4OK06056,C00287912,1991974,1991974,2026-07-14,2026-06-30,True,49539.03,0.0,0.0
H4OR03192,C00859108,1887621,1887621,2025-04-15,2025-03-31,True,121660.19,0.0,0.0
H4OR03192,C00859108,1903050,1903050,2025-07-15,2025-06-30,True,107368.78,0.0,0.0
H4OR03192,C00859108,1920040,1920040,2025-10-15,2025-09-30,True,108443.05,0.0,0.0
H4OR03192,C00859108,1942526,1942526,2026-01-31,2025-12-31,True,80572.14,0.0,0.0
H4OR03192,C00859108,1965782,1965782,2026-04-15,2026-03-31,True,142260.79,0.0,0.0
H4OR03192,C00859108,1973450,1973450,2026-05-07,2026-04-29,True,43494.92,0.0,0.0
H4OR03192,C00859108,1996377,1996377,2026-07-15,2026-06-30,True,69781.10,0.0,0.0
H4OR05304,C00843425,1887641,1902464,2025-07-15,2025-03-31,True,194852.76,0.0,0.0
H4OR05304,C00843425,1887641,1887641,2025-04-15,2025-03-31,False,194852.76,0.0,0.0
H4OR05304,C00843425,1903286,1903286,2025-07-15,2025-06-30,True,462155.44,0.0,0.0
H4OR05304,C00843425,1921668,1921668,2025-10-15,2025-09-30,False,292478.43,0.0,0.0
H4OR05304,C00843425,1921668,1935486,2026-01-26,2025-09-30,True,292478.43,0.0,0.0
H4OR05304,C00843425,1943178,1943178,2026-01-31,2025-12-31,True,289514.15,0.0,0.0
H4OR05304,C00843425,1967005,1967005,2026-04-15,2026-03-31,True,486645.78,0.0,0.0
H4OR05304,C00843425,1973491,1973491,2026-05-07,2026-04-29,True,92256.63,0.0,0.0
H4OR05304,C00843425,1997839,1997839,2026-07-15,2026-06-30,True,347919.96,0.0,0.0
H4PA08124,C00852137,1887098,1890575,2025-04-30,2025-03-31,False,202846.05,4950.0,0.0
H4PA08124,C00852137,1887098,1894824,2025-06-06,2025-03-31,True,202846.05,4950.0,0.0
H4PA08124,C00852137,1887098,1890577,2025-04-30,2025-03-31,False,202846.05,4950.0,0.0
H4PA08124,C00852137,1887098,1887098,2025-04-15,2025-03-31,False,202846.05,4950.0,0.0
H4PA08124,C00852137,1901767,1901767,2025-07-15,2025-06-30,True,340336.42,4950.0,0.0
H4PA08124,C00852137,1920744,1920744,2025-10-15,2025-09-30,True,365155.51,4950.0,0.0
H4PA08124,C00852137,1939418,1939418,2026-01-30,2025-12-31,True,242498.32,4950.0,0.0
H4PA08124,C00852137,1964365,1964365,2026-04-15,2026-03-31,False,409686.89,4950.0,0.0
H4PA08124,C00852137,1964365,2006939,2026-08-17,2026-03-31,True,409686.89,4950.0,0.0
H4PA08124,C00852137,1973351,2006942,2026-08-17,2026-04-29,True,108421.88,0.0,0.0
H4PA08124,C00852137,1973351,1973351,2026-05-07,2026-04-29,False,108421.88,0.0,0.0
H4PA08124,C00852137,1996900,1996900,2026-07-15,2026-06-30,False,222951.78,30786.35,0.0
H4PA08124,C00852137,1996900,2007181,2026-08-18,2026-06-30,True,222951.78,30786.35,0.0
H4PA10104,C00852368,1887528,1910492,2025-08-07,2025-03-31,True,0.00,0.0,0.0
H4PA10104,C00852368,1887528,1887528,2025-04-15,2025-03-31,False,0.00,0.0,0.0
H4PA10104,C00852368,1902489,1910493,2025-08-07,2025-06-30,True,0.00,0.0,0.0
H4PA10104,C00852368,1902489,1902489,2025-07-15,2025-06-30,False,0.00,0.0,0.0
H4PA10104,C00852368,1920792,2001453,2026-07-23,2025-09-30,True,1108436.48,0.0,0.0
H4PA10104,C00852368,1920792,1920792,2025-10-15,2025-09-30,False,1108436.48,0.0,0.0
H4PA10104,C00852368,1941796,1941796,2026-01-31,2025-12-31,True,826240.03,0.0,0.0
H4PA10104,C00852368,1965513,1965513,2026-04-15,2026-03-31,True,1383491.94,0.0,0.0
H4PA10104,C00852368,1973349,1973349,2026-05-07,2026-04-29,True,284629.06,0.0,0.0
H4PA10104,C00852368,1993784,1993784,2026-07-15,2026-06-30,True,1306252.63,0.0,0.0
H4PA12068,C00838185,1886269,1886269,2025-04-14,2025-03-31,True,100.00,0.0,0.0
H4PA12068,C00838185,1901214,1901214,2025-07-14,2025-06-30,True,2035.00,25.0,0.0
H4PA12068,C00838185,1919016,1919016,2025-10-13,2025-09-30,True,1675.00,0.0,0.0
H4PA12068,C00838185,1936515,1936515,2026-01-28,2025-12-31,True,5801.00,0.0,0.0
H4PA12068,C00838185,1961116,1961116,2026-04-13,2026-03-31,True,9904.00,0.0,0.0
H4PA12068,C00838185,1973069,1973069,2026-05-06,2026-04-29,True,2366.00,0.0,0.0
H4PA12068,C00838185,1993139,1993139,2026-07-15,2026-06-30,True,13032.76,0.0,0.0
H4PA13199,C00543363,1887233,1887233,2025-04-15,2025-03-31,True,60333.55,0.0,0.0
H4PA13199,C00543363,1901092,1901092,2025-07-14,2025-06-30,True,119976.00,0.0,0.0
H4PA13199,C00543363,1919959,1919959,2025-10-15,2025-09-30,True,126787.99,0.0,0.0
H4PA13199,C00543363,1939530,1939530,2026-01-30,2025-12-31,True,65707.26,0.0,0.0
H4PA13199,C00543363,1964502,1964502,2026-04-15,2026-03-31,True,59755.16,0.0,0.0
H4PA13199,C00543363,1973439,2002573,2026-07-28,2026-04-29,True,28154.13,0.0,0.0
H4PA13199,C00543363,1973439,1973439,2026-05-07,2026-04-29,False,28154.13,0.0,0.0
H4PA13199,C00543363,1995474,1995474,2026-07-15,2026-06-30,True,34402.65,0.0,0.0
H4PA13298,C00860098,1883339,1883339,2025-04-01,2025-03-31,False,1125.00,0.0,0.0
H4PA13298,C00860098,1883339,1883782,2025-04-03,2025-03-31,True,1125.00,0.0,0.0
H4PA13298,C00860098,1898327,1898327,2025-07-04,2025-06-30,True,2907.00,167.94,0.0
H4PA13298,C00860098,1917670,1917670,2025-10-06,2025-09-30,False,5015.29,0.0,0.0
H4PA13298,C00860098,1917670,1919071,2025-10-14,2025-09-30,True,5075.07,0.0,0.0
H4PA13298,C00860098,1933345,1933345,2026-01-16,2025-12-31,True,4469.17,0.0,0.0
H4PA13298,C00860098,1960959,1960959,2026-04-13,2026-03-31,True,19277.98,0.0,0.0
H4PA13298,C00860098,1972428,1972428,2026-05-04,2026-04-29,True,1974.09,0.0,0.0
H4PA13298,C00860098,1992318,1992318,2026-07-14,2026-06-30,True,17529.40,0.0,0.0
H4RI01265,C00838060,1887249,1887249,2025-04-15,2025-03-31,True,116503.43,0.0,0.0
H4RI01265,C00838060,1902182,1902182,2025-07-15,2025-06-30,True,157426.00,0.0,0.0
H4RI01265,C00838060,1920852,1920852,2025-10-15,2025-09-30,True,148403.33,0.0,0.0
H4RI01265,C00838060,1940218,1940218,2026-01-30,2025-12-31,True,143335.45,0.0,0.0
H4RI01265,C00838060,1965770,1965770,2026-04-15,2026-03-31,True,143601.16,0.0,0.0
H4RI01265,C00838060,1995712,1995712,2026-07-15,2026-06-30,True,200965.69,0.0,0.0
H4SC01313,C00866426,1886591,1886591,2025-04-15,2025-03-31,True,4283.86,0.0,0.0
H4SC01313,C00866426,1901614,1901614,2025-07-15,2025-06-30,True,26535.48,0.0,0.0
H4SC01313,C00866426,1920111,1920111,2025-10-15,2025-09-30,True,21348.50,0.0,0.0
H4SC01313,C00866426,1937355,1937355,2026-01-29,2025-12-31,True,17078.49,0.0,0.0
H4SC01313,C00866426,1963532,1970580,2026-04-21,2026-03-31,True,3082.54,0.0,0.0
H4SC01313,C00866426,1963532,1963532,2026-04-15,2026-03-31,False,3082.54,0.0,0.0
H4SC01313,C00866426,1979952,1979952,2026-05-28,2026-05-20,True,884.05,0.0,0.0
H4SC01313,C00866426,1993353,1993353,2026-07-15,2026-06-30,True,16338.46,0.0,0.0
H4TN04270,C00876433,1884670,1884670,2025-04-09,2025-03-31,True,9397.34,0.0,0.0
H4TN04270,C00876433,1898807,1898807,2025-07-07,2025-06-30,True,6685.64,0.0,0.0
H4TN04270,C00876433,1917256,1917256,2025-10-02,2025-09-30,True,7328.20,500.0,0.0
H4TN04270,C00876433,1931836,1931836,2026-01-10,2025-12-31,True,5490.75,0.0,0.0
H4TN04270,C00876433,1958760,1958760,2026-04-08,2026-03-31,True,5701.78,0.0,0.0
H4TN04270,C00876433,1988076,1988076,2026-07-05,2026-06-30,True,9062.14,0.0,0.0
H4TX12065,C00855528,1885997,1885997,2025-04-14,2025-03-31,True,60867.78,0.0,0.0
H4TX12065,C00855528,1901848,1901848,2025-07-15,2025-06-30,True,59034.85,0.0,0.0
H4TX12065,C00855528,1919990,1919990,2025-10-15,2025-09-30,True,28779.12,0.0,0.0
H4TX12065,C00855528,1940508,1940508,2026-01-30,2025-12-31,True,73422.71,0.0,0.0
H4TX12065,C00855528,1948116,1948116,2026-02-19,2026-02-11,True,28497.55,0.0,0.0
H4TX12065,C00855528,1965905,1965905,2026-04-15,2026-03-31,True,74932.07,0.0,0.0
H4TX12065,C00855528,1995888,1995888,2026-07-15,2026-06-30,True,47569.54,0.0,0.0
H4TX14111,C00924365,1930901,1987248,2026-07-01,2025-12-31,True,0.00,0.0,0.0
H4TX14111,C00924365,1930901,1930901,2026-01-06,2025-12-31,False,0.00,3125.0,3125.0
H4TX14111,C00924365,1987257,1987257,2026-07-01,2026-02-11,True,0.00,0.0,0.0
H4TX14111,C00924365,1967454,1987285,2026-07-01,2026-03-31,True,0.00,0.0,0.0
H4TX14111,C00924365,1967454,1967454,2026-04-15,2026-03-31,False,0.00,0.0,300.0
H4TX21108,C00855742,1887917,1887917,2025-04-15,2025-03-31,True,0.00,0.0,0.0
H4TX21108,C00855742,1902959,1902959,2025-07-15,2025-06-30,True,0.00,0.0,0.0
H4TX21108,C00929703,1942233,1976143,2026-05-18,2025-12-31,True,44865.85,0.0,0.0
H4TX21108,C00929703,1942233,1942233,2026-01-31,2025-12-31,False,44258.62,0.0,1417.77
H4TX21108,C00929703,1948441,1976144,2026-05-18,2026-02-11,True,53064.72,0.0,0.0
H4TX21108,C00929703,1948441,1948441,2026-02-19,2026-02-11,False,52349.72,0.0,0.0
H4TX21108,C00929703,1967471,1967471,2026-04-15,2026-03-31,False,53222.34,0.0,0.0
H4TX21108,C00929703,1967471,1976145,2026-05-18,2026-03-31,True,53500.24,0.0,0.0
H4TX21108,C00929703,1997225,1997225,2026-07-15,2026-06-30,True,85464.25,0.0,0.0
H4TX22197,C00856872,1888293,1888293,2025-04-16,2025-03-31,True,375.00,0.0,0.0
H4TX22197,C00856872,1903062,1903062,2025-07-15,2025-06-30,True,515.00,0.0,0.0
H4TX22197,C00856872,1919537,1919537,2025-10-14,2025-09-30,True,10050.00,0.0,0.0
H4TX22197,C00856872,1944319,1944319,2026-02-01,2025-12-31,True,18665.00,0.0,0.0
H4TX22197,C00856872,1947706,1947706,2026-02-19,2026-02-11,True,1965.00,0.0,0.0
H4TX22197,C00856872,1964163,1964163,2026-04-15,2026-03-31,True,4442.15,0.0,0.0
H4TX22197,C00856872,1999804,1999804,2026-07-20,2026-06-30,True,11114.48,0.0,0.0
H4TX23120,C00844324,1883851,1883851,2025-04-03,2025-03-31,True,1534.36,0.0,0.0
H4TX23120,C00844324,1898357,1898357,2025-07-04,2025-06-30,True,0.00,0.0,0.0
H4TX23120,C00844324,1920962,1920962,2025-10-15,2025-09-30,False,4454.04,0.0,100000.0
H4TX23120,C00844324,1920962,1946069,2026-02-12,2025-09-30,False,4454.04,0.0,100000.0
H4TX23120,C00844324,1920962,1982703,2026-06-11,2025-09-30,True,4454.04,0.0,100000.0
H4TX23120,C00844324,1940721,1960349,2026-04-12,2025-12-31,False,4621.08,0.0,0.0
H4TX23120,C00844324,1940721,1940721,2026-01-30,2025-12-31,False,4621.08,0.0,0.0
H4TX23120,C00844324,1940721,1946077,2026-02-12,2025-12-31,False,4621.08,0.0,0.0
H4TX23120,C00844324,1940721,1982706,2026-06-11,2025-12-31,True,4621.08,0.0,0.0
H4TX23120,C00844324,1947854,1982709,2026-06-11,2026-02-11,True,1381.96,0.0,0.0
H4TX23120,C00844324,1947854,1947854,2026-02-19,2026-02-11,False,1381.96,0.0,0.0
H4TX23120,C00844324,1963297,1982713,2026-06-11,2026-03-31,True,22278.76,0.0,320000.0
H4TX23120,C00844324,1963297,1973401,2026-05-07,2026-03-31,False,22278.76,0.0,320000.0
H4TX23120,C00844324,1963297,1963297,2026-04-15,2026-03-31,False,22278.76,0.0,320000.0
H4TX23120,C00844324,1993289,1993289,2026-07-15,2026-06-30,True,51150.77,0.0,0.0
H4TX26149,C00857359,1887687,1887687,2025-04-15,2025-03-31,True,55518.92,0.0,0.0
H4TX26149,C00857359,1902800,1902800,2025-07-15,2025-06-30,True,64305.24,0.0,0.0
H4TX26149,C00857359,1921101,1921101,2025-10-15,2025-09-30,True,665785.22,0.0,0.0
H4TX26149,C00857359,1943103,1943103,2026-01-31,2025-12-31,True,666950.15,0.0,0.0
H4TX26149,C00857359,1948372,1948372,2026-02-19,2026-02-11,True,417251.76,0.0,0.0
H4TX26149,C00857359,1966578,1966578,2026-04-15,2026-03-31,False,451027.91,0.0,0.0
H4TX26149,C00857359,1966578,1972798,2026-05-05,2026-03-31,True,451027.91,0.0,0.0
H4TX26149,C00857359,1994198,1994198,2026-07-15,2026-06-30,True,1063419.92,0.0,0.0
H4TX27089,C00859603,1888421,1987003,2026-06-30,2025-03-31,True,0.00,0.0,0.0
H4TX27089,C00859603,1888421,1888421,2025-04-16,2025-03-31,False,0.00,0.0,0.0
H4TX27089,C00859603,1902115,1902115,2025-07-15,2025-06-30,False,4155.00,71.89,0.0
H4TX27089,C00859603,1902115,1987006,2026-06-30,2025-06-30,True,4155.00,71.89,0.0
H4TX27089,C00859603,1919555,1987009,2026-06-30,2025-09-30,True,38623.48,0.0,0.0
H4TX27089,C00859603,1919555,1919555,2025-10-14,2025-09-30,False,38623.48,0.0,0.0
H4TX27089,C00859603,1943287,1987010,2026-06-30,2025-12-31,True,48019.51,0.0,0.0
H4TX27089,C00859603,1943287,1943287,2026-01-31,2025-12-31,False,47614.51,0.0,0.0
H4TX27089,C00859603,1948388,1948388,2026-02-19,2026-02-11,False,22379.13,0.0,0.0
H4TX27089,C00859603,1948388,1987012,2026-06-30,2026-02-11,True,22379.13,0.0,0.0
H4TX27089,C00859603,1967405,1967405,2026-04-15,2026-03-31,False,9973.54,0.0,0.0
H4TX27089,C00859603,1967405,1987013,2026-06-30,2026-03-31,True,9973.54,0.0,0.0
H4TX27089,C00859603,1998074,1998074,2026-07-16,2026-06-30,True,16565.53,0.0,0.0
H4TX38011,C00836940,1884161,1884161,2025-04-06,2025-03-31,True,0.00,0.0,0.0
H4TX38011,C00836940,1903383,1903383,2025-07-15,2025-06-30,True,7870.00,1000.0,0.0
H4TX38011,C00836940,1919587,1919587,2025-10-14,2025-09-30,True,10003.00,1093.09,0.0
H4TX38011,C00836940,1933112,1933112,2026-01-15,2025-12-31,True,5409.00,10488.49,0.0
H4TX38011,C00836940,1947734,1947734,2026-02-19,2026-02-11,True,3937.00,1632.2,0.0
H4TX38011,C00836940,1962668,1962668,2026-04-14,2026-03-31,True,2178.34,3786.5,0.0
H4TX38011,C00836940,1992979,1992979,2026-07-15,2026-06-30,True,7989.10,10042.18,0.0
H4UT02296,C00842765,1886103,1886103,2025-04-14,2025-03-31,True,65079.44,0.0,0.0
H4UT02296,C00842765,1900289,1900289,2025-07-13,2025-06-30,False,62287.00,0.0,0.0
H4UT02296,C00842765,1900289,1989644,2026-07-09,2025-06-30,True,62287.00,0.0,0.0
H4UT02296,C00842765,1919434,1919434,2025-10-14,2025-09-30,True,46147.99,0.0,0.0
H4UT02296,C00842765,1938502,1938502,2026-01-30,2025-12-31,True,98452.76,0.0,0.0
H4UT02296,C00842765,1961348,1961348,2026-04-14,2026-04-05,True,141208.06,0.0,0.0
H4UT02296,C00842765,1982710,1989034,2026-07-08,2026-06-03,True,178323.85,0.0,0.0
H4UT02296,C00842765,1982710,1982791,2026-06-11,2026-06-03,False,178323.85,0.0,0.0
H4UT02296,C00842765,1982710,1982710,2026-06-11,2026-06-03,False,178323.85,0.0,0.0
H4UT02296,C00842765,1993380,1993380,2026-07-15,2026-06-30,True,117749.03,0.0,0.0
H4UT03260,C00864488,1886692,1886692,2025-04-15,2025-03-31,True,25186.63,0.0,0.0
H4UT03260,C00864488,1901870,1901870,2025-07-15,2025-06-30,True,123416.23,0.0,0.0
H4UT03260,C00864488,1920396,1920396,2025-10-15,2025-09-30,True,65196.20,0.0,0.0
H4UT03260,C00864488,1940791,1940791,2026-01-30,2025-12-31,True,69764.82,0.0,0.0
H4UT03260,C00864488,1961065,1987821,2026-07-03,2026-04-05,True,100060.06,0.0,0.0
H4UT03260,C00864488,1961065,1961065,2026-04-13,2026-04-05,False,100060.06,0.0,0.0
H4UT03260,C00864488,1994739,1994739,2026-07-15,2026-06-30,True,46873.56,0.0,0.0
H4VA04066,C00829812,1886497,1886497,2025-04-15,2025-03-31,True,126633.08,0.0,0.0
H4VA04066,C00829812,1901482,1901482,2025-07-15,2025-06-30,True,85196.83,0.0,0.0
H4VA04066,C00829812,1920877,1920877,2025-10-15,2025-09-30,False,88957.54,0.0,0.0
H4VA04066,C00829812,1920877,1920937,2025-10-15,2025-09-30,True,88957.54,0.0,0.0
H4VA04066,C00829812,1942153,1942153,2026-01-31,2025-12-31,True,72965.87,0.0,0.0
H4VA04066,C00829812,1966179,1966179,2026-04-15,2026-03-31,True,70590.92,0.0,0.0
H4VA04066,C00829812,1994588,1994588,2026-07-15,2026-06-30,True,75656.25,0.0,0.0
H4VA07234,C00856955,1887894,1887894,2025-04-15,2025-03-31,True,1941708.63,0.0,0.0
H4VA07234,C00856955,1902369,1902369,2025-07-15,2025-06-30,True,1407185.55,0.0,0.0
H4VA07234,C00856955,1920894,1920894,2025-10-15,2025-09-30,True,1473287.81,0.0,0.0
H4VA07234,C00856955,1942978,1966957,2026-04-15,2025-12-31,True,1537784.94,0.0,0.0
H4VA07234,C00856955,1942978,1942978,2026-01-31,2025-12-31,False,1537784.94,0.0,0.0
H4VA07234,C00856955,1967050,1967050,2026-04-15,2026-03-31,True,2427066.05,715.67,0.0
H4VA07234,C00856955,1996018,2001542,2026-07-23,2026-06-30,True,2157577.26,0.0,0.0
H4VA07234,C00856955,1996018,1996018,2026-07-15,2026-06-30,False,2157577.26,0.0,0.0
H4VA08224,C00555888,1886654,1886654,2025-04-15,2025-03-31,False,240931.53,0.0,0.0
H4VA08224,C00555888,1886654,1897085,2025-06-23,2025-03-31,True,240931.53,0.0,0.0
H4VA08224,C00555888,1901723,1901723,2025-07-15,2025-06-30,True,250801.08,0.0,0.0
H4VA08224,C00555888,1919884,1919884,2025-10-15,2025-09-30,True,168630.00,0.0,0.0
H4VA08224,C00555888,1941937,1941937,2026-01-31,2025-12-31,True,187314.48,0.0,0.0
H4VA08224,C00555888,1964737,1964737,2026-04-15,2026-03-31,True,357542.91,0.0,0.0
H4VA08224,C00555888,1994264,1994264,2026-07-15,2026-06-30,True,317393.41,0.0,0.0
H4VA10279,C00856963,1887775,1887775,2025-04-15,2025-03-31,True,53822.55,0.0,0.0
H4VA10279,C00856963,1902527,1902527,2025-07-15,2025-06-30,True,103959.28,2170.56,0.0
H4VA10279,C00856963,1920870,1920870,2025-10-15,2025-09-30,True,148004.88,0.0,0.0
H4VA10279,C00856963,1941799,1941799,2026-01-31,2025-12-31,True,175494.41,0.0,0.0
H4VA10279,C00856963,1964669,1964669,2026-04-15,2026-03-31,True,177021.60,0.0,0.0
H4VA10279,C00856963,1996361,1996361,2026-07-15,2026-06-30,True,110847.44,0.0,0.0
H4WA01282,C00870782,1869768,1869768,2025-01-31,2025-09-30,True,92.00,1.75,0.0
H4WA01282,C00870782,1956659,1956659,2026-03-30,2025-12-31,True,0.00,0.0,0.0
H4WA01282,C00870782,1959202,1959202,2026-04-09,2026-03-31,True,0.00,0.0,0.0
H4WA01282,C00870782,1993037,1993037,2026-07-15,2026-06-30,True,649.98,2242.41,0.0
H4WA05168,C00849794,1886299,1886299,2025-04-14,2025-03-31,True,19638.00,1000.0,0.0
H4WA05168,C00849794,1903100,1903100,2025-07-15,2025-06-30,True,56964.79,1420.96,0.0
H4WA05168,C00849794,1921457,1965572,2026-04-15,2025-09-30,True,80547.82,837.71,0.0
H4WA05168,C00849794,1921457,1921457,2025-10-15,2025-09-30,False,79577.11,837.71,0.0
H4WA05168,C00849794,1931705,1931705,2026-01-09,2025-12-31,False,50386.00,129.0,0.0
H4WA05168,C00849794,1931705,1965753,2026-04-15,2025-12-31,True,50386.00,129.0,0.0
H4WA05168,C00849794,1966219,1966219,2026-04-15,2026-03-31,True,74764.44,3918.4,0.0
H4WA05168,C00849794,1997915,1997915,2026-07-15,2026-06-30,True,72126.23,2634.69,0.0
H4WA05234,C00870758,1886999,1891968,2025-05-13,2025-03-31,True,163694.36,0.0,0.0
H4WA05234,C00870758,1886999,1891812,2025-05-12,2025-03-31,False,163694.36,0.0,0.0
H4WA05234,C00870758,1886999,1886999,2025-04-15,2025-03-31,False,163694.36,0.0,0.0
H4WA05234,C00870758,1902064,1937699,2026-01-29,2025-06-30,True,128316.10,0.0,0.0
H4WA05234,C00870758,1902064,1902064,2025-07-15,2025-06-30,False,128884.57,0.0,0.0
H4WA05234,C00870758,1920628,1920628,2025-10-15,2025-09-30,False,190295.36,0.0,0.0
H4WA05234,C00870758,1920628,1937709,2026-01-29,2025-09-30,True,190295.36,0.0,0.0
H4WA05234,C00870758,1939340,1939340,2026-01-30,2025-12-31,True,282491.78,0.0,0.0
H4WA05234,C00870758,1964333,1964333,2026-04-15,2026-03-31,True,313181.41,0.0,0.0
H4WA05234,C00870758,1994604,1994604,2026-07-15,2026-06-30,True,229638.04,0.0,0.0
H4WA06117,C00857094,1887390,1887390,2025-04-15,2025-03-31,True,113662.83,0.0,0.0
H4WA06117,C00857094,1903005,1903005,2025-07-15,2025-06-30,True,128932.06,0.0,0.0
H4WA06117,C00857094,1920200,1920200,2025-10-15,2025-09-30,True,150986.03,0.0,0.0
H4WA06117,C00857094,1941958,1941958,2026-01-31,2025-12-31,True,125280.18,0.0,0.0
H4WA06117,C00857094,1965245,1965245,2026-04-15,2026-03-31,True,166881.91,0.0,0.0
H4WA06117,C00857094,1996837,1996837,2026-07-15,2026-06-30,True,171498.15,0.0,0.0
H4WA08147,C00845354,1988652,1988652,2026-07-07,2026-06-30,True,910.81,5900.0,0.0
H4WA09061,C00566232,1888355,1986735,2026-06-26,2025-03-31,True,0.00,0.0,0.0
H4WA09061,C00566232,1888355,1888355,2025-04-16,2025-03-31,False,0.00,0.0,0.0
H4WA09061,C00566232,1900430,1900430,2025-07-14,2025-06-30,False,0.00,0.0,0.0
H4WA09061,C00566232,1900430,1986736,2026-06-26,2025-06-30,True,0.00,0.0,0.0
H4WA09061,C00566232,1925823,1925823,2025-11-19,2025-09-30,False,0.00,0.0,0.0
H4WA09061,C00566232,1925823,1986739,2026-06-26,2025-09-30,True,0.00,0.0,0.0
H4WA09061,C00566232,1944522,1944522,2026-02-03,2025-12-31,False,0.00,0.0,0.0
H4WA09061,C00566232,1944522,1986740,2026-06-26,2025-12-31,True,0.00,0.0,0.0
H4WA09061,C00566232,1959624,1959624,2026-04-10,2026-03-31,False,0.00,0.0,0.0
H4WA09061,C00566232,1959624,1986743,2026-06-26,2026-03-31,True,0.00,0.0,0.0
H4WA09061,C00566232,1994687,1994789,2026-07-15,2026-06-30,True,6381.88,72000.0,760.0
H4WA09061,C00566232,1994687,1994687,2026-07-15,2026-06-30,False,6381.88,72000.0,760.0
H4WI03169,C00844993,1887341,1887341,2025-04-15,2025-03-31,True,962591.28,0.0,0.0
H4WI03169,C00844993,1902506,1902506,2025-07-15,2025-06-30,True,887355.10,0.0,0.0
H4WI03169,C00844993,1920323,1920323,2025-10-15,2025-09-30,True,866648.90,0.0,0.0
H4WI03169,C00844993,1940964,1940964,2026-01-30,2025-12-31,True,1052772.59,0.0,0.0
H4WI03169,C00844993,1964760,1964760,2026-04-15,2026-03-31,True,1673082.33,0.0,0.0
H4WI03169,C00844993,1997571,1997571,2026-07-15,2026-06-30,True,1519334.07,0.0,0.0
H4WI04183,C00397505,1887087,1887087,2025-04-15,2025-03-31,True,55589.96,0.0,0.0
H4WI04183,C00397505,1902126,1902126,2025-07-15,2025-06-30,True,73963.56,0.0,0.0
H4WI04183,C00397505,1921458,1921458,2025-10-15,2025-09-30,False,115601.76,0.0,0.0
H4WI04183,C00397505,1921458,1923825,2025-10-30,2025-09-30,True,115601.76,0.0,0.0
H4WI04183,C00397505,1943835,1943835,2026-01-31,2025-12-31,True,29727.00,668.0,0.0
H4WI04183,C00397505,1967613,1967613,2026-04-15,2026-03-31,True,52496.00,0.0,0.0
H4WI04183,C00397505,1997387,1997387,2026-07-15,2026-06-30,True,43739.27,0.0,0.0
H4WI06048,C00561597,1886536,1886536,2025-04-15,2025-03-31,False,29017.04,0.0,0.0
H4WI06048,C00561597,1886536,1888528,2025-04-16,2025-03-31,True,29017.04,0.0,0.0
H4WI06048,C00561597,1901908,1901908,2025-07-15,2025-06-30,True,90524.11,0.0,0.0
H4WI06048,C00561597,1919877,1919877,2025-10-15,2025-09-30,True,140632.42,0.0,0.0
H4WI06048,C00561597,1938530,1938530,2026-01-30,2025-12-31,True,107514.57,0.0,0.0
H4WI06048,C00561597,1963519,1963519,2026-04-15,2026-03-31,True,70137.63,0.0,0.0
H4WI06048,C00561597,1994370,2011033,2026-09-08,2026-06-30,True,155195.80,0.0,0.0
H4WI06048,C00561597,1994370,1994370,2026-07-15,2026-06-30,False,155195.80,0.0,0.0
H4WI08119,C00875518,1887565,1887565,2025-04-15,2025-03-31,True,35801.72,0.0,0.0
H4WI08119,C00875518,1902661,1902661,2025-07-15,2025-06-30,True,74670.35,0.0,0.0
H4WI08119,C00875518,1920948,1920948,2025-10-15,2025-09-30,True,87361.08,0.0,0.0
H4WI08119,C00875518,1941716,1941716,2026-01-31,2025-12-31,True,102187.59,0.0,0.0
H4WI08119,C00875518,1965843,1970969,2026-04-23,2026-03-31,True,62958.27,0.0,0.0
H4WI08119,C00875518,1965843,1965843,2026-04-15,2026-03-31,False,62958.27,0.0,0.0
H4WI08119,C00875518,1996028,1996028,2026-07-15,2026-06-30,True,88684.58,0.0,0.0
H4WV02205,C00828947,1886090,1886090,2025-04-14,2025-03-31,True,48776.61,0.0,0.0
H4WV02205,C00828947,1901828,1901828,2025-07-15,2025-06-30,True,76990.89,0.0,0.0
H4WV02205,C00828947,1919918,1919918,2025-10-15,2025-09-30,True,108874.40,0.0,0.0
H4WV02205,C00828947,1942912,1942912,2026-01-31,2025-12-31,True,78221.44,0.0,0.0
H4WV02205,C00828947,1964522,1964522,2026-04-15,2026-03-31,True,107428.53,0.0,0.0
H4WV02205,C00828947,1971924,1971924,2026-04-30,2026-04-22,True,8350.10,0.0,0.0
H4WV02205,C00828947,1994843,1994843,2026-07-15,2026-06-30,True,34784.94,0.0,0.0
H6AL01086,C00916775,1921142,1921142,2025-10-15,2025-09-30,True,452461.83,0.0,0.0
H6AL01086,C00916775,1942129,1942129,2026-01-31,2025-12-31,True,326448.24,0.0,0.0
H6AL01086,C00916775,1966399,1966399,2026-04-15,2026-03-31,True,177318.52,0.0,0.0
H6AL01086,C00916775,1973385,1973385,2026-05-07,2026-04-29,True,45085.99,0.0,0.0
H6AL01086,C00916775,1996376,1996376,2026-07-15,2026-06-30,True,117293.04,0.0,0.0
H6AL01094,C00920918,1918523,1918523,2025-10-10,2025-09-30,True,100.00,0.0,0.0
H6AL01094,C00920918,1936206,1936206,2026-01-27,2025-12-31,False,12665.00,0.0,0.0
H6AL01094,C00920918,1936206,1991149,2026-07-13,2025-12-31,True,12665.00,0.0,0.0
H6AL01094,C00920918,1961261,1961261,2026-04-13,2026-03-31,False,11023.37,0.0,0.0
H6AL01094,C00920918,1961261,1991154,2026-07-13,2026-03-31,True,11023.37,0.0,0.0
H6AL01094,C00920918,1973074,1973074,2026-05-06,2026-04-29,False,13698.82,0.0,0.0
H6AL01094,C00920918,1973074,1991156,2026-07-13,2026-04-29,True,13699.16,0.0,0.0
H6AL01094,C00920918,1991721,1991721,2026-07-14,2026-06-30,True,15935.48,0.0,0.0
H6AL03199,C00918433,1918532,1918532,2025-10-10,2025-09-30,True,2545.00,0.0,0.0
H6AL03199,C00918433,1942883,1942883,2026-01-31,2025-12-31,True,7615.00,0.0,0.0
H6AL03199,C00918433,1962410,1962410,2026-04-14,2026-03-31,True,17525.37,0.0,0.0
H6AL03199,C00918433,1973408,1973408,2026-05-07,2026-04-29,True,12172.96,0.0,0.0
H6AL03199,C00918433,1997892,1997892,2026-07-15,2026-06-30,True,20928.72,0.0,0.0
H6AL04098,C00313247,1887769,1887769,2025-04-15,2025-03-31,True,10609.43,0.0,0.0
H6AL04098,C00313247,1902555,1902555,2025-07-15,2025-06-30,True,72555.00,0.0,0.0
H6AL04098,C00313247,1920935,1920935,2025-10-15,2025-09-30,True,169247.99,0.0,0.0
H6AL04098,C00313247,1942530,1942530,2026-01-31,2025-12-31,True,33810.00,0.0,0.0
H6AL04098,C00313247,1965412,1965412,2026-04-15,2026-03-31,True,81238.00,0.0,0.0
H6AL04098,C00313247,1973378,1973378,2026-05-07,2026-04-29,True,17634.56,0.0,0.0
H6AL04098,C00313247,1995007,1995007,2026-07-15,2026-06-30,True,138728.03,0.0,0.0
H6AL05228,C00902247,1944616,1944616,2026-02-03,2025-12-31,True,7009.00,0.0,0.0
H6AL05228,C00902247,1959016,1959016,2026-04-08,2026-03-31,True,6448.00,0.0,0.0
H6AL05228,C00902247,1973474,1973474,2026-05-07,2026-04-29,True,251.00,0.0,0.0
H6AL05228,C00902247,1992091,1992091,2026-07-14,2026-06-30,True,1754.00,0.0,0.0
H6AL05244,C00902809,1902111,1902111,2025-07-15,2025-06-30,True,100915.00,20000.0,0.0
H6AL05244,C00902809,1920210,1920210,2025-10-15,2025-09-30,True,115093.00,0.0,0.0
H6AL05244,C00902809,1941840,1941840,2026-01-31,2025-12-31,False,109799.00,0.0,0.0
H6AL05244,C00902809,1941840,1956220,2026-03-25,2025-12-31,True,109799.00,0.0,0.0
H6AL05244,C00902809,1941840,1945086,2026-02-05,2025-12-31,False,109799.00,0.0,0.0
H6AL05244,C00902809,1966699,1966699,2026-04-15,2026-03-31,True,100673.71,0.0,0.0
H6AL05244,C00902809,1973255,1973255,2026-05-07,2026-04-29,True,14384.90,0.0,0.0
H6AL05244,C00902809,1981313,1981313,2026-06-04,2026-05-27,True,15778.92,0.0,0.0
H6AL05244,C00902809,1995384,1995384,2026-07-15,2026-06-30,True,161973.53,0.0,0.0
H6AL06184,C00951533,1997570,1997570,2026-07-15,2026-06-30,True,4180.00,0.0,0.0
H6AL07208,C00953315,1995723,1995723,2026-07-15,2026-06-30,True,38700.04,0.0,100000.0
H6AR01155,C00930800,1937948,1937948,2026-01-29,2025-12-31,True,1747.64,0.0,0.0
H6AR01155,C00930800,1947769,1947769,2026-02-19,2026-02-11,True,8495.73,0.0,9099.99
H6AR01155,C00930800,1964337,1964337,2026-04-15,2026-03-31,True,14770.36,0.0,295.27
H6AR01155,C00930800,1994468,1994468,2026-07-15,2026-06-30,True,17397.80,0.0,5000.0
H6AR02286,C00912899,1921450,1956801,2026-03-31,2025-09-30,True,190603.82,0.0,0.0
H6AR02286,C00912899,1921450,1921450,2025-10-15,2025-09-30,False,190603.82,0.0,0.0
H6AR02286,C00912899,1943896,1959796,2026-04-10,2025-12-31,True,260649.01,0.0,0.0
H6AR02286,C00912899,1943896,1943896,2026-01-31,2025-12-31,False,260649.01,0.0,0.0
H6AR02286,C00912899,1948350,1966331,2026-04-15,2026-02-11,True,98341.69,0.0,0.0
H6AR02286,C00912899,1948350,1948350,2026-02-19,2026-02-11,False,98341.69,0.0,0.0
H6AR02286,C00912899,1966483,1966483,2026-04-15,2026-03-31,True,220983.00,0.0,0.0
H6AR02286,C00912899,1997657,1997657,2026-07-15,2026-06-30,True,367388.14,0.0,0.0
H6AR03128,C00908400,1902206,1902206,2025-07-15,2025-06-30,True,9550.00,100.0,0.0
H6AR03128,C00908400,1921867,1921867,2025-10-16,2025-09-30,True,27812.39,0.0,0.0
H6AR03128,C00908400,1937863,1937863,2026-01-29,2025-12-31,True,17155.18,0.0,0.0
H6AR03128,C00908400,1947694,1947694,2026-02-19,2026-02-11,True,10350.18,0.0,0.0
H6AR03128,C00908400,1967425,1967468,2026-04-15,2026-03-31,False,19647.67,0.0,0.0
H6AR03128,C00908400,1967425,1993444,2026-07-15,2026-03-31,True,19647.67,0.0,0.0
H6AR03128,C00908400,1967425,1967425,2026-04-15,2026-03-31,False,19647.67,0.0,0.0
H6AR03128,C00908400,1993463,1993463,2026-07-15,2026-06-30,True,29875.25,150.0,0.0
H6AR04084,C00924621,1991032,1991032,2026-07-13,2026-06-30,True,4353.42,0.0,0.0
H6AZ05190,C00903088,1902402,1902402,2025-07-15,2025-06-30,True,444552.57,0.0,300000.0
H6AZ05190,C00903088,1921123,1921123,2025-10-15,2025-09-30,True,187075.00,0.0,30000.0
H6AZ05190,C00903088,1942898,1942898,2026-01-31,2025-12-31,True,43560.52,0.0,0.0
H6AZ05190,C00903088,1966233,1966233,2026-04-15,2026-03-31,False,308836.62,0.0,0.0
H6AZ05190,C00903088,1966233,1976620,2026-05-19,2026-03-31,True,308836.62,0.0,0.0
H6AZ05216,C00910240,1918636,1918636,2025-10-11,2025-09-30,True,50588.00,4900.79,0.0
H6AZ05216,C00910240,1932827,1932827,2026-01-14,2025-12-31,True,18036.52,0.0,0.0
H6AZ05216,C00910240,1962341,1962341,2026-04-14,2026-03-31,True,14402.00,0.0,18322.47
H6AZ05240,C00915983,1920208,1920208,2025-10-15,2025-09-30,True,8102.00,0.0,5000.0
H6AZ05240,C00915983,1943754,1943754,2026-01-31,2025-12-31,True,39569.43,0.0,0.0
H6AZ05240,C00915983,1964527,1964527,2026-04-15,2026-03-31,False,41711.33,0.0,0.0
H6AZ05240,C00915983,1964527,1981709,2026-06-06,2026-03-31,True,41711.33,0.0,0.0
H6AZ05240,C00915983,1989146,1990131,2026-07-10,2026-06-30,True,58077.86,0.0,0.0
H6AZ05240,C00915983,1989146,1989146,2026-07-08,2026-06-30,False,58077.86,0.0,0.0
H6AZ05265,C00924084,1943404,1943404,2026-01-31,2025-12-31,True,224242.01,20.26,40000.0
H6AZ05265,C00924084,1966329,1966329,2026-04-15,2026-03-31,True,436011.92,26.35,0.0
H6AZ06099,C00897090,1887348,1887348,2025-04-15,2025-03-31,True,803630.67,0.0,0.0
H6AZ06099,C00897090,1902391,1902391,2025-07-15,2025-06-30,True,373719.07,0.0,0.0
H6AZ06099,C00897090,1921233,1921233,2025-10-15,2025-09-30,True,588751.85,0.0,0.0
H6AZ06099,C00897090,1944142,1944142,2026-01-31,2025-12-31,True,799007.24,0.0,0.0
H6AZ06099,C00897090,1966914,1989709,2026-07-09,2026-03-31,True,1640043.72,0.0,0.0
H6AZ06099,C00897090,1966914,1966914,2026-04-15,2026-03-31,False,1641368.72,0.0,0.0
H6AZ07121,C00901116,1898290,1898290,2025-07-03,2025-06-25,False,682927.22,0.0,0.0
H6AZ07121,C00901116,1898290,1913855,2025-09-04,2025-06-25,True,682927.22,0.0,0.0
H6AZ07121,C00901116,1903397,1913858,2025-09-04,2025-06-30,True,55634.85,0.0,0.0
H6AZ07121,C00901116,1903397,1903397,2025-07-15,2025-06-30,False,55634.85,0.0,0.0
H6AZ07121,C00901116,1914578,1914578,2025-09-11,2025-09-03,True,315067.21,0.0,0.0
H6AZ07121,C00901116,1923422,1923422,2025-10-23,2025-10-13,False,209271.35,0.0,0.0
H6AZ07121,C00901116,1923422,1952084,2026-03-06,2025-10-13,True,209271.35,0.0,0.0
H6AZ07121,C00901116,1939178,1939178,2026-01-30,2025-12-31,False,326608.72,0.0,0.0
H6AZ07121,C00901116,1939178,1989077,2026-07-08,2025-12-31,True,326608.72,0.0,0.0
H6AZ07121,C00901116,1962183,1962183,2026-04-14,2026-03-31,False,97410.88,0.0,0.0
H6AZ07121,C00901116,1962183,1989101,2026-07-08,2026-03-31,True,97410.88,0.0,0.0
H6AZ09085,C00904821,1919376,1919376,2025-10-14,2025-09-30,True,5522.00,250.0,0.0
H6AZ09085,C00904821,1939778,1939778,2026-01-30,2025-12-31,False,123668.19,0.0,0.0
H6AZ09085,C00904821,1939778,1971318,2026-04-26,2025-12-31,True,123668.19,0.0,0.0
H6AZ09085,C00904821,1965420,1965420,2026-04-15,2026-03-31,False,131114.47,0.0,0.0
H6AZ09085,C00904821,1965420,1971320,2026-04-26,2026-03-31,True,131114.47,0.0,0.0
H6CA01269,C00926519,1943422,1943422,2026-01-31,2025-12-31,True,408866.94,0.0,0.0
H6CA01269,C00926519,1967107,1967107,2026-04-15,2026-03-31,True,454599.29,0.0,0.0
H6CA01269,C00926519,1978753,1978753,2026-05-21,2026-05-13,True,414802.76,0.0,0.0
H6CA01269,C00926519,1987731,1987731,2026-07-02,2026-06-22,True,229745.49,0.0,0.0
H6CA01269,C00926519,1996584,1996584,2026-07-15,2026-06-30,True,19490.12,0.0,0.0
H6CA01285,C00942458,1965844,1978757,2026-05-21,2026-03-31,True,3940.00,0.0,0.0
H6CA01285,C00935114,1967116,1978853,2026-05-21,2026-03-31,True,553910.60,0.0,0.0
H6CA01285,C00935114,1967116,1967116,2026-04-15,2026-03-31,False,539910.60,0.0,0.0
H6CA01285,C00942458,1965844,1965844,2026-04-15,2026-03-31,False,440.00,0.0,0.0
H6CA01285,C00942458,1978759,1978759,2026-05-21,2026-05-13,False,27975.00,0.0,0.0
H6CA01285,C00942458,1978759,1996967,2026-07-15,2026-05-13,True,27975.00,0.0,0.0
H6CA01285,C00935114,1978856,1978856,2026-05-22,2026-05-13,False,235641.70,0.0,0.0
H6CA01285,C00935114,1978856,1987756,2026-07-02,2026-05-13,True,235541.70,0.0,0.0
H6CA01285,C00935114,1987757,1996985,2026-07-15,2026-06-22,True,45949.15,0.0,0.0
H6CA01285,C00935114,1987757,1987757,2026-07-02,2026-06-22,False,45949.15,0.0,0.0
H6CA01285,C00942458,1996974,1996974,2026-07-15,2026-06-30,True,92260.00,0.0,0.0
H6CA01285,C00935114,1996991,1996991,2026-07-15,2026-06-30,True,178.02,0.0,0.0
H6CA03158,C00923193,1943230,1943230,2026-01-31,2025-12-31,True,289976.12,0.0,0.0
H6CA03158,C00923193,1966545,1966545,2026-04-15,2026-03-31,True,195234.60,0.0,0.0
H6CA03158,C00923193,1978776,1978776,2026-05-21,2026-05-13,True,89491.46,0.0,0.0
H6CA03158,C00923193,1996305,1996305,2026-07-15,2026-06-30,True,194773.52,0.0,0.0
H6CA03174,C00939330,1966753,2003840,2026-08-03,2026-03-31,True,10730.00,0.0,60000.0
H6CA03174,C00939330,1966753,1966753,2026-04-15,2026-03-31,False,10730.00,0.0,60000.0
H6CA03174,C00939330,1978634,2003843,2026-08-03,2026-05-13,True,11330.00,0.0,145000.0
H6CA03174,C00939330,1978634,1978634,2026-05-21,2026-05-13,False,11330.00,0.0,145000.0
H6CA03174,C00939330,1998193,1998193,2026-07-16,2026-06-30,True,29339.00,0.0,0.0
H6CA04222,C00919100,1921293,1924737,2025-11-13,2025-09-30,False,1396501.80,149133.1,0.0
H6CA04222,C00919100,1921293,1956855,2026-03-31,2025-09-30,True,1396507.10,149133.1,0.0
H6CA04222,C00919100,1921293,1921293,2025-10-15,2025-09-30,False,1396501.80,149133.1,0.0
H6CA04222,C00919100,1921293,1923828,2025-10-30,2025-09-30,False,1396501.80,149133.1,0.0
H6CA04222,C00919100,1942808,1965525,2026-04-15,2025-12-31,False,830916.20,215000.0,0.0
H6CA04222,C00919100,1942808,1986408,2026-06-23,2025-12-31,False,830916.20,215000.0,0.0
H6CA04222,C00919100,1942808,1956827,2026-03-31,2025-12-31,False,830916.20,215000.0,0.0
H6CA04222,C00919100,1942808,1942808,2026-01-31,2025-12-31,False,830916.20,215000.0,0.0
H6CA04222,C00919100,1942808,2005844,2026-08-12,2025-12-31,True,830916.20,215000.0,0.0
H6CA04222,C00919100,1942808,1978821,2026-05-21,2025-12-31,False,830916.20,215000.0,0.0
H6CA04222,C00919100,1965649,1980808,2026-06-01,2026-03-31,False,650027.33,0.0,0.0
H6CA04222,C00919100,1965649,1980622,2026-05-31,2026-03-31,False,650027.33,0.0,0.0
H6CA04222,C00919100,1965649,2005846,2026-08-12,2026-03-31,True,650027.33,0.0,0.0
H6CA04222,C00919100,1965649,1986411,2026-06-23,2026-03-31,False,650027.33,0.0,0.0
H6CA04222,C00919100,1965649,1965649,2026-04-15,2026-03-31,False,657027.33,0.0,0.0
H6CA04222,C00919100,1965649,1978823,2026-05-21,2026-03-31,False,657027.33,0.0,0.0
H6CA04222,C00919100,1978835,1980809,2026-06-01,2026-05-13,False,82364.00,4800000.0,0.0
H6CA04222,C00919100,1978835,2005847,2026-08-12,2026-05-13,True,82364.00,4800000.0,0.0
H6CA04222,C00919100,1978835,1978835,2026-05-21,2026-05-13,False,82364.00,4800000.0,0.0
H6CA04222,C00919100,1978835,1980625,2026-05-31,2026-05-13,False,82364.00,4800000.0,0.0
H6CA04222,C00919100,1978835,1996352,2026-07-15,2026-05-13,False,82364.00,4800000.0,0.0
H6CA04222,C00919100,1978835,1986407,2026-06-23,2026-05-13,False,82364.00,4800000.0,0.0
H6CA04222,C00919100,1996354,1996354,2026-07-15,2026-06-30,False,47414.34,200000.0,0.0
H6CA04222,C00919100,1996354,2010762,2026-09-03,2026-06-30,True,47414.34,200000.0,0.0
H6CA05195,C00409219,1886603,1886603,2025-04-15,2025-03-31,True,58467.00,0.0,0.0
H6CA05195,C00409219,1901856,1901856,2025-07-15,2025-06-30,True,59747.00,0.0,0.0
H6CA05195,C00409219,1920525,1920525,2025-10-15,2025-09-30,True,70603.28,0.0,0.0
H6CA05195,C00409219,1941879,1941879,2026-01-31,2025-12-31,True,83501.00,0.0,0.0
H6CA05195,C00409219,1965880,1965880,2026-04-15,2026-03-31,True,347981.86,15100.0,0.0
H6CA05195,C00409219,1978846,1978846,2026-05-21,2026-05-13,True,156025.08,0.0,1400000.0
H6CA05195,C00409219,1996101,1996101,2026-07-15,2026-06-30,True,63698.35,0.0,0.0
H6CA05377,C00905133,1902498,1902498,2025-07-15,2025-06-30,True,23039.26,0.0,0.0
H6CA05377,C00905133,1920439,1920439,2025-10-15,2025-09-30,True,24858.93,0.0,0.0
H6CA05377,C00905133,1939496,1939496,2026-01-30,2025-12-31,True,61781.44,0.0,0.0
H6CA05377,C00905133,1966403,1966403,2026-04-15,2026-03-31,True,95339.66,0.0,0.0
H6CA05377,C00905133,1978512,1978512,2026-05-21,2026-05-13,True,54459.29,0.0,0.0
H6CA05377,C00905133,1993912,1993912,2026-07-15,2026-06-30,True,80570.67,0.0,0.0
H6CA11268,C00927558,1940516,1940516,2026-01-30,2025-12-31,True,167384.89,0.0,0.0
H6CA11268,C00927558,1966982,1966982,2026-04-15,2026-03-31,True,249232.21,0.0,0.0
H6CA11268,C00927558,1978556,1978556,2026-05-21,2026-05-13,True,160538.10,0.0,0.0
H6CA11268,C00927558,1996027,1996027,2026-07-15,2026-06-30,True,363515.86,0.0,0.0
H6CA12209,C00941476,1976841,2004330,2026-08-05,2026-05-13,True,13915.00,220.76,0.0
H6CA12209,C00941476,1976841,1976841,2026-05-20,2026-05-13,False,13915.00,101.0,0.0
H6CA12209,C00941476,1995448,1995448,2026-07-15,2026-06-30,True,17085.00,26.49,0.0
H6CA13199,C00926600,1943836,1943836,2026-01-31,2025-12-31,False,50033.11,58161.44,0.0
H6CA13199,C00926600,1943836,1972675,2026-05-05,2025-12-31,True,50033.11,58161.44,0.0
H6CA13199,C00926600,1965619,1965619,2026-04-15,2026-03-31,False,101677.13,39547.25,0.0
H6CA13199,C00926600,1965619,1972715,2026-05-05,2026-03-31,False,101677.13,39547.25,0.0
H6CA13199,C00926600,1965619,1977736,2026-05-20,2026-03-31,True,105177.13,39547.25,0.0
H6CA13199,C00926600,1978758,1978758,2026-05-21,2026-05-13,True,28994.57,29750.77,0.0
H6CA13199,C00926600,1993849,1993849,2026-07-15,2026-06-30,True,27306.54,0.0,0.0
H6CA14163,C00932541,1967753,1967753,2026-04-15,2026-03-31,False,231373.00,0.0,0.0
H6CA14163,C00932541,1967753,1974151,2026-05-11,2026-03-31,False,228173.00,0.0,0.0
H6CA14163,C00932541,1967753,2004798,2026-08-06,2026-03-31,True,228173.00,0.0,0.0
H6CA14163,C00932541,1978787,1978787,2026-05-21,2026-05-13,False,201885.49,0.0,0.0
H6CA14163,C00932541,1978787,2004799,2026-08-06,2026-05-13,True,201305.49,0.0,0.0
H6CA14163,C00932541,1981458,2004801,2026-08-06,2026-05-27,True,36804.49,0.0,0.0
H6CA14163,C00932541,1981458,1981458,2026-06-04,2026-05-27,False,40759.49,0.0,0.0
H6CA14163,C00932541,1997984,1997984,2026-07-15,2026-06-30,False,109084.76,0.0,0.0
H6CA14163,C00932541,1997984,2004802,2026-08-06,2026-06-30,True,108443.87,0.0,0.0
H6CA16176,C00936435,1989741,1989741,2026-07-10,2026-03-31,True,0.00,0.0,0.0
H6CA16176,C00936435,1989742,1989742,2026-07-10,2026-05-13,True,0.00,0.0,0.0
H6CA16176,C00936435,1997814,1997814,2026-07-15,2026-06-30,True,300.00,100.0,0.0
H6CA18172,C00920397,1918711,1918711,2025-10-13,2025-09-30,True,0.00,0.0,100.0
H6CA18172,C00920397,1936251,1936251,2026-01-27,2025-12-31,True,0.00,52.4,646.15
H6CA18172,C00920397,1957829,1957829,2026-04-04,2026-03-31,True,8132.68,100.0,31059.0
H6CA18172,C00920397,1976486,1976486,2026-05-19,2026-05-13,True,897.81,0.0,0.0
H6CA18172,C00920397,1989740,1989740,2026-07-10,2026-06-30,True,5309.48,0.0,10000.0
H6CA19154,C00902841,1900352,1919270,2025-10-14,2025-06-30,True,25715.00,500.0,0.0
H6CA19154,C00902841,1900352,1900352,2025-07-13,2025-06-30,False,25465.00,500.0,0.0
H6CA19154,C00902841,1919278,1919278,2025-10-14,2025-09-30,True,10500.00,0.0,0.0
H6CA19154,C00902841,1944797,1944797,2026-02-04,2025-12-31,True,1770.00,0.0,0.0
H6CA19154,C00902841,1960748,1960748,2026-04-13,2026-03-31,True,20539.00,5.0,0.0
H6CA19154,C00902841,1976654,1976654,2026-05-19,2026-05-13,True,6315.00,0.0,0.0
H6CA19154,C00902841,1989128,1989128,2026-07-08,2026-06-30,True,7480.00,0.0,0.0
H6CA20152,C00592154,1886027,1886027,2025-04-14,2025-03-31,True,137834.23,0.0,0.0
H6CA20152,C00592154,1903257,1903257,2025-07-15,2025-06-30,True,221413.31,0.0,0.0
H6CA20152,C00592154,1919245,1919245,2025-10-14,2025-09-30,True,233194.41,0.0,0.0
H6CA20152,C00592154,1938564,1938564,2026-01-30,2025-12-31,True,117171.95,0.0,0.0
H6CA20152,C00592154,1964453,1964453,2026-04-15,2026-03-31,True,211881.16,0.0,0.0
H6CA20152,C00592154,1978538,1978538,2026-05-21,2026-05-13,True,151609.64,0.0,0.0
H6CA20152,C00592154,1993883,1993883,2026-07-15,2026-06-30,True,224828.77,0.0,0.0
H6CA20228,C00922666,1967796,1967796,2026-04-16,2026-03-31,True,1631.00,6570.16,0.0
H6CA20228,C00922666,1978857,1978857,2026-05-22,2026-05-13,True,3198.07,766.45,0.0
H6CA20228,C00922666,1998057,1998057,2026-07-15,2026-06-30,True,2350.00,2570.35,0.0
H6CA22190,C00902379,1901990,1901990,2025-07-15,2025-06-30,True,225315.85,0.0,0.0
H6CA22190,C00902379,1920746,1920746,2025-10-15,2025-09-30,False,257771.76,0.0,0.0
H6CA22190,C00902379,1920746,1923395,2025-10-23,2025-09-30,True,257771.76,0.0,0.0
H6CA22190,C00902379,1943031,1943031,2026-01-31,2025-12-31,True,347360.60,0.0,0.0
H6CA22190,C00902379,1963812,1963812,2026-04-15,2026-03-31,False,415751.21,0.0,0.0
H6CA22190,C00902379,1963812,1978580,2026-05-21,2026-03-31,True,415868.43,0.0,0.0
H6CA22190,C00902379,1978601,1978601,2026-05-21,2026-05-13,True,403092.66,0.0,0.0
H6CA22190,C00902379,1995697,1995697,2026-07-15,2026-06-30,True,746886.24,0.0,0.0
H6CA23230,C00899138,1885630,1885630,2025-04-13,2025-03-31,True,1698.00,0.0,0.0
H6CA23230,C00899138,1901258,1901258,2025-07-15,2025-06-30,False,1557.00,0.0,6090.4
H6CA23230,C00899138,1901258,1919229,2025-10-14,2025-06-30,True,1557.00,2320.0,3770.4
H6CA23230,C00899138,1921792,1921792,2025-10-15,2025-09-30,True,10540.10,540.0,0.0
H6CA23230,C00899138,1943893,1943893,2026-01-31,2025-12-31,True,4232.00,2450.0,0.0
H6CA23230,C00899138,1967465,1967465,2026-04-15,2026-03-31,True,28173.16,0.0,0.0
H6CA23230,C00899138,1978859,1978859,2026-05-22,2026-05-13,True,10560.00,0.0,0.0
H6CA23230,C00899138,1997029,1997029,2026-07-15,2026-06-30,True,13512.86,0.0,0.0
H6CA24113,C00308742,1887998,1895094,2025-06-10,2025-03-31,True,40629.43,0.0,0.0
H6CA24113,C00308742,1887998,1887998,2025-04-15,2025-03-31,False,40629.43,0.0,0.0
H6CA24113,C00308742,1903279,1903279,2025-07-15,2025-06-30,True,214386.00,0.0,0.0
H6CA24113,C00308742,1921487,1935704,2026-01-26,2025-09-30,True,207440.07,0.0,0.0
H6CA24113,C00308742,1921487,1921487,2025-10-15,2025-09-30,False,207440.07,0.0,0.0
H6CA24113,C00308742,1943801,1969840,2026-04-20,2025-12-31,True,218647.78,0.0,0.0
H6CA24113,C00308742,1943801,1943801,2026-01-31,2025-12-31,False,218647.78,0.0,0.0
H6CA24113,C00308742,1967333,1988620,2026-07-07,2026-03-31,True,235104.15,0.0,0.0
H6CA24113,C00308742,1967333,1967333,2026-04-15,2026-03-31,False,235104.15,0.0,0.0
H6CA24113,C00308742,1978709,1978709,2026-05-21,2026-05-13,True,300757.13,0.0,0.0
H6CA24113,C00308742,1997175,1997175,2026-07-15,2026-06-30,True,218488.00,0.0,0.0
H6CA24303,C00576041,1886882,1886882,2025-04-15,2025-03-31,False,522209.59,0.0,0.0
H6CA24303,C00576041,1886882,1890041,2025-04-23,2025-03-31,True,522209.59,0.0,0.0
H6CA24303,C00576041,1902061,1902061,2025-07-15,2025-06-30,True,128740.75,0.0,0.0
H6CA24303,C00576041,1920145,1989664,2026-07-09,2025-09-30,True,115994.94,0.0,0.0
H6CA24303,C00576041,1920145,1920145,2025-10-15,2025-09-30,False,115994.94,0.0,0.0
H6CA24303,C00576041,1920145,1920561,2025-10-15,2025-09-30,False,115994.94,0.0,0.0
H6CA24303,C00576041,1940366,1940366,2026-01-30,2025-12-31,True,72120.84,0.0,0.0
H6CA24303,C00576041,1964182,1984769,2026-06-18,2026-03-31,True,128652.21,0.0,0.0
H6CA24303,C00576041,1964182,1964182,2026-04-15,2026-03-31,False,128652.21,0.0,0.0
H6CA24303,C00576041,1978444,1984784,2026-06-18,2026-05-13,True,42154.89,0.0,0.0
H6CA24303,C00576041,1978444,1978444,2026-05-21,2026-05-13,False,42154.89,0.0,0.0
H6CA24303,C00576041,1995244,1995244,2026-07-15,2026-06-30,False,55197.22,0.0,0.0
H6CA24303,C00576041,1995244,2001400,2026-07-22,2026-06-30,True,55197.22,0.0,0.0
H6CA24345,C00898882,1883636,1883636,2025-04-02,2025-03-31,True,204.48,104.48,11000.0
H6CA24345,C00898882,1898485,1898485,2025-07-06,2025-06-30,False,10090.44,0.0,8000.0
H6CA24345,C00898882,1898485,1932185,2026-01-12,2025-06-30,True,10065.44,25.0,8000.0
H6CA24345,C00898882,1917322,1932189,2026-01-12,2025-09-30,True,22144.00,200.0,1000.0
H6CA24345,C00898882,1917322,1917322,2025-10-02,2025-09-30,False,22344.00,0.0,1000.0
H6CA24345,C00898882,1936615,1936615,2026-01-28,2025-12-31,True,32170.00,750.0,0.0
H6CA24345,C00898882,1963879,1963879,2026-04-15,2026-03-31,True,76987.00,1412.9,0.0
H6CA24345,C00898882,1978603,1978603,2026-05-21,2026-05-13,True,17959.00,0.0,0.0
H6CA24345,C00898882,1993960,1993960,2026-07-15,2026-06-30,True,10352.00,0.0,0.0
H6CA25219,C00901785,1902658,1902658,2025-07-15,2025-06-30,True,335128.95,0.0,0.0
H6CA25219,C00901785,1921153,1921153,2025-10-15,2025-09-30,True,191903.32,0.0,0.0
H6CA25219,C00901785,1942635,1942635,2026-01-31,2025-12-31,True,137337.87,0.0,0.0
H6CA25219,C00901785,1966170,1978573,2026-05-21,2026-03-31,True,121568.46,0.0,0.0
H6CA25219,C00901785,1966170,1966170,2026-04-15,2026-03-31,False,121568.46,0.0,0.0
H6CA25219,C00901785,1978591,1978591,2026-05-21,2026-05-13,True,43284.46,0.0,0.0
H6CA25219,C00901785,1996573,1996573,2026-07-15,2026-06-30,True,50805.07,0.0,0.0
H6CA26241,C00900613,1901994,1901994,2025-07-15,2025-06-30,True,52366.00,1450.0,52000.0
H6CA26241,C00900613,1920563,1934293,2026-01-21,2025-09-30,True,15477.00,52000.0,0.0
H6CA26241,C00900613,1920563,1920563,2025-10-15,2025-09-30,False,15477.00,52000.0,0.0
H6CA26241,C00900613,1944428,1958933,2026-04-08,2025-12-31,True,12747.00,1316.02,25000.0
H6CA26241,C00900613,1944428,1944428,2026-02-02,2025-12-31,False,12747.00,1316.02,25000.0
H6CA26241,C00900613,1965944,1965944,2026-04-15,2026-03-31,True,12014.00,0.0,10000.0
H6CA26241,C00900613,1978468,1978468,2026-05-21,2026-05-13,True,21183.08,0.0,65000.0
H6CA26241,C00900613,1995213,1995213,2026-07-15,2026-06-30,True,30770.41,754.43,25000.0
H6CA26266,C00933630,1967640,1967640,2026-04-15,2026-03-31,True,482053.49,0.0,0.0
H6CA26266,C00933630,1978832,1978832,2026-05-21,2026-05-13,True,122960.82,0.0,0.0
H6CA26266,C00933630,1997082,1997082,2026-07-15,2026-06-30,True,46818.00,0.0,0.0
H6CA27306,C00909887,1920449,1920449,2025-10-15,2025-09-30,True,203270.44,0.0,0.0
H6CA27306,C00909887,1940313,1940313,2026-01-30,2025-12-31,True,10485.00,0.0,0.0
H6CA27306,C00909887,1964155,1964155,2026-04-15,2026-03-31,True,120144.00,0.0,0.0
H6CA27306,C00909887,1978486,1978486,2026-05-21,2026-05-13,True,3001.00,0.0,0.0
H6CA27306,C00909887,1993812,1993812,2026-07-15,2026-06-30,True,29811.50,0.0,0.0
H6CA30250,C00937912,1959963,1962188,2026-04-14,2026-03-31,True,8320.00,0.0,25000.0
H6CA30250,C00937912,1959963,1961193,2026-04-13,2026-03-31,False,8320.00,0.0,25000.0
H6CA30250,C00937912,1959963,1959963,2026-04-10,2026-03-31,False,8320.00,0.0,25000.0
H6CA30250,C00937912,1976739,1976739,2026-05-20,2026-05-13,True,9549.00,0.0,15000.0
H6CA30250,C00937912,1989504,1989504,2026-07-09,2026-06-30,True,425.00,0.0,0.0
H6CA36208,C00925842,1981233,1981233,2026-06-04,2026-06-30,True,5139.13,0.0,0.0
H6CA38139,C00917542,1920939,1920939,2025-10-15,2025-09-30,False,95650.00,0.0,0.0
H6CA38139,C00917542,1920939,1971786,2026-04-30,2025-09-30,True,95650.00,0.0,0.0
H6CA38139,C00917542,1942989,1942989,2026-01-31,2025-12-31,False,267594.00,0.0,0.0
H6CA38139,C00917542,1942989,1972000,2026-05-01,2025-12-31,True,267594.00,0.0,0.0
H6CA38139,C00917542,1965321,1965321,2026-04-15,2026-03-31,True,235686.23,0.0,0.0
H6CA38139,C00917542,1978788,1978788,2026-05-21,2026-05-13,True,181175.94,0.0,0.0
H6CA38139,C00917542,1993990,1993990,2026-07-15,2026-06-30,True,78179.00,0.0,0.0
H6CA44103,C00577353,1885808,1885808,2025-04-14,2025-03-31,True,37827.31,0.0,0.0
H6CA44103,C00577353,1901423,1901423,2025-07-15,2025-06-30,True,12587.29,0.0,0.0
H6CA44103,C00577353,1920526,1920526,2025-10-15,2025-09-30,True,29417.13,0.0,0.0
H6CA44103,C00577353,1941875,1941875,2026-01-31,2025-12-31,True,30670.39,0.0,0.0
H6CA44103,C00577353,1963056,1963056,2026-04-15,2026-03-31,True,33719.02,0.0,0.0
H6CA44103,C00577353,1975785,1975785,2026-05-18,2026-05-13,True,2891.16,0.0,0.0
H6CA44103,C00577353,1992384,1992384,2026-07-14,2026-06-30,True,23656.32,0.0,0.0
H6CA44210,C00942029,1959591,1959591,2026-04-10,2026-03-31,False,7305.08,0.0,3000.0
H6CA44210,C00942029,1959591,1975631,2026-05-17,2026-03-31,True,7301.08,0.0,3000.0
H6CA44210,C00942029,1975634,1975634,2026-05-17,2026-05-13,True,2510.65,0.0,0.0
H6CA44210,C00942029,1990649,1990649,2026-07-12,2026-06-30,True,1086.24,0.0,0.0
H6CA45191,C00922427,1940451,1940451,2026-01-30,2025-12-31,True,91764.93,0.0,0.0
H6CA45191,C00922427,1964198,1964198,2026-04-15,2026-03-31,True,213129.39,0.0,0.0
H6CA45191,C00922427,1978675,1978675,2026-05-21,2026-05-13,True,84051.64,0.0,0.0
H6CA45191,C00922427,1994166,1994166,2026-07-15,2026-06-30,True,79816.88,0.0,0.0
H6CA46116,C00578302,1886505,1886505,2025-04-15,2025-03-31,True,68709.43,0.0,0.0
H6CA46116,C00578302,1901540,1901540,2025-07-15,2025-06-30,False,80504.72,0.0,0.0
H6CA46116,C00578302,1901540,1918153,2025-10-08,2025-06-30,True,80764.72,0.0,0.0
H6CA46116,C00578302,1918626,1918626,2025-10-11,2025-09-30,False,112169.08,0.0,0.0
H6CA46116,C00578302,1918626,1948120,2026-02-19,2025-09-30,True,112169.08,0.0,0.0
H6CA46116,C00578302,1934949,1934949,2026-01-23,2025-12-31,True,83448.45,0.0,0.0
H6CA46116,C00578302,1959803,1992465,2026-07-14,2026-03-31,True,13855.41,0.0,0.0
H6CA46116,C00578302,1959803,1959803,2026-04-10,2026-03-31,False,14110.41,0.0,0.0
H6CA46116,C00578302,1978034,1992474,2026-07-14,2026-05-13,True,13187.14,0.0,0.0
H6CA46116,C00578302,1978034,1978034,2026-05-20,2026-05-13,False,13177.14,0.0,0.0
H6CA46116,C00578302,1992551,1992551,2026-07-14,2026-06-30,True,45221.00,0.0,0.0
H6CA47114,C00940130,1964526,1964526,2026-04-15,2026-03-31,True,56740.50,500.0,150000.0
H6CA47114,C00940130,1978731,1978731,2026-05-21,2026-05-13,True,61843.09,0.0,0.0
H6CA47114,C00940130,1994524,1994524,2026-07-15,2026-06-30,True,106013.83,0.0,0.0
H6CA48310,C00918391,1921228,1942214,2026-01-31,2025-09-30,True,216553.63,100.0,0.0
H6CA48310,C00918391,1921228,1921228,2025-10-15,2025-09-30,False,216653.63,0.0,0.0
H6CA48310,C00918391,1942244,1966973,2026-04-15,2025-12-31,True,261208.93,1875.0,0.0
H6CA48310,C00918391,1942244,1942244,2026-01-31,2025-12-31,False,261208.93,1875.0,0.0
H6CA48310,C00918391,1966974,1966974,2026-04-15,2026-03-31,True,412432.10,0.0,0.0
H6CA48310,C00918391,1978708,1978708,2026-05-21,2026-05-13,True,182563.00,0.0,0.0
H6CA48310,C00918391,1997126,1997126,2026-07-15,2026-06-30,True,611788.05,0.0,0.0
H6CA49128,C00895722,1887064,1887064,2025-04-15,2025-03-31,True,420856.18,0.0,0.0
H6CA49128,C00895722,1902131,1902131,2025-07-15,2025-06-30,False,388623.80,0.0,0.0
H6CA49128,C00895722,1902131,1918362,2025-10-09,2025-06-30,True,388623.80,0.0,0.0
H6CA49128,C00895722,1920506,1920506,2025-10-15,2025-09-30,True,293315.73,0.0,0.0
H6CA49128,C00895722,1940126,1940126,2026-01-30,2025-12-31,True,252122.51,0.0,0.0
H6CA49128,C00895722,1964189,1964189,2026-04-15,2026-03-31,True,266374.11,0.0,0.0
H6CA49128,C00895722,1978721,1978721,2026-05-21,2026-05-13,True,223629.34,0.0,0.0
H6CA49128,C00895722,1995238,1995238,2026-07-15,2026-06-30,True,179436.71,0.0,0.0
H6CA49169,C00942680,1966891,1997357,2026-07-15,2026-03-31,True,1205.47,0.0,10244.16
H6CA49169,C00942680,1966891,1966891,2026-04-15,2026-03-31,False,1205.47,0.0,0.0
H6CA49169,C00942680,1978848,1978848,2026-05-21,2026-05-13,False,17390.51,0.0,2000.0
H6CA49169,C00942680,1978848,1997432,2026-07-15,2026-05-13,True,17390.51,0.0,3369.0
H6CA49169,C00942680,1997446,1997446,2026-07-15,2026-06-30,True,23421.19,0.0,0.0
H6CA52163,C00943225,1962690,1962690,2026-04-14,2026-03-31,True,275.00,0.0,0.0
H6CA52163,C00943225,1978839,1978839,2026-05-21,2026-05-13,True,13322.47,0.0,0.0
H6CA52163,C00943225,1995203,1995203,2026-07-15,2026-06-30,True,4900.63,0.0,0.0
H6CO01273,C00909481,1920607,1920607,2025-10-15,2025-09-30,True,122384.65,2050.0,1100.0
H6CO01273,C00909481,1942561,1942561,2026-01-31,2025-12-31,True,77524.94,0.0,0.0
H6CO01273,C00909481,1966248,1984841,2026-06-18,2026-03-31,True,168142.26,1803.08,0.0
H6CO01273,C00909481,1966248,1966248,2026-04-15,2026-03-31,False,168062.32,1803.08,0.0
H6CO01273,C00909481,1984913,1984913,2026-06-18,2026-06-10,False,270613.89,0.0,0.0
H6CO01273,C00909481,1984913,1996325,2026-07-15,2026-06-10,True,270613.89,0.0,0.0
H6CO01273,C00909481,1996448,1996448,2026-07-15,2026-06-30,True,403570.93,0.0,0.0
H6CO01331,C00946152,1961308,1961308,2026-04-13,2026-03-31,True,0.00,0.0,0.0
H6CO01331,C00946152,1999083,1999083,2026-07-17,2026-06-10,True,1338.41,0.0,0.0
H6CO01331,C00946152,1999084,1999084,2026-07-17,2026-06-30,True,568.54,0.0,0.0
H6CO03253,C00941526,1966752,2007025,2026-08-17,2026-03-31,True,215652.26,0.0,280000.0
H6CO03253,C00941526,1966752,1966752,2026-04-15,2026-03-31,False,215652.26,0.0,280000.0
H6CO03253,C00941526,1985163,1985163,2026-06-18,2026-06-10,False,111039.60,0.0,70000.0
H6CO03253,C00941526,1985163,2007026,2026-08-17,2026-06-10,True,111339.60,0.0,70000.0
H6CO03253,C00941526,1997789,1997789,2026-07-15,2026-06-30,True,27454.82,0.0,0.0
H6CO04202,C00904284,1902917,1902917,2025-07-15,2025-06-30,True,1924693.49,0.0,0.0
H6CO04202,C00904284,1921218,1921218,2025-10-15,2025-09-30,True,2471772.93,0.0,0.0
H6CO04202,C00904284,1943338,1943338,2026-01-31,2025-12-31,True,2042773.07,0.0,0.0
H6CO04202,C00904284,1966830,1966830,2026-04-15,2026-03-31,True,2129097.72,0.0,0.0
H6CO04202,C00904284,1984967,1984967,2026-06-18,2026-06-10,True,1365887.92,0.0,0.0
H6CO04202,C00904284,1997390,1997390,2026-07-15,2026-06-30,True,392790.42,0.0,0.0
H6CO05142,C00865592,1887562,1887562,2025-04-15,2025-03-31,True,145718.90,0.0,0.0
H6CO05142,C00865592,1902652,1914571,2025-09-11,2025-06-30,True,120099.31,0.0,0.0
H6CO05142,C00865592,1902652,1902652,2025-07-15,2025-06-30,False,120099.31,0.0,0.0
H6CO05142,C00865592,1921225,1921225,2025-10-15,2025-09-30,True,252318.80,0.0,0.0
H6CO05142,C00865592,1940704,1940704,2026-01-30,2025-12-31,True,144534.68,0.0,0.0
H6CO05142,C00865592,1965690,1978610,2026-05-21,2026-03-31,True,95400.59,0.0,0.0
H6CO05142,C00865592,1965690,1965690,2026-04-15,2026-03-31,False,95400.59,0.0,0.0
H6CO05142,C00865592,1984881,1984881,2026-06-18,2026-06-10,True,109862.84,0.0,0.0
H6CO05142,C00865592,1997335,1997335,2026-07-15,2026-06-30,True,25099.22,0.0,0.0
H6CO05324,C00911941,1921354,1921354,2025-10-15,2025-09-30,True,1028222.08,433.0,0.0
H6CO05324,C00911941,1943333,1943333,2026-01-31,2025-12-31,True,330946.24,257000.0,0.0
H6CO05324,C00911941,1966370,1966370,2026-04-15,2026-03-31,True,382229.20,250000.0,0.0
H6CO05324,C00911941,1985019,1997265,2026-07-15,2026-06-10,True,306656.06,0.0,0.0
H6CO05324,C00911941,1985019,1986702,2026-06-26,2026-06-10,False,306656.06,0.0,0.0
H6CO05324,C00911941,1985019,1985019,2026-06-18,2026-06-10,False,306656.06,0.0,0.0
H6CO05324,C00911941,1997301,1997301,2026-07-15,2026-06-30,True,173026.68,125000.0,0.0
H6CO07122,C00935726,1960992,1960992,2026-04-13,2026-03-31,True,6790.00,0.0,29800.0
H6CO07122,C00935726,1984308,1984308,2026-06-18,2026-06-10,True,8531.53,0.0,0.0
H6CO07122,C00935726,1991995,1991995,2026-07-14,2026-06-30,True,9843.87,0.0,0.0
H6CO08013,C00896670,1886793,1886793,2025-04-15,2025-03-31,True,1185054.07,0.0,0.0
H6CO08013,C00896670,1903273,1903273,2025-07-15,2025-06-30,True,416070.86,0.0,0.0
H6CO08013,C00896670,1921489,1921489,2025-10-15,2025-09-30,True,486331.11,0.0,0.0
H6CO08013,C00896670,1943158,1943158,2026-01-31,2025-12-31,True,407164.08,0.0,0.0
H6CO08013,C00896670,1966670,1966670,2026-04-15,2026-03-31,True,934567.55,0.0,0.0
H6CO08013,C00896670,1985081,1985081,2026-06-18,2026-06-10,True,608646.97,0.0,0.0
H6CO08013,C00896670,1996970,1996970,2026-07-15,2026-06-30,True,182583.86,0.0,0.0
H6CT01206,C00913897,1920867,1920867,2025-10-15,2025-09-30,True,1192798.72,0.0,0.0
H6CT01206,C00913897,1942176,1942176,2026-01-31,2025-12-31,True,544763.81,0.0,0.0
H6CT01206,C00913897,1966946,1966946,2026-04-15,2026-03-31,True,500962.92,0.0,0.0
H6CT01206,C00913897,1971722,1971722,2026-04-29,2026-04-21,True,54382.00,0.0,0.0
H6CT01206,C00913897,1997264,1997264,2026-07-15,2026-06-30,True,593770.54,0.0,0.0
H6CT02196,C00914481,1917578,1917578,2025-10-05,2025-09-30,True,2295.00,0.0,25000.0
H6CT02196,C00914481,1930583,1930583,2026-01-03,2025-12-31,True,5990.00,0.0,10000.0
H6CT02196,C00914481,1957740,1957740,2026-04-04,2026-03-31,True,11242.00,0.0,5000.0
H6CT02196,C00914481,1971754,1971754,2026-04-29,2026-04-25,True,3435.00,0.0,200000.0
H6CT02196,C00914481,1987754,1987754,2026-07-02,2026-06-30,True,12435.00,0.0,0.0
H6CT03178,C00905125,1941942,1941942,2026-01-31,2025-12-31,True,9089.55,1000.0,0.0
H6CT03178,C00905125,1970523,1970523,2026-04-21,2026-03-31,True,660.00,0.0,0.0
H6CT03178,C00905125,1972664,1972664,2026-05-05,2026-04-25,True,25.00,0.0,0.0
H6CT03178,C00905125,1991003,1991003,2026-07-13,2026-06-30,True,3874.00,0.0,0.0
H6CT04143,C00935031,1967250,1967250,2026-04-15,2026-03-31,True,6424.60,0.0,0.0
H6CT04143,C00935031,1972382,1972382,2026-05-03,2026-04-25,True,3760.25,0.0,25000.0
H6CT04143,C00935031,1996928,1996928,2026-07-15,2026-06-30,True,6927.58,0.0,0.0
H6CT05231,C00935692,1963086,1963086,2026-04-15,2026-03-31,False,161375.76,0.0,0.0
H6CT05231,C00935692,1963086,1990415,2026-07-11,2026-03-31,True,161275.76,100.0,0.0
H6CT05231,C00935692,1972331,1972331,2026-05-03,2026-04-25,False,26884.36,0.0,0.0
H6CT05231,C00935692,1972331,1990416,2026-07-11,2026-04-25,True,26884.36,0.0,0.0
H6CT05231,C00935692,1994551,2000867,2026-07-20,2026-06-30,False,67290.38,500.0,0.0
H6CT05231,C00935692,1994551,1994551,2026-07-15,2026-06-30,False,67290.38,500.0,0.0
H6CT05231,C00935692,1994551,2012796,2026-09-17,2026-06-30,True,67290.38,500.0,0.0
H6FL01390,C00893594,1863922,1863922,2025-01-16,2025-01-08,False,866863.80,0.0,12000.0
H6FL01390,C00893594,1863922,1879058,2025-03-03,2025-01-08,True,866863.80,0.0,12000.0
H6FL01390,C00893594,1882040,1890606,2025-04-30,2025-03-12,True,1041245.71,0.0,0.0
H6FL01390,C00893594,1882040,1882040,2025-03-20,2025-03-12,False,1041245.71,0.0,0.0
H6FL01390,C00893594,1887578,1891036,2025-05-05,2025-03-31,True,277495.40,0.0,0.0
H6FL01390,C00893594,1887578,1887578,2025-04-15,2025-03-31,False,277470.40,0.0,0.0
H6FL01390,C00893594,1890711,1891037,2025-05-05,2025-04-21,True,26882.58,0.0,0.0
H6FL01390,C00893594,1890711,1890711,2025-05-01,2025-04-21,False,26882.58,0.0,0.0
H6FL01390,C00893594,1902559,1902559,2025-07-15,2025-06-30,True,78363.71,0.0,0.0
H6FL01390,C00893594,1920932,1920932,2025-10-15,2025-09-30,True,151481.65,0.0,0.0
H6FL01390,C00893594,1938385,1938385,2026-01-30,2025-12-31,True,68162.06,0.0,0.0
H6FL01390,C00893594,1963155,1963155,2026-04-15,2026-03-31,True,61668.38,0.0,0.0
H6FL01390,C00893594,1993226,1993226,2026-07-15,2026-06-30,True,355084.03,0.0,0.0
H6FL02299,C00914333,1920025,1920025,2025-10-15,2025-09-30,True,41852.00,0.0,0.0
H6FL02299,C00914333,1943416,1943416,2026-01-31,2025-12-31,True,60630.94,0.0,0.0
H6FL02299,C00914333,1966953,1966953,2026-04-15,2026-03-31,True,99495.45,142.19,0.0
H6FL02299,C00914333,1996979,1996979,2026-07-15,2026-06-30,False,103705.52,1083.29,0.0
H6FL02299,C00914333,1996979,2003766,2026-08-03,2026-06-30,True,105065.55,1083.29,0.0
H6FL02331,C00936963,1965019,1965019,2026-04-15,2026-03-31,True,370840.27,0.0,350000.0
H6FL02331,C00936963,1995560,1995560,2026-07-15,2026-06-30,True,208014.72,0.0,25000.0
H6FL03099,C00903013,1921738,1921738,2025-10-15,2025-06-30,True,2538.76,420.0,0.0
H6FL03099,C00903013,1921739,1933849,2026-01-20,2025-09-30,True,4319.00,0.0,0.0
H6FL03099,C00903013,1921739,1921739,2025-10-15,2025-09-30,False,4219.00,0.0,0.0
H6FL03099,C00903013,1933854,1933854,2026-01-20,2025-12-31,True,3969.66,0.0,735.0
H6FL03099,C00903013,1963073,1963073,2026-04-15,2026-03-31,True,10167.21,0.0,0.0
H6FL03099,C00903013,1995018,1995018,2026-07-15,2026-06-30,True,9770.36,0.0,0.0
H6FL04105,C00615294,1885249,1885249,2025-04-11,2025-03-31,True,34759.44,0.0,0.0
H6FL04105,C00615294,1902452,1902452,2025-07-15,2025-06-30,True,23751.00,0.0,0.0
H6FL04105,C00615294,1918300,1918300,2025-10-09,2025-09-30,True,56827.99,0.0,0.0
H6FL04105,C00615294,1940766,1940766,2026-01-30,2025-12-31,True,10274.25,0.0,0.0
H6FL04105,C00615294,1965286,1965286,2026-04-15,2026-03-31,True,64862.00,0.0,0.0
H6FL04105,C00615294,1992374,1992374,2026-07-14,2026-06-30,True,64473.59,0.0,0.0
H6FL05193,C00805184,2001281,2001281,2026-07-22,2025-03-31,True,0.00,0.0,0.0
H6FL05193,C00805184,2001284,2001284,2026-07-22,2025-06-30,True,0.00,0.0,0.0
H6FL05193,C00805184,2001285,2001285,2026-07-22,2025-09-30,True,0.00,0.0,0.0
H6FL05193,C00805184,2001286,2001286,2026-07-22,2025-12-31,True,500.00,0.0,0.0
H6FL05193,C00805184,1999312,2001289,2026-07-22,2026-03-31,True,7936.52,0.0,0.0
H6FL05193,C00805184,1999312,1999312,2026-07-19,2026-03-31,False,5271.52,0.0,0.0
H6FL05193,C00805184,1999130,1999130,2026-07-17,2026-06-30,False,11959.18,0.0,0.0
H6FL05193,C00805184,1999130,2001290,2026-07-22,2026-06-30,True,11959.18,0.0,0.0
H6FL05250,C00923540,1940670,1940670,2026-01-30,2025-12-31,True,88019.13,1006.0,0.0
H6FL05250,C00923540,1967702,1996761,2026-07-15,2026-03-31,True,71755.94,185.0,0.0
H6FL05250,C00923540,1967702,1967702,2026-04-15,2026-03-31,False,71275.94,185.0,0.0
H6FL05250,C00923540,1997606,1997606,2026-07-15,2026-06-30,True,87011.82,0.0,0.0
H6FL06258,C00893271,1863899,1879113,2025-03-03,2025-01-08,True,355612.03,0.0,0.0
H6FL06258,C00893271,1863899,1863899,2025-01-16,2025-01-08,False,355612.03,0.0,0.0
H6FL06258,C00893271,1882052,1882052,2025-03-20,2025-03-12,True,407246.03,0.0,0.0
H6FL06258,C00893271,1887581,1887581,2025-04-15,2025-03-31,True,817955.24,0.0,600000.0
H6FL06258,C00893271,1890769,1890769,2025-05-01,2025-04-21,True,55914.57,0.0,0.0
H6FL06258,C00893271,1902805,1902805,2025-07-15,2025-06-30,True,41534.70,0.0,350000.0
H6FL06258,C00893271,1921292,1921292,2025-10-15,2025-09-30,True,123346.46,0.0,0.0
H6FL06258,C00893271,1941017,1941017,2026-01-30,2025-12-31,True,247369.10,0.0,0.0
H6FL06258,C00893271,1964434,1964434,2026-04-15,2026-03-31,True,101126.24,0.0,0.0
H6FL06258,C00893271,1996032,1996032,2026-07-15,2026-06-30,True,289765.32,0.0,0.0
H6FL06340,C00913434,1933346,1933346,2026-01-16,2025-12-31,True,2628.00,0.0,100.0
H6FL06340,C00913434,1961360,1961360,2026-04-14,2026-03-31,False,129996.47,0.0,0.0
H6FL06340,C00913434,1961360,2004768,2026-08-06,2026-03-31,True,130249.95,1964.56,0.0
H6FL06340,C00913434,1993524,1993524,2026-07-15,2026-06-30,True,152272.45,0.0,0.0
H6FL06399,C00918474,1919394,1919394,2025-10-14,2025-09-30,True,171028.66,0.0,0.0
H6FL06399,C00918474,1943189,1943189,2026-01-31,2025-12-31,True,176429.08,0.0,0.0
H6FL06399,C00918474,1965252,1965252,2026-04-15,2026-03-31,True,210809.72,0.0,0.0
H6FL06399,C00918474,1995549,1995549,2026-07-15,2026-06-30,True,116271.42,0.0,0.0
H6FL07215,C00926949,1943042,1943042,2026-01-31,2025-12-31,True,340150.14,0.0,0.0
H6FL07215,C00926949,1967118,1967118,2026-04-15,2026-03-31,True,320030.86,0.0,0.0
H6FL07215,C00926949,1997792,1997792,2026-07-15,2026-06-30,True,384551.33,0.0,0.0
H6FL07231,C00948661,1994152,1994152,2026-07-15,2026-06-30,True,167561.75,100.0,134000.0
H6FL09070,C00408534,1886486,1886486,2025-04-15,2025-03-31,True,109385.42,0.0,0.0
H6FL09070,C00408534,1900526,1900526,2025-07-14,2025-06-30,True,47833.79,0.0,0.0
H6FL09070,C00408534,1919740,1919740,2025-10-15,2025-09-30,True,74276.03,0.0,0.0
H6FL09070,C00408534,1938814,1938814,2026-01-30,2025-12-31,True,40935.64,0.0,0.0
H6FL09070,C00408534,1963275,1963275,2026-04-15,2026-03-31,True,107629.66,0.0,0.0
H6FL09070,C00408534,1994212,1994212,2026-07-15,2026-06-30,True,229346.25,0.0,0.0
H6FL09179,C00581074,1886892,1886892,2025-04-15,2025-03-31,True,17549.33,0.0,0.0
H6FL09179,C00581074,1901987,1901987,2025-07-15,2025-06-30,True,9400.00,0.0,0.0
H6FL09179,C00581074,1921031,1921031,2025-10-15,2025-09-30,True,80689.99,0.0,0.0
H6FL09179,C00581074,1940610,1950316,2026-02-24,2025-12-31,True,154065.45,0.0,0.0
H6FL09179,C00581074,1940610,1940610,2026-01-30,2025-12-31,False,154565.45,0.0,0.0
H6FL09179,C00581074,1964620,1964620,2026-04-15,2026-03-31,False,91641.15,0.0,0.0
H6FL09179,C00581074,1964620,1994664,2026-07-15,2026-03-31,True,91641.15,0.0,0.0
H6FL09179,C00581074,1994852,1994852,2026-07-15,2026-06-30,True,310239.74,0.0,0.0
H6FL09294,C00952531,1995521,1995521,2026-07-15,2026-06-30,True,79100.00,0.0,1040000.0
H6FL11126,C00410761,1887869,1887869,2025-04-15,2025-03-31,True,65687.94,0.0,0.0
H6FL11126,C00410761,1900638,1900638,2025-07-14,2025-06-30,True,94833.83,0.0,0.0
H6FL11126,C00410761,1920163,1920163,2025-10-15,2025-09-30,True,82635.89,0.0,0.0
H6FL11126,C00410761,1944348,1944348,2026-02-02,2025-12-31,True,99918.15,0.0,0.0
H6FL11126,C00410761,1965077,1965077,2026-04-15,2026-03-31,True,97757.38,0.0,0.0
H6FL11126,C00410761,1996228,1996228,2026-07-15,2026-06-30,True,707096.18,0.0,0.0
H6FL11332,C00952713,1996269,1998206,2026-07-16,2026-06-30,True,134560.00,0.0,5000000.0
H6FL11332,C00952713,1996269,1996269,2026-07-15,2026-06-30,False,134560.00,0.0,5000000.0
H6FL11357,C00952937,1990831,1990831,2026-07-13,2026-06-30,True,51459.00,0.0,64965.0
H6FL13312,C00937441,1964729,1964729,2026-04-15,2026-03-31,True,534999.77,0.0,7000.0
H6FL13312,C00937441,1995538,1995538,2026-07-15,2026-06-30,True,489279.31,0.0,0.0
H6FL14203,C00949099,1992480,1992480,2026-07-14,2026-06-30,True,7250.00,0.0,306068.33
H6FL14237,C00950832,1995602,1995602,2026-07-15,2026-06-30,True,79184.06,0.0,2014000.0
H6FL15168,C00897447,1887924,1887924,2025-04-15,2025-03-31,True,4159.19,1000.0,0.0
H6FL15168,C00897447,1902926,1902926,2025-07-15,2025-06-30,True,1908.00,1500.0,0.0
H6FL15168,C00897447,1920067,1920067,2025-10-15,2025-09-30,True,3861.43,250.0,0.0
H6FL15168,C00897447,1942639,1942639,2026-01-31,2025-12-31,True,3644.74,1530.0,0.0
H6FL15168,C00897447,1967215,1967215,2026-04-15,2026-03-31,True,2103.93,2351.61,0.0
H6FL15168,C00897447,1997704,1997704,2026-07-15,2026-06-30,True,2597.00,0.0,10440.0
H6FL15200,C00914317,1918923,1918923,2025-10-13,2025-09-30,False,35405.00,5087.32,0.0
H6FL15200,C00914317,1918923,1919469,2025-10-14,2025-09-30,True,35755.00,0.0,0.0
H6FL15200,C00914317,1934279,1934279,2026-01-21,2025-12-31,True,31208.04,0.0,9000.0
H6FL15200,C00914317,1960790,1960790,2026-04-13,2026-03-31,True,46458.48,1.04,5000.0
H6FL15200,C00914317,1990878,1990878,2026-07-13,2026-06-30,True,52232.11,0.0,0.0
H6FL16141,C00945915,1996556,1996556,2026-07-15,2026-06-30,True,867568.17,7000.0,0.0
H6FL16158,C00949073,1991820,1991820,2026-07-14,2026-06-30,False,223279.77,0.0,0.0
H6FL16158,C00949073,1991820,2003921,2026-08-04,2026-06-30,True,222777.77,502.0,0.0
H6FL18097,C00632257,1884073,1884073,2025-04-04,2025-03-31,True,328578.52,0.0,0.0
H6FL18097,C00632257,1900920,1900920,2025-07-14,2025-06-30,True,539277.92,0.0,0.0
H6FL18097,C00632257,1920222,1920222,2025-10-15,2025-09-30,True,470621.05,0.0,0.0
H6FL18097,C00632257,1932456,1932456,2026-01-13,2025-12-31,True,476079.27,0.0,0.0
H6FL18097,C00632257,1959155,1959155,2026-04-09,2026-03-31,True,534061.00,0.0,0.0
H6FL18097,C00632257,1989550,1989550,2026-07-09,2026-06-30,True,646413.21,0.0,0.0
H6FL18212,C00932376,1986347,1986347,2026-06-23,2026-03-31,True,305.00,147.9,0.0
H6FL18212,C00932376,2002211,2002211,2026-07-27,2026-06-30,True,2155.33,9600.0,0.0
H6FL19137,C00901967,1902672,1902672,2025-07-15,2025-06-30,False,209137.90,0.0,1000000.0
H6FL19137,C00901967,1902672,1910469,2025-08-07,2025-06-30,True,209137.90,0.0,1000000.0
H6FL19137,C00901967,1920199,1920199,2025-10-15,2025-09-30,False,67162.39,0.0,0.0
H6FL19137,C00901967,1920199,1950435,2026-02-25,2025-09-30,True,67162.39,0.0,0.0
H6FL19137,C00901967,1938344,1938344,2026-01-30,2025-12-31,True,164806.83,0.0,0.0
H6FL19137,C00901967,1965431,1965431,2026-04-15,2026-03-31,True,278789.00,0.0,0.0
H6FL19137,C00901967,1995995,2009508,2026-08-24,2026-06-30,True,212097.40,0.0,0.0
H6FL19137,C00901967,1995995,1995995,2026-07-15,2026-06-30,False,212097.40,0.0,0.0
H6FL19277,C00934174,1958423,1958423,2026-04-07,2026-03-31,True,2313.19,500.0,20000.0
H6FL19277,C00934174,1989199,1989199,2026-07-09,2026-06-30,True,2984.96,0.0,0.0
H6FL20143,C00950675,1995724,1995724,2026-07-15,2026-06-30,True,62126.49,0.0,0.0
H6FL21059,C00906883,1902278,1902278,2025-07-15,2025-06-30,False,355255.50,0.0,47000.0
H6FL21059,C00906883,1902278,1907231,2025-07-30,2025-06-30,True,355255.50,0.0,47000.0
H6FL21059,C00906883,1919241,1919241,2025-10-14,2025-09-30,True,327928.00,0.0,50000.0
H6FL21059,C00906883,1943151,1943151,2026-01-31,2025-12-31,True,328786.64,0.0,50000.0
H6FL21059,C00906883,1966514,1966514,2026-04-15,2026-03-31,True,352147.10,0.0,50000.0
H6FL21059,C00906883,1995427,1995427,2026-07-15,2026-06-30,True,450484.44,0.0,50000.0
H6FL21075,C00921601,1942546,1942546,2026-01-31,2025-12-31,True,170834.19,1.0,50000.0
H6FL21075,C00921601,1963934,1963934,2026-04-15,2026-03-31,True,84819.97,0.0,0.0
H6FL21075,C00921601,1994461,1994461,2026-07-15,2026-06-30,True,163478.03,0.0,100000.0
H6FL22248,C00952663,1996734,1996734,2026-07-15,2026-06-30,True,1510.00,0.0,2500000.0
H6FL23188,C00932574,1959844,1981489,2026-06-05,2026-03-31,True,914352.77,0.0,424010.0
H6FL23188,C00932574,1959844,1959844,2026-04-10,2026-03-31,False,914352.77,0.0,424010.0
H6FL23188,C00932574,1993338,1993338,2026-07-15,2026-06-30,True,472593.13,0.0,150000.0
H6FL24095,C00952598,1996034,2004618,2026-08-06,2026-06-30,True,519317.80,0.0,0.0
H6FL24095,C00952598,1996034,1996034,2026-07-15,2026-06-30,False,519317.80,0.0,0.0
H6FL26058,C00938530,1961983,1961983,2026-04-14,2026-03-31,True,4815.72,382.38,100000.0
H6FL26058,C00938530,1991694,1991694,2026-07-14,2026-06-30,True,48745.93,536.0,150000.0
H6FL27098,C00942581,1964217,1964217,2026-04-15,2026-03-31,True,305002.51,7000.0,0.0
H6FL27098,C00942581,1997142,1997142,2026-07-15,2026-06-30,True,304730.85,0.0,0.0
H6GA01109,C00908624,1899651,1899651,2025-07-10,2025-06-30,True,856205.00,0.0,0.0
H6GA01109,C00908624,1919683,1919683,2025-10-15,2025-09-30,True,403077.50,0.0,0.0
H6GA01109,C00908624,1936446,1936446,2026-01-28,2025-12-31,True,214447.75,0.0,0.0
H6GA01109,C00908624,1963080,1963080,2026-04-15,2026-03-31,True,165245.25,0.0,0.0
H6GA01109,C00908624,1973432,1973432,2026-05-07,2026-04-29,True,42180.00,0.0,0.0
H6GA01109,C00908624,1995185,2010170,2026-08-29,2026-06-30,True,60922.89,0.0,0.0
H6GA01109,C00908624,1995185,1995185,2026-07-15,2026-06-30,False,60922.89,0.0,0.0
H6GA01158,C00914465,1956307,1956307,2026-03-26,2025-09-30,True,15270.00,0.0,2881.0
H6GA01158,C00914465,1956318,1956318,2026-03-26,2025-12-31,False,8583.00,0.0,0.0
H6GA01158,C00914465,1956318,1956752,2026-03-31,2025-12-31,True,11538.00,0.0,0.0
H6GA01158,C00914465,1963293,1963293,2026-04-15,2026-03-31,True,28427.96,0.0,8220.0
H6GA01158,C00914465,1972569,1972569,2026-05-04,2026-04-29,True,18035.00,0.0,6411.39
H6GA01158,C00914465,1980694,1993145,2026-07-15,2026-05-27,True,28653.00,0.0,15000.0
H6GA01158,C00914465,1980694,1980694,2026-06-01,2026-05-27,False,28653.00,0.0,15000.0
H6GA01158,C00914465,1993172,1993172,2026-07-15,2026-06-30,True,27063.51,0.0,0.0
H6GA01182,C00917450,1919916,1919916,2025-10-15,2025-09-30,True,3000.00,0.0,50000.0
H6GA01182,C00917450,1933712,1933712,2026-01-19,2025-12-31,True,7762.50,19089.72,0.0
H6GA01182,C00917450,1957859,1957859,2026-04-04,2026-03-31,True,0.00,6490.0,0.0
H6GA01182,C00917450,1972928,2010817,2026-09-04,2026-04-29,True,0.00,63629.47,0.0
H6GA01182,C00917450,1972928,1972928,2026-05-06,2026-04-29,False,0.00,0.0,0.0
H6GA01182,C00917450,1990466,1990466,2026-07-11,2026-06-30,True,0.00,43079.12,0.0
H6GA04129,C00418293,1886894,1886894,2025-04-15,2025-03-31,True,6148.52,0.0,0.0
H6GA04129,C00418293,1902102,1914852,2025-09-15,2025-06-30,True,15839.18,0.0,0.0
H6GA04129,C00418293,1902102,1902102,2025-07-15,2025-06-30,False,15839.18,0.0,0.0
H6GA04129,C00418293,1920649,1920649,2025-10-15,2025-09-30,True,6572.20,0.0,0.0
H6GA04129,C00418293,1940776,1940776,2026-01-30,2025-12-31,True,4105.20,0.0,0.0
H6GA04129,C00418293,1963679,1963679,2026-04-15,2026-03-31,True,4307.20,0.0,0.0
H6GA04129,C00418293,1973395,1973395,2026-05-07,2026-04-29,True,25131.00,0.0,0.0
H6GA04129,C00418293,1994206,1994206,2026-07-15,2026-06-30,True,15599.20,0.0,0.0
H6GA06181,C00944496,1958692,1967304,2026-04-15,2026-03-31,True,0.00,0.0,10320.0
H6GA06181,C00944496,1958692,1958692,2026-04-07,2026-03-31,False,0.00,10320.0,10320.0
H6GA07221,C00942185,1960176,2004560,2026-08-06,2026-03-31,True,20961.00,0.0,316702.32
H6GA07221,C00942185,1960176,1960176,2026-04-11,2026-03-31,False,20961.00,0.0,316702.32
H6GA07221,C00942185,1973173,2004613,2026-08-06,2026-04-29,True,13636.00,0.0,0.0
H6GA07221,C00942185,1973173,2004566,2026-08-06,2026-04-29,False,13636.00,0.0,0.0
H6GA07221,C00942185,1973173,1973173,2026-05-07,2026-04-29,False,13636.00,0.0,0.0
H6GA07221,C00942185,1981454,1981454,2026-06-04,2026-05-27,False,19444.00,0.0,0.0
H6GA07221,C00942185,1981454,2004773,2026-08-06,2026-05-27,False,14444.00,0.0,0.0
H6GA07221,C00942185,1981454,2004907,2026-08-07,2026-05-27,True,9444.00,0.0,0.0
H6GA07221,C00942185,1992794,1992794,2026-07-14,2026-06-30,False,22088.00,0.0,0.0
H6GA07221,C00942185,1992794,2004778,2026-08-06,2026-06-30,True,22088.00,0.0,0.0
H6GA08138,C00912584,1968098,1968098,2026-04-16,2026-03-31,True,17655.00,0.0,0.0
H6GA08138,C00912584,1997649,1997649,2026-07-15,2026-06-30,True,687.58,1000.0,0.0
H6GA09284,C00937847,1965186,1965186,2026-04-15,2026-03-31,True,11456.93,4181.0,0.0
H6GA09284,C00937847,1973232,1973232,2026-05-07,2026-04-29,True,3025.00,2000.0,0.0
H6GA09284,C00937847,1992074,1992074,2026-07-14,2026-06-30,True,20724.49,0.0,0.0
H6GA10175,C00914168,1920403,1923656,2025-10-28,2025-09-30,True,1285151.32,0.0,0.0
H6GA10175,C00914168,1920403,1920403,2025-10-15,2025-09-30,False,1285151.32,0.0,0.0
H6GA10175,C00914168,1935314,1935314,2026-01-26,2025-12-31,True,191739.48,0.0,0.0
H6GA10175,C00914168,1964776,1964776,2026-04-15,2026-03-31,True,226511.87,0.0,0.0
H6GA10175,C00914168,1973331,1973331,2026-05-07,2026-04-29,True,241659.12,0.0,0.0
H6GA10175,C00914168,1994124,1994124,2026-07-15,2026-06-30,True,106110.21,0.0,0.0
H6GA10183,C00933283,1960601,1960601,2026-04-13,2026-03-31,True,5375.00,0.0,3000.0
H6GA10183,C00933283,1973704,1973704,2026-05-08,2026-04-29,True,4500.00,500.0,0.0
H6GA10183,C00933283,1991720,1991720,2026-07-14,2026-06-30,True,5605.00,0.0,4100.0
H6GA11116,C00923573,1944353,1944353,2026-02-02,2025-12-31,True,13886.00,0.0,17.0
H6GA11116,C00923573,1967090,2005331,2026-08-10,2026-03-31,True,35732.47,0.0,0.0
H6GA11116,C00923573,1967090,1973495,2026-05-07,2026-03-31,False,35732.47,0.0,0.0
H6GA11116,C00923573,1967090,1967090,2026-04-15,2026-03-31,False,35732.47,0.0,0.0
H6GA11116,C00923573,1973481,1973481,2026-05-07,2026-04-29,False,4040.12,0.0,0.0
H6GA11116,C00923573,1973481,2005332,2026-08-10,2026-04-29,True,4040.12,0.0,0.0
H6GA11116,C00923573,1973481,1973496,2026-05-07,2026-04-29,False,4040.12,0.0,0.0
H6GA11116,C00923573,1997923,2005334,2026-08-10,2026-06-30,True,20654.66,0.0,0.0
H6GA11116,C00923573,1997923,1997923,2026-07-15,2026-06-30,False,20654.66,0.0,0.0
H6GA12080,C00915959,1920031,1942139,2026-01-31,2025-09-30,True,3160.00,100.0,0.0
H6GA12080,C00915959,1920031,1920031,2025-10-15,2025-09-30,False,3095.00,0.0,0.0
H6GA12080,C00915959,1942158,1942158,2026-01-31,2025-12-31,True,3926.70,166.79,0.0
H6GA12080,C00915959,1965569,1965569,2026-04-15,2026-03-31,True,9877.00,1486.08,0.0
H6GA12080,C00915959,1973451,1973451,2026-05-07,2026-04-29,True,1220.00,0.0,0.0
H6GA12080,C00915959,1981512,1981512,2026-06-05,2026-05-27,True,2819.85,0.0,0.0
H6GA12080,C00915959,1997093,1997093,2026-07-15,2026-06-30,True,3939.18,0.0,0.0
H6GA13070,C00906875,1902307,1902307,2025-07-15,2025-06-30,True,163876.29,0.0,0.0
H6GA13070,C00906875,1920860,1920860,2025-10-15,2025-09-30,True,148603.92,0.0,0.0
H6GA13070,C00906875,1941819,1971479,2026-04-28,2025-12-31,True,124419.09,0.0,0.0
H6GA13070,C00906875,1941819,1941819,2026-01-31,2025-12-31,False,124419.09,0.0,0.0
H6GA13070,C00906875,1965178,1965178,2026-04-15,2026-03-31,False,615842.74,0.0,0.0
H6GA13070,C00906875,1965178,1971481,2026-04-28,2026-03-31,True,615842.74,0.0,0.0
H6GA13070,C00906875,1973374,1973374,2026-05-07,2026-04-29,True,109339.36,0.0,0.0
H6GA13070,C00906875,1995108,1995108,2026-07-15,2026-06-30,True,400149.99,0.0,0.0
H6HI02426,C00923854,1936491,1936491,2026-01-28,2025-12-31,True,75577.97,0.0,0.0
H6HI02426,C00923854,1961718,1961718,2026-04-14,2026-03-31,True,13510.00,0.0,0.0
H6HI02426,C00923854,1996524,1996524,2026-07-15,2026-06-30,True,13977.00,0.0,0.0
H6IA02211,C00916452,1921468,1921468,2025-10-15,2025-09-30,True,269633.18,0.0,0.0
H6IA02211,C00916452,1943223,1943223,2026-01-31,2025-12-31,True,170523.43,0.0,0.0
H6IA02211,C00916452,1966648,1966648,2026-04-15,2026-03-31,True,268152.37,0.0,0.0
H6IA02211,C00916452,1978783,1978783,2026-05-21,2026-05-13,True,113246.72,0.0,0.0
H6IA02211,C00916452,1996080,1996080,2026-07-15,2026-06-30,True,588543.76,0.0,0.0
H6IA02237,C00918979,1919065,1919065,2025-10-14,2025-09-30,True,307555.00,0.0,100000.0
H6IA02237,C00918979,1937278,1937278,2026-01-29,2025-12-31,True,263456.33,0.0,0.0
H6IA02237,C00918979,1961849,1990150,2026-07-10,2026-03-31,True,506774.87,0.0,0.0
H6IA02237,C00918979,1961849,1961849,2026-04-14,2026-03-31,False,506774.87,0.0,0.0
H6IA02237,C00918979,1978362,1978362,2026-05-21,2026-05-13,True,145883.25,0.0,0.0
H6IA02237,C00918979,1993877,1993877,2026-07-15,2026-06-30,True,174137.98,0.0,0.0
H6IA03268,C00904086,1902057,1902057,2025-07-15,2025-06-30,True,505300.25,0.0,0.0
H6IA03268,C00904086,1919991,1919991,2025-10-15,2025-09-30,True,419326.10,120.0,0.0
H6IA03268,C00904086,1940749,1940749,2026-01-30,2025-12-31,False,390837.02,0.0,0.0
H6IA03268,C00904086,1940749,1945485,2026-02-09,2025-12-31,True,390837.02,0.0,0.0
H6IA03268,C00904086,1961394,1961394,2026-04-14,2026-03-31,False,1515663.28,0.0,0.0
H6IA03268,C00904086,1961394,1971545,2026-04-28,2026-03-31,True,1515663.28,0.0,0.0
H6IA03268,C00904086,1978593,2004905,2026-08-07,2026-05-13,True,769287.45,0.0,0.0
H6IA03268,C00904086,1978593,1978593,2026-05-21,2026-05-13,False,769287.45,0.0,0.0
H6IA03268,C00904086,1993895,1993895,2026-07-15,2026-06-30,True,1155340.66,0.0,0.0
H6IA04167,C00909788,1920251,1920251,2025-10-15,2025-09-30,True,362284.85,0.0,0.0
H6IA04167,C00909788,1942247,1942247,2026-01-31,2025-12-31,True,106274.51,0.0,0.0
H6IA04167,C00909788,1964072,1964072,2026-04-15,2026-03-31,True,66453.41,0.0,0.0
H6IA04167,C00909788,1978514,1978514,2026-05-21,2026-05-13,True,4790.24,0.0,0.0
H6IA04167,C00909788,1994344,1994344,2026-07-15,2026-06-30,True,22720.62,0.0,0.0
H6IA04217,C00917369,1919430,1924947,2025-11-15,2025-09-30,True,35689.04,0.0,0.0
H6IA04217,C00917369,1919430,1919430,2025-10-14,2025-09-30,False,36189.04,0.0,0.0
H6IA04217,C00917369,1936825,1936825,2026-01-28,2025-12-31,True,17664.00,0.0,0.0
H6IA04217,C00917369,1959953,1977329,2026-05-20,2026-03-31,True,34573.71,0.0,0.0
H6IA04217,C00917369,1959953,1967909,2026-04-16,2026-03-31,False,34573.71,0.0,0.0
H6IA04217,C00917369,1959953,1959953,2026-04-10,2026-03-31,False,34873.71,0.0,0.0
H6IA04217,C00917369,1977388,1977388,2026-05-20,2026-05-13,True,8625.50,0.0,0.0
H6IA04217,C00917369,1989119,1989305,2026-07-09,2026-06-30,True,28364.26,0.0,0.0
H6IA04217,C00917369,1989119,1989119,2026-07-08,2026-06-30,False,28364.26,0.0,0.0
H6ID02274,C00940247,1958965,1973583,2026-05-08,2026-03-31,True,55987.00,0.0,0.0
H6ID02274,C00940247,1958965,1958965,2026-04-08,2026-03-31,False,55987.00,0.0,0.0
H6ID02274,C00940247,1972749,1972749,2026-05-05,2026-04-29,True,12762.00,0.0,0.0
H6ID02274,C00940247,1995909,1995909,2026-07-15,2026-06-30,True,38143.02,0.0,0.0
H6IL01191,C00904227,1918997,1918997,2025-10-13,2025-09-30,True,8757.90,0.0,0.0
H6IL01191,C00904227,1944154,1952202,2026-03-09,2025-12-31,True,11972.00,0.0,0.0
H6IL01191,C00904227,1944154,1944154,2026-02-01,2025-12-31,False,11972.00,0.0,0.0
H6IL01191,C00904227,1952203,1952203,2026-03-09,2026-02-25,True,6540.17,0.0,0.0
H6IL01191,C00904227,1967183,1967183,2026-04-15,2026-03-31,True,4864.55,0.0,0.0
H6IL01191,C00904227,1998097,2002010,2026-07-25,2026-06-30,True,31181.24,0.0,0.0
H6IL01191,C00904227,1998097,1998097,2026-07-16,2026-06-30,False,26367.24,0.0,0.0
H6IL02355,C00911164,1920064,1920064,2025-10-15,2025-09-30,True,220794.02,0.0,0.0
H6IL02355,C00911164,1943736,1943736,2026-01-31,2025-12-31,True,1041574.59,0.0,0.0
H6IL02355,C00911164,1951891,1951891,2026-03-05,2026-02-25,True,667516.38,0.0,0.0
H6IL02355,C00911164,1965814,1965814,2026-04-15,2026-03-31,True,350248.00,0.0,0.0
H6IL02355,C00911164,1997327,1997327,2026-07-15,2026-06-30,True,35245.00,0.0,0.0
H6IL03163,C00880161,1964510,1964510,2026-04-15,2026-03-31,True,5039.26,0.0,0.0
H6IL03163,C00880161,1996423,1996423,2026-07-15,2026-06-30,True,3040.26,0.0,0.0
H6IL04153,C00925495,1943420,1957952,2026-04-05,2025-12-31,True,55094.59,0.0,0.0
H6IL04153,C00925495,1943420,1943420,2026-01-31,2025-12-31,False,55094.59,0.0,0.0
H6IL04153,C00925495,1951895,1951895,2026-03-05,2026-02-25,True,43197.00,0.0,0.0
H6IL04153,C00925495,1966428,1966428,2026-04-15,2026-03-31,True,36615.00,0.0,0.0
H6IL04153,C00925495,1997391,1997391,2026-07-15,2026-06-30,True,43003.00,0.0,0.0
H6IL07354,C00905893,1898748,1898748,2025-07-07,2025-06-30,True,0.00,0.0,0.0
H6IL07354,C00905893,1920734,1920734,2025-10-15,2025-09-30,True,156381.00,0.0,100000.0
H6IL07354,C00905893,1942816,1942816,2026-01-31,2025-12-31,True,139149.00,0.0,0.0
H6IL07354,C00905893,1951774,1951774,2026-03-05,2026-02-25,True,85544.00,0.0,0.0
H6IL07354,C00905893,1964498,1964498,2026-04-15,2026-03-31,True,67808.04,0.0,75000.0
H6IL07354,C00905893,1995482,1995482,2026-07-15,2026-06-30,True,31509.52,0.0,0.0
H6IL08311,C00919142,1919957,1919957,2025-10-15,2025-09-30,True,58321.73,0.0,500000.0
H6IL08311,C00919142,1942080,1942080,2026-01-31,2025-12-31,True,33753.06,0.0,0.0
H6IL08311,C00919142,1951791,1951791,2026-03-05,2026-02-25,True,29820.38,0.0,0.0
H6IL08311,C00919142,1965639,1965639,2026-04-15,2026-03-31,True,64143.41,0.0,250000.0
H6IL08311,C00919142,1995725,1995725,2026-07-15,2026-06-30,True,275970.46,0.0,250000.0
H6IL08329,C00919183,1921567,1941963,2026-01-31,2025-09-30,True,183268.00,24000.0,299000.0
H6IL08329,C00919183,1921567,1921567,2025-10-15,2025-09-30,False,183268.00,24000.0,299000.0
H6IL08329,C00919183,1942039,1942039,2026-01-31,2025-12-31,True,729436.34,0.0,0.0
H6IL08329,C00919183,1951742,1951742,2026-03-05,2026-02-25,False,311681.03,0.0,0.0
H6IL08329,C00919183,1951742,1996472,2026-07-15,2026-02-25,True,313996.35,0.0,0.0
H6IL08329,C00919183,1951742,1965172,2026-04-15,2026-02-25,False,313996.35,0.0,0.0
H6IL08329,C00919183,1951742,1986457,2026-06-24,2026-02-25,False,313996.35,0.0,0.0
H6IL08329,C00919183,1951742,1973591,2026-05-08,2026-02-25,False,313996.35,0.0,0.0
H6IL08329,C00919183,1965224,1965224,2026-04-15,2026-03-31,False,61267.00,0.0,0.0
H6IL08329,C00919183,1965224,1997687,2026-07-15,2026-03-31,True,61267.00,0.0,0.0
H6IL08329,C00919183,1997721,1997721,2026-07-15,2026-06-30,True,163406.40,0.0,0.0
H6IL09228,C00905307,1902895,1919954,2025-10-15,2025-06-30,False,702974.99,2100.0,0.0
H6IL09228,C00905307,1902895,1902895,2025-07-15,2025-06-30,False,702974.99,0.0,0.0
H6IL09228,C00905307,1902895,1956031,2026-03-24,2025-06-30,False,702974.99,2100.0,0.0
H6IL09228,C00905307,1902895,1956034,2026-03-24,2025-06-30,True,702974.99,2100.0,0.0
H6IL09228,C00905307,1920143,1956040,2026-03-24,2025-09-30,True,596463.19,1100.0,0.0
H6IL09228,C00905307,1920143,1920143,2025-10-15,2025-09-30,False,596463.19,1100.0,0.0
H6IL09228,C00905307,1942952,1942952,2026-01-31,2025-12-31,True,613928.71,5.0,0.0
H6IL09228,C00905307,1951858,1965376,2026-04-15,2026-02-25,True,512583.64,0.0,0.0
H6IL09228,C00905307,1951858,1951858,2026-03-05,2026-02-25,False,512583.64,0.0,0.0
H6IL09228,C00905307,1967389,1967389,2026-04-15,2026-03-31,True,240609.87,0.0,0.0
H6IL09228,C00905307,1993520,1993520,2026-07-15,2026-06-30,True,67208.01,0.0,0.0
H6IL11166,C00906594,1920980,1927446,2025-12-04,2025-09-30,True,38299.65,284.0,3000.0
H6IL11166,C00906594,1920980,1920980,2025-10-15,2025-09-30,False,38299.65,284.0,3000.0
H6IL11166,C00906594,1940179,1940179,2026-01-30,2025-12-31,True,7026.03,189.0,41154.79
H6IL11166,C00906594,1951795,1951795,2026-03-05,2026-02-25,True,4203.28,0.0,69800.0
H6IL11166,C00906594,1965746,1965746,2026-04-15,2026-03-31,True,7350.70,0.0,12600.0
H6IL11166,C00906594,1995491,1995491,2026-07-15,2026-06-30,True,84610.82,34.0,40530.0
H6IL12131,C00925263,1936360,1938237,2026-01-29,2025-12-31,False,6820.00,0.0,0.0
H6IL12131,C00925263,1936360,2008755,2026-08-20,2025-12-31,True,6820.00,0.0,0.0
H6IL12131,C00925263,1936360,1936360,2026-01-27,2025-12-31,False,6820.00,0.0,0.0
H6IL12131,C00925263,1950753,2008776,2026-08-20,2026-02-25,True,18232.88,0.0,0.0
H6IL12131,C00925263,1950753,1950753,2026-02-26,2026-02-25,False,18232.00,0.0,0.0
H6IL12131,C00925263,1950753,1950942,2026-02-27,2026-02-25,False,18232.00,0.0,0.0
H6IL12131,C00925263,1959211,2008604,2026-08-20,2026-03-31,True,12218.36,0.0,0.0
H6IL12131,C00925263,1959211,1971427,2026-04-27,2026-03-31,False,12218.36,0.0,0.0
H6IL12131,C00925263,1959211,1959211,2026-04-09,2026-03-31,False,12218.36,0.0,0.0
H6IL12131,C00925263,1988631,2008606,2026-08-20,2026-06-30,True,42495.43,0.0,0.0
H6IL12131,C00925263,1988631,1988631,2026-07-07,2026-06-30,False,42495.43,0.0,0.0
H6IL13154,C00898288,1883818,1883818,2025-04-03,2025-03-31,False,12102.05,500.0,20000.0
H6IL13154,C00898288,1883818,2007999,2026-08-20,2025-03-31,True,11752.05,1058.46,20500.0
H6IL13154,C00898288,1883818,1886866,2025-04-15,2025-03-31,False,11852.05,0.0,20500.0
H6IL13154,C00898288,1883818,1883913,2025-04-03,2025-03-31,False,12102.05,500.0,20000.0
H6IL13154,C00898288,1900292,1900292,2025-07-13,2025-06-30,False,7487.56,0.0,30000.0
H6IL13154,C00898288,1900292,1913427,2025-08-29,2025-06-30,False,7487.56,0.0,30000.0
H6IL13154,C00898288,1900292,2008044,2026-08-20,2025-06-30,True,7441.66,1744.34,30000.0
H6IL13154,C00898288,1917921,1932572,2026-01-14,2025-09-30,False,36018.30,0.0,8000.0
H6IL13154,C00898288,1917921,1917921,2025-10-07,2025-09-30,False,36018.30,0.0,8000.0
H6IL13154,C00898288,1917921,2008051,2026-08-20,2025-09-30,True,7468.30,36427.04,8000.0
H6IL13154,C00898288,1917921,1930895,2026-01-06,2025-09-30,False,36018.30,0.0,8000.0
H6IL13154,C00898288,1930817,1930817,2026-01-05,2025-12-31,False,5438.78,42000.0,0.0
H6IL13154,C00898288,1930817,1939592,2026-01-30,2025-12-31,False,5438.78,42000.0,0.0
H6IL13154,C00898288,1930817,1932575,2026-01-14,2025-12-31,False,5438.78,42000.0,0.0
H6IL13154,C00898288,1930817,2008062,2026-08-20,2025-12-31,True,6988.78,45913.12,0.0
H6IL13154,C00898288,1930817,1944567,2026-02-03,2025-12-31,False,5438.78,42000.0,0.0
H6IL13154,C00898288,1951603,1958388,2026-04-07,2026-02-25,False,14088.31,0.0,27200.0
H6IL13154,C00898288,1951603,1951603,2026-03-04,2026-02-25,False,14088.31,0.0,27200.0
H6IL13154,C00898288,1951603,2008076,2026-08-20,2026-02-25,True,13945.71,1003.2,27200.0
H6IL13154,C00898288,1951603,1958693,2026-04-07,2026-02-25,False,13804.31,0.0,27200.0
H6IL13154,C00898288,1960531,1960531,2026-04-13,2026-03-31,False,3531.51,0.0,11900.0
H6IL13154,C00898288,1960531,2008081,2026-08-20,2026-03-31,True,3536.51,591.72,22100.0
H6IL13154,C00898288,1988052,2008097,2026-08-20,2026-06-30,True,8314.75,1301.24,87800.0
H6IL13154,C00898288,1988052,1988052,2026-07-04,2026-06-30,False,7982.57,0.0,39000.0
H6IL13154,C00898288,1988052,2002747,2026-07-29,2026-06-30,False,7982.57,0.0,87800.0
H6IL15092,C00896217,1888327,1888327,2025-04-16,2025-03-31,True,4737.00,0.0,0.0
H6IL15092,C00896217,1903203,1903203,2025-07-15,2025-06-30,True,11934.00,0.0,0.0
H6IL15092,C00896217,1921516,1921516,2025-10-15,2025-09-30,True,10698.00,0.0,0.0
H6IL15092,C00896217,1939065,1939065,2026-01-30,2025-12-31,True,6230.21,0.0,0.0
H6IL15092,C00896217,1951453,1951453,2026-03-03,2026-02-25,True,5412.00,0.0,0.0
H6IL15092,C00896217,1968036,1968036,2026-04-16,2026-03-31,True,14054.10,0.0,0.0
H6IL15092,C00896217,1997224,1997224,2026-07-15,2026-06-30,True,59997.21,0.0,0.0
H6IL16108,C00900399,1900434,1900434,2025-07-14,2025-06-30,False,19174.25,944.83,0.0
H6IL16108,C00900399,1900434,1910623,2025-08-08,2025-06-30,True,18594.00,944.83,0.0
H6IL16108,C00900399,1919012,1919012,2025-10-13,2025-09-30,True,8223.00,124.56,0.0
H6IL16108,C00900399,1936405,1936405,2026-01-28,2025-12-31,True,24747.77,38.01,0.0
H6IL16108,C00900399,1951831,1951831,2026-03-05,2026-02-25,True,37917.17,404.45,0.0
H6IL16108,C00900399,1966470,1966470,2026-04-15,2026-03-31,True,102555.62,0.0,0.0
H6IL16108,C00900399,1997023,1997023,2026-07-15,2026-06-30,True,158649.83,73.48,0.0
H6IL17247,C00893446,1887189,1887189,2025-04-15,2025-03-31,True,33145.97,1420.0,2500.0
H6IL17247,C00893446,1902286,1912842,2025-08-22,2025-06-30,False,32230.55,2615.19,9000.0
H6IL17247,C00893446,1902286,1902286,2025-07-15,2025-06-30,False,32230.55,2615.19,9000.0
H6IL17247,C00893446,1902286,1914325,2025-09-10,2025-06-30,True,32230.55,2615.19,9000.0
H6IL17247,C00893446,1920743,1920743,2025-10-15,2025-09-30,True,41597.74,0.0,0.0
H6IL17247,C00893446,1939654,1939654,2026-01-30,2025-12-31,True,20745.56,856.58,0.0
H6IL17247,C00893446,1951794,1951794,2026-03-05,2026-02-25,False,28992.48,150.0,0.0
H6IL17247,C00893446,1951794,1953645,2026-03-17,2026-02-25,True,28992.48,150.0,0.0
H6IL17247,C00893446,1964554,1969900,2026-04-20,2026-03-31,True,19186.81,0.0,0.0
H6IL17247,C00893446,1964554,1964554,2026-04-15,2026-03-31,False,17897.76,0.0,0.0
H6IL17247,C00893446,1993901,2006937,2026-08-17,2026-06-30,True,105632.21,0.0,0.0
H6IL17247,C00893446,1993901,1993901,2026-07-15,2026-06-30,False,105632.21,0.0,0.0
H6IL18088,C00575050,1887542,1959122,2026-04-09,2025-03-31,True,208114.62,0.0,0.0
H6IL18088,C00575050,1887542,1887542,2025-04-15,2025-03-31,False,209114.62,0.0,0.0
H6IL18088,C00575050,1901844,1930968,2026-01-06,2025-06-30,False,155907.28,0.0,0.0
H6IL18088,C00575050,1901844,1901844,2025-07-15,2025-06-30,False,155907.28,0.0,0.0
H6IL18088,C00575050,1901844,1959125,2026-04-09,2025-06-30,False,155907.28,0.0,0.0
H6IL18088,C00575050,1901844,1964929,2026-04-15,2025-06-30,True,158407.28,0.0,0.0
H6IL18088,C00575050,1919849,1919849,2025-10-15,2025-09-30,False,133891.99,0.0,0.0
H6IL18088,C00575050,1919849,1959128,2026-04-09,2025-09-30,False,133891.99,0.0,0.0
H6IL18088,C00575050,1919849,1964982,2026-04-15,2025-09-30,True,133891.99,0.0,0.0
H6IL18088,C00575050,1940028,1959131,2026-04-09,2025-12-31,False,111351.65,0.0,0.0
H6IL18088,C00575050,1940028,1940028,2026-01-30,2025-12-31,False,111351.65,0.0,0.0
H6IL18088,C00575050,1940028,1965004,2026-04-15,2025-12-31,True,111351.65,0.0,0.0
H6IL18088,C00575050,1951799,1951799,2026-03-05,2026-02-25,False,36112.52,0.0,0.0
H6IL18088,C00575050,1951799,1965040,2026-04-15,2026-02-25,True,36112.52,0.0,0.0
H6IL18088,C00575050,1951799,1959137,2026-04-09,2026-02-25,False,36112.52,0.0,0.0
H6IL18088,C00575050,1965528,1965528,2026-04-15,2026-03-31,True,74570.85,0.0,0.0
H6IL18088,C00575050,1994076,1994076,2026-07-15,2026-06-30,True,122408.20,0.0,0.0
H6IN01231,C00924100,1933008,1970997,2026-04-23,2025-12-31,True,52958.85,0.0,1500000.0
H6IN01231,C00924100,1933008,1933008,2026-01-15,2025-12-31,False,52958.85,0.0,1500000.0
H6IN01231,C00924100,1966389,1966389,2026-04-15,2026-03-31,True,33742.90,16225.0,0.0
H6IN01231,C00924100,1971005,1971005,2026-04-23,2026-04-15,True,17561.92,700.0,0.0
H6IN01231,C00924100,1996602,1996602,2026-07-15,2026-06-30,True,72648.53,0.0,640000.0
H6IN02189,C00916619,1921103,1921103,2025-10-15,2025-09-30,True,495.00,0.0,50000.0
H6IN02189,C00916619,1941164,1941164,2026-01-30,2025-12-31,True,8375.00,2693.92,25000.0
H6IN02189,C00916619,1967338,1967338,2026-04-15,2026-03-31,True,13800.00,100000.0,75000.0
H6IN02189,C00916619,1970983,1970983,2026-04-23,2026-04-15,True,4515.00,0.0,0.0
H6IN02189,C00916619,1997700,1997700,2026-07-15,2026-06-30,True,25710.50,0.0,50000.0
H6IN03294,C00907816,1918063,1918063,2025-10-08,2025-06-30,False,4930.00,2389.76,0.0
H6IN03294,C00907816,1918063,1936450,2026-01-28,2025-06-30,True,4905.00,2389.76,0.0
H6IN03294,C00907816,1918071,1918071,2025-10-08,2025-09-30,False,18776.00,0.0,0.0
H6IN03294,C00907816,1918071,1936473,2026-01-28,2025-09-30,True,17927.00,0.0,0.0
H6IN03294,C00907816,1939671,1939671,2026-01-30,2025-12-31,True,31466.00,0.0,0.0
H6IN03294,C00907816,1964047,1964047,2026-04-15,2026-03-31,True,23856.06,6336.53,0.0
H6IN03294,C00907816,1969938,1969938,2026-04-20,2026-04-15,True,5368.42,0.0,0.0
H6IN03294,C00907816,1989753,1989753,2026-07-10,2026-06-30,True,34910.02,9181.51,0.0
H6IN04193,C00912428,1966234,1966234,2026-04-15,2026-03-31,True,6081.15,0.0,500.0
H6IN04193,C00912428,1971059,1971059,2026-04-23,2026-04-15,True,101.50,0.0,0.0
H6IN04193,C00912428,1997989,1997989,2026-07-15,2026-06-30,True,13694.36,0.0,0.0
H6IN05307,C00934505,1966546,1966546,2026-04-15,2026-03-31,True,199423.55,615.71,0.0
H6IN05307,C00934505,1971023,1971023,2026-04-23,2026-04-15,True,17751.16,0.0,0.0
H6IN05307,C00934505,1997691,1997691,2026-07-15,2026-06-30,True,313226.70,0.0,0.0
H6IN06230,C00913194,1967543,1967543,2026-04-15,2026-03-31,False,16358.00,0.0,4919.4
H6IN06230,C00913194,1967543,1968862,2026-04-18,2026-03-31,True,16358.00,0.0,4919.4
H6IN06230,C00913194,1970948,1970948,2026-04-23,2026-04-15,True,2062.00,0.0,0.0
H6IN06230,C00913194,1998353,1998353,2026-07-16,2026-06-30,True,13706.71,0.0,0.0
H6IN08293,C00914556,1918608,1918608,2025-10-11,2025-09-30,True,64456.64,674.82,0.0
H6IN08293,C00914556,1933540,1933540,2026-01-18,2025-12-31,True,42885.00,40.82,0.0
H6IN08293,C00914556,1961330,1961330,2026-04-14,2026-03-31,True,62531.94,1163.81,0.0
H6IN08293,C00914556,1970818,1970818,2026-04-22,2026-04-15,True,19714.88,0.0,0.0
H6IN08293,C00914556,1991317,1991317,2026-07-13,2026-06-30,True,79139.92,49.21,0.0
H6IN09143,C00800649,1886604,1886604,2025-04-15,2025-03-31,True,67926.71,0.0,0.0
H6IN09143,C00800649,1901593,1916944,2025-09-30,2025-06-30,True,53993.66,58.25,0.0
H6IN09143,C00800649,1901593,1901593,2025-07-15,2025-06-30,False,53993.66,58.25,0.0
H6IN09143,C00800649,1920202,1920202,2025-10-15,2025-09-30,True,53010.00,682.72,0.0
H6IN09143,C00800649,1942945,1942945,2026-01-31,2025-12-31,True,47029.66,0.0,0.0
H6IN09143,C00800649,1964482,2006079,2026-08-13,2026-03-31,True,71859.25,0.0,0.0
H6IN09143,C00800649,1964482,1964482,2026-04-15,2026-03-31,False,71859.25,0.0,0.0
H6IN09143,C00800649,1970992,1970992,2026-04-23,2026-04-15,True,10810.45,0.0,0.0
H6IN09143,C00800649,1995969,1995969,2026-07-15,2026-06-30,True,38075.92,190.44,0.0
H6IN09242,C00903989,1898422,1898422,2025-07-05,2025-06-30,True,3439.06,0.0,0.0
H6IN09242,C00903989,1918707,1918707,2025-10-12,2025-09-30,True,15172.50,0.0,0.0
H6IN09242,C00903989,1932246,1932246,2026-01-13,2025-12-31,True,14662.17,0.0,6549.89
H6IN09242,C00903989,1961347,1961347,2026-04-14,2026-03-31,True,18072.14,0.0,4789.14
H6IN09242,C00903989,1971287,1971287,2026-04-26,2026-04-15,True,3037.00,0.0,0.0
H6IN09242,C00903989,1996173,1996173,2026-07-15,2026-06-30,True,39785.71,0.0,0.0
H6KS01203,C00932855,1962675,2001951,2026-07-24,2026-03-31,True,23810.00,600.8,0.0
H6KS01203,C00932855,1962675,1962675,2026-04-14,2026-03-31,False,23710.00,0.0,0.0
H6KS01203,C00932855,1998038,2001964,2026-07-24,2026-06-30,True,16238.00,0.0,0.0
H6KS01203,C00932855,1998038,1998038,2026-07-15,2026-06-30,False,16238.00,0.0,0.0
H6KS02276,C00917088,1920432,1920432,2025-10-15,2025-09-30,True,130914.00,7000.0,0.0
H6KS02276,C00917088,1941601,1941601,2026-01-31,2025-12-31,True,154264.56,0.0,0.0
H6KS02276,C00917088,1963667,1963667,2026-04-15,2026-03-31,True,210491.24,0.0,0.0
H6KS02276,C00917088,1997199,1997199,2026-07-15,2026-06-30,True,191318.83,0.0,0.0
H6KS03308,C00951632,1990734,1990734,2026-07-12,2026-06-30,True,3981.13,0.0,1790.0
H6KS04272,C00941658,1964287,1964287,2026-04-15,2026-03-31,True,138931.17,0.0,0.0
H6KS04272,C00941658,1994403,1994403,2026-07-15,2026-06-30,True,76332.74,600.0,0.0
H6KY01110,C00588764,1886643,1886643,2025-04-15,2025-03-31,True,210736.93,0.0,0.0
H6KY01110,C00588764,1901770,1901770,2025-07-15,2025-06-30,True,180992.88,0.0,0.0
H6KY01110,C00588764,1919572,1919572,2025-10-14,2025-09-30,True,159173.46,0.0,0.0
H6KY01110,C00588764,1941634,1941634,2026-01-31,2025-12-31,True,285986.55,0.0,0.0
H6KY01110,C00588764,1965545,1965545,2026-04-15,2026-03-31,True,254583.71,0.0,0.0
H6KY01110,C00588764,1973343,1973343,2026-05-07,2026-04-29,True,50475.15,0.0,0.0
H6KY01110,C00588764,1995595,1995595,2026-07-15,2026-06-30,True,308628.95,0.0,0.0
H6KY01169,C00904243,1900091,1900091,2025-07-11,2025-06-30,False,2008.00,0.0,1700.0
H6KY01169,C00904243,1900091,1920960,2025-10-15,2025-06-30,True,2008.00,0.0,1700.0
H6KY01169,C00904243,1921753,1921753,2025-10-15,2025-09-30,True,8696.50,0.0,0.0
H6KY01169,C00904243,1944108,1944108,2026-01-31,2025-12-31,True,16012.45,0.0,0.0
H6KY01169,C00904243,1962030,1962030,2026-04-14,2026-03-31,True,42712.75,0.0,0.0
H6KY01169,C00904243,1973403,1973403,2026-05-07,2026-04-29,True,8545.49,0.0,0.0
H6KY01169,C00904243,1990801,1990801,2026-07-13,2026-06-30,True,34007.90,0.0,0.0
H6KY02068,C00902130,1991945,1991945,2026-07-14,2026-06-30,True,7539.00,0.0,0.0
H6KY04171,C00923995,1940114,1940114,2026-01-30,2025-12-31,True,1227989.26,0.0,0.0
H6KY04171,C00923995,1964585,1964585,2026-04-15,2026-03-31,True,1141741.55,0.0,0.0
H6KY04171,C00923995,1973332,1973332,2026-05-07,2026-04-29,True,768431.70,0.0,0.0
H6KY04171,C00923995,1993475,1993475,2026-07-15,2026-06-30,True,373031.48,0.0,0.0
H6KY04189,C00925917,1938883,1938883,2026-01-30,2025-12-31,False,21078.69,0.0,0.0
H6KY04189,C00925917,1938883,1983830,2026-06-16,2025-12-31,True,20830.00,0.0,0.0
H6KY04189,C00925917,1964298,1983831,2026-06-16,2026-03-31,True,10916.00,0.0,10000.0
H6KY04189,C00925917,1964298,1964298,2026-04-15,2026-03-31,False,10916.00,0.0,0.0
H6KY04189,C00925917,1973296,1973296,2026-05-07,2026-04-29,True,17091.00,0.0,10000.0
H6KY04189,C00925917,1997319,1997319,2026-07-15,2026-06-30,True,25626.82,0.0,0.0
H6KY05152,C00907055,1900885,1900885,2025-07-14,2025-06-30,True,5445.00,5600.0,0.0
H6KY05152,C00907055,1919067,1919067,2025-10-14,2025-09-30,True,47882.00,2050.0,0.0
H6KY05152,C00907055,1939082,1939082,2026-01-30,2025-12-31,True,18272.00,75.0,0.0
H6KY05152,C00907055,1960838,1960838,2026-04-13,2026-03-31,True,27863.36,75.0,0.0
H6KY05152,C00907055,1973972,1973972,2026-05-11,2026-04-29,True,8044.62,25.0,0.0
H6KY05152,C00907055,1991968,2002396,2026-07-28,2026-06-30,True,11648.71,55050.0,0.0
H6KY05152,C00907055,1991968,1991968,2026-07-14,2026-06-30,False,11623.71,55050.0,0.0
H6KY06184,C00912261,1921122,1921122,2025-10-15,2025-09-30,True,279062.42,1842.51,0.0
H6KY06184,C00912261,1940746,1940746,2026-01-30,2025-12-31,True,250603.46,732.91,0.0
H6KY06184,C00912261,1961196,1961196,2026-04-13,2026-03-31,True,281901.19,938.94,0.0
H6KY06184,C00912261,1973371,1973371,2026-05-07,2026-04-29,True,120736.07,151.0,0.0
H6KY06184,C00912261,1994627,1994627,2026-07-15,2026-06-30,True,467052.31,0.0,0.0
H6KY06192,C00912303,1920640,1920640,2025-10-15,2025-09-30,True,328451.27,0.0,0.0
H6KY06192,C00912303,1940425,1940425,2026-01-30,2025-12-31,True,113162.21,0.0,57245.22
H6KY06192,C00912303,1961167,1961167,2026-04-13,2026-03-31,True,200530.08,0.0,0.0
H6KY06192,C00912303,1973313,1973313,2026-05-07,2026-04-29,True,352856.15,0.0,0.0
H6KY06192,C00912303,1993981,1993981,2026-07-15,2026-06-30,True,204993.31,0.0,0.0
H6LA01258,C00913863,1919616,1919616,2025-10-15,2025-09-30,True,8223.26,0.0,0.0
H6LA01258,C00913863,1935666,1935666,2026-01-26,2025-12-31,True,25239.16,995.9,0.0
H6LA01258,C00913863,1962686,1962686,2026-04-14,2026-03-31,True,36927.90,129.98,0.0
H6LA01258,C00913863,1992655,1992699,2026-07-14,2026-06-30,True,53043.61,94.98,0.0
H6LA01258,C00913863,1992655,1992655,2026-07-14,2026-06-30,False,53043.61,94.98,0.0
H6LA03205,C00942151,1963406,1963406,2026-04-15,2026-03-31,True,50.00,0.0,5000.0
H6LA03205,C00942151,1997967,1997967,2026-07-15,2026-06-30,True,10374.47,0.0,0.0
H6LA04187,C00909762,1920437,1920437,2025-10-15,2025-09-30,True,23653.00,0.0,0.0
H6LA04187,C00909762,1943453,1943453,2026-01-31,2025-12-31,True,18766.00,0.0,0.0
H6LA04187,C00909762,1962680,1962680,2026-04-14,2026-03-31,True,32092.70,0.0,0.0
H6LA04187,C00909762,1997531,1997531,2026-07-15,2026-06-30,True,133806.91,0.0,0.0
H6LA05184,C00935932,1995604,1995604,2026-07-15,2026-06-30,True,5000.00,0.0,0.0
H6LA05291,C00940163,1960399,1966451,2026-04-15,2026-03-31,True,14935.06,0.0,29238.48
H6LA05291,C00940163,1960399,1960399,2026-04-12,2026-03-31,False,14228.06,0.0,29238.48
H6LA05291,C00940163,1998148,1998148,2026-07-16,2026-06-30,True,29337.27,0.0,10000.0
H6LA06158,C00937789,1966142,1966142,2026-04-15,2026-03-31,True,27250.00,0.0,34871.63
H6LA06158,C00937789,1992736,1992736,2026-07-14,2026-06-30,True,19150.00,0.0,2427.53
H6MA03100,C00941054,1963121,1963121,2026-04-15,2026-03-31,True,550.71,0.0,4000.0
H6MA03100,C00941054,1993665,1993665,2026-07-15,2026-06-30,True,1565.01,0.0,0.0
H6MA04140,C00945477,1992694,1992694,2026-07-14,2026-06-30,True,8258.05,125.0,17150.0
H6MA06202,C00937755,1965621,1965621,2026-04-15,2026-03-31,True,257951.75,0.0,0.0
H6MA06202,C00937755,1995639,1995639,2026-07-15,2026-06-30,True,132716.49,0.0,0.0
H6MA09206,C00910836,1920620,1920620,2025-10-15,2025-09-30,False,117823.11,0.0,1005.0
H6MA09206,C00910836,1920620,1937022,2026-01-28,2025-09-30,True,117823.11,0.0,1005.0
H6MA09206,C00910836,1940764,1940764,2026-01-30,2025-12-31,True,12355.39,0.0,0.0
H6MA09206,C00910836,1962595,1962595,2026-04-14,2026-03-31,True,10769.10,0.0,0.0
H6MA09206,C00910836,1993675,1993675,2026-07-15,2026-06-30,True,19649.87,0.0,0.0
H6MD01320,C00902957,1902809,1902809,2025-07-15,2025-06-30,True,88286.00,684.69,13000.0
H6MD01320,C00902957,1921219,1932583,2026-01-14,2025-09-30,True,108594.61,1038.79,0.0
H6MD01320,C00902957,1921219,1921219,2025-10-15,2025-09-30,False,108594.61,1038.79,0.0
H6MD01320,C00902957,1943471,1943471,2026-01-31,2025-12-31,True,98552.78,844.17,0.0
H6MD01320,C00902957,1966938,1966938,2026-04-15,2026-03-31,False,193765.74,0.0,0.0
H6MD01320,C00902957,1966938,1976607,2026-05-19,2026-03-31,False,193765.74,0.0,0.0
H6MD01320,C00902957,1966938,1986770,2026-06-26,2026-03-31,True,193765.74,0.0,0.0
H6MD01320,C00902957,1982716,1982716,2026-06-11,2026-06-03,False,107546.91,0.0,0.0
H6MD01320,C00902957,1982716,1995962,2026-07-15,2026-06-03,True,107646.91,0.0,0.0
H6MD01320,C00902957,1996237,1996237,2026-07-15,2026-06-30,True,71141.29,0.0,0.0
H6MD05321,C00933994,1964540,1964540,2026-04-15,2026-03-31,True,412602.94,0.0,0.0
H6MD05321,C00933994,1982740,1982740,2026-06-11,2026-06-03,True,643236.31,0.0,0.0
H6MD05321,C00933994,1996404,1996404,2026-07-15,2026-06-30,True,504281.88,0.0,0.0
H6MD06287,C00910968,1920498,1920498,2025-10-15,2025-09-30,False,527.44,0.0,134607.13
H6MD06287,C00910968,1920498,1929857,2025-12-22,2025-09-30,True,527.44,0.0,134607.13
H6MD06287,C00910968,1940961,1940961,2026-01-30,2025-12-31,True,187.38,0.0,86357.13
H6MD06287,C00910968,1965723,1965723,2026-04-15,2026-03-31,False,134.52,0.0,88479.14
H6MD06287,C00910968,1965723,1982343,2026-06-10,2026-03-31,True,134.52,0.0,88479.14
H6MD06287,C00910968,1982663,1982663,2026-06-11,2026-06-03,True,0.00,0.0,81179.13
H6MD06287,C00910968,1994745,1994745,2026-07-15,2026-06-30,True,222.38,0.0,12239.45
H6MD07020,C00726372,1887589,1887589,2025-04-15,2025-03-31,True,2231.00,0.0,0.0
H6MD07020,C00726372,1901490,1901490,2025-07-15,2025-06-30,True,6811.00,0.0,0.0
H6MD07020,C00726372,1919742,1919742,2025-10-15,2025-09-30,True,35160.00,0.0,0.0
H6MD07020,C00726372,1939350,1939350,2026-01-30,2025-12-31,True,62765.76,0.0,0.0
H6MD07020,C00726372,1963857,1963857,2026-04-15,2026-03-31,True,34153.26,0.0,0.0
H6MD07020,C00726372,1982545,1982545,2026-06-11,2026-06-03,True,30593.13,0.0,0.0
H6MD07020,C00726372,1993456,1993456,2026-07-15,2026-06-30,True,9394.00,0.0,0.0
H6MD08457,C00575126,1887018,1887018,2025-04-15,2025-03-31,True,1083576.05,0.0,0.0
H6MD08457,C00575126,1902619,1902619,2025-07-15,2025-06-30,True,1135247.05,0.0,0.0
H6MD08457,C00575126,1920698,1920698,2025-10-15,2025-09-30,True,843660.94,0.0,0.0
H6MD08457,C00575126,1940328,1940328,2026-01-30,2025-12-31,True,684121.93,0.0,0.0
H6MD08457,C00575126,1965670,1965670,2026-04-15,2026-03-31,True,1232292.59,0.0,0.0
H6MD08457,C00575126,1982696,1982696,2026-06-11,2026-06-03,True,823927.44,0.0,0.0
H6MD08457,C00575126,1996157,1996157,2026-07-15,2026-06-30,True,722974.72,0.0,0.0
H6ME02148,C00904094,1902205,1902205,2025-07-15,2025-06-30,True,538781.38,0.0,0.0
H6ME02148,C00904094,1920296,1923228,2025-10-21,2025-09-30,True,329015.00,0.0,0.0
H6ME02148,C00904094,1920296,1920296,2025-10-15,2025-09-30,False,329015.00,0.0,0.0
H6ME02148,C00904094,1942429,1942429,2026-01-31,2025-12-31,True,258717.95,0.0,0.0
H6ME02148,C00904094,1963550,1963550,2026-04-15,2026-03-31,True,158707.91,0.0,0.0
H6ME02148,C00904094,1979957,2012280,2026-09-16,2026-05-20,True,50476.20,0.0,0.0
H6ME02148,C00904094,1979957,1979957,2026-05-28,2026-05-20,False,53476.20,0.0,0.0
H6ME02148,C00895060,1983580,1983580,2026-06-16,2026-06-16,True,0.00,0.0,0.0
H6ME02148,C00904094,1993920,2012283,2026-09-16,2026-06-30,True,79851.01,0.0,0.0
H6ME02148,C00904094,1993920,1993920,2026-07-15,2026-06-30,False,79851.01,0.0,0.0
H6ME02148,C00894451,1992883,1992883,2026-07-14,2026-06-30,True,0.00,0.0,0.0
H6ME02171,C00922377,1939144,1939144,2026-01-30,2025-12-31,True,275328.40,0.0,10000.0
H6ME02171,C00922377,1961614,1961614,2026-04-14,2026-03-31,True,334028.84,0.0,0.0
H6ME02171,C00922377,1980141,1989809,2026-07-10,2026-05-20,True,302267.67,0.0,0.0
H6ME02171,C00922377,1980141,1980141,2026-05-28,2026-05-20,False,301267.67,0.0,0.0
H6ME02171,C00922377,1993910,1993910,2026-07-15,2026-06-30,True,269450.34,0.0,0.0
H6MI01226,C00614214,1887349,1887349,2025-04-15,2025-03-31,True,53518.38,0.0,0.0
H6MI01226,C00614214,1901815,1901815,2025-07-15,2025-06-30,False,71119.04,0.0,0.0
H6MI01226,C00614214,1901815,1950666,2026-02-26,2025-06-30,True,71119.04,0.0,0.0
H6MI01226,C00614214,1920676,1920676,2025-10-15,2025-09-30,True,110930.02,0.0,0.0
H6MI01226,C00614214,1938887,1938887,2026-01-30,2025-12-31,True,49528.13,0.0,0.0
H6MI01226,C00614214,1965141,1965141,2026-04-15,2026-03-31,True,82939.32,0.0,0.0
H6MI01226,C00614214,1994022,1994022,2026-07-15,2026-06-30,True,101890.39,0.0,0.0
H6MI02216,C00908079,1899194,1998849,2026-07-17,2025-06-30,True,6580.00,0.0,0.0
H6MI02216,C00908079,1899194,1899194,2025-07-09,2025-06-30,False,6580.00,0.0,0.0
H6MI02216,C00908079,1922095,1922095,2025-10-17,2025-09-30,True,17551.00,0.0,0.0
H6MI02216,C00908079,1943460,1943460,2026-01-31,2025-12-31,True,7130.00,0.0,0.0
H6MI02216,C00908079,1967429,1994506,2026-07-15,2026-03-31,False,22578.00,0.0,0.0
H6MI02216,C00908079,1967429,1967429,2026-04-15,2026-03-31,False,22578.00,0.0,0.0
H6MI02216,C00908079,1967429,2000997,2026-07-21,2026-03-31,True,22578.00,0.0,0.0
H6MI02216,C00908079,1994538,1994538,2026-07-15,2026-06-30,False,29821.72,0.0,0.0
H6MI02216,C00908079,1994538,2001002,2026-07-21,2026-06-30,True,29921.72,0.0,0.0
H6MI02216,C00908079,1994538,2000998,2026-07-21,2026-06-30,False,29921.72,0.0,0.0
H6MI03198,C00941823,1964037,1964037,2026-04-15,2026-03-31,True,196081.31,0.0,0.0
H6MI03198,C00941823,1995272,1995272,2026-07-15,2026-06-30,True,177541.33,0.0,0.0
H6MI04204,C00911784,1919821,1919821,2025-10-15,2025-09-30,True,276721.21,0.0,0.0
H6MI04204,C00911784,1942103,1942103,2026-01-31,2025-12-31,True,209809.29,0.0,0.0
H6MI04204,C00911784,1963983,1995945,2026-07-15,2026-03-31,True,902445.22,0.0,0.0
H6MI04204,C00911784,1963983,1963983,2026-04-15,2026-03-31,False,901795.22,0.0,0.0
H6MI04204,C00911784,1995965,1995965,2026-07-15,2026-06-30,True,790015.60,0.0,0.0
H6MI05227,C00922534,1932051,1958790,2026-04-08,2025-12-31,True,4725.00,0.0,0.0
H6MI05227,C00922534,1932051,1932051,2026-01-12,2025-12-31,False,4726.00,0.0,0.0
H6MI05227,C00922534,1959268,1959268,2026-04-09,2026-03-31,True,10044.00,0.0,0.0
H6MI05227,C00922534,1991277,1991277,2026-07-13,2026-06-30,True,33948.03,0.0,0.0
H6MI07298,C00916809,1919852,1919852,2025-10-15,2025-09-30,True,212635.00,0.0,10000.0
H6MI07298,C00916809,1942287,1942287,2026-01-31,2025-12-31,True,133864.55,25.0,0.0
H6MI07298,C00916809,1966366,1997394,2026-07-15,2026-03-31,True,204463.56,2941.73,0.0
H6MI07298,C00916809,1966366,1966366,2026-04-15,2026-03-31,False,204463.56,2941.73,0.0
H6MI07298,C00916809,1997396,2001727,2026-07-23,2026-06-30,True,389925.15,105.0,0.0
H6MI07298,C00916809,1997396,1997396,2026-07-15,2026-06-30,False,390425.15,105.0,0.0
H6MI08312,C00951830,2007285,2007285,2026-08-18,2026-06-30,True,1870.00,5.0,4600.0
H6MI09245,C00919902,1962623,1962623,2026-04-14,2026-03-31,True,2520.00,0.0,0.0
H6MI09245,C00919902,1996980,1996980,2026-07-15,2026-06-30,True,5058.69,0.0,0.0
H6MI10276,C00901678,1902721,1902721,2025-07-15,2025-06-30,True,253804.29,0.0,0.0
H6MI10276,C00901678,1921063,1921063,2025-10-15,2025-09-30,True,165496.49,0.0,0.0
H6MI10276,C00901678,1942163,1942163,2026-01-31,2025-12-31,True,201057.94,0.0,0.0
H6MI10276,C00901678,1965552,1965552,2026-04-15,2026-03-31,True,218047.57,0.0,0.0
H6MI10276,C00901678,1994964,1994964,2026-07-15,2026-06-30,True,248413.94,0.0,0.0
H6MI10359,C00925743,1940802,1940802,2026-01-30,2025-12-31,True,550591.24,0.0,0.0
H6MI10359,C00925743,1963104,1963104,2026-04-15,2026-03-31,True,390707.84,0.0,0.0
H6MI10359,C00925743,1997079,1997079,2026-07-15,2026-06-30,True,321822.16,0.0,0.0
H6MI11191,C00904581,1902232,1902232,2025-07-15,2025-06-30,True,389808.33,0.0,0.0
H6MI11191,C00904581,1920615,1920615,2025-10-15,2025-09-30,True,175405.59,0.0,0.0
H6MI11191,C00904581,1940537,1940537,2026-01-30,2025-12-31,True,132121.01,0.0,0.0
H6MI11191,C00904581,1965808,1965808,2026-04-15,2026-03-31,True,177491.65,7000.0,0.0
H6MI11191,C00904581,1996350,1996350,2026-07-15,2026-06-30,True,161481.34,0.0,0.0
H6MI11290,C00942508,1997782,1997782,2026-07-15,2026-06-30,True,113601.00,0.0,0.0
H6MI13254,C00903591,1901439,1901439,2025-07-15,2025-06-30,True,247781.94,0.0,0.0
H6MI13254,C00903591,1919734,1919734,2025-10-15,2025-09-30,True,208493.83,0.0,0.0
H6MI13254,C00903591,1941818,1941818,2026-01-31,2025-12-31,True,211544.73,0.0,0.0
H6MI13254,C00903591,1963258,1963258,2026-04-15,2026-03-31,True,189334.17,0.0,0.0
H6MI13254,C00903591,1995331,1995331,2026-07-15,2026-06-30,True,238755.78,0.0,0.0
H6MN01190,C00902684,1902007,1902007,2025-07-15,2025-06-30,False,260789.78,1241.8,0.0
H6MN01190,C00902684,1902007,1921480,2025-10-15,2025-06-30,False,261422.40,1241.8,0.0
H6MN01190,C00902684,1902007,1927486,2025-12-04,2025-06-30,True,261422.40,1241.8,0.0
H6MN01190,C00902684,1921486,1932108,2026-01-12,2025-09-30,True,220895.44,3125.5,0.0
H6MN01190,C00902684,1921486,1921486,2025-10-15,2025-09-30,False,225395.44,3125.5,0.0
H6MN01190,C00902684,1943834,1943834,2026-01-31,2025-12-31,False,218438.17,1004.5,0.0
H6MN01190,C00902684,1943834,1961589,2026-04-14,2025-12-31,True,218438.17,1004.5,0.0
H6MN01190,C00902684,1967633,1967633,2026-04-15,2026-03-31,True,446881.08,0.0,0.0
H6MN01190,C00902684,1996827,1996827,2026-07-15,2026-06-30,True,598897.29,0.0,0.0
H6MN02230,C00903807,1903354,1903354,2025-07-15,2025-06-30,True,191400.37,0.0,115000.0
H6MN02230,C00903807,1921614,1921614,2025-10-15,2025-09-30,True,111511.50,0.0,40000.0
H6MN02230,C00903807,1943842,1943842,2026-01-31,2025-12-31,False,125931.80,0.0,0.0
H6MN02230,C00903807,1943842,1967477,2026-04-15,2025-12-31,True,125931.80,0.0,0.0
H6MN02230,C00903807,1967572,1967572,2026-04-15,2026-03-31,True,122963.13,7000.0,0.0
H6MN02230,C00903807,1995960,1995960,2026-07-15,2026-06-30,False,148498.23,0.0,0.0
H6MN02230,C00903807,1995960,1998409,2026-07-16,2026-06-30,True,148498.23,0.0,0.0
H6MN02263,C00912824,1920598,1920598,2025-10-15,2025-09-30,True,54341.64,0.0,105000.0
H6MN02263,C00912824,1940031,1940031,2026-01-30,2025-12-31,True,46821.75,0.0,0.0
H6MN02263,C00912824,1965442,1965442,2026-04-15,2026-03-31,True,50763.09,0.0,0.0
H6MN02263,C00912824,1995582,1995582,2026-07-15,2026-06-30,True,152788.48,7100.0,0.0
H6MN04293,C00939181,1998325,1998325,2026-07-16,2026-06-30,True,18004.00,0.0,0.0
H6MN05357,C00924639,1941432,1941432,2026-01-30,2025-12-31,False,64413.83,0.0,0.0
H6MN05357,C00924639,1941432,1959436,2026-04-09,2025-12-31,True,90407.94,0.0,0.0
H6MN05357,C00924639,1959437,1959437,2026-04-09,2026-03-31,False,297625.00,0.0,0.0
H6MN05357,C00924639,1959437,1986602,2026-06-25,2026-03-31,True,297625.00,0.0,0.0
H6MN05357,C00924639,1994585,1994585,2026-07-15,2026-06-30,True,357662.16,0.0,0.0
H6MN06215,C00909531,1924977,1924977,2025-11-16,2025-09-30,False,40551.95,23310.63,0.0
H6MN06215,C00909531,1924977,1952334,2026-03-09,2025-09-30,True,40555.95,23310.63,0.0
H6MN06215,C00909531,1941449,1953663,2026-03-17,2025-12-31,True,15982.66,40.0,50000.0
H6MN06215,C00909531,1941449,1941449,2026-01-30,2025-12-31,False,16022.66,0.0,50000.0
H6MN06215,C00909531,1965985,1965985,2026-04-15,2026-03-31,True,105866.87,0.0,0.0
H6MN06215,C00909531,1995126,1995126,2026-07-15,2026-06-30,True,154123.99,0.0,0.0
H6MN07312,C00899344,1885839,1921563,2025-10-15,2025-03-31,True,16727.35,1429.6,0.0
H6MN07312,C00899344,1885839,1885839,2025-04-14,2025-03-31,False,16727.35,465.0,0.0
H6MN07312,C00899344,1903514,1903514,2025-07-15,2025-06-30,False,31761.44,54.14,0.0
H6MN07312,C00899344,1903514,1921574,2025-10-15,2025-06-30,True,30949.44,3290.24,0.0
H6MN07312,C00899344,1921596,1921596,2025-10-15,2025-09-30,True,58317.22,3277.4,0.0
H6MN07312,C00899344,1938408,1938408,2026-01-30,2025-12-31,True,43707.34,2713.9,0.0
H6MN07312,C00899344,1961504,1961504,2026-04-14,2026-03-31,True,46841.00,5052.6,0.0
H6MN07312,C00899344,1989844,1989844,2026-07-10,2026-06-30,True,86170.83,8473.0,0.0
H6MN08179,C00933382,1965891,1965891,2026-04-15,2026-03-31,False,47226.00,0.0,0.0
H6MN08179,C00933382,1965891,1970411,2026-04-20,2026-03-31,True,47226.00,0.0,0.0
H6MN08179,C00933382,1995418,2002903,2026-07-30,2026-06-30,True,220032.68,0.0,0.0
H6MN08179,C00933382,1995418,1995418,2026-07-15,2026-06-30,False,220032.68,0.0,0.0
H6MO02343,C00921528,1935646,1935646,2026-01-26,2025-12-31,True,418620.50,0.0,0.0
H6MO02343,C00921528,1964107,1964107,2026-04-15,2026-03-31,True,360943.21,409.64,0.0
H6MO02343,C00921528,1996169,1996169,2026-07-15,2026-06-30,True,286071.19,0.0,0.0
H6MO05254,C00899161,1906417,1906417,2025-07-28,2025-06-30,True,2441.09,3158.97,0.0
H6MO05254,C00899161,1917799,1917799,2025-10-06,2025-09-30,True,9791.00,0.0,0.0
H6MO05254,C00899161,1932524,1932524,2026-01-13,2025-12-31,True,3041.00,5398.65,0.0
H6MO05254,C00899161,1965081,1965081,2026-04-15,2026-03-31,True,12160.72,0.0,0.0
H6MO05254,C00899161,1991473,1991473,2026-07-13,2026-06-30,True,3501.77,0.0,0.0
H6MO06260,C00900233,1885315,1885315,2025-04-11,2025-03-31,False,1475.00,329.64,0.0
H6MO06260,C00900233,1885315,1901220,2025-07-14,2025-03-31,False,1475.00,329.64,0.0
H6MO06260,C00900233,1885315,1995563,2026-07-15,2025-03-31,True,1475.00,329.64,0.0
H6MO06260,C00900233,1901255,1901255,2025-07-15,2025-06-30,False,4063.00,1399.61,0.0
H6MO06260,C00900233,1901255,1971467,2026-04-28,2025-06-30,False,4238.00,1399.61,0.0
H6MO06260,C00900233,1901255,1917607,2025-10-05,2025-06-30,False,4238.00,1399.61,0.0
H6MO06260,C00900233,1901255,1995593,2026-07-15,2025-06-30,True,4238.00,1399.61,0.0
H6MO06260,C00900233,1918944,1971468,2026-04-28,2025-09-30,False,11750.00,2007.04,0.0
H6MO06260,C00900233,1918944,1995614,2026-07-15,2025-09-30,True,11750.00,2007.04,0.0
H6MO06260,C00900233,1918944,1918944,2025-10-13,2025-09-30,False,11750.00,2007.04,0.0
H6MO06260,C00900233,1934892,1971469,2026-04-28,2025-12-31,False,3481.00,1310.67,0.0
H6MO06260,C00900233,1934892,1934892,2026-01-23,2025-12-31,False,3481.00,1310.67,0.0
H6MO06260,C00900233,1934892,1995624,2026-07-15,2025-12-31,True,3481.00,1310.67,0.0
H6MO06260,C00900233,1963553,1963553,2026-04-15,2026-03-31,False,18945.32,1110.5,0.0
H6MO06260,C00900233,1963553,1995644,2026-07-15,2026-03-31,False,19015.58,1110.5,0.0
H6MO06260,C00900233,1963553,1971470,2026-04-28,2026-03-31,False,18945.32,1110.5,0.0
H6MO06260,C00900233,1963553,2010290,2026-08-31,2026-03-31,True,19019.50,1110.5,0.0
H6MO06260,C00900233,1995655,1995655,2026-07-15,2026-06-30,False,20987.26,1739.86,0.0
H6MO06260,C00900233,1995655,2010291,2026-08-31,2026-06-30,True,20831.26,1739.86,0.0
H6MO06310,C00945832,1996172,1996172,2026-07-15,2026-06-30,True,498596.00,0.0,0.0
H6MO08183,C00933739,1960333,1960333,2026-04-12,2026-03-31,True,2143.41,0.0,109.27
H6MO08183,C00933739,1988383,1988383,2026-07-06,2026-06-30,True,3028.54,0.0,0.0
H6MS01131,C00573980,1886854,1886854,2025-04-15,2025-03-31,True,47013.28,0.0,0.0
H6MS01131,C00573980,1901712,1901712,2025-07-15,2025-06-30,True,82482.52,0.0,0.0
H6MS01131,C00573980,1920523,1920523,2025-10-15,2025-09-30,True,108846.99,0.0,0.0
H6MS01131,C00573980,1939929,1939929,2026-01-30,2025-12-31,True,41479.26,0.0,0.0
H6MS01131,C00573980,1950712,1950712,2026-02-26,2026-02-18,True,59532.00,0.0,0.0
H6MS01131,C00573980,1964286,1964286,2026-04-15,2026-03-31,True,99016.00,0.0,0.0
H6MS01131,C00573980,1995804,1995804,2026-07-15,2026-06-30,True,65184.60,0.0,0.0
H6MS01313,C00922039,1941595,1941595,2026-01-31,2025-12-31,True,252963.62,10500.0,0.0
H6MS01313,C00922039,1950657,1950657,2026-02-26,2026-02-18,True,41127.28,0.0,0.0
H6MS01313,C00922039,1964625,1964625,2026-04-15,2026-03-31,True,64793.90,0.0,0.0
H6MS01313,C00922039,1997778,1997778,2026-07-15,2026-06-30,True,165989.86,11368.76,0.0
H6MS03228,C00907386,1918770,1936093,2026-01-27,2025-09-30,True,5983.34,0.0,0.0
H6MS03228,C00907386,1918770,1918770,2025-10-13,2025-09-30,False,5983.34,0.0,0.0
H6MS03228,C00907386,1942178,1942178,2026-01-31,2025-12-31,True,49863.57,205.0,0.0
H6MS03228,C00907386,1950737,1950737,2026-02-26,2026-02-18,False,22710.86,22.0,0.0
H6MS03228,C00907386,1950737,1965837,2026-04-15,2026-02-18,True,22810.86,22.0,0.0
H6MS03228,C00907386,1966772,1966772,2026-04-15,2026-03-31,False,21213.70,100.0,0.0
H6MS03228,C00907386,1966772,2002801,2026-07-29,2026-03-31,True,21213.70,100.0,0.0
H6MS03228,C00907386,1966772,1970711,2026-04-22,2026-03-31,False,21213.70,100.0,0.0
H6MS03228,C00907386,1996478,1996478,2026-07-15,2026-06-30,True,34951.80,300.0,17149.09
H6MS04242,C00931386,1962753,1962753,2026-04-15,2026-03-31,False,2225.00,0.0,0.0
H6MS04242,C00931386,1962753,1991470,2026-07-13,2026-03-31,True,9595.36,0.0,0.0
H6MS04242,C00931386,1962753,1971790,2026-04-30,2026-03-31,False,9595.36,0.0,0.0
H6MS04242,C00931386,1991477,1991477,2026-07-13,2026-06-30,True,15349.82,0.0,3500.0
H6MT01137,C00932822,1966983,1983444,2026-06-15,2026-03-31,True,394310.34,1010.0,0.0
H6MT01137,C00932822,1966983,1966983,2026-04-15,2026-03-31,False,395320.34,0.0,0.0
H6MT01137,C00932822,1978696,1983445,2026-06-15,2026-05-13,True,220061.42,180.45,0.0
H6MT01137,C00932822,1978696,1978696,2026-05-21,2026-05-13,False,220241.87,0.0,0.0
H6MT01137,C00932822,1993326,1993326,2026-07-15,2026-06-30,True,604276.97,76.73,0.0
H6MT01152,C00941575,1964450,1964450,2026-04-15,2026-03-31,False,278161.71,0.0,0.0
H6MT01152,C00941575,1964450,2007678,2026-08-19,2026-03-31,True,278161.71,0.0,0.0
H6MT01152,C00941575,1978516,1978516,2026-05-21,2026-05-13,True,199890.06,0.0,0.0
H6MT01152,C00941963,1982204,1982204,2026-06-10,2026-06-10,True,0.00,0.0,0.0
H6MT01152,C00941575,1995117,1995117,2026-07-15,2026-06-30,True,346127.70,0.0,0.0
H6MT02150,C00922831,1922239,1922239,2025-10-17,2025-09-30,True,7261.64,2561.64,0.0
H6MT02150,C00922831,1943969,1943969,2026-01-31,2025-12-31,True,400.00,0.0,0.0
H6MT02150,C00922831,1966390,1966390,2026-04-15,2026-03-31,True,2735.00,2260.0,0.0
H6MT02150,C00922831,1981060,1981060,2026-06-03,2026-05-13,True,975.00,0.0,0.0
H6MT02150,C00922831,1998313,1998313,2026-07-16,2026-06-30,True,1967.27,10.0,0.0
H6NC03229,C00930784,1948456,1948456,2026-02-20,2026-02-11,True,51006.51,0.0,0.0
H6NC03229,C00930784,1967412,1967412,2026-04-15,2026-03-31,True,47410.25,0.0,0.0
H6NC03229,C00930784,1997919,1997919,2026-07-15,2026-06-30,True,87735.85,100.0,0.0
H6NC06164,C00907576,1923272,1923272,2025-10-21,2025-09-30,True,93111.45,0.0,0.0
H6NC06164,C00907576,1938221,1938221,2026-01-29,2025-12-31,True,20495.00,0.0,0.0
H6NC06164,C00907576,1948447,1948447,2026-02-19,2026-02-11,True,15978.50,0.0,0.0
H6NC06164,C00907576,1965620,1965620,2026-04-15,2026-03-31,True,10875.36,0.0,0.0
H6NC06164,C00907576,1994939,1994939,2026-07-15,2026-06-30,False,40611.11,0.0,0.0
H6NC06164,C00907576,1994939,2010058,2026-08-28,2026-06-30,True,40611.11,0.0,0.0
H6NC07196,C00909804,1921714,1921714,2025-10-15,2025-09-30,True,83855.20,0.0,0.0
H6NC07196,C00909804,1939260,1939260,2026-01-30,2025-12-31,True,32280.92,0.0,0.0
H6NC07196,C00909804,1946774,1946774,2026-02-16,2026-02-11,True,19506.92,0.0,0.0
H6NC07196,C00909804,1966216,1966216,2026-04-15,2026-03-31,True,61849.63,0.0,0.0
H6NC07196,C00909804,1997369,1997369,2026-07-15,2026-06-30,True,86498.30,0.0,0.0
H6NC08202,C00920652,1918948,1918948,2025-10-13,2025-09-30,True,0.00,1000.0,0.0
H6NC08202,C00920652,1941523,1941523,2026-01-31,2025-12-31,True,1660.00,1950.0,0.0
H6NC08202,C00920652,1948036,1948036,2026-02-19,2026-02-11,True,1015.64,7000.0,0.0
H6NC08202,C00920652,1962114,1962114,2026-04-14,2026-03-31,True,2976.16,10500.0,0.0
H6NC08202,C00920652,1989755,1989755,2026-07-10,2026-06-30,True,4757.65,5010.0,0.0
H6NC09218,C00896357,1884838,1884838,2025-04-10,2025-03-31,True,333349.69,0.0,0.0
H6NC09218,C00896357,1902758,1902758,2025-07-15,2025-06-30,True,417268.39,0.0,0.0
H6NC09218,C00896357,1920042,1920042,2025-10-15,2025-09-30,True,359423.98,0.0,0.0
H6NC09218,C00896357,1943294,1948428,2026-02-19,2025-12-31,True,301621.50,0.0,0.0
H6NC09218,C00896357,1943294,1943294,2026-01-31,2025-12-31,False,299606.50,0.0,0.0
H6NC09218,C00896357,1948438,1948438,2026-02-19,2026-02-11,True,195986.47,0.0,0.0
H6NC09218,C00896357,1963388,1963388,2026-04-15,2026-03-31,True,302450.79,0.0,0.0
H6NC09218,C00896357,1997273,1997273,2026-07-15,2026-06-30,True,308565.30,0.0,0.0
H6NC10174,C00901934,1902701,1902701,2025-07-15,2025-06-30,True,1288.00,712.5,0.0
H6NC10174,C00901934,1923260,1991531,2026-07-14,2025-09-30,True,3556.00,750.0,0.0
H6NC10174,C00901934,1923260,1923260,2025-10-21,2025-09-30,False,3556.00,750.0,0.0
H6NC10174,C00901934,1932464,1932464,2026-01-13,2025-12-31,True,1205.00,0.0,5000.0
H6NC10174,C00901934,1948406,1948406,2026-02-19,2026-02-11,False,2692.00,0.0,3486.0
H6NC10174,C00901934,1948406,1991539,2026-07-14,2026-02-11,True,4774.00,0.0,8486.0
H6NC10174,C00901934,1964376,1964376,2026-04-15,2026-03-31,True,7459.36,0.0,0.0
H6NC10174,C00901934,1990794,1991481,2026-07-13,2026-06-30,True,45715.68,0.0,0.0
H6NC10174,C00901934,1990794,1990794,2026-07-13,2026-06-30,False,45715.68,0.0,0.0
H6NC11248,C00914119,1920371,1920371,2025-10-15,2025-09-30,True,332512.21,0.0,0.0
H6NC11248,C00914119,1942688,1942688,2026-01-31,2025-12-31,False,363294.70,0.0,0.0
H6NC11248,C00914119,1942688,1995819,2026-07-15,2025-12-31,True,363294.70,0.0,0.0
H6NC11248,C00914119,1948430,1948430,2026-02-19,2026-02-11,True,199517.98,0.0,0.0
H6NC11248,C00914119,1964371,1964371,2026-04-15,2026-03-31,True,646884.75,0.0,0.0
H6NC11248,C00914119,1995850,1995850,2026-07-15,2026-06-30,True,1257491.80,0.0,0.0
H6NC12113,C00926840,1941487,1941487,2026-01-30,2025-12-31,True,1041.81,53.48,3000.0
H6NC12113,C00926840,1950296,1950296,2026-02-24,2026-02-11,True,5916.85,0.0,0.0
H6NC12113,C00926840,1967785,1967785,2026-04-16,2026-03-31,True,5088.81,0.0,0.0
H6NC12113,C00926840,1998147,1998147,2026-07-16,2026-06-30,True,13602.81,0.0,0.0
H6NC13228,C00906057,1902741,1902741,2025-07-15,2025-06-30,True,97337.49,0.0,106000.0
H6NC13228,C00906057,1920519,1920519,2025-10-15,2025-09-30,True,85311.70,122730.81,0.0
H6NC13228,C00906057,1939900,1956826,2026-03-31,2025-12-31,True,71911.06,6257.57,122000.0
H6NC13228,C00906057,1939900,1939900,2026-01-30,2025-12-31,False,71911.06,6257.57,122000.0
H6NC13228,C00906057,1948246,1948246,2026-02-19,2026-02-11,True,8160.00,0.0,0.0
H6NC13228,C00906057,1964403,1964403,2026-04-15,2026-03-31,True,82890.19,4704.18,92000.0
H6NC13228,C00906057,1995896,1995896,2026-07-15,2026-06-30,True,206803.14,8153.64,0.0
H6NC14069,C00929034,1955140,1955140,2026-03-20,2025-12-31,True,275.00,0.0,0.0
H6NC14069,C00929034,1962772,1962772,2026-04-15,2026-03-31,True,11037.19,0.0,0.0
H6NC14069,C00929034,1998154,1998154,2026-07-16,2026-06-30,True,11376.04,0.0,0.0
H6NE01143,C00925750,1943862,1943862,2026-01-31,2025-12-31,True,149247.40,4022.0,0.0
H6NE01143,C00925750,1967545,1967545,2026-04-15,2026-03-31,False,111305.00,0.0,50000.0
H6NE01143,C00925750,1967545,1971823,2026-04-30,2026-03-31,True,111405.00,0.0,50000.0
H6NE01143,C00925750,1971830,1971830,2026-04-30,2026-04-22,True,26837.00,168.11,0.0
H6NE01143,C00925750,1994693,1994693,2026-07-15,2026-06-30,True,175424.23,129.33,50000.0
H6NE02174,C00903948,1901497,1901497,2025-07-15,2025-06-30,False,413239.66,7000.0,0.0
H6NE02174,C00903948,1901497,1906403,2025-07-28,2025-06-30,True,413239.66,7000.0,0.0
H6NE02174,C00903948,1920593,1920593,2025-10-15,2025-09-30,True,295290.20,0.0,0.0
H6NE02174,C00903948,1938517,1938517,2026-01-30,2025-12-31,True,271313.63,0.0,0.0
H6NE02174,C00903948,1966898,1966898,2026-04-15,2026-03-31,True,394165.86,5209.76,0.0
H6NE02174,C00903948,1971982,1971982,2026-04-30,2026-04-22,True,71193.35,0.0,50000.0
H6NE02174,C00903948,1995852,1995852,2026-07-15,2026-06-30,True,842645.29,2823.45,0.0
H6NE02208,C00909515,1920470,1920470,2025-10-15,2025-09-30,True,553227.90,0.0,0.0
H6NE02208,C00909515,1941909,1941909,2026-01-31,2025-12-31,True,304400.79,0.0,0.0
H6NE02208,C00909515,1965105,1965105,2026-04-15,2026-03-31,True,238107.76,0.0,0.0
H6NE02208,C00909515,1971888,1971888,2026-04-30,2026-04-22,True,34303.55,0.0,0.0
H6NE02208,C00909812,1980270,1980270,2026-05-29,2026-05-29,True,0.00,0.0,0.0
H6NE02208,C00909515,1995453,1995453,2026-07-15,2026-06-30,True,238166.51,3500.0,0.0
H6NE02208,C00919449,1992899,1992899,2026-07-14,2026-06-30,True,0.00,0.0,0.0
H6NE03115,C00412890,1885480,1904941,2025-07-19,2025-03-31,False,79444.98,0.0,0.0
H6NE03115,C00412890,1885480,1885480,2025-04-12,2025-03-31,False,79444.98,0.0,0.0
H6NE03115,C00412890,1885480,1918755,2025-10-13,2025-03-31,True,79444.98,0.0,0.0
H6NE03115,C00412890,1899777,1899777,2025-07-11,2025-06-30,False,90197.00,0.0,0.0
H6NE03115,C00412890,1899777,1904944,2025-07-19,2025-06-30,False,90197.00,0.0,0.0
H6NE03115,C00412890,1899777,1918757,2025-10-13,2025-06-30,True,90197.00,0.0,0.0
H6NE03115,C00412890,1920165,1920165,2025-10-15,2025-09-30,True,76992.99,0.0,0.0
H6NE03115,C00412890,1941521,1941521,2026-01-31,2025-12-31,True,66672.37,0.0,0.0
H6NE03115,C00412890,1960709,1960709,2026-04-13,2026-03-31,True,31050.00,0.0,0.0
H6NE03115,C00412890,1971815,1971815,2026-04-30,2026-04-22,True,13875.00,0.0,0.0
H6NE03115,C00412890,1991010,1991010,2026-07-13,2026-06-30,False,28513.59,0.0,0.0
H6NE03115,C00412890,1991010,2002714,2026-07-29,2026-06-30,True,28513.59,0.0,0.0
H6NE03180,C00903401,1903036,1903036,2025-07-15,2025-06-30,True,80.26,0.0,28080.66
H6NE03180,C00903401,1930056,1930056,2025-12-25,2025-09-30,True,1787.12,0.0,3849.18
H6NE03180,C00903401,1932523,1932523,2026-01-13,2025-12-31,True,5823.90,0.0,1958.0
H6NE03180,C00903401,1966542,1966542,2026-04-15,2026-03-31,True,1161.30,0.0,2843.0
H6NE03180,C00903401,1971967,1971967,2026-04-30,2026-04-22,True,722.91,0.0,0.0
H6NE03180,C00903401,2000895,2000895,2026-07-20,2026-06-30,True,8745.16,0.0,0.0
H6NH01321,C00906446,1902502,1902502,2025-07-15,2025-06-30,True,496786.02,7000.0,0.0
H6NH01321,C00906446,1920942,1920942,2025-10-15,2025-09-30,True,345482.28,0.0,0.0
H6NH01321,C00906446,1943598,1943598,2026-01-31,2025-12-31,False,392874.91,0.0,0.0
H6NH01321,C00906446,1943598,1968771,2026-04-17,2025-12-31,True,392874.91,0.0,0.0
H6NH01321,C00906446,1943598,1968523,2026-04-17,2025-12-31,False,392874.91,0.0,0.0
H6NH01321,C00906446,1965927,1965927,2026-04-15,2026-03-31,True,492168.49,0.0,0.0
H6NH01321,C00906446,1997438,1997438,2026-07-15,2026-06-30,True,386249.20,0.0,0.0
H6NH01420,C00923367,1941027,1941027,2026-01-30,2025-12-31,True,397648.85,0.0,450000.0
H6NH01420,C00923367,1965783,1986896,2026-06-29,2026-03-31,True,92188.64,0.0,350000.0
H6NH01420,C00923367,1965783,1965783,2026-04-15,2026-03-31,False,92188.64,0.0,350000.0
H6NH01420,C00923367,1996188,1996188,2026-07-15,2026-06-30,True,177939.60,0.0,850000.0
H6NJ02251,C00939280,1966787,1966787,2026-04-15,2026-03-31,True,164340.00,0.0,110000.0
H6NJ02251,C00939280,1978563,1978563,2026-05-21,2026-05-13,True,30808.00,0.0,0.0
H6NJ02251,C00939280,1996403,1996403,2026-07-15,2026-06-30,True,151715.28,0.0,0.0
H6NJ03184,C00932319,1941249,1941249,2026-01-30,2025-12-31,True,0.00,0.0,0.0
H6NJ03184,C00932319,1962811,1962811,2026-04-15,2026-03-31,True,34160.00,0.0,20500.0
H6NJ03184,C00932319,1978409,1978409,2026-05-21,2026-05-13,True,15855.00,0.0,0.0
H6NJ03184,C00932319,1995647,1995647,2026-07-15,2026-06-30,True,8175.00,0.0,500.0
H6NJ04257,C00933846,1962951,1962951,2026-04-15,2026-03-31,True,8058.00,0.0,6711.97
H6NJ04257,C00933846,1976778,1976778,2026-05-20,2026-05-13,True,8804.00,0.0,0.0
H6NJ04257,C00933846,1990810,1990810,2026-07-13,2026-06-30,True,10778.00,0.0,0.0
H6NJ05171,C00573949,1887996,1887996,2025-04-15,2025-03-31,True,34140.44,0.0,0.0
H6NJ05171,C00573949,1903277,1903277,2025-07-15,2025-06-30,True,52421.07,0.0,0.0
H6NJ05171,C00573949,1921470,1921470,2025-10-15,2025-09-30,True,294651.10,0.0,0.0
H6NJ05171,C00573949,1943218,1943218,2026-01-31,2025-12-31,True,733596.05,0.0,0.0
H6NJ05171,C00573949,1965195,1965195,2026-04-15,2026-03-31,False,772393.16,0.0,0.0
H6NJ05171,C00573949,1965195,1978357,2026-05-21,2026-03-31,True,769893.16,0.0,0.0
H6NJ05171,C00573949,1978381,1978381,2026-05-21,2026-05-13,True,395931.13,0.0,0.0
H6NJ05171,C00573949,1996889,1996889,2026-07-15,2026-06-30,True,967223.00,0.0,0.0
H6NJ05221,C00918342,1966626,1966626,2026-04-15,2025-12-31,True,3894.34,101.0,4872.11
H6NJ05221,C00918342,1966632,1966632,2026-04-15,2026-03-31,True,15942.46,0.0,3162.2
H6NJ05221,C00918342,1978616,1978616,2026-05-21,2026-05-13,True,2338.00,0.0,10109.91
H6NJ05221,C00918342,1997345,1997345,2026-07-15,2026-06-30,True,8427.97,0.0,6808.35
H6NJ06286,C00927335,1935200,1935200,2026-01-25,2025-12-31,True,0.00,0.0,1600.0
H6NJ06286,C00927335,1964186,1964186,2026-04-15,2026-03-31,True,1971.79,0.0,0.0
H6NJ06286,C00927335,1978484,1978484,2026-05-21,2026-05-13,True,1266.13,145.0,0.0
H6NJ06286,C00927335,1993817,1993817,2026-07-15,2026-06-30,True,1621.18,0.0,1041.02
H6NJ07201,C00897165,1885825,1885825,2025-04-14,2025-03-31,True,421718.30,0.0,0.0
H6NJ07201,C00897165,1902998,1902998,2025-07-15,2025-06-30,True,453874.72,0.0,0.0
H6NJ07201,C00897165,1920895,1920895,2025-10-15,2025-09-30,True,453177.29,0.0,0.0
H6NJ07201,C00897165,1941981,1941981,2026-01-31,2025-12-31,True,492462.87,0.0,0.0
H6NJ07201,C00897165,1964998,1964998,2026-04-15,2026-03-31,True,658758.58,0.0,0.0
H6NJ07201,C00897165,1978509,1978509,2026-05-21,2026-05-13,True,268181.06,0.0,0.0
H6NJ07201,C00897165,1995184,1995184,2026-07-15,2026-06-30,True,1154089.56,0.0,0.0
H6NJ09264,C00911339,1921680,1921680,2025-10-15,2025-09-30,True,154364.35,0.0,0.0
H6NJ09264,C00911339,1943292,1943292,2026-01-31,2025-12-31,True,93400.87,0.0,0.0
H6NJ09264,C00911339,1966716,1966716,2026-04-15,2026-03-31,True,78864.44,0.0,0.0
H6NJ09264,C00911339,1978794,1978794,2026-05-21,2026-05-13,True,29883.27,0.0,0.0
H6NJ09264,C00895045,1985613,1985613,2026-06-19,2026-06-19,True,0.00,0.0,0.0
H6NJ09264,C00911339,1996340,1996340,2026-07-15,2026-06-30,True,20267.19,0.0,0.0
H6NJ11211,C00921809,1935064,1970497,2026-04-21,2026-01-16,True,244638.18,0.0,0.0
H6NJ11211,C00921809,1935064,1935064,2026-01-24,2026-01-16,False,244638.18,0.0,0.0
H6NJ11211,C00921809,1957765,1957765,2026-04-04,2026-03-27,False,249914.91,0.0,0.0
H6NJ11211,C00921809,1957765,1970505,2026-04-21,2026-03-27,True,249914.91,0.0,0.0
H6NJ11211,C00921809,1968053,1968053,2026-04-16,2026-03-31,True,0.00,0.0,0.0
H6NJ11211,C00921809,1975313,1975313,2026-05-15,2026-05-06,True,88578.45,0.0,0.0
H6NJ11211,C00921809,1978456,1978456,2026-05-21,2026-05-13,False,0.00,0.0,0.0
H6NJ11211,C00921809,1978456,2003892,2026-08-04,2026-05-13,True,0.00,0.0,0.0
H6NJ11211,C00921809,1992681,1992681,2026-07-14,2026-06-30,True,32579.46,0.0,0.0
H6NJ11286,C00927681,1934933,1972607,2026-05-04,2026-01-16,True,373618.19,3500.0,0.0
H6NJ11286,C00927681,1934933,1934933,2026-01-23,2026-01-16,False,373618.19,3500.0,0.0
H6NJ11286,C00927681,1934933,1951443,2026-03-03,2026-01-16,False,373618.19,3500.0,0.0
H6NJ11286,C00927681,1957677,1957677,2026-04-03,2026-03-27,False,570808.60,3500.0,0.0
H6NJ11286,C00927681,1957677,1972609,2026-05-04,2026-03-27,True,570808.60,3500.0,0.0
H6NJ11286,C00927681,1966910,1990867,2026-07-13,2026-03-31,True,25437.26,0.0,0.0
H6NJ11286,C00927681,1966910,1966910,2026-04-15,2026-03-31,False,25437.26,0.0,0.0
H6NJ11286,C00927681,1975294,1990917,2026-07-13,2026-05-06,True,222682.60,0.0,0.0
H6NJ11286,C00927681,1975294,1975294,2026-05-15,2026-05-06,False,222682.60,0.0,0.0
H6NJ11286,C00927681,1978629,1978629,2026-05-21,2026-05-13,False,65576.46,0.0,0.0
H6NJ11286,C00927681,1978629,1990941,2026-07-13,2026-05-13,True,65576.46,0.0,0.0
H6NJ11286,C00927681,1995621,1995621,2026-07-15,2026-06-30,True,195045.75,0.0,0.0
H6NJ12417,C00934588,1967132,1967132,2026-04-15,2026-03-31,True,537915.40,0.0,0.0
H6NJ12417,C00934588,1978553,1978553,2026-05-21,2026-05-13,False,459503.73,0.0,0.0
H6NJ12417,C00934588,1978553,2006163,2026-08-13,2026-05-13,True,459503.73,0.0,0.0
H6NJ12417,C00934588,1996265,2006167,2026-08-13,2026-06-30,True,474446.30,0.0,0.0
H6NJ12417,C00934588,1996265,2006077,2026-08-13,2026-06-30,False,474446.30,0.0,0.0
H6NJ12417,C00934588,1996265,1996265,2026-07-15,2026-06-30,False,479446.30,0.0,0.0
H6NM01129,C00908509,1903053,1903053,2025-07-15,2025-06-30,True,200.00,0.0,0.0
H6NM01129,C00908509,1921118,1923611,2025-10-27,2025-09-30,True,15282.18,0.0,0.0
H6NM01129,C00908509,1921118,1921118,2025-10-15,2025-09-30,False,15282.18,0.0,0.0
H6NM01129,C00908509,1943147,1943147,2026-01-31,2025-12-31,True,3819.78,0.0,0.0
H6NM01129,C00908509,1965160,1965160,2026-04-15,2026-03-31,True,34249.45,0.0,0.0
H6NM01129,C00908509,1978505,1978505,2026-05-21,2026-05-13,True,22334.18,0.0,0.0
H6NM01129,C00908509,1997468,1997468,2026-07-15,2026-06-30,True,22554.47,0.0,0.0
H6NM02127,C00921791,1941936,1941936,2026-01-31,2025-12-31,True,171747.88,0.0,0.0
H6NM02127,C00921791,1966332,1966332,2026-04-15,2026-03-31,True,215696.85,0.0,0.0
H6NM02127,C00921791,1978702,1978702,2026-05-21,2026-05-13,True,211656.94,0.0,0.0
H6NM02127,C00895086,1982199,1982199,2026-06-10,2026-06-10,True,0.00,0.0,0.0
H6NM02127,C00894501,1992908,1992908,2026-07-14,2026-06-30,True,0.00,0.0,0.0
H6NM02127,C00921791,1996446,1996446,2026-07-15,2026-06-30,True,259341.98,0.0,0.0
H6NM03083,C00914010,1919667,1919667,2025-10-15,2025-09-30,True,242065.00,0.0,0.0
H6NM03083,C00914010,1939375,1939375,2026-01-30,2025-12-31,True,115179.88,0.0,0.0
H6NM03083,C00914010,1964959,1964959,2026-04-15,2026-03-31,True,36875.00,0.0,0.0
H6NM03083,C00914010,1978404,1978404,2026-05-21,2026-05-13,True,25675.00,0.0,0.0
H6NM03083,C00914010,1993792,1993792,2026-07-15,2026-06-30,True,6628.21,0.0,0.0
H6NV01331,C00914804,1920464,1920464,2025-10-15,2025-09-30,True,142108.60,1455.66,0.0
H6NV01331,C00914804,1941828,1941828,2026-01-31,2025-12-31,True,351184.99,1180.34,0.0
H6NV01331,C00914804,1963070,1963070,2026-04-15,2026-03-31,True,424802.85,1096.0,0.0
H6NV01331,C00914804,1979996,1979996,2026-05-28,2026-05-20,True,226722.75,0.0,0.0
H6NV01331,C00919456,1992912,1992912,2026-07-14,2026-06-30,True,0.00,0.0,0.0
H6NV01331,C00914804,1993794,1993794,2026-07-15,2026-06-30,True,184958.97,0.0,0.0
H6NV02362,C00939488,1966966,1966966,2026-04-15,2026-03-31,True,37120.50,0.0,20000.0
H6NV02362,C00939488,1980076,1980076,2026-05-28,2026-05-20,True,44985.00,0.0,0.0
H6NV02362,C00939488,1996523,1996523,2026-07-15,2026-06-30,True,131881.02,0.0,0.0
H6NV04020,C00655613,1887333,1932909,2026-01-15,2025-03-31,True,170016.08,0.0,0.0
H6NV04020,C00655613,1887333,1887333,2025-04-15,2025-03-31,False,170016.08,0.0,0.0
H6NV04020,C00655613,1902639,1932920,2026-01-15,2025-06-30,False,425723.67,0.0,0.0
H6NV04020,C00655613,1902639,1902639,2025-07-15,2025-06-30,False,425723.67,0.0,0.0
H6NV04020,C00655613,1902639,1978699,2026-05-21,2025-06-30,True,425723.67,0.0,0.0
H6NV04020,C00655613,1921212,1921212,2025-10-15,2025-09-30,False,423162.82,0.0,0.0
H6NV04020,C00655613,1921212,1932924,2026-01-15,2025-09-30,True,423162.82,0.0,0.0
H6NV04020,C00655613,1942388,1962392,2026-04-14,2025-12-31,True,506820.27,0.0,0.0
H6NV04020,C00655613,1942388,1942388,2026-01-31,2025-12-31,False,506820.27,0.0,0.0
H6NV04020,C00655613,1966131,1978711,2026-05-21,2026-03-31,True,733976.78,0.0,0.0
H6NV04020,C00655613,1966131,1966131,2026-04-15,2026-03-31,False,733976.78,0.0,0.0
H6NV04020,C00655613,1980127,1980127,2026-05-28,2026-05-20,True,252343.38,0.0,0.0
H6NV04020,C00655613,1996284,1996284,2026-07-15,2026-06-30,True,338928.75,0.0,0.0
H6NV04111,C00901827,1902795,1902795,2025-07-15,2025-06-30,True,78140.00,0.0,100000.0
H6NV04111,C00901827,1920135,1920135,2025-10-15,2025-09-30,False,46499.88,5118.88,0.0
H6NV04111,C00901827,1920135,1930399,2026-01-01,2025-09-30,True,46499.88,5118.88,0.0
H6NV04111,C00901827,1943790,1943790,2026-01-31,2025-12-31,True,83374.82,0.0,0.0
H6NV04111,C00901827,1964315,1964315,2026-04-15,2026-03-31,True,96838.02,9249.88,200000.0
H6NV04111,C00901827,1980207,2011022,2026-09-08,2026-05-20,True,120318.33,5750.0,0.0
H6NV04111,C00901827,1980207,1980207,2026-05-29,2026-05-20,False,120318.33,5750.0,0.0
H6NV04111,C00901827,1993871,2011029,2026-09-08,2026-06-30,True,132295.65,0.0,0.0
H6NV04111,C00901827,1993871,1993871,2026-07-15,2026-06-30,False,132295.65,0.0,0.0
H6NY01159,C00914770,1920295,1920295,2025-10-15,2025-09-30,True,212332.62,3500.0,0.0
H6NY01159,C00914770,1943323,1943323,2026-01-31,2025-12-31,True,83503.79,0.0,0.0
H6NY01159,C00914770,1965032,1965032,2026-04-15,2026-03-31,True,116046.50,0.0,0.0
H6NY01159,C00914770,1982747,1996882,2026-07-15,2026-06-03,True,93200.14,0.0,0.0
H6NY01159,C00914770,1982747,1982747,2026-06-11,2026-06-03,False,91983.00,0.0,0.0
H6NY01159,C00914770,1996899,1996899,2026-07-15,2026-06-30,True,127900.02,0.0,0.0
H6NY02140,C00911958,1921289,1924691,2025-11-13,2025-09-30,True,207698.00,7000.0,0.0
H6NY02140,C00911958,1921289,1921289,2025-10-15,2025-09-30,False,207698.00,7000.0,0.0
H6NY02140,C00911958,1943272,1943272,2026-01-31,2025-12-31,True,60320.78,0.0,0.0
H6NY02140,C00911958,1965751,1965751,2026-04-15,2026-03-31,False,91898.76,0.0,0.0
H6NY02140,C00911958,1965751,1982529,2026-06-11,2026-03-31,True,91898.76,0.0,0.0
H6NY02140,C00911958,1982535,1982535,2026-06-11,2026-06-03,True,51029.12,0.0,0.0
H6NY02140,C00911958,1996937,1996937,2026-07-15,2026-06-30,True,33951.48,0.0,0.0
H6NY03247,C00607200,1886799,1886799,2025-04-15,2025-03-31,True,369926.34,0.0,0.0
H6NY03247,C00607200,1902043,1902043,2025-07-15,2025-06-30,True,485758.25,0.0,0.0
H6NY03247,C00607200,1921077,1921077,2025-10-15,2025-09-30,True,735234.24,0.0,0.0
H6NY03247,C00607200,1942628,1942628,2026-01-31,2025-12-31,True,516546.60,0.0,0.0
H6NY03247,C00607200,1964574,1964574,2026-04-15,2026-03-31,True,612080.94,0.0,0.0
H6NY03247,C00607200,1982711,1996215,2026-07-15,2026-06-03,True,678026.61,0.0,0.0
H6NY03247,C00607200,1982711,1982711,2026-06-11,2026-06-03,False,678026.61,0.0,0.0
H6NY03247,C00607200,1996271,1996271,2026-07-15,2026-06-30,True,278037.58,0.0,0.0
H6NY04195,C00937169,1964529,1964529,2026-04-15,2026-03-31,True,11762.00,0.0,76000.0
H6NY04195,C00937169,1982814,1982814,2026-06-11,2026-06-03,True,2318.00,0.0,40000.0
H6NY04195,C00937169,1996211,1996211,2026-07-15,2026-06-30,True,2181.20,5000.0,0.0
H6NY04211,C00948034,1982638,1982638,2026-06-11,2026-06-03,True,46325.74,0.0,0.0
H6NY04211,C00948034,1993389,1993389,2026-07-15,2026-06-30,True,25587.53,0.0,0.0
H6NY07214,C00933515,1963991,1963991,2026-04-15,2026-03-31,True,735180.42,0.0,0.0
H6NY07214,C00933515,1982807,1982807,2026-06-11,2026-06-03,False,558779.01,0.0,0.0
H6NY07214,C00933515,1982807,1982820,2026-06-11,2026-06-03,True,558779.01,0.0,0.0
H6NY07214,C00933515,1995487,1995487,2026-07-15,2026-06-30,True,269904.45,0.0,0.0
H6NY10176,C00930123,1942851,1942851,2026-01-31,2025-12-31,True,623707.18,0.0,0.0
H6NY10176,C00930123,1963560,1967279,2026-04-15,2026-03-31,True,736050.40,0.0,0.0
H6NY10176,C00930123,1963560,1963560,2026-04-15,2026-03-31,False,736050.40,0.0,0.0
H6NY10176,C00930123,1982846,1982846,2026-06-11,2026-06-03,True,851084.22,0.0,0.0
H6NY10176,C00930123,1997300,1997300,2026-07-15,2026-06-30,True,195288.04,0.0,0.0
H6NY11265,C00935742,1966818,1966818,2026-04-15,2026-03-31,False,31959.94,0.0,0.0
H6NY11265,C00935742,1966818,1982481,2026-06-11,2026-03-31,True,34950.94,0.0,0.0
H6NY11265,C00935742,1982483,1982483,2026-06-11,2026-06-03,True,10915.92,0.0,0.0
H6NY11265,C00935742,1996693,1996693,2026-07-15,2026-06-30,True,21748.94,0.0,0.0
H6NY12172,C00918565,1921055,1921055,2025-10-15,2025-09-30,False,702310.00,0.0,0.0
H6NY12172,C00918565,1921055,1982379,2026-06-10,2025-09-30,True,702310.00,0.0,0.0
H6NY12172,C00918565,1921055,1936402,2026-01-28,2025-09-30,False,702310.00,0.0,0.0
H6NY12172,C00918565,1943806,1992985,2026-07-15,2025-12-31,True,669450.26,0.0,0.0
H6NY12172,C00918565,1943806,1982384,2026-06-10,2025-12-31,False,669450.26,0.0,0.0
H6NY12172,C00918565,1943806,1943806,2026-01-31,2025-12-31,False,669450.26,0.0,0.0
H6NY12172,C00918565,1967780,1982392,2026-06-10,2026-03-31,False,692482.00,0.0,0.0
H6NY12172,C00918565,1967780,1967780,2026-04-15,2026-03-31,False,691732.00,0.0,0.0
H6NY12172,C00918565,1967780,1993013,2026-07-15,2026-03-31,True,692482.00,0.0,0.0
H6NY12172,C00918565,1982834,1993017,2026-07-15,2026-06-03,True,543786.12,0.0,0.0
H6NY12172,C00918565,1982834,1982834,2026-06-11,2026-06-03,False,543836.12,0.0,0.0
H6NY12172,C00918565,1993021,1993021,2026-07-15,2026-06-30,True,185946.96,0.0,500000.0
H6NY12404,C00937920,1965949,1965949,2026-04-15,2026-03-31,True,43532.83,1379.32,25000.0
H6NY12404,C00937920,1982759,1982759,2026-06-11,2026-06-03,True,61683.28,0.0,0.0
H6NY12404,C00937920,1996500,1996500,2026-07-15,2026-06-30,True,21505.19,0.0,0.0
H6NY13279,C00927541,1941986,1941986,2026-01-31,2025-12-31,False,131806.35,0.0,0.0
H6NY13279,C00927541,1941986,1966400,2026-04-15,2025-12-31,True,131806.35,0.0,0.0
H6NY13279,C00927541,1966473,1966473,2026-04-15,2026-03-31,False,258526.02,0.0,0.0
H6NY13279,C00927541,1966473,1982782,2026-06-11,2026-03-31,False,258526.02,0.0,0.0
H6NY13279,C00927541,1966473,1997407,2026-07-15,2026-03-31,True,258526.02,0.0,0.0
H6NY13279,C00927541,1982783,1982783,2026-06-11,2026-06-03,False,521118.76,0.0,0.0
H6NY13279,C00927541,1982783,1997412,2026-07-15,2026-06-03,True,523818.76,0.0,0.0
H6NY13279,C00927541,1997421,1997421,2026-07-15,2026-06-30,True,340011.34,0.0,0.0
H6NY14251,C00898593,1887949,1887949,2025-04-15,2025-03-31,True,1930.00,0.0,8888.88
H6NY14251,C00898593,1902904,1902904,2025-07-15,2025-06-30,True,77777.78,0.0,0.0
H6NY14251,C00898593,1921154,1921154,2025-10-15,2025-09-30,True,113737.15,0.0,0.0
H6NY14251,C00898593,1941509,1941509,2026-01-31,2025-12-31,True,70656.14,0.0,0.0
H6NY14251,C00898593,1965647,1965647,2026-04-15,2026-03-31,True,23367.60,0.0,0.0
H6NY14251,C00898593,1982722,1982722,2026-06-11,2026-06-03,True,22288.00,0.0,0.0
H6NY14251,C00898593,1994525,1994525,2026-07-15,2026-06-30,True,23400.42,0.0,0.0
H6NY17171,C00900431,1887389,1887389,2025-04-15,2025-03-31,True,308161.09,7000.0,0.0
H6NY17171,C00900431,1903195,1903195,2025-07-15,2025-06-30,True,468363.99,0.0,0.0
H6NY17171,C00900431,1921203,1921203,2025-10-15,2025-09-30,True,415779.86,0.0,0.0
H6NY17171,C00900431,1943590,1943590,2026-01-31,2025-12-31,True,504729.24,0.0,0.0
H6NY17171,C00900431,1966643,1984896,2026-06-18,2026-03-31,True,660547.86,0.0,0.0
H6NY17171,C00900431,1966643,1966643,2026-04-15,2026-03-31,False,665547.86,0.0,0.0
H6NY17171,C00900431,1982785,1982785,2026-06-11,2026-06-03,True,540208.61,0.0,0.0
H6NY17171,C00900431,1996964,1996964,2026-07-15,2026-06-30,True,808369.60,0.0,0.0
H6NY18252,C00946723,1982683,1982683,2026-06-11,2026-06-03,True,48264.91,0.0,0.0
H6NY18252,C00946723,1996010,1996010,2026-07-15,2026-06-30,True,32633.14,0.0,0.0
H6NY19268,C00921668,1942208,1942208,2026-01-31,2025-12-31,True,175477.90,0.0,130000.0
H6NY19268,C00921668,1966068,2006468,2026-08-14,2026-03-31,True,175648.56,0.0,0.0
H6NY19268,C00921668,1966068,1966068,2026-04-15,2026-03-31,False,175648.56,0.0,0.0
H6NY19268,C00921668,1982766,1982766,2026-06-11,2026-06-03,True,70422.47,0.0,0.0
H6NY19268,C00921668,1996322,1996322,2026-07-15,2026-06-30,True,33547.60,0.0,0.0
H6NY20225,C00935965,1960326,1960326,2026-04-12,2026-03-31,True,8058.92,0.0,0.0
H6NY20225,C00935965,1982831,1982831,2026-06-11,2026-06-03,True,15008.50,0.0,0.0
H6NY20225,C00935965,1991930,1991930,2026-07-14,2026-06-30,True,4623.10,0.0,0.0
H6NY21157,C00892737,1886548,1886548,2025-04-15,2025-03-31,True,0.00,0.0,0.0
H6NY21157,C00892737,1900528,1900528,2025-07-14,2025-06-30,True,0.00,0.0,0.0
H6NY21157,C00892737,1919047,1934398,2026-01-22,2025-09-30,True,0.00,0.0,0.0
H6NY21157,C00892737,1919047,1919047,2025-10-14,2025-09-30,False,0.00,0.0,0.0
H6NY21157,C00892737,1938579,1938579,2026-01-30,2025-12-31,True,0.00,0.0,5000000.0
H6NY21157,C00892737,1963168,1963168,2026-04-15,2026-03-31,True,0.00,0.0,0.0
H6NY21157,C00892737,1982570,1982570,2026-06-11,2026-06-03,True,0.00,0.0,2400000.0
H6NY21157,C00892737,1995198,1995198,2026-07-15,2026-06-30,True,0.00,0.0,2000000.0
H6NY21199,C00893776,1887902,1887902,2025-04-15,2025-03-31,False,3061335.32,0.0,0.0
H6NY21199,C00893776,1887902,1991089,2026-07-13,2025-03-31,True,3061335.32,0.0,0.0
H6NY21199,C00893776,1902879,1991401,2026-07-13,2025-06-30,True,203574.16,0.0,0.0
H6NY21199,C00893776,1902879,1902879,2025-07-15,2025-06-30,False,203574.16,0.0,0.0
H6NY21199,C00893776,1920883,1991578,2026-07-14,2025-09-30,True,359856.96,0.0,0.0
H6NY21199,C00893776,1920883,1920883,2025-10-15,2025-09-30,False,359856.96,0.0,0.0
H6NY21199,C00893776,1943434,1943434,2026-01-31,2025-12-31,False,372531.62,20.0,0.0
H6NY21199,C00893776,1943434,1991747,2026-07-14,2025-12-31,True,372531.62,20.0,0.0
H6NY21199,C00893776,1967367,1991791,2026-07-14,2026-03-31,True,580173.19,5.0,0.0
H6NY21199,C00893776,1967367,1967367,2026-04-15,2026-03-31,False,580173.19,5.0,0.0
H6NY21199,C00893776,1982826,1982826,2026-06-11,2026-06-03,False,332711.50,100.0,0.0
H6NY21199,C00893776,1982826,1992427,2026-07-14,2026-06-03,True,332711.50,100.0,0.0
H6NY21199,C00893776,1994881,1994881,2026-07-15,2026-06-30,True,423443.06,0.0,0.0
H6NY22213,C00942011,1966154,1966154,2026-04-15,2026-03-31,True,173211.17,0.0,22000.0
H6NY22213,C00942011,1982701,1982701,2026-06-11,2026-06-03,True,24361.94,0.0,0.0
H6NY22213,C00942011,1995411,1995411,2026-07-15,2026-06-30,True,20415.50,0.0,0.0
H6NY23559,C00910125,1921582,1986409,2026-06-23,2025-09-30,True,8810.00,0.0,0.0
H6NY23559,C00910125,1921582,1921582,2025-10-15,2025-09-30,False,42722.59,3024.25,0.0
H6NY23559,C00910125,1935893,1935893,2026-01-27,2025-12-31,True,63135.00,0.0,0.0
H6NY23559,C00910125,1967393,1967393,2026-04-15,2026-03-31,True,63691.31,0.0,0.0
H6NY23559,C00910125,1982541,1982541,2026-06-11,2026-06-03,True,58489.00,0.0,0.0
H6NY23559,C00910125,1996520,1996520,2026-07-15,2026-06-30,True,27049.05,0.0,0.0
H6NY24219,C00912550,1919733,1919733,2025-10-15,2025-09-30,True,39696.79,10000.0,0.0
H6NY24219,C00912550,1940419,1940419,2026-01-30,2025-12-31,True,29716.91,0.0,13450.0
H6NY24219,C00912550,1963928,1963928,2026-04-15,2026-03-31,True,31084.71,0.0,350.0
H6NY24219,C00912550,1982649,1982649,2026-06-11,2026-06-03,True,32322.00,0.0,3797.4
H6NY24219,C00912550,1993733,1993733,2026-07-15,2026-06-30,True,25070.00,0.0,0.0
H6NY25208,C00939421,1970828,1970828,2026-04-23,2026-03-31,True,0.00,0.0,0.0
H6NY25208,C00937326,1967799,1978850,2026-05-21,2026-03-31,True,7662.38,0.0,0.0
H6NY25208,C00937326,1967799,1967799,2026-04-16,2026-03-31,False,15324.76,0.0,0.0
H6NY25208,C00937326,1982837,1982837,2026-06-11,2026-06-03,False,16972.66,0.0,0.0
H6NY25208,C00937326,1982837,1998122,2026-07-16,2026-06-03,False,16972.66,0.0,0.0
H6NY25208,C00937326,1982837,2001326,2026-07-22,2026-06-03,True,16972.66,0.0,0.0
H6NY25208,C00937326,1998129,1998129,2026-07-16,2026-06-30,False,5781.39,0.0,0.0
H6NY25208,C00937326,1998129,2001327,2026-07-22,2026-06-30,True,5781.39,0.0,0.0
H6OH01138,C00912311,1920991,1920991,2025-10-15,2025-09-30,True,120794.78,0.0,287500.0
H6OH01138,C00912311,1941215,1941215,2026-01-30,2025-12-31,True,108239.91,37630.73,0.0
H6OH01138,C00912311,1965879,1965879,2026-04-15,2026-03-31,True,143012.36,1011.15,0.0
H6OH01138,C00912311,1971003,1992458,2026-07-14,2026-04-15,True,20962.05,0.0,0.0
H6OH01138,C00912311,1971003,1971003,2026-04-23,2026-04-15,False,20962.05,0.0,0.0
H6OH01138,C00946335,1992936,1992936,2026-07-14,2026-06-30,True,0.00,0.0,0.0
H6OH01138,C00912311,1997167,1997167,2026-07-15,2026-06-30,True,179453.61,0.0,0.0
H6OH04082,C00416594,1886216,1910425,2025-08-06,2025-03-31,True,317670.56,0.0,0.0
H6OH04082,C00416594,1886216,1905348,2025-07-21,2025-03-31,False,317670.56,0.0,0.0
H6OH04082,C00416594,1886216,1886216,2025-04-14,2025-03-31,False,317670.56,0.0,0.0
H6OH04082,C00416594,1902066,1902066,2025-07-15,2025-06-30,False,392414.42,0.0,0.0
H6OH04082,C00416594,1902066,1910426,2025-08-06,2025-06-30,True,392414.42,0.0,0.0
H6OH04082,C00416594,1902066,1905354,2025-07-21,2025-06-30,False,296555.26,0.0,0.0
H6OH04082,C00416594,1920451,1920451,2025-10-15,2025-09-30,True,527884.11,0.0,0.0
H6OH04082,C00416594,1940498,1940498,2026-01-30,2025-12-31,True,476661.23,0.0,0.0
H6OH04082,C00416594,1963968,1963968,2026-04-15,2026-03-31,True,717762.02,0.0,0.0
H6OH04082,C00416594,1970909,1970909,2026-04-23,2026-04-15,True,22731.42,0.0,0.0
H6OH04082,C00416594,1994051,1994051,2026-07-15,2026-06-30,True,834864.51,0.0,0.0
H6OH04181,C00932889,1961862,1961862,2026-04-14,2026-03-31,False,1437.36,100.0,0.0
H6OH04181,C00932889,1961862,1996508,2026-07-15,2026-03-31,True,1437.36,100.0,0.0
H6OH04181,C00932889,1970754,1970754,2026-04-22,2026-04-15,False,3194.65,0.0,0.0
H6OH04181,C00932889,1970754,1996591,2026-07-15,2026-04-15,True,3194.65,0.0,0.0
H6OH04181,C00932889,1996614,1996614,2026-07-15,2026-06-30,True,3036.00,0.0,5000.0
H6OH05154,C00949347,1994104,1994104,2026-07-15,2026-06-30,True,3865.70,0.0,5523.47
H6OH06244,C00940908,1995066,1995066,2026-07-15,2026-03-31,True,25.00,0.0,0.0
H6OH06244,C00940908,1995061,1995061,2026-07-15,2026-04-15,True,0.00,0.0,0.0
H6OH06244,C00940908,1995058,1995058,2026-07-15,2026-06-30,True,1106.70,0.0,0.0
H6OH07168,C00933366,1965051,1983478,2026-06-15,2026-03-31,True,97632.06,1393.38,0.0
H6OH07168,C00933366,1965051,1965051,2026-04-15,2026-03-31,False,97632.06,1393.38,0.0
H6OH07168,C00933366,1970902,1970902,2026-04-23,2026-04-15,True,69586.98,27.22,0.0
H6OH07168,C00933366,1995252,1995252,2026-07-15,2026-06-30,False,272440.18,0.0,0.0
H6OH07168,C00933366,1995252,2011544,2026-09-11,2026-06-30,True,272440.18,0.0,0.0
H6OH08315,C00600718,1886119,1886119,2025-04-14,2025-03-31,False,18005.84,0.0,0.0
H6OH08315,C00600718,1886119,1910387,2025-08-06,2025-03-31,True,18005.84,0.0,0.0
H6OH08315,C00600718,1901442,1901442,2025-07-15,2025-06-30,False,46820.39,0.0,0.0
H6OH08315,C00600718,1901442,1910389,2025-08-06,2025-06-30,True,46820.39,0.0,0.0
H6OH08315,C00600718,1919793,1919793,2025-10-15,2025-09-30,True,16631.61,0.0,0.0
H6OH08315,C00600718,1937845,1937845,2026-01-29,2025-12-31,False,28137.92,0.0,0.0
H6OH08315,C00600718,1937845,1954536,2026-03-19,2025-12-31,True,28137.92,0.0,0.0
H6OH08315,C00600718,1960268,1960268,2026-04-12,2026-03-31,True,24616.94,0.0,0.0
H6OH08315,C00600718,1970895,1970895,2026-04-23,2026-04-15,True,3780.91,0.0,0.0
H6OH08315,C00600718,1991723,1991723,2026-07-14,2026-06-30,True,28382.48,0.0,0.0
H6OH10121,C00934240,1966762,1966762,2026-04-15,2026-03-31,False,101079.35,0.0,7000.0
H6OH10121,C00934240,1966762,1995856,2026-07-15,2026-03-31,True,101079.35,28.02,7000.0
H6OH10121,C00934240,1970979,1995879,2026-07-15,2026-04-15,True,30892.86,0.0,0.0
H6OH10121,C00934240,1970979,1970979,2026-04-23,2026-04-15,False,30892.86,0.0,0.0
H6OH10121,C00934240,1995923,1995923,2026-07-15,2026-06-30,True,189765.29,0.0,0.0
H6OH13307,C00933432,1967059,1967059,2026-04-15,2026-03-31,True,20963.50,0.0,51000.0
H6OH13307,C00933432,1970968,1970968,2026-04-23,2026-04-15,True,1751.93,0.0,0.0
H6OH13307,C00933432,1997060,1997060,2026-07-15,2026-06-30,True,42856.36,0.0,0.0
H6OH14248,C00947051,1970958,1970958,2026-04-23,2026-04-15,False,20684.01,80.04,0.0
H6OH14248,C00947051,1970958,1990324,2026-07-11,2026-04-15,True,20684.01,80.04,0.0
H6OH14248,C00947051,1997554,1997554,2026-07-15,2026-06-30,True,40621.74,0.0,0.0
H6OH15112,C00913491,1918483,1918483,2025-10-10,2025-09-30,True,34380.12,1039.63,0.0
H6OH15112,C00913491,1931482,1931482,2026-01-08,2025-12-31,True,76258.10,640.0,10000.0
H6OH15112,C00913491,1957479,1957479,2026-04-03,2026-03-31,True,132336.15,240.0,0.0
H6OH15112,C00913491,1970988,1970988,2026-04-23,2026-04-15,True,25216.70,0.0,0.0
H6OH15112,C00913491,1995818,1995818,2026-07-15,2026-06-30,True,315296.90,0.0,0.0
H6OK01201,C00895714,1885317,1885317,2025-04-11,2025-03-31,True,8580.75,1000.0,0.0
H6OK01201,C00895714,1900575,1952464,2026-03-10,2025-06-30,True,22547.03,0.0,0.0
H6OK01201,C00895714,1900575,1900575,2025-07-14,2025-06-30,False,22377.03,0.0,0.0
H6OK01201,C00895714,1900575,1917717,2025-10-06,2025-06-30,False,22547.03,0.0,0.0
H6OK01201,C00895714,1919848,1952465,2026-03-10,2025-09-30,True,15701.00,0.0,0.0
H6OK01201,C00895714,1919848,1919848,2025-10-15,2025-09-30,False,15701.00,0.0,0.0
H6OK01201,C00895714,1919848,1950123,2026-02-23,2025-09-30,False,15701.00,0.0,0.0
H6OK01201,C00895714,1937363,1937363,2026-01-29,2025-12-31,False,19540.00,0.0,0.0
H6OK01201,C00895714,1937363,1952467,2026-03-10,2025-12-31,True,19540.00,0.0,0.0
H6OK01201,C00895714,1937363,1950118,2026-02-23,2025-12-31,False,19540.00,0.0,0.0
H6OK01201,C00895714,1961840,1961840,2026-04-14,2026-03-31,True,32172.39,0.0,0.0
H6OK01201,C00895714,1980893,1980893,2026-06-02,2026-05-27,True,24676.64,0.0,0.0
H6OK01201,C00895714,1991660,1991660,2026-07-14,2026-06-30,True,17753.75,0.0,0.0
H6OK01235,C00943175,1962911,1979042,2026-05-22,2026-03-31,True,138515.00,0.0,600368.68
H6OK01235,C00943175,1962911,1962911,2026-04-15,2026-03-31,False,138515.00,0.0,600368.68
H6OK01235,C00943175,1981455,1981455,2026-06-04,2026-05-27,True,196870.00,0.0,500000.0
H6OK01235,C00943175,1999169,1999169,2026-07-17,2026-06-30,True,67076.00,0.0,200000.0
H6OK04155,C00914135,1925369,1925369,2025-11-18,2025-09-30,False,9703.50,250.29,22500.0
H6OK04155,C00914135,1925369,1988897,2026-07-08,2025-09-30,True,9703.50,250.29,22500.0
H6OK04155,C00914135,1931761,1931761,2026-01-10,2025-12-31,False,10696.17,129.15,0.0
H6OK04155,C00914135,1931761,1988901,2026-07-08,2025-12-31,True,10696.17,129.15,0.0
H6OK04155,C00914135,1959514,1959514,2026-04-10,2026-03-31,True,9420.15,351.18,0.0
H6OK04155,C00914135,1980217,1988905,2026-07-08,2026-05-27,True,8221.00,0.0,0.0
H6OK04155,C00914135,1980217,1980217,2026-05-29,2026-05-27,False,8221.00,0.0,0.0
H6OK04155,C00914135,1990893,1990893,2026-07-13,2026-06-30,True,4005.50,0.0,0.0
H6OK05293,C00911982,1919857,1919857,2025-10-15,2025-09-30,True,172247.01,0.0,0.0
H6OK05293,C00911982,1940306,1940306,2026-01-30,2025-12-31,True,78816.67,0.0,0.0
H6OK05293,C00911982,1965827,1965827,2026-04-15,2026-03-31,True,91196.68,0.0,0.0
H6OK05293,C00911982,1981048,1981048,2026-06-03,2026-05-27,True,54523.18,0.0,0.0
H6OK05293,C00911982,1994909,1994909,2026-07-15,2026-06-30,True,42978.33,0.0,0.0
H6OR01308,C00942839,1973697,1989434,2026-07-09,2026-04-29,True,1440.53,0.0,0.0
H6OR01308,C00942839,1990460,1990460,2026-07-11,2026-06-30,True,1335.00,0.0,0.0
H6OR02322,C00940791,1964727,1973238,2026-05-07,2026-03-31,True,23389.00,0.0,0.0
H6OR02322,C00940791,1964727,1964727,2026-04-15,2026-03-31,False,23389.00,0.0,0.0
H6OR02322,C00940791,1973244,1973244,2026-05-07,2026-04-29,True,6935.00,0.0,0.0
H6OR02322,C00940791,1992192,1992192,2026-07-14,2026-06-30,True,56576.00,0.0,0.0
H6OR04260,C00921544,1943039,1943039,2026-01-31,2025-12-31,True,109601.60,0.0,0.0
H6OR04260,C00921544,1966104,1966104,2026-04-15,2026-03-31,True,102872.34,0.0,0.0
H6OR04260,C00921544,1973644,1973644,2026-05-08,2026-04-29,True,17994.72,434.0,0.0
H6OR04260,C00921544,1996148,1996148,2026-07-15,2026-06-30,True,86845.04,0.0,30000.0
H6OR05242,C00927228,1943099,1943099,2026-01-31,2025-12-31,True,177677.69,7143.56,0.0
H6OR05242,C00927228,1967119,1967119,2026-04-15,2026-03-31,False,90922.52,0.0,0.0
H6OR05242,C00927228,1967119,1973359,2026-05-07,2026-03-31,True,90922.52,0.0,0.0
H6OR05242,C00927228,1973361,1973361,2026-05-07,2026-04-29,True,23235.54,0.0,0.0
H6OR05242,C00927228,1997165,1997165,2026-07-15,2026-06-30,True,120483.14,0.0,0.0
H6PA01181,C00901348,1902799,1902799,2025-07-15,2025-06-30,True,317123.64,0.0,0.0
H6PA01181,C00901348,1921257,1921257,2025-10-15,2025-09-30,True,209745.31,0.0,0.0
H6PA01181,C00901348,1939923,1939923,2026-01-30,2025-12-31,True,325220.39,0.0,0.0
H6PA01181,C00901348,1965475,1965475,2026-04-15,2026-03-31,False,392058.01,0.0,0.0
H6PA01181,C00901348,1965475,1973407,2026-05-07,2026-03-31,True,383808.01,0.0,0.0
H6PA01181,C00901348,1973411,1996444,2026-07-15,2026-04-29,True,101834.19,0.0,0.0
H6PA01181,C00901348,1973411,1973411,2026-05-07,2026-04-29,False,101834.19,0.0,0.0
H6PA01181,C00901348,1996534,2011603,2026-09-11,2026-06-30,True,406554.95,0.0,0.0
H6PA01181,C00901348,1996534,1996534,2026-07-15,2026-06-30,False,406554.95,0.0,0.0
H6PA03203,C00852475,1921785,1967913,2026-04-15,2025-09-30,False,249215.22,0.0,0.0
H6PA03203,C00852475,1921785,2010838,2026-09-04,2025-09-30,False,247966.22,0.0,0.0
H6PA03203,C00852475,1921785,1921785,2025-10-15,2025-09-30,False,252626.22,0.0,0.0
H6PA03203,C00852475,1921785,2010845,2026-09-04,2025-09-30,True,247966.22,0.0,0.0
H6PA03203,C00852475,1944001,1944001,2026-01-31,2025-12-31,False,126690.57,0.0,0.0
H6PA03203,C00852475,1944001,1967914,2026-04-15,2025-12-31,True,119769.57,0.0,0.0
H6PA03203,C00852475,1967917,1967917,2026-04-15,2026-03-31,True,370711.34,0.0,0.0
H6PA03203,C00852475,1973460,1973460,2026-05-07,2026-04-29,False,181941.00,0.0,0.0
H6PA03203,C00852475,1973460,1997373,2026-07-15,2026-04-29,True,183741.00,0.0,0.0
H6PA03203,C00852475,1973460,1974561,2026-05-13,2026-04-29,False,183741.00,0.0,0.0
H6PA03203,C00852475,1997382,1997382,2026-07-15,2026-06-30,True,283546.84,0.0,0.0
H6PA05216,C00944553,1973507,1973507,2026-05-07,2026-04-29,True,1300.00,0.0,5425.0
H6PA05216,C00944553,1998036,1998036,2026-07-15,2026-06-30,True,2571.15,0.0,0.0
H6PA06156,C00910059,1920517,1920517,2025-10-15,2025-09-30,True,161670.72,25000.0,0.0
H6PA06156,C00910059,1941901,1941901,2026-01-31,2025-12-31,True,36334.24,25000.0,0.0
H6PA06156,C00910059,1965976,1965976,2026-04-15,2026-03-31,True,46380.71,25000.0,0.0
H6PA06156,C00910059,1973304,1973304,2026-05-07,2026-04-29,True,9535.11,0.0,0.0
H6PA06156,C00910059,1997037,1997037,2026-07-15,2026-06-30,True,53217.75,0.0,25000.0
H6PA07188,C00917096,1920655,1920655,2025-10-15,2025-09-30,True,265759.47,3500.0,0.0
H6PA07188,C00917096,1942155,1995422,2026-07-15,2025-12-31,True,236947.58,0.0,0.0
H6PA07188,C00917096,1942155,1942155,2026-01-31,2025-12-31,False,236947.58,0.0,0.0
H6PA07188,C00917096,1964206,1964206,2026-04-15,2026-03-31,True,344078.18,0.0,0.0
H6PA07188,C00917096,1973273,1973273,2026-05-07,2026-04-29,True,116431.55,0.0,0.0
H6PA07188,C00917096,1995473,1995473,2026-07-15,2026-06-30,True,978948.75,0.0,0.0
H6PA08277,C00607416,1887136,1902258,2025-07-15,2025-03-31,True,176207.83,0.0,0.0
H6PA08277,C00607416,1887136,1887136,2025-04-15,2025-03-31,False,176207.83,0.0,0.0
H6PA08277,C00607416,1902281,1902281,2025-07-15,2025-06-30,True,325393.32,0.0,0.0
H6PA08277,C00607416,1920373,1920373,2025-10-15,2025-09-30,True,357832.08,0.0,0.0
H6PA08277,C00607416,1940653,1940653,2026-01-30,2025-12-31,True,268683.67,0.0,0.0
H6PA08277,C00607416,1965185,1965185,2026-04-15,2026-03-31,True,183782.01,0.0,0.0
H6PA08277,C00607416,1973340,1973340,2026-05-07,2026-04-29,True,71286.74,0.0,0.0
H6PA08277,C00607416,1996030,1996030,2026-07-15,2026-06-30,True,239041.95,0.0,0.0
H6PA08293,C00918151,1920977,1929991,2025-12-23,2025-09-30,True,414260.00,0.0,0.0
H6PA08293,C00918151,1920977,1920977,2025-10-15,2025-09-30,False,414260.00,0.0,0.0
H6PA08293,C00918151,1940008,1940008,2026-01-30,2025-12-31,True,564298.25,0.0,0.0
H6PA08293,C00918151,1964424,1964424,2026-04-15,2026-03-31,True,1291935.30,0.0,0.0
H6PA08293,C00918151,1973158,1973158,2026-05-07,2026-04-29,True,385238.73,0.0,0.0
H6PA08293,C00918151,1995643,1995643,2026-07-15,2026-06-30,True,1206609.48,0.0,0.0
H6PA09127,C00921379,1921671,1921671,2025-10-15,2025-09-30,True,0.00,0.0,0.0
H6PA09127,C00921379,1941996,1941996,2026-01-31,2025-12-31,True,252412.51,0.0,0.0
H6PA09127,C00921379,1967607,1973126,2026-05-07,2026-03-31,False,193081.91,0.0,0.0
H6PA09127,C00921379,1967607,1967607,2026-04-15,2026-03-31,False,193081.91,0.0,0.0
H6PA09127,C00921379,1967607,1983845,2026-06-16,2026-03-31,True,193081.91,0.0,0.0
H6PA09127,C00921379,1973128,1973128,2026-05-07,2026-04-29,True,30484.00,0.0,0.0
H6PA09127,C00921379,1997501,1997501,2026-07-15,2026-06-30,True,179086.23,0.0,0.0
H6PA11099,C00910943,1920365,1920365,2025-10-15,2025-09-30,True,32242.00,0.0,0.0
H6PA11099,C00910943,1941881,1941881,2026-01-31,2025-12-31,True,16649.00,37478.27,0.0
H6PA11099,C00910943,1963831,1963831,2026-04-15,2026-03-31,True,46329.36,3493.67,0.0
H6PA11099,C00910943,1973389,1973389,2026-05-07,2026-04-29,True,13914.94,0.0,0.0
H6PA11099,C00910943,1995988,1995988,2026-07-15,2026-06-30,True,48387.70,6484.6,0.0
H6PA14200,C00913376,1918436,1918436,2025-10-10,2025-09-30,True,4550.00,2000.0,0.0
H6PA14200,C00913376,1934546,1934546,2026-01-22,2025-12-31,False,37238.75,0.0,0.0
H6PA14200,C00913376,1934546,1972366,2026-05-03,2025-12-31,True,37238.75,0.0,0.0
H6PA14200,C00913376,1960343,1960343,2026-04-12,2026-03-31,False,65233.86,0.0,0.0
H6PA14200,C00913376,1960343,1972367,2026-05-03,2026-03-31,True,65733.86,0.0,0.0
H6PA14200,C00913376,1972379,1972379,2026-05-03,2026-04-29,True,9525.94,0.0,0.0
H6PA14200,C00913376,1990486,1990486,2026-07-11,2026-06-30,True,64463.57,0.0,0.0
H6PA15181,C00938100,1971279,1996947,2026-07-15,2026-03-31,True,40761.55,100.0,0.0
H6PA15181,C00938100,1971279,1971279,2026-04-26,2026-03-31,False,41320.36,0.0,0.0
H6PA15181,C00938100,1981914,1996958,2026-07-15,2026-04-29,True,22916.20,0.0,0.0
H6PA15181,C00938100,1981914,1981914,2026-06-08,2026-04-29,False,33962.40,0.0,0.0
H6PA15181,C00938100,1996983,1996983,2026-07-15,2026-06-30,True,72490.70,1000.0,0.0
H6PA16320,C00599464,1887234,1887234,2025-04-15,2025-03-31,True,34991.43,0.0,0.0
H6PA16320,C00599464,1902371,1902371,2025-07-15,2025-06-30,False,30047.43,0.0,0.0
H6PA16320,C00599464,1902371,1911474,2025-08-18,2025-06-30,False,30047.43,0.0,0.0
H6PA16320,C00599464,1902371,1916780,2025-09-26,2025-06-30,True,30047.43,0.0,0.0
H6PA16320,C00599464,1920679,1920679,2025-10-15,2025-09-30,True,12928.36,0.0,0.0
H6PA16320,C00599464,1938884,1938884,2026-01-30,2025-12-31,True,67388.80,0.0,0.0
H6PA16320,C00599464,1964931,1964931,2026-04-15,2026-03-31,True,36689.75,0.0,0.0
H6PA16320,C00599464,1973293,1973293,2026-05-07,2026-04-29,True,659.30,0.0,0.0
H6PA16320,C00599464,1994026,1994026,2026-07-15,2026-06-30,True,41907.31,0.0,0.0
H6PA16379,C00923326,1932070,1932070,2026-01-12,2025-09-30,True,100.00,620.0,0.0
H6PA16379,C00923326,1945016,1945502,2026-02-09,2025-12-31,False,3122.00,0.0,0.0
H6PA16379,C00923326,1945016,1945016,2026-02-05,2025-12-31,False,4122.00,0.0,0.0
H6PA16379,C00923326,1945016,1958134,2026-04-06,2025-12-31,True,4457.10,0.0,0.0
H6PA16379,C00923326,1958557,1958557,2026-04-07,2026-03-31,True,19228.36,0.0,0.0
H6PA16379,C00923326,1973235,1973235,2026-05-07,2026-04-29,True,7017.94,0.0,0.0
H6PA16379,C00923326,1991328,1991328,2026-07-13,2026-06-30,True,35117.90,0.0,0.0
H6PA17203,C00939272,1966415,1966415,2026-04-15,2026-03-31,True,7931.66,0.0,0.0
H6PA17203,C00939272,1973358,1973358,2026-05-07,2026-04-29,True,43996.48,0.0,0.0
H6PA17203,C00939272,1996178,1996178,2026-07-15,2026-06-30,True,60336.10,0.0,0.0
H6RI01153,C00947416,1998107,1998107,2026-07-16,2026-06-30,True,2235.25,0.0,8100.0
H6RI02318,C00925230,1934256,1945556,2026-02-09,2025-12-31,True,2050.00,100139.92,0.0
H6RI02318,C00925230,1934256,1938358,2026-01-30,2025-12-31,False,101579.92,0.0,0.0
H6RI02318,C00925230,1934256,1936469,2026-01-28,2025-12-31,False,101579.92,0.0,0.0
H6RI02318,C00925230,1934256,1934256,2026-01-21,2025-12-31,False,101579.92,0.0,0.0
H6RI02318,C00925230,1966121,1966121,2026-04-15,2026-03-31,False,17059.40,487236.68,0.0
H6RI02318,C00925230,1966121,2007217,2026-08-18,2026-03-31,True,17059.40,272551.78,300000.0
H6RI02318,C00925230,1966121,1997549,2026-07-15,2026-03-31,False,17059.40,187236.68,300000.0
H6RI02318,C00925230,1997680,1998263,2026-07-16,2026-06-30,True,4125.48,362642.09,1895000.0
H6RI02318,C00925230,1997680,1997680,2026-07-15,2026-06-30,False,4125.48,362642.09,1895000.0
H6SC01334,C00927004,1940955,1981547,2026-06-05,2025-12-31,True,140905.09,3500.0,10000.0
H6SC01334,C00927004,1940955,1940955,2026-01-30,2025-12-31,False,144405.09,0.0,0.0
H6SC01334,C00927004,1964223,1964223,2026-04-15,2026-03-31,True,135431.31,0.0,0.0
H6SC01334,C00927004,1979963,1979963,2026-05-28,2026-05-20,True,41814.11,0.0,0.0
H6SC01334,C00927004,1982516,1982516,2026-06-11,2026-06-03,True,35573.41,0.0,0.0
H6SC01334,C00927004,1993459,1993459,2026-07-15,2026-06-30,True,97228.43,0.0,0.0
H6SC01359,C00935379,1964544,1964544,2026-04-15,2026-03-31,True,999774.58,0.0,0.0
H6SC01359,C00935379,1980112,1980112,2026-05-28,2026-05-20,True,387430.97,0.0,0.0
H6SC01359,C00935379,1982762,1982762,2026-06-11,2026-06-03,True,208797.98,0.0,0.0
H6SC01359,C00935379,1997425,2009839,2026-08-26,2026-06-30,True,603083.28,0.0,0.0
H6SC01359,C00935379,1997425,1997425,2026-07-15,2026-06-30,False,603083.28,0.0,0.0
H6SC02159,C00944850,1961084,1961084,2026-04-13,2026-03-31,True,6220.00,0.0,0.0
H6SC02159,C00944850,1989713,1989713,2026-07-09,2026-05-20,True,5584.29,0.0,0.0
H6SC02159,C00944850,1989724,1989724,2026-07-10,2026-06-03,True,606.00,0.0,0.0
H6SC03090,C00930313,1936644,1936644,2026-01-28,2025-12-31,False,900.00,0.0,0.0
H6SC03090,C00930313,1936644,1957082,2026-04-01,2025-12-31,True,800.00,0.0,100.0
H6SC03090,C00930313,1959231,1959231,2026-04-09,2026-03-31,True,17889.12,0.0,0.0
H6SC03090,C00930313,1978762,1987045,2026-06-30,2026-05-20,True,11117.00,0.0,0.0
H6SC03090,C00930313,1978762,1978762,2026-05-21,2026-05-20,False,10922.00,0.0,0.0
H6SC03090,C00930313,1987296,1987296,2026-07-01,2026-06-30,True,10168.92,0.0,0.0
H6SC04171,C00922120,1935322,1935322,2026-01-26,2025-12-31,True,0.00,0.0,0.0
H6SC04171,C00922120,1966090,1966090,2026-04-15,2026-03-31,True,17509.53,0.0,0.0
H6SC04171,C00922120,1997619,1997619,2026-07-15,2026-06-30,True,14277.06,0.0,0.0
H6SC05202,C00914408,1921048,1921048,2025-10-15,2025-09-30,True,344261.05,0.0,0.0
H6SC05202,C00914408,1942703,1942703,2026-01-31,2025-12-31,True,110243.00,0.0,0.0
H6SC05202,C00914408,1965481,1965481,2026-04-15,2026-03-31,True,133900.00,1718.52,0.0
H6SC05202,C00914408,1979978,1979978,2026-05-28,2026-05-20,True,21860.00,1565.86,0.0
H6SC05202,C00914408,1995493,1995493,2026-07-15,2026-06-30,True,32390.00,2345.2,0.0
H6SC05228,C00918177,1920553,1944257,2026-02-01,2025-09-30,True,18686.94,0.0,1208.66
H6SC05228,C00918177,1920553,1920553,2025-10-15,2025-09-30,False,18535.00,0.0,1208.66
H6SC05228,C00918177,1920553,1936460,2026-01-28,2025-09-30,False,18686.94,0.0,1208.66
H6SC05228,C00918177,1940711,1944258,2026-02-01,2025-12-31,True,17862.98,0.0,0.0
H6SC05228,C00918177,1940711,1940711,2026-01-30,2025-12-31,False,17862.98,0.0,0.0
H6SC05228,C00918177,1967403,1967403,2026-04-15,2026-03-31,True,40494.07,0.0,0.0
H6SC05228,C00918177,1980204,1980204,2026-05-29,2026-05-20,True,36141.02,0.0,0.0
H6SC05228,C00918177,1995506,1995506,2026-07-15,2026-06-30,True,23053.82,0.0,0.0
H6SC07034,C00899492,1886811,2006681,2026-08-16,2025-03-31,True,13973.50,358.61,200.0
H6SC07034,C00899492,1886811,1886811,2025-04-15,2025-03-31,False,13973.50,358.61,200.0
H6SC07034,C00899492,1901056,2006683,2026-08-16,2025-06-30,True,24392.31,191.25,0.0
H6SC07034,C00899492,1901056,1901056,2025-07-14,2025-06-30,False,24392.31,191.25,0.0
H6SC07034,C00899492,1919484,1973832,2026-05-09,2025-09-30,False,26845.76,0.0,0.0
H6SC07034,C00899492,1919484,1919484,2025-10-14,2025-09-30,False,25848.06,0.0,0.0
H6SC07034,C00899492,1919484,2006684,2026-08-16,2025-09-30,True,26845.76,0.0,0.0
H6SC07034,C00899492,1937944,1937944,2026-01-29,2025-12-31,False,27343.55,0.0,0.0
H6SC07034,C00899492,1937944,2006685,2026-08-16,2025-12-31,True,27343.55,0.0,0.0
H6SC07034,C00899492,1937944,1973827,2026-05-09,2025-12-31,False,27343.55,0.0,0.0
H6SC07034,C00899492,1965118,1973824,2026-05-09,2026-03-31,False,104194.59,0.0,10000.0
H6SC07034,C00899492,1965118,1965118,2026-04-15,2026-03-31,False,104194.59,0.0,10000.0
H6SC07034,C00899492,1965118,2006686,2026-08-16,2026-03-31,True,104194.59,0.0,10000.0
H6SC07034,C00899492,1979836,1979836,2026-05-27,2026-05-20,False,23281.04,0.0,0.0
H6SC07034,C00899492,1979836,2006688,2026-08-16,2026-05-20,True,23281.04,0.0,0.0
H6SC07034,C00899492,1990872,1990872,2026-07-13,2026-06-30,False,62310.92,0.0,0.0
H6SC07034,C00899492,1990872,2006691,2026-08-16,2026-06-30,True,62310.92,0.0,0.0
H6SD01109,C00909689,1920753,1920753,2025-10-15,2025-09-30,True,515979.30,1000.0,0.0
H6SD01109,C00909689,1940810,1940810,2026-01-30,2025-12-31,True,460076.61,0.0,0.0
H6SD01109,C00909689,1966351,1966351,2026-04-15,2026-03-31,True,185064.50,0.0,0.0
H6SD01109,C00909689,1978609,1978609,2026-05-21,2026-05-13,True,34129.55,0.0,0.0
H6SD01109,C00909689,1997734,1997734,2026-07-15,2026-06-30,True,50778.64,0.0,0.0
H6SD01141,C00918961,1920477,1920477,2025-10-15,2025-09-30,True,20890.00,1500.0,0.0
H6SD01141,C00918961,1939870,1939870,2026-01-30,2025-12-31,True,69856.00,0.0,0.0
H6SD01141,C00918961,1966167,1966167,2026-04-15,2026-03-31,True,85249.72,0.0,0.0
H6SD01141,C00918961,1978485,1978485,2026-05-21,2026-05-13,True,26659.76,0.0,0.0
H6SD01141,C00918961,1996216,1996216,2026-07-15,2026-06-30,True,43304.65,0.0,0.0
H6TN01537,C00934778,1964476,1995982,2026-07-15,2026-03-31,True,49649.58,10.0,0.0
H6TN01537,C00934778,1964476,1964476,2026-04-15,2026-03-31,False,49999.58,0.0,0.0
H6TN01537,C00934778,1995986,1995986,2026-07-15,2026-06-30,True,42427.03,0.0,0.0
H6TN02170,C00920520,1920351,1920351,2025-10-15,2025-09-30,True,31076.45,0.0,0.0
H6TN02170,C00920520,1942839,1942839,2026-01-31,2025-12-31,True,50220.00,0.0,0.0
H6TN02170,C00920520,1964474,1964474,2026-04-15,2026-03-31,True,98754.86,0.0,6000.0
H6TN02170,C00920520,1994027,1994027,2026-07-15,2026-06-30,True,172090.29,415.0,0.0
H6TN03228,C00936971,1967638,1967638,2026-04-15,2026-03-31,True,16496.54,0.0,0.0
H6TN03228,C00936971,1997063,2002605,2026-07-29,2026-06-30,True,24032.34,0.0,0.0
H6TN03228,C00936971,1997063,1997063,2026-07-15,2026-06-30,False,24032.34,0.0,0.0
H6TN05397,C00918581,1921174,1921174,2025-10-15,2025-09-30,True,795635.04,0.0,0.0
H6TN05397,C00918581,1942788,2006980,2026-08-17,2025-12-31,True,398200.22,0.0,0.0
H6TN05397,C00918581,1942788,1942788,2026-01-31,2025-12-31,False,398200.22,0.0,0.0
H6TN05397,C00918581,1965956,1965956,2026-04-15,2026-03-31,True,500719.10,0.0,0.0
H6TN05397,C00918581,1997003,1997003,2026-07-15,2026-06-30,True,566244.09,0.0,0.0
H6TN05405,C00923383,1938935,1938935,2026-01-30,2025-12-31,True,279966.34,130943.29,0.0
H6TN05405,C00923383,1963570,1963570,2026-04-15,2026-03-31,True,132222.85,1861.1,0.0
H6TN05405,C00923383,1995800,1995800,2026-07-15,2026-06-30,True,145075.84,909.08,0.0
H6TN06171,C00902239,1934230,1934230,2026-01-21,2025-12-31,True,5507.00,0.0,0.0
H6TN06171,C00902239,1960358,1960358,2026-04-12,2026-03-31,True,9183.00,0.0,0.0
H6TN06171,C00902239,1998524,1999079,2026-07-17,2026-06-30,True,17692.00,0.0,0.0
H6TN06171,C00902239,1998524,1998524,2026-07-16,2026-06-30,False,14972.00,0.0,0.0
H6TN06213,C00910935,1921727,1921727,2025-10-15,2025-09-30,True,361915.73,2291.57,350000.0
H6TN06213,C00910935,1943887,1943887,2026-01-31,2025-12-31,True,204214.59,0.0,250000.0
H6TN06213,C00910935,1967336,1967336,2026-04-15,2026-03-31,True,206192.68,0.0,300000.0
H6TN06213,C00910935,1997763,1997763,2026-07-15,2026-06-30,True,247966.64,0.0,300000.0
H6TN07161,C00908202,1901619,1901619,2025-07-15,2025-06-30,True,109019.83,0.0,0.0
H6TN07161,C00908202,1916693,1916693,2025-09-25,2025-09-17,True,234206.73,0.0,0.0
H6TN07161,C00908202,1921303,1921303,2025-10-15,2025-09-30,True,33750.00,0.0,0.0
H6TN07161,C00908202,1926406,1926406,2025-11-20,2025-11-12,True,308405.05,0.0,0.0
H6TN07161,C00908202,1930378,1933758,2026-01-19,2025-12-22,True,643340.33,0.0,0.0
H6TN07161,C00908202,1930378,1933436,2026-01-17,2025-12-22,False,644340.33,0.0,0.0
H6TN07161,C00908202,1930378,1930378,2026-01-01,2025-12-22,False,644340.33,0.0,0.0
H6TN07161,C00908202,1933755,1933755,2026-01-19,2025-12-31,True,18710.92,0.0,0.0
H6TN07161,C00908202,1965603,1965603,2026-04-15,2026-03-31,False,137629.26,0.0,0.0
H6TN07161,C00908202,1965603,1978432,2026-05-21,2026-03-31,True,137629.26,0.0,0.0
H6TN07161,C00908202,1992333,2007316,2026-08-18,2026-06-30,True,153070.95,0.0,0.0
H6TN07161,C00908202,1992333,1992333,2026-07-14,2026-06-30,False,153070.95,0.0,0.0
H6TN07286,C00913301,1916660,1931606,2026-01-09,2025-09-17,True,302725.47,25335.83,100000.0
H6TN07286,C00913301,1916660,1916660,2025-09-25,2025-09-17,False,306600.47,25335.83,100000.0
H6TN07286,C00913301,1916660,1923401,2025-10-23,2025-09-17,False,302725.47,25335.83,100000.0
H6TN07286,C00913301,1921522,1921522,2025-10-15,2025-09-30,False,156738.49,0.0,0.0
H6TN07286,C00913301,1921522,1934503,2026-01-22,2025-09-30,True,156738.49,0.0,0.0
H6TN07286,C00913301,1921522,1923403,2025-10-23,2025-09-30,False,156738.49,0.0,0.0
H6TN07286,C00913301,1991890,1994059,2026-07-15,2025-12-31,False,116497.15,0.0,0.0
H6TN07286,C00913301,1991890,1995929,2026-07-15,2025-12-31,True,116497.15,0.0,0.0
H6TN07286,C00913301,1991890,1991993,2026-07-14,2025-12-31,False,116497.15,0.0,0.0
H6TN07286,C00913301,1991890,1991890,2026-07-14,2025-12-31,False,116497.15,0.0,0.0
H6TN07286,C00913301,1994136,1995973,2026-07-15,2026-03-31,True,2782.65,0.0,0.0
H6TN07286,C00913301,1994136,1994136,2026-07-15,2026-03-31,False,2782.65,0.0,0.0
H6TN07286,C00913301,1996441,1996441,2026-07-15,2026-06-30,True,22031.43,0.0,65000.0
H6TN08367,C00951509,1992808,1992808,2026-07-14,2026-06-30,True,16185.00,0.0,0.0
H6TN09449,C00922633,1941768,1941768,2026-01-31,2025-12-31,True,721563.15,250.0,0.0
H6TN09449,C00922633,1964300,1964300,2026-04-15,2026-03-31,True,365224.51,28.38,0.0
H6TN09449,C00922633,1995483,1995483,2026-07-15,2026-06-30,True,1080836.45,0.0,0.0
H6TN09464,C00949867,1997114,1997114,2026-07-15,2026-06-30,True,358038.59,0.0,1000000.0
H6TX01352,C00922625,1979247,1979247,2026-05-23,2026-05-06,True,1121.97,0.0,7038.25
H6TX01352,C00922625,1999314,1999314,2026-07-19,2026-06-30,True,1084.38,0.0,0.0
H6TX02079,C00553859,1885818,1885818,2025-04-14,2025-03-31,True,65898.89,0.0,0.0
H6TX02079,C00553859,1901113,1901113,2025-07-14,2025-06-30,False,35141.50,0.0,0.0
H6TX02079,C00553859,1901113,1958989,2026-04-08,2025-06-30,True,35141.50,0.0,0.0
H6TX02079,C00553859,1918746,1918746,2025-10-13,2025-09-30,True,32918.99,0.0,0.0
H6TX02079,C00553859,1937635,1937635,2026-01-29,2025-12-31,True,27269.25,0.0,0.0
H6TX02079,C00553859,1947571,1947571,2026-02-18,2026-02-11,True,36318.82,0.0,0.0
H6TX02079,C00553859,1961851,1961851,2026-04-14,2026-03-31,True,16584.00,0.0,0.0
H6TX02079,C00553859,1991311,1991311,2026-07-13,2026-06-30,True,19642.11,0.0,0.0
H6TX02244,C00904151,1901711,1917480,2025-10-03,2025-06-30,False,451813.48,0.0,0.0
H6TX02244,C00904151,1901711,1957864,2026-04-04,2025-06-30,True,444213.48,14000.0,0.0
H6TX02244,C00904151,1901711,1932719,2026-01-14,2025-06-30,False,454713.48,0.0,0.0
H6TX02244,C00904151,1901711,1901711,2025-07-15,2025-06-30,False,451813.48,0.0,0.0
H6TX02244,C00904151,1901711,1917904,2025-10-07,2025-06-30,False,454713.48,0.0,0.0
H6TX02244,C00904151,1920363,1957867,2026-04-04,2025-09-30,True,30096.24,7231.4,0.0
H6TX02244,C00904151,1920363,1951605,2026-03-04,2025-09-30,False,30096.24,7231.4,0.0
H6TX02244,C00904151,1920363,1920363,2025-10-15,2025-09-30,False,30096.24,7231.4,0.0
H6TX02244,C00904151,1939627,1957871,2026-04-04,2025-12-31,True,194354.97,0.0,330000.0
H6TX02244,C00904151,1939627,1939627,2026-01-30,2025-12-31,False,211604.97,0.0,330000.0
H6TX02244,C00904151,1948289,1960352,2026-04-12,2026-02-11,True,27530.79,0.0,0.0
H6TX02244,C00904151,1948289,1948289,2026-02-19,2026-02-11,False,15484.79,0.0,0.0
H6TX02244,C00904151,1963805,1963805,2026-04-15,2026-03-31,True,199573.89,0.0,0.0
H6TX02244,C00904151,1974862,1974862,2026-05-14,2026-05-06,True,33758.94,0.0,0.0
H6TX02244,C00904151,1997933,1997933,2026-07-15,2026-06-30,True,84752.10,0.0,0.0
H6TX02251,C00909051,1901447,1901447,2025-07-15,2025-06-30,True,338455.00,0.0,680000.0
H6TX02251,C00909051,1921471,1921471,2025-10-15,2025-09-30,True,186610.00,0.0,186000.0
H6TX02251,C00909051,1942294,1942294,2026-01-31,2025-12-31,True,43040.22,0.0,660000.0
H6TX02251,C00909051,1948458,1948458,2026-02-20,2026-02-11,True,21848.56,0.0,192000.0
H6TX02251,C00909051,1967185,1967185,2026-04-15,2026-03-31,True,98372.33,0.0,153000.0
H6TX02251,C00909051,1997472,1997472,2026-07-15,2026-06-30,True,76621.54,0.0,90000.0
H6TX03234,C00902437,1901053,1901053,2025-07-14,2025-06-30,True,63088.60,0.0,55000.0
H6TX03234,C00902437,1920433,1920433,2025-10-15,2025-09-30,True,72478.41,0.0,0.0
H6TX03234,C00902437,1939463,1939463,2026-01-30,2025-12-31,True,43228.89,0.0,20000.0
H6TX03234,C00902437,1948144,1948144,2026-02-19,2026-02-11,True,25609.30,0.0,0.0
H6TX03234,C00902437,1964402,1964402,2026-04-15,2026-03-31,True,52076.28,0.0,0.0
H6TX03234,C00902437,1994616,1994616,2026-07-15,2026-06-30,True,109524.05,0.0,0.0
H6TX04174,C00923870,1941520,1941520,2026-01-31,2025-12-31,True,85.00,0.0,5819.49
H6TX04174,C00923870,1948009,1948009,2026-02-19,2026-02-11,True,600.00,0.0,2790.29
H6TX04174,C00923870,1962661,1962661,2026-04-14,2026-03-31,True,2387.36,0.0,101.05
H6TX04174,C00923870,1996011,1996011,2026-07-15,2026-06-30,True,4401.91,0.0,85.99
H6TX05189,C00920314,1920325,1920325,2025-10-15,2025-09-30,True,2605.00,0.0,0.0
H6TX05189,C00920314,1941240,1941240,2026-01-30,2025-12-31,True,2054.00,0.0,0.0
H6TX05189,C00920314,1948417,1948417,2026-02-19,2026-02-11,True,3157.66,0.0,0.0
H6TX05189,C00920314,1967695,1967695,2026-04-15,2026-03-31,True,2403.00,0.0,0.0
H6TX05189,C00920314,1975202,1975202,2026-05-15,2026-05-06,True,885.00,0.0,0.0
H6TX05189,C00920314,1994423,1994423,2026-07-15,2026-06-30,True,1561.29,0.0,0.0
H6TX07151,C00930305,1938290,1943891,2026-01-31,2025-12-31,True,1336.83,5.21,3610.22
H6TX07151,C00930305,1938290,1938290,2026-01-30,2025-12-31,False,1336.83,5.21,3610.22
H6TX07151,C00930305,1947838,1947838,2026-02-19,2026-02-11,True,33608.29,0.0,0.0
H6TX07151,C00930305,1960045,1960045,2026-04-11,2026-03-31,True,11620.94,0.0,0.0
H6TX07151,C00930305,1974833,1974833,2026-05-14,2026-05-06,True,9074.49,0.0,0.0
H6TX07151,C00930305,1993598,1993598,2026-07-15,2026-06-30,True,14816.60,0.0,0.0
H6TX08175,C00911669,1920668,1920668,2025-10-15,2025-09-30,True,287959.09,0.0,13000.0
H6TX08175,C00911669,1939634,1939634,2026-01-30,2025-12-31,False,144592.63,0.0,0.0
H6TX08175,C00911669,1939634,1956811,2026-03-31,2025-12-31,True,144592.63,0.0,0.0
H6TX08175,C00911669,1948166,1948166,2026-02-19,2026-02-11,False,138118.69,0.0,0.0
H6TX08175,C00911669,1948166,1956817,2026-03-31,2026-02-11,True,138118.69,0.0,0.0
H6TX08175,C00911669,1966292,1966292,2026-04-15,2026-03-31,True,87957.99,0.0,0.0
H6TX08175,C00911669,1996407,1996407,2026-07-15,2026-06-30,True,54399.52,0.0,0.0
H6TX08209,C00919530,1919982,1919982,2025-10-15,2025-09-30,True,362224.63,0.0,250000.0
H6TX08209,C00919530,1939886,1939886,2026-01-30,2025-12-31,True,174167.95,0.0,0.0
H6TX08209,C00919530,1948084,1972150,2026-05-01,2026-02-11,True,144225.13,0.0,250000.0
H6TX08209,C00919530,1948084,1948084,2026-02-19,2026-02-11,False,144225.13,0.0,250000.0
H6TX08209,C00919530,1965318,1965318,2026-04-15,2026-03-31,True,65376.88,0.0,150000.0
H6TX08209,C00919530,1995544,1995544,2026-07-15,2026-06-30,True,49141.99,0.0,0.0
H6TX09140,C00917112,1920791,1920791,2025-10-15,2025-09-30,True,607833.63,3500.0,0.0
H6TX09140,C00917112,1940236,1940236,2026-01-30,2025-12-31,True,343104.87,99.08,0.0
H6TX09140,C00917112,1948126,1948126,2026-02-19,2026-02-11,True,214324.23,245.18,0.0
H6TX09140,C00917112,1965330,1965330,2026-04-15,2026-03-31,True,254927.20,1006.18,0.0
H6TX09140,C00917112,1974953,1974953,2026-05-14,2026-05-06,True,155847.74,0.0,0.0
H6TX09140,C00917112,1994974,1994974,2026-07-15,2026-06-30,True,127918.64,0.0,0.0
H6TX09231,C00931121,1943631,1943631,2026-01-31,2025-12-31,True,5999.88,0.0,0.0
H6TX09231,C00931121,1948457,1948457,2026-02-20,2026-02-11,True,11923.45,0.0,500.0
H6TX09231,C00931121,1969013,1969013,2026-04-19,2026-03-31,True,21600.93,0.0,0.0
H6TX09231,C00931121,1998108,1998108,2026-07-16,2026-06-30,True,15083.64,0.0,0.0
H6TX10221,C00922062,1940948,1974843,2026-05-14,2025-12-31,True,492655.70,24821.91,500000.0
H6TX10221,C00922062,1940948,1940948,2026-01-30,2025-12-31,False,492655.70,24821.91,500000.0
H6TX10221,C00922062,1948085,1948085,2026-02-19,2026-02-11,True,88584.91,0.0,0.0
H6TX10221,C00922062,1965316,1965316,2026-04-15,2026-03-31,True,90752.05,0.0,1000000.0
H6TX10221,C00922062,1995625,1995625,2026-07-15,2026-06-30,True,29251.36,0.0,125000.0
H6TX11112,C00929711,1933576,1936261,2026-01-27,2025-12-31,True,11577.00,5.0,0.0
H6TX11112,C00929711,1933576,1933576,2026-01-19,2025-12-31,False,11577.00,5.0,0.0
H6TX11112,C00929711,1946585,1946585,2026-02-14,2026-02-11,True,18081.70,0.0,0.0
H6TX11112,C00929711,1962684,1962684,2026-04-14,2026-03-31,False,12459.13,0.0,0.0
H6TX11112,C00929711,1962684,1968419,2026-04-17,2026-03-31,True,12459.13,0.0,0.0
H6TX11112,C00929711,1992872,1998635,2026-07-16,2026-06-30,True,42080.58,0.0,0.0
H6TX11112,C00929711,1992872,1992872,2026-07-14,2026-06-30,False,47080.58,0.0,0.0
H6TX13159,C00914200,1917335,1917335,2025-10-02,2025-09-30,False,7093.58,290.93,0.0
H6TX13159,C00914200,1917335,2000879,2026-07-20,2025-09-30,True,7093.58,453.63,0.0
H6TX13159,C00914200,1917335,1927138,2025-12-01,2025-09-30,False,7093.58,453.63,0.0
H6TX13159,C00914200,1917335,1917343,2025-10-02,2025-09-30,False,7093.58,453.63,0.0
H6TX13159,C00914200,1917335,1947560,2026-02-18,2025-09-30,False,7093.58,453.63,0.0
H6TX13159,C00914200,1917335,1986872,2026-06-29,2025-09-30,False,7093.58,453.63,0.0
H6TX13159,C00914200,1930407,1930407,2026-01-01,2025-12-31,False,9944.00,177.59,0.0
H6TX13159,C00914200,1930407,1948200,2026-02-19,2025-12-31,False,10192.14,417.59,0.0
H6TX13159,C00914200,1930407,1986873,2026-06-29,2025-12-31,False,10192.14,417.59,0.0
H6TX13159,C00914200,1930407,2000881,2026-07-20,2025-12-31,True,10192.14,417.59,0.0
H6TX13159,C00914200,1930407,1930415,2026-01-01,2025-12-31,False,9944.00,177.59,0.0
H6TX13159,C00914200,1930407,1947766,2026-02-19,2025-12-31,False,9944.00,417.59,0.0
H6TX13159,C00914200,1947804,2000882,2026-07-20,2026-02-11,True,11198.72,211.06,0.0
H6TX13159,C00914200,1947804,1948211,2026-02-19,2026-02-11,False,11198.72,211.06,0.0
H6TX13159,C00914200,1947804,1947804,2026-02-19,2026-02-11,False,11198.72,211.06,0.0
H6TX13159,C00914200,1947804,1953162,2026-03-13,2026-02-11,False,11198.72,211.06,0.0
H6TX13159,C00914200,1957449,2000883,2026-07-20,2026-03-31,True,8652.36,50.0,10000.0
H6TX13159,C00914200,1957449,1960604,2026-04-13,2026-03-31,False,8612.36,50.0,10000.0
H6TX13159,C00914200,1957449,1957449,2026-04-02,2026-03-31,False,8562.36,50.0,10000.0
H6TX13159,C00914200,1957449,1992818,2026-07-14,2026-03-31,False,8612.36,50.0,10000.0
H6TX13159,C00914200,1957449,1968926,2026-04-19,2026-03-31,False,8612.36,50.0,10000.0
H6TX13159,C00914200,1992444,2011710,2026-09-13,2026-06-30,True,49679.47,0.0,0.0
H6TX13159,C00914200,1992444,2000884,2026-07-20,2026-06-30,False,49336.12,0.0,0.0
H6TX13159,C00914200,1992444,2007022,2026-08-17,2026-06-30,False,49384.84,0.0,0.0
H6TX13159,C00914200,1992444,1992915,2026-07-14,2026-06-30,False,47045.38,0.0,0.0
H6TX13159,C00914200,1992444,1992444,2026-07-14,2026-06-30,False,46412.38,0.0,0.0
H6TX14181,C00925867,1953695,1953695,2026-03-17,2025-12-31,True,6900.00,0.0,0.0
H6TX14181,C00925867,1971725,1971725,2026-04-29,2026-02-11,True,2000.00,0.0,0.0
H6TX14181,C00925867,1972146,1972146,2026-05-01,2026-03-31,True,4423.19,0.0,0.0
H6TX14181,C00925867,1982004,1982004,2026-06-09,2026-05-06,True,5900.00,0.0,0.0
H6TX14181,C00925867,1999910,1999910,2026-07-20,2026-06-30,True,6500.00,0.0,0.0
H6TX15162,C00592659,1886500,1894075,2025-05-28,2025-03-31,True,186086.56,0.0,0.0
H6TX15162,C00592659,1886500,1886500,2025-04-15,2025-03-31,False,186086.56,0.0,0.0
H6TX15162,C00592659,1901753,1901753,2025-07-15,2025-06-30,True,305421.10,0.0,0.0
H6TX15162,C00592659,1919858,1919858,2025-10-15,2025-09-30,True,149108.92,0.0,0.0
H6TX15162,C00592659,1940893,1972787,2026-05-05,2025-12-31,True,220362.64,0.0,0.0
H6TX15162,C00592659,1940893,1940893,2026-01-30,2025-12-31,False,220362.64,0.0,0.0
H6TX15162,C00592659,1948357,1948357,2026-02-19,2026-02-11,False,113005.05,0.0,0.0
H6TX15162,C00592659,1948357,1972789,2026-05-05,2026-02-11,True,113005.05,0.0,0.0
H6TX15162,C00592659,1964849,1964849,2026-04-15,2026-03-31,False,373121.22,0.0,0.0
H6TX15162,C00592659,1964849,2002672,2026-07-29,2026-03-31,True,373121.22,0.0,0.0
H6TX15162,C00592659,1997473,1997473,2026-07-15,2026-06-30,True,555814.37,0.0,0.0
H6TX15246,C00919985,1921637,1921637,2025-10-15,2025-09-30,False,189504.34,100300.0,0.0
H6TX15246,C00919985,1921637,1939585,2026-01-30,2025-09-30,True,189504.34,100300.0,0.0
H6TX15246,C00919985,1939607,1939607,2026-01-30,2025-12-31,False,330045.66,50000.0,0.0
H6TX15246,C00919985,1939607,2001377,2026-07-22,2025-12-31,True,330045.66,50000.0,0.0
H6TX15246,C00919985,1948228,1948228,2026-02-19,2026-02-11,True,312867.59,0.0,0.0
H6TX15246,C00919985,1964899,1964899,2026-04-15,2026-03-31,True,540845.71,0.0,0.0
H6TX15246,C00919985,1995386,1995386,2026-07-15,2026-06-30,True,1066274.08,0.0,0.0
H6TX17168,C00934547,1947627,1947627,2026-02-18,2026-02-11,True,405.00,302.27,5000.0
H6TX17168,C00934547,1967487,1967487,2026-04-15,2026-03-31,True,306.66,0.0,0.0
H6TX17168,C00934547,1975061,1975061,2026-05-15,2026-05-06,True,1990.00,0.0,0.0
H6TX17168,C00934547,2003150,2003150,2026-07-31,2026-06-30,True,797.00,0.0,0.0
H6TX18232,C00899831,1886968,1886968,2025-04-15,2025-03-31,True,382703.07,100.0,0.0
H6TX18232,C00899831,1903190,1903190,2025-07-15,2025-06-30,False,560645.12,0.0,0.0
H6TX18232,C00899831,1903190,1910196,2025-08-05,2025-06-30,True,560645.12,0.0,0.0
H6TX18232,C00899831,1923469,1933473,2026-01-18,2025-10-15,True,517518.37,0.0,0.0
H6TX18232,C00899831,1923469,1923469,2025-10-23,2025-10-15,False,517518.37,0.0,0.0
H6TX18232,C00899831,1933731,1933731,2026-01-19,2026-01-11,True,624480.18,0.0,0.0
H6TX18232,C00899831,1947930,1972433,2026-05-04,2026-02-11,True,423554.60,0.0,0.0
H6TX18232,C00899831,1947930,1947930,2026-02-19,2026-02-11,False,423554.60,0.0,0.0
H6TX18232,C00899831,1964739,1964739,2026-04-15,2026-03-31,True,548457.68,0.0,0.0
H6TX18232,C00899831,1974891,1974891,2026-05-14,2026-05-06,True,187516.23,0.0,0.0
H6TX18232,C00899831,1994178,1994178,2026-07-15,2026-06-30,True,154499.54,0.0,0.0
H6TX19198,C00900514,1901808,1901808,2025-07-15,2025-06-30,True,5358.00,200.0,0.0
H6TX19198,C00900514,1919142,1941210,2026-01-30,2025-09-30,True,4345.00,0.0,0.0
H6TX19198,C00900514,1919142,1919142,2025-10-14,2025-09-30,False,2242.00,0.0,0.0
H6TX19198,C00900514,1941337,1941337,2026-01-30,2025-12-31,True,3111.00,0.0,0.0
H6TX19198,C00900514,1950538,1950538,2026-02-25,2026-02-11,True,3370.00,0.0,0.0
H6TX19198,C00900514,1962659,1962659,2026-04-14,2026-03-31,True,3702.36,0.0,0.0
H6TX19198,C00900514,1995915,1995915,2026-07-15,2026-06-30,True,10189.41,0.0,0.0
H6TX19206,C00926345,1934938,1934938,2026-01-23,2025-12-31,True,610276.02,0.0,0.0
H6TX19206,C00926345,1947318,1974948,2026-05-14,2026-02-11,True,428650.00,0.0,0.0
H6TX19206,C00926345,1947318,1947318,2026-02-18,2026-02-11,False,428650.00,0.0,0.0
H6TX19206,C00926345,1963097,1963097,2026-04-15,2026-03-31,False,328700.00,0.0,0.0
H6TX19206,C00926345,1963097,2004053,2026-08-04,2026-03-31,True,328700.00,0.0,0.0
H6TX19206,C00926345,1974936,2004057,2026-08-04,2026-05-06,True,194829.00,0.0,0.0
H6TX19206,C00926345,1974936,1974936,2026-05-14,2026-05-06,False,194829.00,0.0,0.0
H6TX19206,C00926345,1991611,1991611,2026-07-14,2026-06-30,True,54031.36,0.0,0.0
H6TX20113,C00905661,1898772,1898772,2025-07-07,2025-06-30,True,4991.59,1600.0,0.0
H6TX20113,C00905661,1917731,1918091,2025-10-08,2025-09-30,True,4641.05,0.0,10000.0
H6TX20113,C00905661,1917731,1917731,2025-10-06,2025-09-30,False,4391.05,0.0,10000.0
H6TX20113,C00905661,1934294,1934294,2026-01-21,2025-12-31,True,4217.77,0.0,5135.0
H6TX20113,C00905661,1948012,1948012,2026-02-19,2026-02-11,True,260.25,0.0,0.0
H6TX20113,C00905661,1960760,1960760,2026-04-13,2026-03-31,True,907.43,250.0,0.0
H6TX20113,C00905661,1991289,1991289,2026-07-13,2026-06-30,True,1032.81,0.0,15000.0
H6TX21301,C00917658,1919843,1919843,2025-10-15,2025-09-30,True,150352.39,0.0,500000.0
H6TX21301,C00917658,1941815,1941815,2026-01-31,2025-12-31,True,283777.34,0.0,2000000.0
H6TX21301,C00917658,1948083,1957247,2026-04-02,2026-02-11,True,159093.53,0.0,250000.0
H6TX21301,C00917658,1948083,1948083,2026-02-19,2026-02-11,False,159093.53,0.0,250000.0
H6TX21301,C00917658,1965322,1965322,2026-04-15,2026-03-31,False,116087.69,0.0,0.0
H6TX21301,C00917658,1965322,1983378,2026-06-15,2026-03-31,True,116087.69,0.0,0.0
H6TX21301,C00917658,1993994,1993994,2026-07-15,2026-06-30,True,41074.70,0.0,0.0
H6TX23273,C00926121,1938090,1938090,2026-01-29,2025-12-31,False,15543.08,7492.42,7392.42
H6TX23273,C00926121,1938090,1999265,2026-07-18,2025-12-31,True,15547.08,7392.42,0.0
H6TX23273,C00926121,1946732,1999272,2026-07-18,2026-02-11,True,12167.91,0.0,0.0
H6TX23273,C00926121,1946732,1946732,2026-02-16,2026-02-11,False,13439.67,973.8,0.0
H6TX23273,C00926121,1965582,1965582,2026-04-15,2026-03-31,False,182288.12,2415.0,3358.8
H6TX23273,C00926121,1965582,1999395,2026-07-19,2026-03-31,True,181763.32,0.0,2400.0
H6TX23273,C00926121,1995901,1995901,2026-07-15,2026-06-30,False,230928.95,0.0,0.0
H6TX23273,C00926121,1995901,2000517,2026-07-20,2026-06-30,True,230928.95,0.0,0.0
H6TX24172,C00905547,1900377,1900377,2025-07-13,2025-06-30,True,19279.00,3500.0,0.0
H6TX24172,C00905547,1918392,1918392,2025-10-09,2025-09-30,True,35073.58,0.0,0.0
H6TX24172,C00905547,1935690,1935690,2026-01-26,2025-12-31,True,42768.85,0.0,0.0
H6TX24172,C00905547,1947661,1947661,2026-02-19,2026-02-11,True,19305.52,0.0,0.0
H6TX24172,C00905547,1964987,1964987,2026-04-15,2026-03-31,False,29694.66,0.0,0.0
H6TX24172,C00905547,1964987,1989139,2026-07-08,2026-03-31,True,29694.66,0.0,0.0
H6TX24172,C00905547,1973874,1973874,2026-05-09,2026-05-06,True,14949.78,0.0,0.0
H6TX24172,C00905547,1996619,1996619,2026-07-15,2026-06-30,True,45288.36,0.0,0.0
H6TX25203,C00893842,1922380,1922380,2025-10-19,2025-03-31,True,305.00,0.0,0.0
H6TX25203,C00893842,1922381,1922381,2025-10-19,2025-06-30,True,315.00,0.0,0.0
H6TX25203,C00893842,1922404,1922404,2025-10-19,2025-09-30,False,2158.00,0.0,0.0
H6TX25203,C00893842,1922404,1931169,2026-01-07,2025-09-30,True,2303.00,0.0,0.0
H6TX25203,C00893842,1931164,1931164,2026-01-07,2025-12-31,True,1950.00,0.0,3125.0
H6TX25203,C00893842,1947662,1947662,2026-02-19,2026-02-11,True,4842.00,0.0,0.0
H6TX25203,C00893842,1960586,1960586,2026-04-13,2026-03-31,True,12293.36,0.0,0.0
H6TX25203,C00893842,1997805,1997805,2026-07-15,2026-06-30,True,14149.64,0.0,0.0
H6TX26144,C00918573,1917363,1917363,2025-10-03,2025-09-30,True,2696.00,0.0,0.0
H6TX26144,C00918573,1931529,1931529,2026-01-09,2025-12-31,True,7947.00,0.0,0.0
H6TX26144,C00918573,1947194,1947194,2026-02-17,2026-02-11,True,97.00,0.0,0.0
H6TX26144,C00918573,1961333,1961333,2026-04-14,2026-03-31,True,1480.34,0.0,0.0
H6TX26144,C00918573,1990885,1990885,2026-07-13,2026-06-30,True,5006.20,0.0,0.0
H6TX28124,C00929174,1942765,1942765,2026-01-31,2025-12-31,False,209582.46,0.0,0.0
H6TX28124,C00929174,1942765,1974007,2026-05-11,2025-12-31,True,209582.46,0.0,0.0
H6TX28124,C00929174,1948366,1948366,2026-02-19,2026-02-11,True,81002.16,0.0,0.0
H6TX28124,C00929174,1966379,1996060,2026-07-15,2026-03-31,False,91777.37,0.0,0.0
H6TX28124,C00929174,1966379,2006464,2026-08-14,2026-03-31,True,91777.37,0.0,0.0
H6TX28124,C00929174,1966379,1966379,2026-04-15,2026-03-31,False,91777.37,0.0,0.0
H6TX28124,C00929174,1966379,2002612,2026-07-29,2026-03-31,False,91777.37,0.0,0.0
H6TX28124,C00895128,1963727,1963727,2026-04-15,2026-03-31,True,0.00,0.0,0.0
H6TX28124,C00894543,1967491,1967491,2026-04-15,2026-03-31,False,0.00,0.0,0.0
H6TX28124,C00894543,1967491,1967553,2026-04-15,2026-03-31,True,0.00,0.0,0.0
H6TX28124,C00895128,1965315,1965315,2026-04-15,2026-04-15,True,0.00,0.0,0.0
H6TX28124,C00929174,1996103,1996103,2026-07-15,2026-06-30,True,221304.25,0.0,0.0
H6TX28124,C00894543,1992956,1992956,2026-07-14,2026-06-30,True,0.00,0.0,0.0
H6TX29122,C00931170,1931725,1931725,2026-01-09,2025-12-31,True,0.00,0.0,0.0
H6TX29122,C00931170,1947764,1947764,2026-02-19,2026-02-11,True,0.00,0.0,0.0
H6TX29122,C00931170,1957430,1957430,2026-04-02,2026-03-31,True,0.00,0.0,0.0
H6TX29122,C00931170,1987540,1987540,2026-07-02,2026-06-30,True,0.00,0.0,0.0
H6TX30211,C00924167,1937578,1937578,2026-01-29,2025-12-31,False,14314.61,0.0,200.0
H6TX30211,C00924167,1937578,1946785,2026-02-16,2025-12-31,True,14314.61,0.0,200.0
H6TX30211,C00924167,1949697,1949697,2026-02-20,2026-02-11,True,370.63,0.0,0.0
H6TX30211,C00924167,1963109,1963109,2026-04-15,2026-03-31,True,1375.01,0.0,0.0
H6TX30211,C00924167,1974525,1974525,2026-05-13,2026-05-06,True,688.23,0.0,0.0
H6TX30211,C00924167,1993263,1993263,2026-07-15,2026-06-30,True,266.31,0.0,0.0
H6TX30245,C00931667,1941567,1941567,2026-01-31,2025-12-31,True,3247.00,0.0,0.0
H6TX30245,C00931667,1948272,1948272,2026-02-19,2026-02-11,True,147316.04,0.0,0.0
H6TX30245,C00931667,1965005,1986894,2026-06-29,2026-03-31,True,163863.38,0.0,0.0
H6TX30245,C00931667,1965005,1965005,2026-04-15,2026-03-31,False,163863.38,0.0,0.0
H6TX30245,C00931667,1995346,1995346,2026-07-15,2026-06-30,True,58211.64,0.0,0.0
H6TX31094,C00907329,1902796,1902796,2025-07-15,2025-06-30,True,6657.00,0.0,7800.0
H6TX31094,C00907329,1921687,1921687,2025-10-15,2025-09-30,True,21362.00,9842.1,0.0
H6TX31094,C00907329,1943377,1943377,2026-01-31,2025-12-31,False,5830.00,0.0,25000.0
H6TX31094,C00907329,1943377,1976176,2026-05-18,2025-12-31,True,5830.00,0.0,25000.0
H6TX31094,C00907329,1948427,1948427,2026-02-19,2026-02-11,False,4313.00,0.0,0.0
H6TX31094,C00907329,1948427,1976177,2026-05-18,2026-02-11,True,4313.00,0.0,0.0
H6TX31094,C00907329,1962770,1994963,2026-07-15,2026-03-31,True,7559.26,0.0,0.0
H6TX31094,C00907329,1962770,1962770,2026-04-15,2026-03-31,False,5744.26,0.0,0.0
H6TX31094,C00907329,1995432,1995432,2026-07-15,2026-06-30,True,28152.31,0.0,0.0
H6TX31102,C00910695,1919391,1970260,2026-04-20,2025-09-30,True,92861.39,7358.18,0.0
H6TX31102,C00910695,1919391,1919391,2025-10-14,2025-09-30,False,100219.57,0.0,0.0
H6TX31102,C00910695,1940848,1940848,2026-01-30,2025-12-31,True,48015.41,7543.77,0.0
H6TX31102,C00910695,1948386,1948386,2026-02-19,2026-02-11,True,11877.00,11533.34,0.0
H6TX31102,C00910695,1967219,1990333,2026-07-11,2026-03-31,True,64804.63,0.0,0.0
H6TX31102,C00910695,1967219,1967219,2026-04-15,2026-03-31,False,64804.63,0.0,0.0
H6TX31102,C00910695,1995231,1995231,2026-07-15,2026-06-30,True,110489.45,1625.8,0.0
H6TX32217,C00930024,1937399,1937399,2026-01-29,2025-12-31,True,25168.00,0.0,0.0
H6TX32217,C00930024,1947774,1947774,2026-02-19,2026-02-11,False,19457.00,0.0,0.0
H6TX32217,C00930024,1947774,2009776,2026-08-26,2026-02-11,True,21557.00,0.0,0.0
H6TX32217,C00930024,1961859,1961859,2026-04-14,2026-03-31,False,17521.34,0.0,0.0
H6TX32217,C00930024,1961859,1986287,2026-06-22,2026-03-31,False,17521.34,0.0,0.0
H6TX32217,C00930024,1961859,2009777,2026-08-26,2026-03-31,True,17521.34,0.0,0.0
H6TX32217,C00930024,1994798,1994798,2026-07-15,2026-06-30,False,22729.15,0.0,0.0
H6TX32217,C00930024,1994798,2009779,2026-08-26,2026-06-30,True,22729.15,0.0,0.0
H6TX32225,C00930297,1939229,1939229,2026-01-30,2025-12-31,True,122183.48,0.0,202000.0
H6TX32225,C00930297,1948045,1948045,2026-02-19,2026-02-11,True,88870.54,0.0,5000.0
H6TX32225,C00930297,1964515,1964515,2026-04-15,2026-03-31,True,88949.64,0.0,0.0
H6TX32225,C00930297,1995255,1995255,2026-07-15,2026-06-30,True,172690.72,0.0,0.0
H6TX35038,C00906149,1900356,1900356,2025-07-13,2025-06-30,True,2508.71,0.0,0.0
H6TX35038,C00906149,1918203,1918203,2025-10-09,2025-09-30,True,27359.95,0.0,0.0
H6TX35038,C00906149,1935831,1935831,2026-01-27,2025-12-31,True,41847.09,0.0,0.0
H6TX35038,C00906149,1946874,1946874,2026-02-17,2026-02-11,True,26981.40,0.0,0.0
H6TX35038,C00906149,1958104,1958104,2026-04-06,2026-03-31,True,10792.84,0.0,0.0
H6TX35038,C00906149,1974019,1974019,2026-05-11,2026-05-06,True,2952.11,0.0,0.0
H6TX35038,C00906149,1988187,1988187,2026-07-06,2026-06-30,True,5447.53,0.0,0.0
H6TX35087,C00922013,1943461,1948251,2026-02-19,2025-12-31,True,178294.04,0.0,50000.0
H6TX35087,C00922013,1943461,1943461,2026-01-31,2025-12-31,False,178294.04,0.0,50000.0
H6TX35087,C00922013,1948265,1948265,2026-02-19,2026-02-11,True,31775.42,0.0,0.0
H6TX35087,C00922013,1965615,1965615,2026-04-15,2026-03-31,True,142926.93,0.0,0.0
H6TX35087,C00922013,1974977,1974977,2026-05-14,2026-05-06,True,151351.75,0.0,3000.0
H6TX35087,C00922013,1996695,1996695,2026-07-15,2026-06-30,True,261364.38,0.0,0.0
H6TX35095,C00922799,1939924,1939924,2026-01-30,2025-12-31,True,100773.08,0.0,0.0
H6TX35095,C00922799,1947687,1947687,2026-02-19,2026-02-11,True,52499.43,0.0,0.0
H6TX35095,C00922799,1964452,1964452,2026-04-15,2026-03-31,True,77140.31,0.0,0.0
H6TX35095,C00922799,1974923,1974923,2026-05-14,2026-05-06,True,54371.18,0.0,0.0
H6TX35095,C00922799,1997351,1997351,2026-07-15,2026-06-30,True,424048.64,0.0,0.0
H6UT01160,C00913582,1932000,1932000,2026-01-12,2025-12-31,True,2005.49,0.0,0.0
H6UT01160,C00913582,1961934,1961934,2026-04-14,2026-03-31,False,9158.00,175.48,0.0
H6UT01160,C00913582,1961934,1969219,2026-04-20,2026-04-05,False,9223.00,175.48,0.0
H6UT01160,C00913582,1961934,1989870,2026-07-10,2026-04-05,True,9523.00,0.0,0.0
H6UT01160,C00913582,1989879,1989879,2026-07-10,2026-06-03,True,19001.00,0.0,0.0
H6UT01160,C00913582,1988145,1989878,2026-07-10,2026-06-30,True,20362.00,0.0,0.0
H6UT01160,C00913582,1988145,1988145,2026-07-06,2026-06-30,False,38568.00,0.0,0.0
H6UT01244,C00940411,1960727,1960727,2026-04-13,2026-04-05,False,68334.00,0.0,30000.0
H6UT01244,C00940411,1960727,2009669,2026-08-25,2026-04-05,True,68334.00,0.0,30000.0
H6UT01244,C00940411,1991201,1991201,2026-07-13,2026-06-30,False,30198.89,0.0,0.0
H6UT01244,C00940411,1991201,2009670,2026-08-25,2026-06-30,True,30198.89,0.0,0.0
H6UT02424,C00904714,1919015,1919015,2025-10-13,2025-09-30,False,2171.00,0.0,10653.15
H6UT02424,C00904714,1919015,1983377,2026-06-15,2025-09-30,True,2171.00,0.0,10753.15
H6UT02424,C00904714,1935252,1983380,2026-06-15,2025-12-31,True,2670.00,0.0,5539.78
H6UT02424,C00904714,1935252,1935252,2026-01-25,2025-12-31,False,2670.00,0.0,5539.78
H6UT02424,C00904714,1961284,1961284,2026-04-13,2026-04-05,False,3812.59,0.0,7486.76
H6UT02424,C00904714,1961284,1983825,2026-06-16,2026-04-05,True,3812.59,0.0,7486.76
H6UT02424,C00904714,1983818,1991535,2026-07-14,2026-06-30,True,8319.78,0.0,12375.73
H6UT02424,C00904714,1983818,1983818,2026-06-16,2026-06-30,False,1480.00,0.0,0.0
H6UT03182,C00938811,1970548,1995637,2026-07-15,2026-03-31,True,14368.00,20.0,0.0
H6UT03182,C00938811,1970548,1970548,2026-04-21,2026-03-31,False,14010.00,0.0,0.0
H6UT03182,C00938811,1995913,1995913,2026-07-15,2026-06-30,True,33014.72,0.0,0.0
H6VA01117,C00256925,1888112,1897076,2025-06-23,2025-03-31,True,6199.00,0.0,0.0
H6VA01117,C00256925,1888112,1888112,2025-04-15,2025-03-31,False,6199.00,0.0,0.0
H6VA01117,C00256925,1903312,1903312,2025-07-15,2025-06-30,False,78795.00,0.0,0.0
H6VA01117,C00256925,1903312,1910995,2025-08-13,2025-06-30,True,78795.00,0.0,0.0
H6VA01117,C00256925,1921742,1921742,2025-10-15,2025-09-30,True,24928.00,0.0,0.0
H6VA01117,C00256925,1942896,1942896,2026-01-31,2025-12-31,True,37699.68,0.0,0.0
H6VA01117,C00256925,1967327,1967327,2026-04-15,2026-03-31,True,85362.47,0.0,0.0
H6VA01117,C00256925,1997800,1997800,2026-07-15,2026-06-30,True,127299.86,0.0,0.0
H6VA01299,C00918029,1921518,1921518,2025-10-15,2025-09-30,True,308199.75,0.0,0.0
H6VA01299,C00918029,1942117,1942117,2026-01-31,2025-12-31,True,351479.91,0.0,0.0
H6VA01299,C00918029,1967312,1967312,2026-04-15,2026-03-31,True,420290.33,0.0,0.0
H6VA01299,C00918029,1996134,2006780,2026-08-17,2026-06-30,False,528483.16,0.0,0.0
H6VA01299,C00918029,1996134,1996134,2026-07-15,2026-06-30,False,528483.16,0.0,0.0
H6VA01299,C00918029,1996134,2010715,2026-09-03,2026-06-30,True,528483.16,0.0,0.0
H6VA02198,C00926303,1938621,1938621,2026-01-30,2025-12-31,True,1026517.02,7212.94,0.0
H6VA02198,C00926303,1964935,1964935,2026-04-15,2026-03-31,True,928791.66,797.19,0.0
H6VA02198,C00926303,1994749,1994749,2026-07-15,2026-06-30,True,1226921.74,0.0,0.0
H6VA03121,C00949644,1991958,1991958,2026-07-14,2026-06-30,True,1902.23,4100.0,0.0
H6VA05217,C00929968,1943328,1943328,2026-01-31,2025-12-31,True,682786.10,738.99,0.0
H6VA05217,C00929968,1963859,1963859,2026-04-15,2026-03-31,True,647839.70,1722.37,0.0
H6VA05217,C00929968,1995770,1995770,2026-07-15,2026-06-30,True,607977.06,10649.84,0.0
H6VA06173,C00927129,1941530,1964027,2026-04-15,2025-12-31,True,603816.12,0.0,0.0
H6VA06173,C00927129,1941530,1941530,2026-01-31,2025-12-31,False,603816.12,0.0,0.0
H6VA06173,C00927129,1964033,2001267,2026-07-22,2026-03-31,True,484360.90,0.0,0.0
H6VA06173,C00927129,1964033,1964033,2026-04-15,2026-03-31,False,480085.90,0.0,0.0
H6VA06173,C00927129,1995359,2001702,2026-07-23,2026-06-30,True,463680.65,0.0,0.0
H6VA06173,C00927129,1995359,1995359,2026-07-15,2026-06-30,False,463680.65,0.0,0.0
H6VA07205,C00921650,1942324,1942324,2026-01-31,2025-12-31,True,106624.25,0.0,0.0
H6VA07205,C00921650,1966045,1966045,2026-04-15,2026-03-31,True,63236.00,0.0,0.0
H6VA07205,C00921650,1996535,1996535,2026-07-15,2026-06-30,True,68501.00,0.0,0.0
H6VA08252,C00905943,1903184,1903184,2025-07-15,2025-06-30,True,140.00,0.0,0.0
H6VA08252,C00905943,1920469,1920469,2025-10-15,2025-09-30,True,1325.00,0.0,0.0
H6VA08252,C00905943,1942343,1942343,2026-01-31,2025-12-31,True,375.00,0.0,0.0
H6VA08252,C00905943,1967167,1967167,2026-04-15,2026-03-31,True,2025.52,152.4,0.0
H6VA08252,C00905943,1995022,1995022,2026-07-15,2026-06-30,True,2462.12,3560.04,0.0
H6VA09136,C00926725,1941004,1941004,2026-01-30,2025-12-31,True,11775.00,0.0,0.0
H6VA09136,C00926725,1962995,1962995,2026-04-15,2026-03-31,True,29576.09,351.39,0.0
H6VA09136,C00926725,1996129,1996129,2026-07-15,2026-06-30,True,39699.85,2236.07,0.0
H6VA11066,C00904367,1903437,1956735,2026-03-30,2025-06-30,True,599174.68,0.0,0.0
H6VA11066,C00904367,1903437,1903437,2025-07-15,2025-06-30,False,599174.68,0.0,0.0
H6VA11066,C00904367,1913326,1913326,2025-08-28,2025-08-20,False,207833.10,0.0,0.0
H6VA11066,C00904367,1913326,1956805,2026-03-31,2025-08-20,True,207833.10,0.0,0.0
H6VA11066,C00904367,1918374,1961051,2026-04-13,2025-09-29,True,193480.13,0.0,0.0
H6VA11066,C00904367,1918374,1918374,2025-10-09,2025-09-29,False,193480.13,0.0,0.0
H6VA11066,C00904367,1943604,1943604,2026-01-31,2025-12-31,False,94291.17,0.0,0.0
H6VA11066,C00904367,1943604,1961183,2026-04-13,2025-12-31,True,94291.17,0.0,0.0
H6VA11066,C00904367,1966993,1966993,2026-04-15,2026-03-31,True,421171.84,0.0,0.0
H6VA11066,C00904367,1997563,1997563,2026-07-15,2026-06-30,True,265133.73,0.0,0.0
H6VA11249,C00959106,2011550,2011550,2026-09-11,2025-06-30,True,5142.86,0.0,0.0
H6VA11249,C00959106,2011551,2011551,2026-09-11,2025-09-30,True,0.00,0.0,0.0
H6VA11249,C00959106,2011552,2011552,2026-09-11,2025-12-31,True,0.00,0.0,0.0
H6VA11249,C00959106,2011554,2011554,2026-09-11,2026-03-31,True,0.00,0.0,0.0
H6VA11249,C00959106,2011557,2011557,2026-09-11,2026-06-30,True,0.00,0.0,0.0
H6VA11249,C00951277,1992812,1992812,2026-07-14,2026-06-30,True,1655.24,0.0,3981.84
H6VT01085,C00950048,1995220,2002234,2026-07-27,2026-06-30,True,28619.46,5045.45,0.0
H6VT01085,C00950048,1995220,1995220,2026-07-15,2026-06-30,False,28619.46,0.0,0.0
H6WA03275,C00915884,1920588,1920588,2025-10-15,2025-09-30,False,490427.77,10500.0,100.0
H6WA03275,C00915884,1920588,2006105,2026-08-13,2025-09-30,True,490427.77,10500.0,100.0
H6WA03275,C00915884,1940282,1940282,2026-01-30,2025-12-31,True,329971.65,235.79,0.0
H6WA03275,C00915884,1965638,1965638,2026-04-15,2026-03-31,True,287140.85,0.0,500.0
H6WA03275,C00915884,1996975,1996975,2026-07-15,2026-06-30,True,372934.82,98.0,0.0
H6WA04190,C00916585,1982607,1982607,2026-06-11,2025-06-30,True,3250.00,37.0,600.0
H6WA04190,C00916585,1919471,1919471,2025-10-14,2025-09-30,False,4045.19,600.0,0.0
H6WA04190,C00916585,1919471,1982606,2026-06-11,2025-09-30,True,1402.27,0.0,0.0
H6WA04190,C00916585,1939402,1982447,2026-06-10,2025-12-31,True,8196.54,0.0,0.0
H6WA04190,C00916585,1939402,1939402,2026-01-30,2025-12-31,False,8196.54,0.0,0.0
H6WA04190,C00916585,1963995,2000897,2026-07-20,2026-03-31,True,48766.54,250.0,0.0
H6WA04190,C00916585,1963995,1982449,2026-06-11,2026-03-31,False,58770.54,250.0,0.0
H6WA04190,C00916585,1963995,1963995,2026-04-15,2026-03-31,False,48662.32,250.0,0.0
H6WA04190,C00916585,1998124,1998124,2026-07-16,2026-06-30,True,98198.38,0.0,0.0
H6WA04216,C00932582,1966449,1966449,2026-04-15,2026-03-31,True,384862.18,13791.8,50000.0
H6WA04216,C00932582,1996554,1996554,2026-07-15,2026-06-30,True,332962.24,0.0,0.0
H6WA06286,C00939926,1998090,1998090,2026-07-16,2026-06-30,False,14881.97,20.0,7005.0
H6WA06286,C00939926,1998090,2001755,2026-07-23,2026-06-30,True,14881.97,20.0,7005.0
H6WA07458,C00605592,1886491,1886491,2025-04-15,2025-03-31,True,322792.25,0.0,0.0
H6WA07458,C00605592,1901526,1901526,2025-07-15,2025-06-30,True,467648.98,0.0,0.0
H6WA07458,C00605592,1919338,1919338,2025-10-14,2025-09-30,True,255413.29,0.0,0.0
H6WA07458,C00605592,1937366,1937366,2026-01-29,2025-12-31,True,229200.70,0.0,0.0
H6WA07458,C00605592,1964830,1964830,2026-04-15,2026-03-31,True,441262.85,0.0,0.0
H6WA07458,C00605592,1995564,1995564,2026-07-15,2026-06-30,True,411913.35,0.0,0.0
H6WA08167,C00938050,1968202,1968202,2026-04-16,2026-03-31,True,19145.00,0.0,15000.0
H6WA08167,C00938050,1990575,1990575,2026-07-12,2026-06-30,True,22271.63,0.0,70000.0
H6WA09025,C00304709,1887931,1887931,2025-04-15,2025-03-31,True,173905.62,0.0,0.0
H6WA09025,C00304709,1903162,1903162,2025-07-15,2025-06-30,True,122331.24,0.0,0.0
H6WA09025,C00304709,1921232,1921232,2025-10-15,2025-09-30,True,86357.92,0.0,0.0
H6WA09025,C00304709,1941150,1941150,2026-01-30,2025-12-31,True,77140.00,0.0,0.0
H6WA09025,C00304709,1964253,1964253,2026-04-15,2026-03-31,True,248001.86,0.0,0.0
H6WA09025,C00304709,1996272,2001287,2026-07-22,2026-06-30,True,546915.12,0.0,0.0
H6WA09025,C00304709,1996272,1996272,2026-07-15,2026-06-30,False,546915.12,0.0,0.0
H6WI01283,C00915637,1920984,1959423,2026-04-09,2025-09-30,True,108579.49,0.0,0.0
H6WI01283,C00915637,1920984,1920984,2025-10-15,2025-09-30,False,108579.49,0.0,0.0
H6WI01283,C00915637,1943010,1959428,2026-04-09,2025-12-31,True,103677.76,0.0,0.0
H6WI01283,C00915637,1943010,1943010,2026-01-31,2025-12-31,False,103677.76,0.0,0.0
H6WI01283,C00915637,1966054,1966054,2026-04-15,2026-03-31,True,206914.47,0.0,0.0
H6WI01283,C00915637,1996445,1996445,2026-07-15,2026-06-30,True,215250.63,0.0,0.0
H6WI05136,C00872697,1893226,1893226,2025-05-20,2025-03-31,True,0.00,0.0,0.0
H6WI05136,C00872697,1900655,1900655,2025-07-14,2025-06-30,True,652.00,800.0,0.0
H6WI05136,C00872697,1919111,1919111,2025-10-14,2025-09-30,True,1124.26,0.0,0.0
H6WI05136,C00872697,1933772,1933772,2026-01-19,2025-12-31,True,1853.00,0.0,0.0
H6WI05136,C00872697,1963471,1963471,2026-04-15,2026-03-31,True,1491.00,400.0,0.0
H6WI05136,C00872697,1998144,1998144,2026-07-16,2026-06-30,True,7867.00,0.0,425.0
H6WI06191,C00920231,1917649,1918089,2025-10-08,2025-09-30,True,515.00,5247.33,0.0
H6WI06191,C00920231,1917649,1917649,2025-10-06,2025-09-30,False,5762.33,0.0,0.0
H6WI06191,C00920231,1937952,1937952,2026-01-29,2025-12-31,True,21736.01,5498.62,0.0
H6WI06191,C00920231,1958034,1958034,2026-04-06,2026-03-31,True,47393.44,238.86,0.0
H6WI06191,C00920231,1991388,1991388,2026-07-13,2026-06-30,True,72801.66,301.23,0.0
H6WI07207,C00920868,1921638,1921638,2025-10-15,2025-09-30,True,200.00,0.0,0.0
H6WI07207,C00920868,1940152,1940152,2026-01-30,2025-12-31,True,152657.47,0.0,5000.0
H6WI07207,C00920868,1967764,1967764,2026-04-15,2026-03-31,False,110008.79,0.0,0.0
H6WI07207,C00920868,1967764,1986978,2026-06-29,2026-03-31,True,110008.79,0.0,0.0
H6WI07207,C00920868,1997924,1997924,2026-07-15,2026-06-30,True,115544.46,30.0,0.0
H6WI07223,C00924902,1942739,1981421,2026-06-04,2025-12-31,True,273569.84,0.0,0.0
H6WI07223,C00924902,1942739,1942739,2026-01-31,2025-12-31,False,273569.84,0.0,0.0
H6WI07223,C00924902,1965997,1965997,2026-04-15,2026-03-31,True,477290.90,0.0,0.0
H6WI07223,C00924902,1996916,1996916,2026-07-15,2026-06-30,True,300495.83,0.0,0.0
H6WI08205,C00916064,1934111,1934111,2026-01-21,2025-12-31,True,2900.00,0.0,0.0
H6WI08205,C00916064,1957165,1957165,2026-04-01,2026-03-31,True,19372.57,1500.0,0.0
H6WI08205,C00916064,1992515,1992515,2026-07-14,2026-06-30,True,34502.08,0.0,0.0
H6WV01160,C00928440,1971876,2005640,2026-08-11,2026-03-31,True,14850.00,0.0,110000.0
H6WV01160,C00928440,1971876,1971876,2026-04-30,2026-03-31,False,14850.00,0.0,110000.0
H6WV01160,C00928440,1971898,1971898,2026-04-30,2026-04-22,False,1385.00,0.0,130000.0
H6WV01160,C00928440,1971898,2005645,2026-08-11,2026-04-22,False,1385.00,0.0,130000.0
H6WV01160,C00928440,1971898,2005658,2026-08-11,2026-04-22,True,1385.00,0.0,130000.0
H6WV01160,C00928440,1997914,1997914,2026-07-15,2026-06-30,False,2095.00,0.0,0.0
H6WV01160,C00928440,1997914,2010833,2026-09-04,2026-06-30,True,2095.00,0.0,0.0
H6WV02150,C00927723,1936866,1936866,2026-01-28,2025-12-31,True,14457.63,0.0,0.0
H6WV02150,C00927723,1957999,1957999,2026-04-05,2026-03-31,True,54582.00,30.0,0.0
H6WV02150,C00927723,1971328,1971328,2026-04-26,2026-04-22,True,7184.00,10.0,0.0
H6WV02150,C00927723,1991631,1991631,2026-07-14,2026-06-30,True,56961.26,20.0,0.0
H6WY00217,C00932244,1941208,1941208,2026-01-30,2025-12-31,True,0.00,0.0,500000.0
H6WY00217,C00932244,1966221,1966221,2026-04-15,2026-03-31,True,180726.00,0.0,237000.0
H6WY00217,C00932244,1996926,1996926,2026-07-15,2026-06-30,True,47710.00,0.0,410000.0
H6WY01173,C00944280,1991408,1991408,2026-07-13,2026-03-31,True,0.00,0.0,0.0
H6WY01173,C00944280,1991413,2009988,2026-08-27,2026-06-30,True,13270.00,0.0,0.0
H6WY01173,C00944280,1991413,1991413,2026-07-13,2026-06-30,False,13270.00,0.0,0.0
H6WY01173,C00944280,1991413,2004553,2026-08-06,2026-06-30,False,13270.00,0.0,0.0
H8AZ09040,C00657304,1886907,1886907,2025-04-15,2025-03-31,True,265073.44,0.0,0.0
H8AZ09040,C00657304,1902801,1902801,2025-07-15,2025-06-30,True,209427.87,0.0,0.0
H8AZ09040,C00657304,1920610,1923883,2025-10-31,2025-09-30,True,228363.33,0.0,0.0
H8AZ09040,C00657304,1920610,1920610,2025-10-15,2025-09-30,False,228363.33,0.0,0.0
H8AZ09040,C00657304,1941765,1941765,2026-01-31,2025-12-31,False,227202.51,0.0,0.0
H8AZ09040,C00657304,1941765,1951182,2026-03-02,2025-12-31,True,227202.51,0.0,0.0
H8AZ09040,C00657304,1966116,1966116,2026-04-15,2026-03-31,True,243885.25,0.0,0.0
H8CA04152,C00446815,1886286,1886286,2025-04-14,2025-03-31,False,41974.43,0.0,0.0
H8CA04152,C00446815,1886286,1887236,2025-04-15,2025-03-31,True,66674.43,0.0,0.0
H8CA04152,C00446815,1902267,1902267,2025-07-15,2025-06-30,True,89668.69,0.0,0.0
H8CA04152,C00446815,1921278,1921278,2025-10-15,2025-09-30,True,202732.50,0.0,0.0
H8CA04152,C00446815,1943424,1943452,2026-01-31,2025-12-31,True,88872.51,0.0,0.0
H8CA04152,C00446815,1943424,1943424,2026-01-31,2025-12-31,False,88872.51,0.0,0.0
H8CA04152,C00446815,1965671,1965671,2026-04-15,2026-03-31,False,168187.61,0.0,0.0
H8CA04152,C00446815,1965671,1996417,2026-07-15,2026-03-31,True,168187.61,0.0,0.0
H8CA04152,C00446815,1978863,1978863,2026-05-22,2026-05-13,False,74050.56,0.0,0.0
H8CA04152,C00446815,1978863,1996434,2026-07-15,2026-05-13,True,74150.56,0.0,0.0
H8CA04152,C00446815,1996578,1996578,2026-07-15,2026-06-30,True,79768.14,0.0,0.0
H8CA10126,C00639146,1887084,1887084,2025-04-15,2025-03-31,True,576868.43,0.0,0.0
H8CA10126,C00639146,1902940,1902940,2025-07-15,2025-06-30,True,573162.69,0.0,0.0
H8CA10126,C00639146,1921015,1921015,2025-10-15,2025-09-30,True,528246.09,0.0,0.0
H8CA10126,C00639146,1941020,1941020,2026-01-30,2025-12-31,True,389286.65,0.0,0.0
H8CA10126,C00639146,1966139,1966139,2026-04-15,2026-03-31,True,401022.88,0.0,0.0
H8CA10126,C00639146,1978654,1978654,2026-05-21,2026-05-13,True,197824.70,0.0,0.0
H8CA10126,C00639146,1995671,2011957,2026-09-15,2026-06-30,True,233021.68,0.0,0.0
H8CA10126,C00639146,1995671,1995671,2026-07-15,2026-06-30,False,233021.68,0.0,0.0
H8CA29100,C00697391,1887440,1887440,2025-04-15,2025-03-31,True,0.00,0.0,0.0
H8CA29100,C00697391,1901269,1901269,2025-07-15,2025-06-30,True,0.00,0.0,0.0
H8CA29100,C00697391,1928181,1928181,2025-12-12,2025-09-30,True,0.00,0.0,0.0
H8CA29100,C00697391,1936077,1936077,2026-01-27,2025-12-31,True,0.00,0.0,0.0
H8CA29100,C00697391,1965140,1965140,2026-04-15,2026-03-31,True,13262.53,0.0,0.0
H8CA29100,C00697391,1978932,1978932,2026-05-22,2026-05-13,True,16354.50,0.0,0.0
H8CA29100,C00697391,1991528,1991528,2026-07-13,2026-06-30,True,7536.00,0.0,0.0
H8CA34266,C00629659,1886974,1886974,2025-04-15,2025-03-31,True,55186.48,0.0,0.0
H8CA34266,C00629659,1902901,1902901,2025-07-15,2025-06-30,True,60993.74,0.0,0.0
H8CA34266,C00629659,1921070,1921070,2025-10-15,2025-09-30,True,208455.80,0.0,0.0
H8CA34266,C00629659,1941870,1941870,2026-01-31,2025-12-31,True,103169.53,0.0,0.0
H8CA34266,C00629659,1965348,1965348,2026-04-15,2026-03-31,True,167577.71,0.0,0.0
H8CA34266,C00629659,1978544,1978544,2026-05-21,2026-05-13,True,9338.06,0.0,0.0
H8CA34266,C00629659,1995552,1995552,2026-07-15,2026-06-30,True,45845.43,0.0,0.0
H8CA39174,C00850420,1885883,1885883,2025-04-14,2025-03-31,True,20787.43,0.0,0.0
H8CA39174,C00850420,1902162,1902162,2025-07-15,2025-06-30,True,15075.09,0.0,0.0
H8CA39174,C00850420,1920376,1920376,2025-10-15,2025-09-30,True,43864.09,0.0,0.0
H8CA39174,C00850420,1939827,1939827,2026-01-30,2025-12-31,True,20672.23,0.0,0.0
H8CA39174,C00850420,1965229,1965229,2026-04-15,2026-03-31,True,50416.66,0.0,0.0
H8CA39174,C00850420,1978650,1978650,2026-05-21,2026-05-13,True,42489.13,0.0,0.0
H8CA39174,C00850420,1996346,1996346,2026-07-15,2026-06-30,True,46959.00,6616.31,0.0
H8CA49058,C00634253,1886836,1886836,2025-04-15,2025-03-31,True,582865.35,0.0,0.0
H8CA49058,C00634253,1902399,1902399,2025-07-15,2025-06-30,True,548336.55,0.0,0.0
H8CA49058,C00634253,1920258,1920258,2025-10-15,2025-09-30,True,338676.66,0.0,0.0
H8CA49058,C00634253,1939199,1939199,2026-01-30,2025-12-31,True,409463.96,0.0,0.0
H8CA49058,C00634253,1964034,1964034,2026-04-15,2026-03-31,True,335716.39,0.0,0.0
H8CA49058,C00634253,1978462,1978462,2026-05-21,2026-05-13,True,119465.76,0.0,0.0
H8CA49058,C00634253,1993866,1993866,2026-07-15,2026-06-30,True,221022.17,0.0,0.0
H8CA49074,C00719559,1886864,1899760,2025-07-10,2025-03-31,False,45653.75,1041.66,0.0
H8CA49074,C00719559,1886864,1886864,2025-04-15,2025-03-31,False,45653.75,1041.66,0.0
H8CA49074,C00719559,1886864,1900760,2025-07-14,2025-03-31,True,45653.75,1041.66,0.0
H8CA49074,C00719559,1886864,1897417,2025-06-29,2025-03-31,False,45653.75,1041.66,0.0
H8CA49074,C00719559,1902521,1902521,2025-07-15,2025-06-30,True,68564.85,260878.35,0.0
H8CA49074,C00719559,1919944,1919944,2025-10-15,2025-09-30,True,65443.70,1541.02,0.0
H8CA49074,C00719559,1938788,1938788,2026-01-30,2025-12-31,True,65785.57,260125.93,0.0
H8CA49074,C00719559,1965042,1965042,2026-04-15,2026-03-31,True,90214.85,405759.69,0.0
H8CA49074,C00719559,1977008,1977008,2026-05-20,2026-05-13,True,34910.46,0.0,0.0
H8CA49074,C00719559,1995699,1995699,2026-07-15,2026-06-30,True,44103.26,0.0,0.0
H8CO02160,C00648253,1887593,1887593,2025-04-15,2025-03-31,True,231634.88,0.0,0.0
H8CO02160,C00648253,1902708,1902708,2025-07-15,2025-06-30,True,421335.92,0.0,0.0
H8CO02160,C00648253,1920386,1920386,2025-10-15,2025-09-30,True,232862.07,0.0,0.0
H8CO02160,C00648253,1942947,1942947,2026-01-31,2025-12-31,True,204752.25,0.0,0.0
H8CO02160,C00648253,1964534,1964534,2026-04-15,2026-03-31,True,218580.11,0.0,0.0
H8CO02160,C00648253,1984489,1987911,2026-07-03,2026-06-10,True,189031.08,0.0,0.0
H8CO02160,C00648253,1984489,1984489,2026-06-18,2026-06-10,False,187388.94,0.0,0.0
H8CO02160,C00648253,1993949,1993949,2026-07-15,2026-06-30,True,58121.88,0.0,0.0
H8CO06229,C00637363,1887583,1887583,2025-04-15,2025-03-31,True,294843.80,0.0,0.0
H8CO06229,C00637363,1903174,1903174,2025-07-15,2025-06-30,True,192204.96,0.0,0.0
H8CO06229,C00637363,1921371,1921371,2025-10-15,2025-09-30,True,218719.47,0.0,0.0
H8CO06229,C00637363,1942645,1942645,2026-01-31,2025-12-31,True,736545.59,0.0,0.0
H8CO06229,C00637363,1966311,1966311,2026-04-15,2026-03-31,True,870832.82,0.0,0.0
H8CO06229,C00637363,1985009,1985009,2026-06-18,2026-06-10,True,349024.61,0.0,0.0
H8CO06229,C00637363,1997367,1997367,2026-07-15,2026-06-30,True,190018.73,0.0,0.0
H8CO07045,C00637215,1887532,1887532,2025-04-15,2025-03-31,True,115188.32,0.0,0.0
H8CO07045,C00637215,1902580,1902580,2025-07-15,2025-06-30,True,125859.78,0.0,0.0
H8CO07045,C00637215,1920462,1920462,2025-10-15,2025-09-30,True,158683.99,0.0,0.0
H8CO07045,C00637215,1942773,1942773,2026-01-31,2025-12-31,True,114950.68,0.0,0.0
H8CO07045,C00637215,1965193,1965193,2026-04-15,2026-03-31,True,103141.15,0.0,0.0
H8CO07045,C00637215,1984929,1984929,2026-06-18,2026-06-10,True,149695.15,0.0,0.0
H8CO07045,C00637215,1994302,1994302,2026-07-15,2026-06-30,True,69738.52,0.0,0.0
H8CT04172,C00434191,1888156,1888156,2025-04-15,2025-03-31,True,68061.23,0.0,0.0
H8CT04172,C00434191,1902977,1902977,2025-07-15,2025-06-30,True,34354.00,0.0,0.0
H8CT04172,C00434191,1920779,1920779,2025-10-15,2025-09-30,True,54650.02,0.0,0.0
H8CT04172,C00434191,1942370,1942370,2026-01-31,2025-12-31,True,79872.51,0.0,0.0
H8CT04172,C00434191,1965764,1965764,2026-04-15,2026-03-31,True,71017.50,0.0,0.0
H8CT04172,C00434191,1971621,1971621,2026-04-29,2026-04-21,True,37554.70,0.0,0.0
H8CT04172,C00434191,1995591,1995591,2026-07-15,2026-06-30,True,71071.60,0.0,0.0
H8CT05245,C00677898,1887215,1887215,2025-04-15,2025-03-31,True,58822.99,0.0,0.0
H8CT05245,C00677898,1902651,1902651,2025-07-15,2025-06-30,True,101039.61,0.0,0.0
H8CT05245,C00677898,1920771,1920771,2025-10-15,2025-09-30,True,160330.43,0.0,0.0
H8CT05245,C00677898,1943365,1943365,2026-01-31,2025-12-31,True,77700.19,0.0,0.0
H8CT05245,C00677898,1966579,1966579,2026-04-15,2026-03-31,True,71806.42,0.0,0.0
H8CT05245,C00677898,1971726,1971726,2026-04-29,2026-04-21,True,18115.72,0.0,0.0
H8CT05245,C00677898,1996338,1996338,2026-07-15,2026-06-30,True,122687.57,0.0,0.0
H8FL17053,C00671891,1886544,1886544,2025-04-15,2025-03-31,False,59533.44,0.0,0.0
H8FL17053,C00671891,1886544,1935507,2026-01-26,2025-03-31,True,59533.44,0.0,0.0
H8FL17053,C00671891,1901814,1901814,2025-07-15,2025-06-30,True,94404.81,0.0,0.0
H8FL17053,C00671891,1919816,1919816,2025-10-15,2025-09-30,True,53424.99,0.0,0.0
H8FL17053,C00671891,1940132,1940132,2026-01-30,2025-12-31,True,75849.99,0.0,0.0
H8FL17053,C00671891,1965591,1965591,2026-04-15,2026-03-31,True,53218.62,0.0,0.0
H8FL17053,C00671891,1993626,1993626,2026-07-15,2026-06-30,True,116257.52,0.0,0.0
H8FL27185,C00714261,1887109,1887109,2025-04-15,2025-03-31,True,15885.47,2492.77,0.0
H8FL27185,C00714261,1902727,1902727,2025-07-15,2025-06-30,False,163690.51,0.0,0.0
H8FL27185,C00714261,1902727,1910644,2025-08-09,2025-06-30,True,163690.51,0.0,0.0
H8FL27185,C00714261,1920671,1920671,2025-10-15,2025-09-30,True,86402.83,0.0,0.0
H8FL27185,C00714261,1942241,1951539,2026-03-04,2025-12-31,True,48095.59,0.0,0.0
H8FL27185,C00714261,1942241,1942241,2026-01-31,2025-12-31,False,48095.59,0.0,0.0
H8FL27185,C00714261,1963184,1963184,2026-04-15,2026-03-31,True,90572.12,0.0,0.0
H8FL27185,C00714261,1995196,1995196,2026-07-15,2026-06-30,True,135221.53,0.0,0.0
H8GA06393,C00672295,1887546,1887546,2025-04-15,2025-03-31,True,20362.23,0.0,0.0
H8GA06393,C00672295,1901734,1901734,2025-07-15,2025-06-30,True,118717.45,0.0,0.0
H8GA06393,C00672295,1920130,1920130,2025-10-15,2025-09-30,True,115593.25,0.0,0.0
H8GA06393,C00672295,1938983,1938983,2026-01-30,2025-12-31,True,44551.09,0.0,0.0
H8GA06393,C00672295,1965666,1965666,2026-04-15,2026-03-31,True,126657.56,0.0,0.0
H8GA06393,C00672295,1973400,1973400,2026-05-07,2026-04-29,True,36492.75,0.0,0.0
H8GA06393,C00672295,1996395,1996395,2026-07-15,2026-06-30,True,71066.08,0.0,0.0
H8IA02043,C00558825,1886770,1905625,2025-07-22,2025-03-31,False,206498.06,0.0,0.0
H8IA02043,C00558825,1886770,1897119,2025-06-24,2025-03-31,False,206498.06,0.0,0.0
H8IA02043,C00558825,1886770,1893445,2025-05-20,2025-03-31,False,204821.36,0.0,0.0
H8IA02043,C00558825,1886770,1904964,2025-07-19,2025-03-31,False,206498.06,0.0,0.0
H8IA02043,C00558825,1886770,1926771,2025-11-24,2025-03-31,True,206498.06,0.0,0.0
H8IA02043,C00558825,1886770,1886770,2025-04-15,2025-03-31,False,206498.06,0.0,0.0
H8IA02043,C00558825,1902189,1905627,2025-07-22,2025-06-30,False,447057.95,0.0,0.0
H8IA02043,C00558825,1902189,1902189,2025-07-15,2025-06-30,False,447057.95,0.0,0.0
H8IA02043,C00558825,1902189,1930001,2025-12-23,2025-06-30,True,447057.95,0.0,0.0
H8IA02043,C00558825,1902189,1904966,2025-07-19,2025-06-30,False,447057.95,0.0,0.0
H8IA02043,C00558825,1921141,1930002,2025-12-23,2025-09-30,True,402759.29,0.0,0.0
H8IA02043,C00558825,1921141,1923807,2025-10-30,2025-09-30,False,404759.29,0.0,0.0
H8IA02043,C00558825,1921141,1922212,2025-10-17,2025-09-30,False,388759.29,0.0,0.0
H8IA02043,C00558825,1921141,1921141,2025-10-15,2025-09-30,False,388759.29,0.0,0.0
H8IA02043,C00558825,1943871,1943871,2026-01-31,2025-12-31,True,442234.82,0.0,0.0
H8IA02043,C00558825,1964953,1964953,2026-04-15,2026-03-31,True,646989.24,0.0,0.0
H8IA02043,C00558825,1978340,1978340,2026-05-21,2026-05-13,False,323204.59,0.0,0.0
H8IA02043,C00558825,1978340,1988582,2026-07-07,2026-05-13,True,331704.59,0.0,0.0
H8IA02043,C00558825,1994817,1994817,2026-07-15,2026-06-30,True,468099.21,0.0,0.0
H8ID01124,C00648295,1886493,1886493,2025-04-15,2025-03-31,True,99951.00,0.0,0.0
H8ID01124,C00648295,1902280,1902280,2025-07-15,2025-06-30,False,23452.00,0.0,0.0
H8ID01124,C00648295,1902280,1917955,2025-10-07,2025-06-30,True,23502.00,0.0,0.0
H8ID01124,C00648295,1920820,1920820,2025-10-15,2025-09-30,True,82304.76,0.0,0.0
H8ID01124,C00648295,1940441,1940441,2026-01-30,2025-12-31,True,3997.92,0.0,0.0
H8ID01124,C00648295,1966235,1966235,2026-04-15,2026-03-31,True,96771.02,0.0,0.0
H8ID01124,C00648295,1973179,1973179,2026-05-07,2026-04-29,True,20191.11,0.0,0.0
H8ID01124,C00648295,1992991,1992991,2026-07-15,2026-06-30,True,26876.85,0.0,0.0
H8ID02064,C00331397,1884461,1884461,2025-04-08,2025-03-31,True,67733.44,0.0,0.0
H8ID02064,C00331397,1901069,1901069,2025-07-14,2025-06-30,True,46600.95,0.0,0.0
H8ID02064,C00331397,1918859,1918859,2025-10-13,2025-09-30,True,188952.84,0.0,0.0
H8ID02064,C00331397,1935000,1935000,2026-01-24,2025-12-31,True,42685.89,0.0,0.0
H8ID02064,C00331397,1958993,1958993,2026-04-08,2026-03-31,True,48176.64,0.0,0.0
H8ID02064,C00331397,1972413,1972413,2026-05-04,2026-04-29,True,28074.97,0.0,0.0
H8ID02064,C00331397,1989264,1989264,2026-07-09,2026-06-30,True,84368.60,0.0,0.0
H8IL06139,C00648493,1887000,2003800,2026-08-03,2025-03-31,True,270424.57,0.0,0.0
H8IL06139,C00648493,1887000,1887000,2025-04-15,2025-03-31,False,270424.57,0.0,0.0
H8IL06139,C00648493,1901918,1901918,2025-07-15,2025-06-30,True,236476.72,0.0,0.0
H8IL06139,C00648493,1920917,1931552,2026-01-09,2025-09-30,False,277256.51,0.0,0.0
H8IL06139,C00648493,1920917,1920917,2025-10-15,2025-09-30,False,277256.51,0.0,0.0
H8IL06139,C00648493,1920917,2003802,2026-08-03,2025-09-30,True,277256.51,0.0,0.0
H8IL06139,C00648493,1942574,1942574,2026-01-31,2025-12-31,False,166357.47,0.0,0.0
H8IL06139,C00648493,1942574,2003815,2026-08-03,2025-12-31,True,166357.47,0.0,0.0
H8IL06139,C00648493,1951708,2003820,2026-08-03,2026-02-25,True,124415.86,0.0,0.0
H8IL06139,C00648493,1951708,1951708,2026-03-05,2026-02-25,False,124415.86,0.0,0.0
H8IL06139,C00648493,1963626,1963626,2026-04-15,2026-03-31,False,87553.73,0.0,0.0
H8IL06139,C00648493,1963626,2003822,2026-08-03,2026-03-31,True,87553.73,0.0,0.0
H8IL06139,C00648493,1993159,1993159,2026-07-15,2026-06-30,True,173806.26,0.0,0.0
H8IL14067,C00435099,1886955,1886955,2025-04-15,2025-03-31,True,151336.43,0.0,0.0
H8IL14067,C00435099,1902395,1902395,2025-07-15,2025-06-30,True,194499.00,0.0,0.0
H8IL14067,C00435099,1920283,1920283,2025-10-15,2025-09-30,True,221338.00,0.0,0.0
H8IL14067,C00435099,1940529,1940529,2026-01-30,2025-12-31,True,164432.24,0.0,0.0
H8IL14067,C00435099,1951787,1951787,2026-03-05,2026-02-25,True,109916.50,0.0,0.0
H8IL14067,C00435099,1966195,1966195,2026-04-15,2026-03-31,True,124741.44,0.0,0.0
H8IL14067,C00435099,1995834,1995834,2026-07-15,2026-06-30,True,231587.56,0.0,0.0
H8IL14174,C00652719,1887503,1887503,2025-04-15,2025-03-31,True,289933.22,0.0,0.0
H8IL14174,C00652719,1901486,1901486,2025-07-15,2025-06-30,True,428392.20,0.0,0.0
H8IL14174,C00652719,1919764,1919764,2025-10-15,2025-09-30,True,267429.10,0.0,0.0
H8IL14174,C00652719,1939106,1939106,2026-01-30,2025-12-31,False,208135.01,0.0,0.0
H8IL14174,C00652719,1939106,1972649,2026-05-05,2025-12-31,False,208135.01,0.0,0.0
H8IL14174,C00652719,1939106,1982260,2026-06-10,2025-12-31,True,208135.01,0.0,0.0
H8IL14174,C00652719,1951780,1982262,2026-06-10,2026-02-25,True,126942.57,0.0,0.0
H8IL14174,C00652719,1951780,1951780,2026-03-05,2026-02-25,False,126942.57,0.0,0.0
H8IL14174,C00652719,1964201,1982266,2026-06-10,2026-03-31,True,139471.87,0.0,0.0
H8IL14174,C00652719,1964201,1964201,2026-04-15,2026-03-31,False,139471.87,0.0,0.0
H8IL14174,C00652719,1993684,1993684,2026-07-15,2026-06-30,True,340657.26,0.0,0.0
H8IL16153,C00657361,1885199,1885199,2025-04-11,2025-03-31,True,5508.00,0.0,0.0
H8IL16153,C00657361,1899152,1899152,2025-07-09,2025-06-30,True,21724.25,0.0,0.0
H8IL16153,C00657361,1918478,1918478,2025-10-10,2025-09-30,True,27598.76,0.0,0.0
H8IL16153,C00657361,1936589,1936589,2026-01-28,2025-12-31,True,9821.88,0.0,143.22
H8IL16153,C00657361,1951486,1951486,2026-03-04,2026-02-25,True,19841.24,0.0,95.48
H8IL16153,C00657361,1957605,1957605,2026-04-03,2026-03-31,True,14454.00,0.0,0.0
H8IL16153,C00657361,1994526,1994526,2026-07-15,2026-06-30,True,41317.51,0.0,143.22
H8IN04199,C00662940,1888160,1888160,2025-04-15,2025-03-31,True,16682.26,0.0,0.0
H8IN04199,C00662940,1902878,1902878,2025-07-15,2025-06-30,True,22332.38,0.0,0.0
H8IN04199,C00662940,1921175,1921175,2025-10-15,2025-09-30,True,20110.45,0.0,0.0
H8IN04199,C00662940,1943747,1943747,2026-01-31,2025-12-31,True,26604.77,0.0,0.0
H8IN04199,C00662940,1967442,1967442,2026-04-15,2026-03-31,True,24326.20,0.0,0.0
H8IN04199,C00662940,1971057,1971057,2026-04-23,2026-04-15,True,8928.95,0.0,0.0
H8IN04199,C00662940,1998028,1998028,2026-07-15,2026-06-30,False,40114.79,0.0,0.0
H8IN04199,C00662940,1998028,2012286,2026-09-16,2026-06-30,True,40114.79,0.0,0.0
H8IN07184,C00442921,1887625,1887625,2025-04-15,2025-03-31,True,53200.49,0.0,0.0
H8IN07184,C00442921,1903303,1903303,2025-07-15,2025-06-30,True,46944.31,0.0,0.0
H8IN07184,C00442921,1921561,1921561,2025-10-15,2025-09-30,True,44255.21,730.0,0.0
H8IN07184,C00442921,1944572,1944572,2026-02-03,2025-12-31,True,84360.13,0.0,0.0
H8IN07184,C00442921,1967218,1967218,2026-04-15,2026-03-31,True,55845.40,0.0,0.0
H8IN07184,C00442921,1971043,1971043,2026-04-23,2026-04-15,True,17062.81,0.0,0.0
H8IN07184,C00442921,1995348,1995348,2026-07-15,2026-06-30,True,97396.57,0.0,0.0
H8KS03155,C00670034,1887387,1887387,2025-04-15,2025-03-31,False,246027.86,0.0,0.0
H8KS03155,C00670034,1887387,1900817,2025-07-14,2025-03-31,True,246027.86,0.0,0.0
H8KS03155,C00670034,1902999,1902999,2025-07-15,2025-06-30,True,433141.75,0.0,0.0
H8KS03155,C00670034,1920132,1920132,2025-10-15,2025-09-30,True,536512.74,0.0,0.0
H8KS03155,C00670034,1941945,1941945,2026-01-31,2025-12-31,True,571542.43,0.0,0.0
H8KS03155,C00670034,1965095,1965095,2026-04-15,2026-03-31,True,525524.11,0.0,0.0
H8KS03155,C00670034,1996874,1996874,2026-07-15,2026-06-30,True,491966.48,0.0,0.0
H8KS04112,C00632067,1886805,1886805,2025-04-15,2025-03-31,True,21182.76,0.0,0.0
H8KS04112,C00632067,1902582,1902582,2025-07-15,2025-06-30,False,55874.19,0.0,0.0
H8KS04112,C00632067,1902582,1939262,2026-01-30,2025-06-30,True,55874.19,0.0,0.0
H8KS04112,C00632067,1920665,1936921,2026-01-28,2025-09-30,True,44734.32,0.0,0.0
H8KS04112,C00632067,1920665,1920665,2025-10-15,2025-09-30,False,51235.32,0.0,0.0
H8KS04112,C00632067,1940095,1940095,2026-01-30,2025-12-31,True,49653.76,0.0,0.0
H8KS04112,C00632067,1965314,2002741,2026-07-29,2026-03-31,True,69786.57,0.0,0.0
H8KS04112,C00632067,1965314,1965314,2026-04-15,2026-03-31,False,69786.57,0.0,0.0
H8KS04112,C00632067,1995029,1995029,2026-07-15,2026-06-30,True,70429.27,0.0,0.0
H8KY02031,C00445023,1888082,1888082,2025-04-15,2025-03-31,True,318867.74,0.0,0.0
H8KY02031,C00445023,1903472,1914903,2025-09-15,2025-06-30,False,480366.73,0.0,0.0
H8KY02031,C00445023,1903472,1903472,2025-07-15,2025-06-30,False,480366.73,0.0,0.0
H8KY02031,C00445023,1903472,1921586,2025-10-15,2025-06-30,True,480366.73,0.0,0.0
H8KY02031,C00445023,1921633,1921633,2025-10-15,2025-09-30,True,158410.24,0.0,0.0
H8KY02031,C00445023,1944128,1944128,2026-01-31,2025-12-31,True,232380.79,0.0,0.0
H8KY02031,C00445023,1967348,1967348,2026-04-15,2026-03-31,True,251636.96,0.0,0.0
H8KY02031,C00445023,1973478,1973478,2026-05-07,2026-04-29,True,79827.78,0.0,0.0
H8KY02031,C00445023,1997053,1997053,2026-07-15,2026-06-30,True,149310.04,0.0,0.0
H8MA02041,C00226522,1887596,1887596,2025-04-15,2025-03-31,True,32654.43,0.0,0.0
H8MA02041,C00226522,1901334,1901334,2025-07-15,2025-06-30,True,96136.00,0.0,0.0
H8MA02041,C00226522,1920358,1920358,2025-10-15,2025-09-30,True,51942.99,0.0,0.0
H8MA02041,C00226522,1943260,1943260,2026-01-31,2025-12-31,True,98682.45,0.0,0.0
H8MA02041,C00226522,1967699,1967699,2026-04-15,2026-03-31,False,64015.15,0.0,0.0
H8MA02041,C00226522,1967699,1972778,2026-05-05,2026-03-31,True,64515.15,0.0,0.0
H8MA02041,C00226522,1997979,1997979,2026-07-15,2026-06-30,False,227205.13,0.0,0.0
H8MA02041,C00226522,1997979,2002721,2026-07-29,2026-06-30,True,227205.13,0.0,0.0
H8MA03072,C00654509,1886934,1886934,2025-04-15,2025-03-31,True,0.00,0.0,0.0
H8MA03072,C00654509,1901134,1901134,2025-07-14,2025-06-30,True,0.00,0.0,0.0
H8MA03072,C00654509,1919321,1919321,2025-10-14,2025-09-30,True,0.00,0.0,1000.0
H8MA03072,C00654509,1943743,1943743,2026-01-31,2025-12-31,True,1918185.10,66578.73,0.0
H8MA03072,C00654509,1967734,1967734,2026-04-15,2026-03-31,True,1446601.29,11148.41,0.0
H8MA03072,C00654509,1997703,1997703,2026-07-15,2026-06-30,True,984012.58,14777.81,0.0
H8MA03106,C00655647,1887969,1887969,2025-04-15,2025-03-31,True,223895.85,0.0,0.0
H8MA03106,C00655647,1903394,1903394,2025-07-15,2025-06-30,True,94158.31,0.0,0.0
H8MA03106,C00655647,1921443,1921443,2025-10-15,2025-09-30,True,96382.23,0.0,0.0
H8MA03106,C00655647,1943675,1943675,2026-01-31,2025-12-31,True,102498.60,0.0,0.0
H8MA03106,C00655647,1966936,1966936,2026-04-15,2026-03-31,True,148035.92,0.0,0.0
H8MA03106,C00655647,1997376,1997376,2026-07-15,2026-06-30,True,116012.33,0.0,0.0
H8MA07032,C00667741,1886468,1886468,2025-04-15,2025-03-31,True,213597.02,0.0,0.0
H8MA07032,C00667741,1901455,1901455,2025-07-15,2025-06-30,True,97827.74,0.0,0.0
H8MA07032,C00667741,1920802,1920802,2025-10-15,2025-09-30,True,156427.93,0.0,0.0
H8MA07032,C00667741,1943049,1943049,2026-01-31,2025-12-31,False,96279.75,0.0,0.0
H8MA07032,C00667741,1943049,1972259,2026-05-02,2025-12-31,True,96279.75,0.0,0.0
H8MA07032,C00667741,1964092,1964092,2026-04-15,2026-03-31,True,204458.12,0.0,0.0
H8MA07032,C00667741,1996756,1996756,2026-07-15,2026-06-30,True,168105.18,0.0,0.0
H8MD01094,C00435974,1886629,1886629,2025-04-15,2025-03-31,True,227148.09,0.0,0.0
H8MD01094,C00435974,1901877,1901877,2025-07-15,2025-06-30,True,260318.99,0.0,0.0
H8MD01094,C00435974,1920508,1920508,2025-10-15,2025-09-30,True,172625.60,0.0,0.0
H8MD01094,C00435974,1939273,1939273,2026-01-30,2025-12-31,True,307682.44,0.0,0.0
H8MD01094,C00435974,1963655,1963655,2026-04-15,2026-03-31,True,536350.16,0.0,0.0
H8MD01094,C00435974,1982673,1982673,2026-06-11,2026-06-03,True,200734.89,0.0,0.0
H8MD01094,C00435974,1994829,1994829,2026-07-15,2026-06-30,True,128608.59,0.0,0.0
H8ME01120,C00433391,1885662,1885662,2025-04-14,2025-03-31,True,32688.87,0.0,0.0
H8ME01120,C00433391,1901642,1901642,2025-07-15,2025-06-30,True,24645.62,0.0,0.0
H8ME01120,C00433391,1919515,1919515,2025-10-14,2025-09-30,True,39971.75,0.0,0.0
H8ME01120,C00433391,1936422,1936422,2026-01-28,2025-12-31,True,18585.58,0.0,0.0
H8ME01120,C00433391,1962440,1962440,2026-04-14,2026-03-31,True,34302.31,0.0,0.0
H8ME01120,C00433391,1979912,1979912,2026-05-28,2026-05-20,True,19250.79,0.0,0.0
H8ME01120,C00433391,1992475,1992475,2026-07-14,2026-06-30,True,10947.18,0.0,0.0
H8MI13250,C00668608,1886483,1886483,2025-04-15,2025-03-31,True,308176.94,0.0,0.0
H8MI13250,C00668608,1902086,1902086,2025-07-15,2025-06-30,True,398076.13,0.0,0.0
H8MI13250,C00668608,1920990,1920990,2025-10-15,2025-09-30,True,468176.49,0.0,0.0
H8MI13250,C00668608,1943120,1943120,2026-01-31,2025-12-31,True,414708.98,0.0,0.0
H8MI13250,C00668608,1964762,1964762,2026-04-15,2026-03-31,True,329180.32,0.0,0.0
H8MI13250,C00668608,1996480,1996480,2026-07-15,2026-06-30,True,356423.31,0.0,0.0
H8MN05239,C00680934,1887732,1887732,2025-04-15,2025-03-31,True,758741.63,0.0,0.0
H8MN05239,C00680934,1902384,1902384,2025-07-15,2025-06-30,True,495346.28,0.0,0.0
H8MN05239,C00680934,1920513,1920513,2025-10-15,2025-09-30,True,611710.99,0.0,0.0
H8MN05239,C00680934,1938159,1938159,2026-01-29,2025-12-31,True,1092238.20,0.0,0.0
H8MN05239,C00680934,1967591,1967591,2026-04-15,2026-03-31,False,1933491.04,0.0,0.0
H8MN05239,C00680934,1967591,1968703,2026-04-17,2026-03-31,True,1933496.04,0.0,0.0
H8MN05239,C00680934,1998025,2003145,2026-07-30,2026-06-30,True,571733.42,0.0,0.0
H8MN05239,C00680934,1998025,1998025,2026-07-15,2026-06-30,False,572033.42,0.0,0.0
H8MN08043,C00650697,1887721,1887892,2025-04-15,2025-03-31,False,135809.47,0.0,0.0
H8MN08043,C00650697,1887721,1887721,2025-04-15,2025-03-31,False,135809.47,0.0,0.0
H8MN08043,C00650697,1887721,1920635,2025-10-15,2025-03-31,False,135809.47,0.0,0.0
H8MN08043,C00650697,1887721,1920642,2025-10-15,2025-03-31,True,135809.47,0.0,0.0
H8MN08043,C00650697,1902480,1920650,2025-10-15,2025-06-30,True,135977.82,0.0,0.0
H8MN08043,C00650697,1902480,1902480,2025-07-15,2025-06-30,False,135977.82,0.0,0.0
H8MN08043,C00650697,1920666,1920666,2025-10-15,2025-09-30,True,156978.27,0.0,0.0
H8MN08043,C00650697,1942066,1942066,2026-01-31,2025-12-31,False,129753.11,0.0,0.0
H8MN08043,C00650697,1942066,1942893,2026-01-31,2025-12-31,False,129753.11,0.0,0.0
H8MN08043,C00650697,1942066,1966915,2026-04-15,2025-12-31,True,129753.11,0.0,0.0
H8MN08043,C00650697,1964988,1964988,2026-04-15,2026-03-31,True,107792.74,0.0,0.0
H8MN08043,C00650697,1995997,1995997,2026-07-15,2026-06-30,True,166624.59,0.0,0.0
H8MS03125,C00665752,1887943,1887943,2025-04-15,2025-03-31,True,28329.56,0.0,0.0
H8MS03125,C00665752,1902864,1902864,2025-07-15,2025-06-30,True,32194.39,0.0,0.0
H8MS03125,C00665752,1921309,1921309,2025-10-15,2025-09-30,True,259235.27,0.0,0.0
H8MS03125,C00665752,1941835,1941835,2026-01-31,2025-12-31,True,54044.48,0.0,0.0
H8MS03125,C00665752,1950750,1950750,2026-02-26,2026-02-18,True,12093.61,0.0,0.0
H8MS03125,C00665752,1965462,1965462,2026-04-15,2026-03-31,True,35434.08,0.0,0.0
H8MS03125,C00665752,1996976,1996976,2026-07-15,2026-06-30,True,30479.79,0.0,0.0
H8NJ02166,C00661868,1886921,1886921,2025-04-15,2025-03-31,True,199215.52,0.0,0.0
H8NJ02166,C00661868,1902626,1902626,2025-07-15,2025-06-30,False,277611.23,0.0,0.0
H8NJ02166,C00661868,1902626,1916431,2025-09-22,2025-06-30,True,277611.23,0.0,0.0
H8NJ02166,C00661868,1921013,1921013,2025-10-15,2025-09-30,True,325635.30,0.0,0.0
H8NJ02166,C00661868,1943090,1962297,2026-04-14,2025-12-31,True,205560.12,0.0,0.0
H8NJ02166,C00661868,1943090,1943090,2026-01-31,2025-12-31,False,205560.12,0.0,0.0
H8NJ02166,C00661868,1966962,1966962,2026-04-15,2026-03-31,True,257058.37,0.0,0.0
H8NJ02166,C00661868,1978687,1978687,2026-05-21,2026-05-13,True,120240.23,0.0,0.0
H8NJ02166,C00661868,1996084,1996084,2026-07-15,2026-06-30,True,173526.57,0.0,0.0
H8NJ03073,C00226928,1887363,1887363,2025-04-15,2025-03-31,True,94788.74,0.0,0.0
H8NJ03073,C00226928,1902716,1902716,2025-07-15,2025-06-30,True,112818.06,0.0,0.0
H8NJ03073,C00226928,1921639,1921639,2025-10-15,2025-09-30,True,115147.99,0.0,0.0
H8NJ03073,C00226928,1940119,1940119,2026-01-30,2025-12-31,True,86993.45,0.0,0.0
H8NJ03073,C00226928,1967561,1967561,2026-04-15,2026-03-31,True,243005.15,0.0,0.0
H8NJ03073,C00226928,1978606,1978606,2026-05-21,2026-05-13,True,58421.13,0.0,0.0
H8NJ03073,C00226928,1996630,1996630,2026-07-15,2026-06-30,True,24062.00,0.0,0.0
H8NJ04014,C00096412,1888099,1888099,2025-04-15,2025-03-31,True,34586.43,0.0,0.0
H8NJ04014,C00096412,1903399,1917226,2025-10-02,2025-06-30,True,31450.25,0.0,0.0
H8NJ04014,C00096412,1903399,1903399,2025-07-15,2025-06-30,False,31450.25,0.0,0.0
H8NJ04014,C00096412,1921628,1921628,2025-10-15,2025-09-30,True,92137.48,0.0,0.0
H8NJ04014,C00096412,1943641,1943641,2026-01-31,2025-12-31,False,71344.25,0.0,0.0
H8NJ04014,C00096412,1943641,1959566,2026-04-10,2025-12-31,True,71344.25,0.0,0.0
H8NJ04014,C00096412,1967224,1967224,2026-04-15,2026-03-31,True,84311.50,0.0,0.0
H8NJ04014,C00096412,1978761,1978761,2026-05-21,2026-05-13,True,5183.56,0.0,0.0
H8NJ04014,C00096412,1997406,1997406,2026-07-15,2026-06-30,True,36738.85,0.0,0.0
H8NV03036,C00499467,1886594,1886594,2025-04-15,2025-03-31,True,35664.75,0.0,0.0
H8NV03036,C00499467,1901662,1901662,2025-07-15,2025-06-30,True,74109.14,0.0,0.0
H8NV03036,C00499467,1920337,1920337,2025-10-15,2025-09-30,True,78123.92,0.0,0.0
H8NV03036,C00499467,1941599,1941599,2026-01-31,2025-12-31,False,127028.83,0.0,0.0
H8NV03036,C00499467,1941599,1959168,2026-04-09,2025-12-31,True,127028.83,0.0,0.0
H8NV03036,C00499467,1965761,1965761,2026-04-15,2026-03-31,True,184287.10,0.0,0.0
H8NV03036,C00499467,1980014,1980014,2026-05-28,2026-05-20,False,65542.03,0.0,0.0
H8NV03036,C00499467,1980014,2011040,2026-09-08,2026-05-20,True,65542.03,0.0,0.0
H8NV03036,C00499467,1995889,1995889,2026-07-15,2026-06-30,True,105122.73,0.0,0.0
H8NY06048,C00430991,1887352,1887352,2025-04-15,2025-03-31,True,83993.26,0.0,0.0
H8NY06048,C00430991,1903123,1903123,2025-07-15,2025-06-30,True,81155.98,0.0,0.0
H8NY06048,C00430991,1920281,1920281,2025-10-15,2025-09-30,True,49244.66,0.0,0.0
H8NY06048,C00430991,1939817,1939817,2026-01-30,2025-12-31,True,78729.29,0.0,0.0
H8NY06048,C00430991,1964600,1964600,2026-04-15,2026-03-31,True,79292.15,0.0,0.0
H8NY06048,C00430991,1982736,1982736,2026-06-11,2026-06-03,False,147741.13,0.0,0.0
H8NY06048,C00430991,1982736,1986530,2026-06-24,2026-06-03,True,147741.13,0.0,0.0
H8NY06048,C00430991,1994519,1994519,2026-07-15,2026-06-30,True,60107.00,0.0,0.0
H8NY15148,C00639591,1886852,1886852,2025-04-15,2025-03-31,True,9556027.19,0.0,0.0
H8NY15148,C00639591,1902035,1902035,2025-07-15,2025-06-30,True,5737773.68,0.0,0.0
H8NY15148,C00639591,1920441,1920441,2025-10-15,2025-09-30,True,4386242.83,0.0,0.0
H8NY15148,C00639591,1940014,1940014,2026-01-30,2025-12-31,True,3665820.05,0.0,0.0
H8NY15148,C00639591,1963942,1963942,2026-04-15,2026-03-31,True,3861783.78,0.0,0.0
H8NY15148,C00639591,1982556,1993951,2026-07-15,2026-06-03,True,3305132.91,0.0,0.0
H8NY15148,C00639591,1982556,1982556,2026-06-11,2026-06-03,False,3305132.91,0.0,0.0
H8NY15148,C00639591,1994262,1994262,2026-07-15,2026-06-30,True,1450518.11,0.0,0.0
H8NY19223,C00815290,1887774,1913580,2025-09-02,2025-03-31,True,1057644.50,0.0,0.0
H8NY19223,C00815290,1887774,1887774,2025-04-15,2025-03-31,False,1057644.50,0.0,0.0
H8NY19223,C00815290,1903085,1903085,2025-07-15,2025-06-30,True,650386.39,0.0,0.0
H8NY19223,C00815290,1921261,1921261,2025-10-15,2025-09-30,True,604662.23,0.0,0.0
H8NY19223,C00815290,1943372,1943372,2026-01-31,2025-12-31,True,482819.46,0.0,0.0
H8NY19223,C00815290,1966201,1966201,2026-04-15,2026-03-31,True,445639.95,0.0,0.0
H8NY19223,C00815290,1982775,1982775,2026-06-11,2026-06-03,True,224259.45,0.0,0.0
H8NY19223,C00815290,1997183,1997183,2026-07-15,2026-06-30,True,138718.17,0.0,0.0
H8NY21203,C00450049,1886699,1886699,2025-04-15,2025-03-31,True,56240.43,0.0,0.0
H8NY21203,C00450049,1901780,1901780,2025-07-15,2025-06-30,True,66986.84,0.0,0.0
H8NY21203,C00450049,1919279,1919279,2025-10-14,2025-09-30,True,45807.53,0.0,0.0
H8NY21203,C00450049,1939392,1939392,2026-01-30,2025-12-31,True,25020.69,0.0,0.0
H8NY21203,C00450049,1961897,1970949,2026-04-23,2026-03-31,True,63065.39,0.0,0.0
H8NY21203,C00450049,1961897,1961897,2026-04-14,2026-03-31,False,63065.39,0.0,0.0
H8NY21203,C00450049,1982564,1982564,2026-06-11,2026-06-03,True,50150.47,0.0,0.0
H8NY21203,C00450049,1993001,1993001,2026-07-15,2026-06-30,True,31102.91,0.0,0.0
H8NY22177,C00793760,1887700,1903008,2025-07-15,2025-03-31,False,553897.22,0.0,0.0
H8NY22177,C00793760,1887700,1892770,2025-05-19,2025-03-31,False,553647.22,0.0,0.0
H8NY22177,C00793760,1887700,1903048,2025-07-15,2025-03-31,False,553897.22,0.0,0.0
H8NY22177,C00793760,1887700,1921181,2025-10-15,2025-03-31,True,553897.22,0.0,0.0
H8NY22177,C00793760,1887700,1887700,2025-04-15,2025-03-31,False,553647.22,0.0,0.0
H8NY22177,C00793760,1903073,1903073,2025-07-15,2025-06-30,False,530324.50,0.0,0.0
H8NY22177,C00793760,1903073,1921213,2025-10-15,2025-06-30,True,530324.50,0.0,0.0
H8NY22177,C00793760,1921237,1921237,2025-10-15,2025-09-30,True,568542.63,0.0,0.0
H8NY22177,C00793760,1943194,1943194,2026-01-31,2025-12-31,True,565396.89,0.0,0.0
H8NY22177,C00793760,1966419,1966419,2026-04-15,2026-03-31,True,625376.67,0.0,0.0
H8NY22177,C00793760,1982770,1985898,2026-06-20,2026-06-03,True,322789.25,0.0,0.0
H8NY22177,C00793760,1982770,1982770,2026-06-11,2026-06-03,False,322789.25,0.0,0.0
H8NY22177,C00793760,1995887,1995887,2026-07-15,2026-06-30,True,325728.50,0.0,0.0
H8NY25105,C00675108,1886931,1886931,2025-04-15,2025-03-31,True,38197.43,0.0,0.0
H8NY25105,C00675108,1902967,1902967,2025-07-15,2025-06-30,True,150501.16,0.0,0.0
H8NY25105,C00675108,1920482,1920482,2025-10-15,2025-09-30,True,47555.10,0.0,0.0
H8NY25105,C00675108,1942959,1942959,2026-01-31,2025-12-31,True,152059.63,0.0,0.0
H8NY25105,C00675108,1963043,1963043,2026-04-15,2026-03-31,True,78264.67,0.0,0.0
H8NY25105,C00675108,1982586,1982586,2026-06-11,2026-06-03,True,126217.11,0.0,0.0
H8NY25105,C00675108,1994250,1994250,2026-07-15,2026-06-30,True,142345.00,0.0,0.0
H8OH05036,C00438697,1888043,1888043,2025-04-15,2025-03-31,True,101039.94,0.0,0.0
H8OH05036,C00438697,1903270,1903270,2025-07-15,2025-06-30,False,142128.26,0.0,0.0
H8OH05036,C00438697,1903270,1913932,2025-09-05,2025-06-30,True,141628.26,0.0,0.0
H8OH05036,C00438697,1920782,1920782,2025-10-15,2025-09-30,True,49940.49,0.0,0.0
H8OH05036,C00438697,1943492,1943492,2026-01-31,2025-12-31,True,137765.75,0.0,0.0
H8OH05036,C00438697,1967093,1967093,2026-04-15,2026-03-31,True,81626.26,0.0,0.0
H8OH05036,C00438697,1971006,1971006,2026-04-23,2026-04-15,False,7297.00,0.0,0.0
H8OH05036,C00438697,1971006,1990829,2026-07-13,2026-04-15,True,14297.00,0.0,0.0
H8OH05036,C00438697,1996728,2004912,2026-08-07,2026-06-30,True,84179.09,0.0,0.0
H8OH05036,C00438697,1996728,1996728,2026-07-15,2026-06-30,False,84179.09,0.0,0.0
H8OH08097,C00667279,1998709,1998709,2026-07-17,2026-06-30,True,0.00,0.0,0.0
H8OH12180,C00662650,1887001,1887001,2025-04-15,2025-03-31,True,96799.44,0.0,0.0
H8OH12180,C00662650,1902340,1902340,2025-07-15,2025-06-30,True,77660.00,0.0,0.0
H8OH12180,C00662650,1920302,1920302,2025-10-15,2025-09-30,True,191082.99,0.0,0.0
H8OH12180,C00662650,1938863,1938863,2026-01-30,2025-12-31,True,92390.25,0.0,0.0
H8OH12180,C00662650,1964262,1964262,2026-04-15,2026-03-31,False,49910.00,0.0,0.0
H8OH12180,C00662650,1964262,1970851,2026-04-23,2026-03-31,True,48910.00,0.0,0.0
H8OH12180,C00662650,1970932,1970932,2026-04-23,2026-04-15,True,24251.00,0.0,0.0
H8OH12180,C00662650,1995051,1995051,2026-07-15,2026-06-30,True,97121.61,0.0,0.0
H8PA04116,C00670844,1887536,1903117,2025-07-15,2025-03-31,True,104392.00,0.0,0.0
H8PA04116,C00670844,1887536,1887536,2025-04-15,2025-03-31,False,104392.00,0.0,0.0
H8PA04116,C00670844,1903124,1903124,2025-07-15,2025-06-30,True,48514.00,0.0,0.0
H8PA04116,C00670844,1919502,1919502,2025-10-14,2025-09-30,True,52164.74,0.0,0.0
H8PA04116,C00670844,1939621,1939621,2026-01-30,2025-12-31,True,135975.03,0.0,0.0
H8PA04116,C00670844,1963382,1963382,2026-04-15,2026-03-31,True,87911.50,0.0,0.0
H8PA04116,C00670844,1973337,1973337,2026-05-07,2026-04-29,True,52853.82,0.0,0.0
H8PA04116,C00670844,1994788,1994788,2026-07-15,2026-06-30,True,133224.61,0.0,0.0
H8PA05071,C00444620,1886948,1911896,2025-08-19,2025-03-31,True,181951.51,0.0,0.0
H8PA05071,C00444620,1886948,1886948,2025-04-15,2025-03-31,False,181951.51,0.0,0.0
H8PA05071,C00444620,1902146,1902146,2025-07-15,2025-06-30,True,124032.42,0.0,0.0
H8PA05071,C00444620,1920367,1920367,2025-10-15,2025-09-30,True,167686.96,0.0,0.0
H8PA05071,C00444620,1940370,1940370,2026-01-30,2025-12-31,True,37730.38,0.0,0.0
H8PA05071,C00444620,1965231,1965231,2026-04-15,2026-03-31,True,119372.29,0.0,0.0
H8PA05071,C00444620,1973341,1974115,2026-05-11,2026-04-29,True,16096.00,0.0,0.0
H8PA05071,C00444620,1973341,1973341,2026-05-07,2026-04-29,False,12971.00,0.0,0.0
H8PA05071,C00444620,1995450,1995450,2026-07-15,2026-06-30,True,90634.53,0.0,0.0
H8PA06087,C00637371,1886671,1886671,2025-04-15,2025-03-31,True,154724.97,0.0,0.0
H8PA06087,C00637371,1901626,1901626,2025-07-15,2025-06-30,True,175187.97,0.0,0.0
H8PA06087,C00637371,1920812,1920812,2025-10-15,2025-09-30,True,134968.33,0.0,0.0
H8PA06087,C00637371,1940424,1940424,2026-01-30,2025-12-31,True,296369.78,0.0,0.0
H8PA06087,C00637371,1965411,1965411,2026-04-15,2026-03-31,True,159038.01,0.0,0.0
H8PA06087,C00637371,1973248,1973248,2026-05-07,2026-04-29,False,54034.90,0.0,0.0
H8PA06087,C00637371,1973248,1977067,2026-05-20,2026-04-29,True,56256.18,0.0,0.0
H8PA06087,C00637371,1994623,1994623,2026-07-15,2026-06-30,True,118949.83,0.0,0.0
H8PA07200,C00669358,1887710,1887710,2025-04-15,2025-03-31,True,44046.22,0.0,0.0
H8PA07200,C00669358,1901582,1901582,2025-07-15,2025-06-30,True,81831.61,0.0,0.0
H8PA07200,C00669358,1920798,1920798,2025-10-15,2025-09-30,True,84506.13,0.0,0.0
H8PA07200,C00669358,1941852,1941852,2026-01-31,2025-12-31,True,99945.50,0.0,0.0
H8PA07200,C00669358,1965099,1965099,2026-04-15,2026-03-31,True,99510.50,0.0,0.0
H8PA07200,C00669358,1973226,1973226,2026-05-07,2026-04-29,True,55083.51,0.0,0.0
H8PA07200,C00669358,1995325,1995325,2026-07-15,2026-06-30,True,75475.00,0.0,0.0
H8PA10147,C00654723,1886127,1886127,2025-04-14,2025-03-31,False,125599.59,0.0,0.0
H8PA10147,C00654723,1886127,1974315,2026-05-12,2025-03-31,True,125599.59,0.0,0.0
H8PA10147,C00654723,1901483,1901483,2025-07-15,2025-06-30,True,70380.64,0.0,0.0
H8PA10147,C00654723,1919933,1919933,2025-10-15,2025-09-30,True,233425.55,0.0,0.0
H8PA10147,C00654723,1938131,1952818,2026-03-12,2025-12-31,True,168159.64,0.0,0.0
H8PA10147,C00654723,1938131,1938131,2026-01-29,2025-12-31,False,168159.64,0.0,0.0
H8PA10147,C00654723,1960816,1974318,2026-05-12,2026-03-31,True,174973.31,0.0,0.0
H8PA10147,C00654723,1960816,1960816,2026-04-13,2026-03-31,False,174973.31,0.0,0.0
H8PA10147,C00654723,1973013,1973013,2026-05-06,2026-04-29,True,17872.48,0.0,0.0
H8PA10147,C00654723,1990962,1990962,2026-07-13,2026-06-30,True,100495.30,0.0,0.0
H8PA13125,C00674259,1887259,1887259,2025-04-15,2025-03-31,True,70382.00,0.0,0.0
H8PA13125,C00674259,1902445,1902445,2025-07-15,2025-06-30,True,77728.17,0.0,0.0
H8PA13125,C00674259,1920168,1920168,2025-10-15,2025-09-30,True,35921.75,0.0,0.0
H8PA13125,C00674259,1939182,1939182,2026-01-30,2025-12-31,True,100104.81,0.0,0.0
H8PA13125,C00674259,1964822,1964822,2026-04-15,2026-03-31,True,75829.75,0.0,0.0
H8PA13125,C00674259,1973306,1981817,2026-06-08,2026-04-29,True,17105.07,0.0,0.0
H8PA13125,C00674259,1973306,1973306,2026-05-07,2026-04-29,False,18146.09,0.0,0.0
H8PA13125,C00674259,1995135,1995135,2026-07-15,2026-06-30,True,62812.22,0.0,0.0
H8PA15195,C00846501,1886871,1886871,2025-04-15,2025-03-31,False,182054.58,0.0,0.0
H8PA15195,C00846501,1886871,1890815,2025-05-02,2025-03-31,False,182054.58,0.0,0.0
H8PA15195,C00846501,1886871,1896814,2025-06-20,2025-03-31,True,182054.58,0.0,0.0
H8PA15195,C00846501,1901481,1901481,2025-07-15,2025-06-30,True,292210.50,0.0,0.0
H8PA15195,C00846501,1920144,1920144,2025-10-15,2025-09-30,True,244448.23,0.0,0.0
H8PA15195,C00846501,1939968,1939968,2026-01-30,2025-12-31,True,240282.15,0.0,0.0
H8PA15195,C00846501,1963126,1963126,2026-04-15,2026-03-31,True,286137.20,0.0,0.0
H8PA15195,C00846501,1973189,1973195,2026-05-07,2026-04-29,True,67323.22,0.0,0.0
H8PA15195,C00846501,1973189,1973189,2026-05-07,2026-04-29,False,67323.22,0.0,0.0
H8PA15195,C00846501,1995251,1995251,2026-07-15,2026-06-30,True,180785.13,0.0,0.0
H8PA18199,C00657833,1886755,1886755,2025-04-15,2025-03-31,True,347776.03,0.0,0.0
H8PA18199,C00657833,1901857,1901857,2025-07-15,2025-06-30,True,417261.38,0.0,0.0
H8PA18199,C00657833,1920487,1920487,2025-10-15,2025-09-30,True,313844.06,0.0,0.0
H8PA18199,C00657833,1938737,1938737,2026-01-30,2025-12-31,True,472704.96,0.0,0.0
H8PA18199,C00657833,1965024,1965024,2026-04-15,2026-03-31,True,485852.81,0.0,0.0
H8PA18199,C00657833,1973283,1973283,2026-05-07,2026-04-29,True,106846.52,0.0,0.0
H8PA18199,C00657833,1995128,1995128,2026-07-15,2026-06-30,False,320551.85,0.0,0.0
H8PA18199,C00657833,1995128,2009745,2026-08-26,2026-06-30,True,320551.85,0.0,0.0
H8SC04250,C00668491,1887264,1887264,2025-04-15,2025-03-31,True,39488.90,0.0,0.0
H8SC04250,C00668491,1902889,1902889,2025-07-15,2025-06-30,True,56524.11,0.0,0.0
H8SC04250,C00668491,1920041,1920041,2025-10-15,2025-09-30,True,27698.80,0.0,0.0
H8SC04250,C00668491,1941862,1941862,2026-01-31,2025-12-31,True,36079.35,0.0,0.0
H8SC04250,C00668491,1965838,2001151,2026-07-21,2026-03-31,True,40997.10,0.0,150000.0
H8SC04250,C00668491,1965838,1965838,2026-04-15,2026-03-31,False,40997.10,0.0,150000.0
H8SC04250,C00668491,1980163,1980163,2026-05-28,2026-05-20,False,29569.91,0.0,500000.0
H8SC04250,C00668491,1980163,2001152,2026-07-21,2026-05-20,True,29569.91,0.0,500000.0
H8SC04250,C00668491,1997004,2001153,2026-07-21,2026-06-30,True,62399.68,0.0,0.0
H8SC04250,C00668491,1997004,1997004,2026-07-15,2026-06-30,False,62399.68,0.0,0.0
H8TN02119,C00652149,1887678,1887678,2025-04-15,2025-03-31,True,79515.81,0.0,0.0
H8TN02119,C00652149,1903134,1903134,2025-07-15,2025-06-30,True,50615.95,0.0,0.0
H8TN02119,C00652149,1921295,1955224,2026-03-20,2025-09-30,True,139711.15,0.0,0.0
H8TN02119,C00652149,1921295,1934183,2026-01-21,2025-09-30,False,139711.15,0.0,0.0
H8TN02119,C00652149,1921295,1921295,2025-10-15,2025-09-30,False,139711.15,0.0,0.0
H8TN02119,C00652149,1943818,1943818,2026-01-31,2025-12-31,False,126642.51,0.0,0.0
H8TN02119,C00652149,1943818,1955244,2026-03-20,2025-12-31,True,126642.51,0.0,0.0
H8TN02119,C00652149,1967200,1968689,2026-04-17,2026-03-31,False,639092.37,0.0,0.0
H8TN02119,C00652149,1967200,1999113,2026-07-17,2026-03-31,True,639092.37,0.0,0.0
H8TN02119,C00652149,1967200,1967200,2026-04-15,2026-03-31,False,639092.37,0.0,0.0
H8TN02119,C00652149,1997393,1997393,2026-07-15,2026-06-30,False,1091994.33,0.0,0.0
H8TN02119,C00652149,1997393,1999127,2026-07-17,2026-06-30,True,1091994.33,0.0,0.0
H8TX05144,C00662601,1887841,1899197,2025-07-09,2025-03-31,True,62565.00,0.0,0.0
H8TX05144,C00662601,1887841,1887841,2025-04-15,2025-03-31,False,62565.00,0.0,0.0
H8TX05144,C00662601,1903291,1923227,2025-10-21,2025-06-30,True,106936.00,0.0,0.0
H8TX05144,C00662601,1903291,1903291,2025-07-15,2025-06-30,False,106936.00,0.0,0.0
H8TX05144,C00662601,1920969,1920969,2025-10-15,2025-09-30,False,37610.00,0.0,0.0
H8TX05144,C00662601,1920969,2011674,2026-09-12,2025-09-30,True,37610.00,0.0,0.0
H8TX05144,C00662601,1942046,1970667,2026-04-22,2025-12-31,True,46026.50,0.0,0.0
H8TX05144,C00662601,1942046,1942046,2026-01-31,2025-12-31,False,46026.50,0.0,0.0
H8TX05144,C00662601,1948330,2010381,2026-09-01,2026-02-11,True,47895.00,0.0,0.0
H8TX05144,C00662601,1948330,1948330,2026-02-19,2026-02-11,False,47895.00,0.0,0.0
H8TX05144,C00662601,1966676,1988612,2026-07-07,2026-03-31,False,31410.00,0.0,0.0
H8TX05144,C00662601,1966676,1966676,2026-04-15,2026-03-31,False,31410.00,0.0,0.0
H8TX05144,C00662601,1966676,2002288,2026-07-27,2026-03-31,False,31410.00,0.0,0.0
H8TX05144,C00662601,1966676,2010383,2026-09-01,2026-03-31,True,31410.00,0.0,0.0
H8TX05144,C00662601,1997085,2010384,2026-09-01,2026-06-30,True,64150.39,0.0,0.0
H8TX05144,C00662601,1997085,1997085,2026-07-15,2026-06-30,False,64150.39,0.0,0.0
H8TX06266,C00770438,1887325,1887325,2025-04-15,2025-03-31,False,290619.99,0.0,0.0
H8TX06266,C00770438,1887325,1902533,2025-07-15,2025-03-31,True,290619.99,0.0,0.0
H8TX06266,C00770438,1902567,1902567,2025-07-15,2025-06-30,True,356073.42,0.0,0.0
H8TX06266,C00770438,1920880,1920880,2025-10-15,2025-09-30,True,246593.86,0.0,0.0
H8TX06266,C00770438,1940207,1940207,2026-01-30,2025-12-31,True,235381.51,0.0,0.0
H8TX06266,C00770438,1948305,1948305,2026-02-19,2026-02-11,True,57492.61,0.0,0.0
H8TX06266,C00770438,1964412,1964412,2026-04-15,2026-03-31,True,204609.82,0.0,0.0
H8TX06266,C00770438,1994763,1994763,2026-07-15,2026-06-30,True,245757.54,0.0,0.0
H8TX07140,C00640045,1886714,1886714,2025-04-15,2025-03-31,True,40888.03,0.0,0.0
H8TX07140,C00640045,1902266,1902266,2025-07-15,2025-06-30,True,75326.41,0.0,0.0
H8TX07140,C00640045,1920611,1920611,2025-10-15,2025-09-30,True,60127.96,0.0,0.0
H8TX07140,C00640045,1939720,1939720,2026-01-30,2025-12-31,True,31905.93,0.0,0.0
H8TX07140,C00640045,1948133,1948133,2026-02-19,2026-02-11,True,14295.35,0.0,0.0
H8TX07140,C00640045,1965872,1965872,2026-04-15,2026-03-31,True,18324.29,0.0,0.0
H8TX07140,C00640045,1994906,1994906,2026-07-15,2026-06-30,True,27980.50,0.0,0.0
H8TX16109,C00653923,1886895,1893794,2025-05-22,2025-03-31,True,211336.81,0.0,0.0
H8TX16109,C00653923,1886895,1886895,2025-04-15,2025-03-31,False,210195.87,0.0,0.0
H8TX16109,C00653923,1902215,1902215,2025-07-15,2025-06-30,True,88958.99,0.0,0.0
H8TX16109,C00653923,1920837,1920837,2025-10-15,2025-09-30,True,25719.78,0.0,0.0
H8TX16109,C00653923,1938773,1938773,2026-01-30,2025-12-31,True,46856.82,0.0,0.0
H8TX16109,C00653923,1948103,1948103,2026-02-19,2026-02-11,True,3309.91,0.0,0.0
H8TX16109,C00653923,1964913,1964913,2026-04-15,2026-03-31,True,60131.87,0.0,0.0
H8TX16109,C00653923,1994163,1994163,2026-07-15,2026-06-30,True,56053.67,0.0,0.0
H8TX27049,C00655332,1887331,1887331,2025-04-15,2025-03-31,True,137404.44,0.0,0.0
H8TX27049,C00655332,1902421,1902421,2025-07-15,2025-06-30,True,136988.77,0.0,0.0
H8TX27049,C00655332,1920473,1920473,2025-10-15,2025-09-30,True,156442.90,0.0,0.0
H8TX27049,C00655332,1939926,1946028,2026-02-12,2025-12-31,True,117348.74,0.0,0.0
H8TX27049,C00655332,1939926,1939926,2026-01-30,2025-12-31,False,117348.74,0.0,0.0
H8TX27049,C00655332,1948279,1948279,2026-02-19,2026-02-11,False,44922.82,0.0,0.0
H8TX27049,C00655332,1948279,1956709,2026-03-30,2026-02-11,True,44993.82,0.0,0.0
H8TX27049,C00655332,1964273,1964273,2026-04-15,2026-03-31,True,108747.01,0.0,0.0
H8TX27049,C00655332,1994216,1994216,2026-07-15,2026-06-30,True,117106.26,0.0,0.0
H8TX29052,C00660555,1887647,1887647,2025-04-15,2025-03-31,True,29078.00,0.0,0.0
H8TX29052,C00660555,1901804,1914616,2025-09-12,2025-06-30,True,20503.00,0.0,0.0
H8TX29052,C00660555,1901804,1901804,2025-07-15,2025-06-30,False,20503.00,0.0,0.0
H8TX29052,C00660555,1920834,1920834,2025-10-15,2025-09-30,False,128917.62,0.0,0.0
H8TX29052,C00660555,1920834,1921061,2025-10-15,2025-09-30,True,128917.62,0.0,0.0
H8TX29052,C00660555,1939704,1939704,2026-01-30,2025-12-31,True,26390.92,0.0,0.0
H8TX29052,C00660555,1947994,1947994,2026-02-19,2026-02-11,True,70361.28,0.0,0.0
H8TX29052,C00660555,1965126,1965126,2026-04-15,2026-03-31,True,50482.45,0.0,0.0
H8TX29052,C00660555,1994649,1994649,2026-07-15,2026-06-30,True,9665.00,0.0,0.0
H8TX32098,C00929844,1943488,1974985,2026-05-14,2025-12-31,True,577693.43,0.0,0.0
H8TX32098,C00929844,1943488,1943488,2026-01-31,2025-12-31,False,577693.43,0.0,0.0
H8TX32098,C00929844,1948233,1974987,2026-05-14,2026-02-11,True,607783.71,0.0,0.0
H8TX32098,C00929844,1948233,1948233,2026-02-19,2026-02-11,False,607783.71,0.0,0.0
H8TX32098,C00929844,1965718,1965718,2026-04-15,2026-03-31,False,992657.72,0.0,0.0
H8TX32098,C00929844,1965718,1996369,2026-07-15,2026-03-31,True,992657.72,0.0,0.0
H8TX32098,C00929844,1975000,1975000,2026-05-14,2026-05-06,False,408673.04,0.0,0.0
H8TX32098,C00929844,1975000,1996421,2026-07-15,2026-05-06,False,408673.04,0.0,0.0
H8TX32098,C00929844,1975000,2001096,2026-07-21,2026-05-06,True,408673.04,0.0,0.0
H8TX32098,C00929844,1996620,1996620,2026-07-15,2026-06-30,False,536476.08,0.0,0.0
H8TX32098,C00929844,1996620,2011225,2026-09-09,2026-06-30,True,536476.08,0.0,0.0
H8UT04053,C00658633,1886171,1886171,2025-04-14,2025-03-31,True,0.00,0.0,0.0
H8UT04053,C00658633,1902405,1902405,2025-07-15,2025-06-30,True,0.00,0.0,0.0
H8UT04053,C00658633,1918829,1918829,2025-10-13,2025-09-30,True,0.00,0.0,0.0
H8UT04053,C00658633,1943553,1943553,2026-01-31,2025-12-31,True,893229.26,0.0,0.0
H8UT04053,C00658633,1961270,1961270,2026-04-13,2026-04-05,False,556455.20,0.0,0.0
H8UT04053,C00658633,1961270,2005424,2026-08-10,2026-04-05,True,556455.20,0.0,0.0
H8UT04053,C00658633,1982803,1982803,2026-06-11,2026-06-03,True,322666.45,0.0,0.0
H8UT04053,C00658633,1996785,1996785,2026-07-15,2026-06-30,True,205143.46,0.0,0.0
H8VA01147,C00441014,1887716,1887716,2025-04-15,2025-03-31,True,243863.66,0.0,0.0
H8VA01147,C00441014,1903076,1903076,2025-07-15,2025-06-30,True,285379.88,0.0,0.0
H8VA01147,C00441014,1921007,1921007,2025-10-15,2025-09-30,True,236369.36,0.0,0.0
H8VA01147,C00441014,1943145,1943145,2026-01-31,2025-12-31,True,160192.26,0.0,0.0
H8VA01147,C00441014,1965732,1995822,2026-07-15,2026-03-31,True,264819.90,0.0,0.0
H8VA01147,C00441014,1965732,1965732,2026-04-15,2026-03-31,False,265819.90,0.0,0.0
H8VA01147,C00441014,1996704,1996704,2026-07-15,2026-06-30,True,215298.06,0.0,0.0
H8VA06104,C00661561,1886819,1886819,2025-04-15,2025-03-31,True,43440.44,0.0,0.0
H8VA06104,C00661561,1902476,1902476,2025-07-15,2025-06-30,True,131305.00,0.0,0.0
H8VA06104,C00661561,1920906,1920906,2025-10-15,2025-09-30,True,42108.99,0.0,0.0
H8VA06104,C00661561,1940697,1940697,2026-01-30,2025-12-31,True,89854.19,0.0,0.0
H8VA06104,C00661561,1965645,1965645,2026-04-15,2026-03-31,True,180583.10,0.0,0.0
H8VA06104,C00661561,1995736,1995736,2026-07-15,2026-06-30,True,211757.06,0.0,0.0
H8WA08189,C00652628,1887682,1887682,2025-04-15,2025-03-31,True,339736.43,0.0,0.0
H8WA08189,C00652628,1902989,1902989,2025-07-15,2025-06-30,True,328035.94,0.0,0.0
H8WA08189,C00652628,1921607,1921607,2025-10-15,2025-09-30,True,356613.48,0.0,0.0
H8WA08189,C00652628,1943540,1943540,2026-01-31,2025-12-31,True,276690.57,0.0,0.0
H8WA08189,C00652628,1966181,1966181,2026-04-15,2026-03-31,True,373683.13,0.0,0.0
H8WA08189,C00652628,1997600,1997600,2026-07-15,2026-06-30,True,301602.51,0.0,0.0
H8WI01156,C00677286,1887871,1887871,2025-04-15,2025-03-31,True,112144.07,0.0,0.0
H8WI01156,C00677286,1902962,1902962,2025-07-15,2025-06-30,True,183147.46,0.0,0.0
H8WI01156,C00677286,1921306,1921306,2025-10-15,2025-09-30,True,228871.15,0.0,0.0
H8WI01156,C00677286,1936617,1936617,2026-01-28,2025-12-31,False,277269.18,0.0,0.0
H8WI01156,C00677286,1936617,1938590,2026-01-30,2025-12-31,True,277269.18,0.0,0.0
H8WI01156,C00677286,1966595,1982033,2026-06-09,2026-03-31,False,336867.45,0.0,0.0
H8WI01156,C00677286,1966595,1966595,2026-04-15,2026-03-31,False,336867.45,0.0,0.0
H8WI01156,C00677286,1966595,1972427,2026-05-04,2026-03-31,False,336867.45,0.0,0.0
H8WI01156,C00677286,1966595,2009533,2026-08-24,2026-03-31,True,336867.45,0.0,0.0
H8WI01156,C00677286,1997251,2009534,2026-08-24,2026-06-30,True,296423.47,0.0,0.0
H8WI01156,C00677286,1997251,1997251,2026-07-15,2026-06-30,False,296423.47,0.0,0.0
H8WV03097,C00653220,1886614,1886614,2025-04-15,2025-03-31,True,64085.72,0.0,0.0
H8WV03097,C00653220,1901972,1901972,2025-07-15,2025-06-30,True,58634.67,0.0,0.0
H8WV03097,C00653220,1920550,1920550,2025-10-15,2025-09-30,True,126757.99,0.0,0.0
H8WV03097,C00653220,1944132,1944132,2026-01-31,2025-12-31,True,59403.76,0.0,0.0
H8WV03097,C00653220,1966694,1966694,2026-04-15,2026-03-31,True,109903.00,0.0,0.0
H8WV03097,C00653220,1971892,1971892,2026-04-30,2026-04-22,True,2501.39,0.0,0.0
H8WV03097,C00653220,1996465,1996465,2026-07-15,2026-06-30,True,79137.60,0.0,0.0
S0CO00575,C00716720,1887898,1887898,2025-04-15,2025-03-31,True,676261.75,0.0,0.0
S0CO00575,C00716720,1902606,1902606,2025-07-15,2025-06-30,True,1201200.81,0.0,0.0
S0CO00575,C00716720,1921424,1921424,2025-10-15,2025-09-30,True,1190870.65,0.0,0.0
S0CO00575,C00716720,1941916,1941916,2026-01-31,2025-12-31,True,852501.79,0.0,0.0
S0CO00575,C00716720,1966501,1966501,2026-04-15,2026-03-31,True,999945.46,0.0,0.0
S0CO00575,C00716720,1985096,1985096,2026-06-18,2026-06-10,True,623321.39,0.0,0.0
S0CO00575,C00716720,1996017,1996017,2026-07-15,2026-06-30,True,262689.65,0.0,0.0
S0DE00092,C00475392,1886945,1886945,2025-04-15,2025-03-31,True,306451.14,0.0,0.0
S0DE00092,C00475392,1902145,1902145,2025-07-15,2025-06-30,True,449891.18,0.0,0.0
S0DE00092,C00475392,1920194,1920194,2025-10-15,2025-09-30,True,334216.47,0.0,0.0
S0DE00092,C00475392,1939432,1939432,2026-01-30,2025-12-31,True,253664.65,0.0,0.0
S0DE00092,C00475392,1964724,1964724,2026-04-15,2026-03-31,True,188521.86,0.0,0.0
S0DE00092,C00475392,1995074,1995074,2026-07-15,2026-06-30,True,335218.29,0.0,0.0
S0KS00315,C00576173,1887886,1887886,2025-04-15,2025-03-31,True,172983.10,0.0,0.0
S0KS00315,C00576173,1902810,1902810,2025-07-15,2025-06-30,True,193870.68,0.0,0.0
S0KS00315,C00576173,1921079,1921079,2025-10-15,2025-09-30,True,345376.47,0.0,0.0
S0KS00315,C00576173,1941767,1941767,2026-01-31,2025-12-31,True,429632.56,0.0,0.0
S0KS00315,C00576173,1966108,1966108,2026-04-15,2026-03-31,True,319208.76,0.0,0.0
S0KS00315,C00576173,1996112,1996112,2026-07-15,2026-06-30,True,215336.31,0.0,0.0
S0NM00058,C00443689,1887899,1887899,2025-04-15,2025-03-31,True,496301.75,0.0,0.0
S0NM00058,C00443689,1902129,1902129,2025-07-15,2025-06-30,True,598256.95,0.0,0.0
S0NM00058,C00443689,1921370,1921370,2025-10-15,2025-09-30,True,434386.21,0.0,0.0
S0NM00058,C00443689,1943172,1966527,2026-04-15,2025-12-31,True,486312.82,0.0,0.0
S0NM00058,C00443689,1943172,1943172,2026-01-31,2025-12-31,False,486312.82,0.0,0.0
S0NM00058,C00443689,1965789,1965789,2026-04-15,2026-03-31,True,392886.00,0.0,0.0
S0NM00058,C00443689,1978805,1978805,2026-05-21,2026-05-13,True,193072.25,0.0,0.0
S0NM00058,C00443689,1997823,1997823,2026-07-15,2026-06-30,True,306889.40,0.0,0.0
S0TN00169,C00718627,1887424,1887424,2025-04-15,2025-03-31,True,586372.87,0.0,0.0
S0TN00169,C00718627,1902739,1902739,2025-07-15,2025-06-30,True,899706.89,0.0,0.0
S0TN00169,C00718627,1921281,1921281,2025-10-15,2025-09-30,True,557741.74,0.0,0.0
S0TN00169,C00718627,1941636,1941636,2026-01-31,2025-12-31,True,462705.06,0.0,0.0
S0TN00169,C00718627,1965303,1965303,2026-04-15,2026-03-31,True,515237.01,0.0,0.0
S0TN00169,C00718627,1995353,1995353,2026-07-15,2026-06-30,True,670002.74,0.0,0.0
S4AK00214,C00570994,1886910,1886910,2025-04-15,2025-03-31,True,240076.65,0.0,0.0
S4AK00214,C00570994,1902473,1902473,2025-07-15,2025-06-30,True,644568.67,0.0,0.0
S4AK00214,C00570994,1920522,1920522,2025-10-15,2025-09-30,True,381438.28,0.0,0.0
S4AK00214,C00570994,1939570,1939570,2026-01-30,2025-12-31,True,391739.31,0.0,0.0
S4AK00214,C00570994,1965575,1965575,2026-04-15,2026-03-31,True,873869.15,0.0,0.0
S4AK00214,C00570994,1996127,1996127,2026-07-15,2026-06-30,True,1172249.00,0.0,0.0
S4AR00103,C00499988,1887750,1887750,2025-04-15,2025-03-31,True,585255.53,0.0,0.0
S4AR00103,C00499988,1902604,1902604,2025-07-15,2025-06-30,True,585230.39,0.0,0.0
S4AR00103,C00499988,1920552,1920552,2025-10-15,2025-09-30,True,528707.16,0.0,0.0
S4AR00103,C00499988,1942040,1942040,2026-01-31,2025-12-31,True,380019.62,0.0,0.0
S4AR00103,C00499988,1947715,1947715,2026-02-19,2026-02-11,True,255796.38,0.0,0.0
S4AR00103,C00499988,1964685,1964685,2026-04-15,2026-03-31,True,412238.99,0.0,0.0
S4AR00103,C00499988,1995683,1995683,2026-07-15,2026-06-30,True,426916.40,0.0,0.0
S4MA00028,C00196774,1887762,1887762,2025-04-15,2025-03-31,True,118869.56,0.0,0.0
S4MA00028,C00196774,1902026,1902026,2025-07-15,2025-06-30,True,372781.06,0.0,0.0
S4MA00028,C00196774,1920808,1920808,2025-10-15,2025-09-30,False,419840.38,0.0,0.0
S4MA00028,C00196774,1920808,1924345,2025-11-07,2025-09-30,True,419840.38,0.0,0.0
S4MA00028,C00196774,1944390,1944390,2026-02-02,2025-12-31,True,371304.53,0.0,0.0
S4MA00028,C00196774,1966243,1966243,2026-04-15,2026-03-31,True,422315.57,0.0,0.0
S4MA00028,C00196774,1994784,1994784,2026-07-15,2026-06-30,True,413018.23,0.0,0.0
S4MI00595,C00849810,1888280,1888280,2025-04-15,2025-03-31,False,0.00,0.0,0.0
S4MI00595,C00849810,1888280,1897146,2025-06-24,2025-03-31,True,0.00,0.0,0.0
S4MI00595,C00849810,1902545,1902545,2025-07-15,2025-06-30,True,512122.03,0.0,0.0
S4MI00595,C00849810,1920750,1921332,2025-10-15,2025-09-30,True,878945.51,0.0,0.0
S4MI00595,C00849810,1920750,1920750,2025-10-15,2025-09-30,False,878945.51,0.0,0.0
S4MI00595,C00849810,1942675,1942675,2026-01-31,2025-12-31,True,1430375.41,0.0,0.0
S4MI00595,C00849810,1965896,1965896,2026-04-15,2026-03-31,True,1654583.47,0.0,0.0
S4MI00595,C00892026,1992753,1992753,2026-07-14,2026-06-30,True,2922.42,0.0,0.0
S4MI00595,C00849810,1995168,1995168,2026-07-15,2026-06-30,True,2007191.11,0.0,0.0
S4NE00207,C00891465,1885402,1885402,2025-04-11,2025-03-31,True,0.00,0.0,0.0
S4NE00207,C00850677,1887466,1890248,2025-04-25,2025-03-31,True,0.00,0.0,0.0
S4NE00207,C00850677,1887466,1887466,2025-04-15,2025-03-31,False,0.00,0.0,0.0
S4NE00207,C00901355,1903438,1943600,2026-01-31,2025-06-30,True,186041.05,0.0,0.0
S4NE00207,C00891465,1899507,1899507,2025-07-10,2025-06-30,True,0.00,0.0,0.0
S4NE00207,C00901355,1903438,1920944,2025-10-15,2025-06-30,False,186041.05,0.0,0.0
S4NE00207,C00901355,1903438,1903438,2025-07-15,2025-06-30,False,193041.05,0.0,0.0
S4NE00207,C00850677,1902934,1902934,2025-07-15,2025-06-30,True,0.00,0.0,0.0
S4NE00207,C00850677,1920695,1920695,2025-10-15,2025-09-30,True,750.00,0.0,0.0
S4NE00207,C00901355,1921751,1943613,2026-01-31,2025-09-30,True,1077850.62,0.0,0.0
S4NE00207,C00891465,1919581,1919581,2025-10-14,2025-09-30,True,0.00,0.0,0.0
S4NE00207,C00901355,1921751,1921751,2025-10-15,2025-09-30,False,1077700.62,0.0,0.0
S4NE00207,C00850677,1942408,1979696,2026-05-27,2025-12-31,True,0.00,0.0,0.0
S4NE00207,C00901355,1943926,1943926,2026-01-31,2025-12-31,True,751720.99,0.0,0.0
S4NE00207,C00850677,1942408,1942408,2026-01-31,2025-12-31,False,0.00,0.0,0.0
S4NE00207,C00891465,1938202,1938202,2026-01-29,2025-12-31,True,0.00,0.0,0.0
S4NE00207,C00901355,1967383,1997103,2026-07-15,2026-03-31,True,1227029.97,0.0,0.0
S4NE00207,C00850677,1962654,1995322,2026-07-15,2026-03-31,True,0.00,0.0,0.0
S4NE00207,C00850677,1962654,1979697,2026-05-27,2026-03-31,False,0.00,0.0,0.0
S4NE00207,C00850677,1962654,1962654,2026-04-14,2026-03-31,False,0.00,0.0,0.0
S4NE00207,C00901355,1967383,1967383,2026-04-15,2026-03-31,False,1227029.97,0.0,0.0
S4NE00207,C00891465,1965694,1965694,2026-04-15,2026-03-31,True,0.00,0.0,0.0
S4NE00207,C00850677,1971989,1971989,2026-04-30,2026-04-22,False,0.00,0.0,0.0
S4NE00207,C00850677,1971989,1995330,2026-07-15,2026-04-22,True,0.00,0.0,0.0
S4NE00207,C00850677,1971989,1979698,2026-05-27,2026-04-22,False,0.00,0.0,0.0
S4NE00207,C00891465,1971951,1971951,2026-04-30,2026-04-22,True,0.00,0.0,0.0
S4NE00207,C00901355,1971946,1971946,2026-04-30,2026-04-22,True,464734.79,0.0,0.0
S4NE00207,C00891465,1996209,1996209,2026-07-15,2026-06-30,True,0.00,0.0,0.0
S4NE00207,C00850677,1995339,1995339,2026-07-15,2026-06-30,True,0.00,0.0,0.0
S4NE00207,C00901355,1997176,1997176,2026-07-15,2026-06-30,True,1833780.62,0.0,0.0
S4NJ00185,C00540500,1886602,1886602,2025-04-15,2025-03-31,False,828718.32,0.0,0.0
S4NJ00185,C00540500,1886602,1923282,2025-10-21,2025-03-31,True,828718.32,0.0,0.0
S4NJ00185,C00540500,1902782,1923283,2025-10-21,2025-06-30,True,7939707.69,0.0,0.0
S4NJ00185,C00540500,1902782,1902782,2025-07-15,2025-06-30,False,7939707.69,0.0,0.0
S4NJ00185,C00540500,1921322,1921322,2025-10-15,2025-09-30,True,1751386.47,0.0,0.0
S4NJ00185,C00540500,1940274,1971626,2026-04-29,2025-12-31,False,1138654.89,0.0,0.0
S4NJ00185,C00540500,1940274,1940274,2026-01-30,2025-12-31,False,1138654.89,0.0,0.0
S4NJ00185,C00540500,1940274,1987363,2026-07-01,2025-12-31,True,1138654.89,0.0,0.0
S4NJ00185,C00540500,1963931,1963931,2026-04-15,2026-03-31,False,971451.42,0.0,0.0
S4NJ00185,C00540500,1963931,1992053,2026-07-14,2026-03-31,True,971451.42,0.0,0.0
S4NJ00185,C00540500,1978537,1978537,2026-05-21,2026-05-13,False,499956.27,0.0,0.0
S4NJ00185,C00540500,1978537,1992401,2026-07-14,2026-05-13,True,499956.27,0.0,0.0
S4NJ00185,C00540500,1995247,1995247,2026-07-15,2026-06-30,True,750765.92,0.0,0.0
S4NJ00532,C00865808,1889268,1889268,2025-04-18,2025-03-31,True,0.00,0.0,400.0
S4NJ00532,C00865808,1906566,1906566,2025-07-28,2025-06-30,True,0.00,0.0,0.0
S4NJ00532,C00865808,1925887,1925887,2025-11-20,2025-09-30,True,0.00,0.0,140.0
S4NJ00532,C00865808,1934259,1934259,2026-01-21,2025-12-31,True,2800.00,0.0,216.96
S4NJ00532,C00865808,1959027,1959027,2026-04-08,2026-03-31,True,2792.07,0.0,3360.0
S4NJ00532,C00865808,1976225,1976225,2026-05-19,2026-05-13,True,5094.73,0.0,0.0
S4NJ00532,C00865808,1994546,1994546,2026-07-15,2026-06-30,True,10796.76,0.0,815.0
S4RI00051,C00827964,1887128,1887128,2025-04-15,2025-03-31,True,4977.00,0.0,0.0
S4RI00051,C00827964,1901469,1901469,2025-07-15,2025-06-30,True,15788.00,0.0,0.0
S4RI00051,C00827964,1919791,1919791,2025-10-15,2025-09-30,True,33319.52,0.0,0.0
S4RI00051,C00827964,1941202,1941202,2026-01-30,2025-12-31,True,64773.54,1.0,0.0
S4RI00051,C00827964,1962842,1962842,2026-04-15,2026-03-31,True,19038.01,0.0,0.0
S4RI00051,C00827964,1996501,1996501,2026-07-15,2026-06-30,True,23564.07,0.0,0.0
S4SD00049,C00532465,1888029,1888029,2025-04-15,2025-03-31,False,164256.87,0.0,0.0
S4SD00049,C00532465,1888029,1903281,2025-07-15,2025-03-31,True,164256.87,0.0,0.0
S4SD00049,C00532465,1903347,1903347,2025-07-15,2025-06-30,True,248345.91,0.0,0.0
S4SD00049,C00532465,1921124,1921124,2025-10-15,2025-09-30,True,224735.18,0.0,0.0
S4SD00049,C00532465,1942112,1942112,2026-01-31,2025-12-31,False,171659.79,0.0,0.0
S4SD00049,C00532465,1942112,1997182,2026-07-15,2025-12-31,True,171659.79,0.0,0.0
S4SD00049,C00532465,1965288,1965288,2026-04-15,2026-03-31,False,223861.66,0.0,0.0
S4SD00049,C00532465,1965288,1997202,2026-07-15,2026-03-31,True,223861.66,0.0,0.0
S4SD00049,C00532465,1978411,1978411,2026-05-21,2026-05-13,False,105281.01,0.0,0.0
S4SD00049,C00532465,1978411,1997207,2026-07-15,2026-05-13,True,105281.01,0.0,0.0
S4SD00049,C00532465,1997215,1997215,2026-07-15,2026-06-30,True,190050.58,0.0,0.0
S4TN00542,C00846048,1888169,1888169,2025-04-15,2025-03-31,True,79.00,0.0,0.0
S4TN00542,C00846048,1900912,1900912,2025-07-14,2025-06-30,True,154.21,0.0,0.0
S4TN00542,C00846048,1921273,1921273,2025-10-15,2025-09-30,True,161.00,0.0,0.0
S4TN00542,C00846048,1941646,1941646,2026-01-31,2025-12-31,True,30.00,0.0,0.0
S4TN00542,C00846048,1967360,1967360,2026-04-15,2026-03-31,True,457.00,0.0,0.0
S4TN00542,C00846048,1997780,1997780,2026-07-15,2026-06-30,True,620.86,0.0,0.0
S4WV00159,C00539825,1886509,1886509,2025-04-15,2025-03-31,True,118101.74,0.0,0.0
S4WV00159,C00539825,1901945,1901945,2025-07-15,2025-06-30,True,389794.18,0.0,0.0
S4WV00159,C00539825,1919778,1971589,2026-04-28,2025-09-30,True,478217.09,0.0,0.0
S4WV00159,C00539825,1919778,1919778,2025-10-15,2025-09-30,False,461367.41,0.0,0.0
S4WV00159,C00539825,1941725,1941725,2026-01-31,2025-12-31,True,218123.92,0.0,0.0
S4WV00159,C00539825,1965139,1965139,2026-04-15,2026-03-31,True,723307.88,0.0,0.0
S4WV00159,C00539825,1971808,1971808,2026-04-30,2026-04-22,True,230662.66,0.0,0.0
S4WV00159,C00539825,1995539,1995539,2026-07-15,2026-06-30,True,299857.28,0.0,0.0
S6AK00276,C00933978,1966969,1966969,2026-04-15,2026-03-31,True,7563867.88,0.0,0.0
S6AK00276,C00933978,1997617,1997617,2026-07-15,2026-06-30,True,6038567.90,0.0,0.0
S6AL00476,C00720375,1887281,1887281,2025-04-15,2025-03-31,False,82869.96,0.0,0.0
S6AL00476,C00720375,1887281,1910753,2025-08-11,2025-03-31,False,82869.96,0.0,0.0
S6AL00476,C00720375,1887281,1973379,2026-05-07,2025-03-31,True,82869.96,0.0,0.0
S6AL00476,C00720375,1901742,1901742,2025-07-15,2025-06-30,False,99827.95,0.0,0.0
S6AL00476,C00720375,1901742,1973380,2026-05-07,2025-06-30,True,99827.95,0.0,0.0
S6AL00476,C00720375,1901742,1913081,2025-08-26,2025-06-30,False,99827.95,0.0,0.0
S6AL00476,C00720375,1921188,1944388,2026-02-02,2025-09-30,False,404968.52,0.0,0.0
S6AL00476,C00720375,1921188,1921188,2025-10-15,2025-09-30,False,399968.52,0.0,0.0
S6AL00476,C00720375,1921188,1973384,2026-05-07,2025-09-30,True,404968.52,0.0,0.0
S6AL00476,C00720375,1941844,1986737,2026-06-26,2025-12-31,True,509228.71,0.0,0.0
S6AL00476,C00720375,1941844,1941844,2026-01-31,2025-12-31,False,509228.71,0.0,0.0
S6AL00476,C00720375,1941844,1973388,2026-05-07,2025-12-31,False,509228.71,0.0,0.0
S6AL00476,C00720375,1941844,1957769,2026-04-04,2025-12-31,False,509228.71,0.0,0.0
S6AL00476,C00720375,1965889,1973393,2026-05-07,2026-03-31,False,631107.91,0.0,0.0
S6AL00476,C00720375,1965889,1986741,2026-06-26,2026-03-31,True,631107.91,0.0,0.0
S6AL00476,C00720375,1965889,1965889,2026-04-15,2026-03-31,False,628607.91,0.0,0.0
S6AL00476,C00720375,1973394,1999035,2026-07-17,2026-04-29,True,163444.47,0.0,0.0
S6AL00476,C00720375,1973394,1986744,2026-06-26,2026-04-29,False,173944.47,0.0,0.0
S6AL00476,C00720375,1973394,1973394,2026-05-07,2026-04-29,False,173944.47,0.0,0.0
S6AL00476,C00720375,1981346,1981346,2026-06-04,2026-05-27,False,252413.56,0.0,50000.0
S6AL00476,C00720375,1981346,1999036,2026-07-17,2026-05-27,True,252413.56,0.0,50000.0
S6AL00476,C00720375,1981346,1986745,2026-06-26,2026-05-27,False,252413.56,0.0,50000.0
S6AL00476,C00903518,1993530,1993530,2026-07-15,2026-06-30,True,1846.38,0.0,0.0
S6AL00476,C00720375,1994064,1999039,2026-07-17,2026-06-30,True,463640.95,0.0,0.0
S6AL00476,C00720375,1994064,1994064,2026-07-15,2026-06-30,False,463640.95,0.0,0.0
S6AL00518,C00935783,1963230,1981871,2026-06-08,2026-03-31,True,2542.37,0.0,23751.23
S6AL00518,C00935783,1963230,1963230,2026-04-15,2026-03-31,False,2542.37,0.0,23751.23
S6AL00518,C00935783,1972950,1972950,2026-05-06,2026-04-29,False,507.61,0.0,16892.0
S6AL00518,C00935783,1972950,1981873,2026-06-08,2026-04-29,True,507.61,0.0,16892.0
S6AL00518,C00935783,1981038,2011641,2026-09-11,2026-05-27,True,76.75,0.0,30000.0
S6AL00518,C00935783,1981038,1981874,2026-06-08,2026-05-27,False,76.75,0.0,30000.0
S6AL00518,C00935783,1981038,1981038,2026-06-03,2026-05-27,False,76.75,0.0,30000.0
S6AL00518,C00935783,1997119,1997119,2026-07-15,2026-06-30,False,9570.69,0.0,0.0
S6AL00518,C00935783,1997119,2012184,2026-09-16,2026-06-30,True,6784.67,0.0,0.0
S6AR00199,C00905471,1920095,1920095,2025-10-15,2025-09-30,True,659942.44,0.0,0.0
S6AR00199,C00905471,1939665,1939665,2026-01-30,2025-12-31,True,364166.67,0.0,0.0
S6AR00199,C00905471,1948013,1956215,2026-03-25,2026-02-11,False,209827.80,0.0,0.0
S6AR00199,C00905471,1948013,1948013,2026-02-19,2026-02-11,False,209827.80,0.0,0.0
S6AR00199,C00905471,1948013,1972072,2026-05-01,2026-02-11,True,209827.80,0.0,0.0
S6AR00199,C00905471,1964356,1964356,2026-04-15,2026-03-31,False,350274.36,0.0,0.0
S6AR00199,C00905471,1964356,1999278,2026-07-18,2026-03-31,True,350274.36,0.0,0.0
S6AR00199,C00905471,1996831,1996831,2026-07-15,2026-06-30,True,663679.74,0.0,0.0
S6CO00507,C00932848,1967863,1967863,2026-04-16,2026-03-31,False,31845.50,0.0,0.0
S6CO00507,C00932848,1967863,2003865,2026-08-03,2026-03-31,True,31395.50,0.0,0.0
S6CO00507,C00932848,1985197,1985197,2026-06-19,2026-06-10,True,42027.24,0.0,2200.0
S6CO00507,C00932848,1998159,1998159,2026-07-16,2026-06-30,True,33303.29,0.0,0.0
S6DE00206,C00935163,1967244,1967244,2026-04-15,2026-03-31,True,951.00,10.0,19250.0
S6DE00206,C00935163,1997496,1997496,2026-07-15,2026-06-30,True,14641.00,0.0,35000.0
S6FL00640,C00895763,1886563,1886563,2025-04-15,2025-03-31,True,150246.82,0.0,0.0
S6FL00640,C00895763,1902747,1902747,2025-07-15,2025-06-30,True,338049.58,0.0,0.0
S6FL00640,C00895763,1920236,1920236,2025-10-15,2025-09-30,True,410459.42,0.0,0.0
S6FL00640,C00895763,1942102,1942102,2026-01-31,2025-12-31,True,512974.94,0.0,0.0
S6FL00640,C00895763,1964260,1964260,2026-04-15,2026-03-31,True,1336930.72,0.0,0.0
S6FL00640,C00895763,1996683,1996683,2026-07-15,2026-06-30,True,1781196.61,0.0,0.0
S6FL00830,C00915041,1943874,1943874,2026-01-31,2025-12-31,True,97680.57,0.0,0.0
S6FL00830,C00915041,1967831,1991365,2026-07-13,2026-03-31,True,116962.07,0.0,0.0
S6FL00830,C00915041,1967831,1967831,2026-04-16,2026-03-31,False,195903.35,0.0,0.0
S6FL00830,C00915041,1996162,1996162,2026-07-15,2026-06-30,False,410476.85,0.0,0.0
S6FL00830,C00915041,1996162,2003710,2026-08-03,2026-06-30,True,410476.85,0.0,0.0
S6GA00390,C00544684,1887521,1887521,2025-04-15,2025-03-31,False,206913.87,0.0,0.0
S6GA00390,C00544684,1887521,1890579,2025-04-30,2025-03-31,True,206913.87,0.0,0.0
S6GA00390,C00544684,1902297,1902297,2025-07-15,2025-06-30,False,187833.77,0.0,0.0
S6GA00390,C00544684,1902297,1913769,2025-09-04,2025-06-30,True,187833.77,0.0,0.0
S6GA00390,C00544684,1921095,1921095,2025-10-15,2025-09-30,True,946000.53,65000.0,0.0
S6GA00390,C00544684,1940214,1940214,2026-01-30,2025-12-31,True,639322.42,0.0,0.0
S6GA00390,C00544684,1967668,1967668,2026-04-15,2026-03-31,False,716701.13,0.0,0.0
S6GA00390,C00544684,1967668,2004903,2026-08-07,2026-03-31,True,716701.13,0.0,0.0
S6GA00390,C00544684,1973410,1973410,2026-05-07,2026-04-29,True,210259.30,0.0,0.0
S6GA00390,C00544684,1981316,1995504,2026-07-15,2026-05-27,True,268375.06,0.0,0.0
S6GA00390,C00544684,1981316,1981316,2026-06-04,2026-05-27,False,268375.06,0.0,0.0
S6GA00390,C00892000,1991301,1991301,2026-07-13,2026-06-30,True,204871.48,0.0,0.0
S6GA00390,C00544684,1995616,1995616,2026-07-15,2026-06-30,True,380184.48,0.0,0.0
S6IA00298,C00915645,1921654,1921654,2025-10-15,2025-09-30,True,998591.77,0.0,0.0
S6IA00298,C00915645,1943684,1943684,2026-01-31,2025-12-31,True,663709.00,0.0,0.0
S6IA00298,C00915645,1967276,1967276,2026-04-15,2026-03-31,True,1058268.97,0.0,0.0
S6IA00298,C00915645,1978769,1978769,2026-05-21,2026-05-13,True,589397.98,0.0,0.0
S6IA00298,C00915645,1997598,1997598,2026-07-15,2026-06-30,True,2525848.95,0.0,0.0
S6IA00314,C00706267,1886620,1886620,2025-04-15,2025-03-31,True,328322.48,0.0,0.0
S6IA00314,C00706267,1901752,1901752,2025-07-15,2025-06-30,True,439516.32,0.0,0.0
S6IA00314,C00706267,1919845,1919845,2025-10-15,2025-09-30,True,848142.29,0.0,0.0
S6IA00314,C00706267,1940255,1940255,2026-01-30,2025-12-31,True,864238.76,0.0,0.0
S6IA00314,C00706267,1965125,1965125,2026-04-15,2026-03-31,True,1489366.14,0.0,0.0
S6IA00314,C00706267,1978543,1978543,2026-05-21,2026-05-13,True,553974.38,0.0,0.0
S6IA00314,C00706267,1995601,2010403,2026-09-01,2026-06-30,True,744068.18,0.0,0.0
S6IA00314,C00706267,1995601,1995601,2026-07-15,2026-06-30,False,744068.18,0.0,0.0
S6ID00146,C00909309,1922032,1951796,2026-03-05,2025-09-30,True,164861.90,10500.0,0.0
S6ID00146,C00909309,1922032,1922032,2025-10-16,2025-09-30,False,164861.90,7000.0,0.0
S6ID00146,C00909309,1943873,1964720,2026-04-15,2025-12-31,True,45386.76,0.0,0.0
S6ID00146,C00909309,1943873,1943873,2026-01-31,2025-12-31,False,45386.76,0.0,0.0
S6ID00146,C00909309,1965523,1965523,2026-04-15,2026-03-31,True,191995.00,0.0,0.0
S6ID00146,C00909309,1973476,1973476,2026-05-07,2026-04-29,True,33720.22,0.0,0.0
S6ID00146,C00909309,1997916,1997916,2026-07-15,2026-06-30,True,149781.18,0.0,0.0
S6IL00458,C00903252,1902636,1920385,2025-10-15,2025-06-30,True,1043402.35,0.0,0.0
S6IL00458,C00903252,1902636,1902636,2025-07-15,2025-06-30,False,1042902.35,0.0,0.0
S6IL00458,C00903252,1920398,1920398,2025-10-15,2025-09-30,True,979798.28,0.0,0.0
S6IL00458,C00903252,1943162,1943162,2026-01-31,2025-12-31,True,1086841.75,0.0,0.0
S6IL00458,C00903252,1951868,1951868,2026-03-05,2026-02-25,False,835051.28,0.0,0.0
S6IL00458,C00903252,1951868,1966806,2026-04-15,2026-02-25,True,833726.28,0.0,0.0
S6IL00458,C00903252,1966811,1966811,2026-04-15,2026-03-31,False,574705.19,0.0,0.0
S6IL00458,C00903252,1966811,1997469,2026-07-15,2026-03-31,True,574705.19,0.0,0.0
S6IL00458,C00903252,1997452,1997452,2026-07-15,2026-06-30,True,342231.70,0.0,0.0
S6IL00615,C00917120,1919388,1919388,2025-10-14,2025-09-30,False,53291.29,0.0,2000000.0
S6IL00615,C00917120,1919388,1981901,2026-06-08,2025-09-30,True,53291.29,0.0,2000000.0
S6IL00615,C00917120,1939366,1939366,2026-01-30,2025-12-31,False,68996.64,0.0,0.0
S6IL00615,C00917120,1939366,1981903,2026-06-08,2025-12-31,True,68996.64,0.0,0.0
S6IL00615,C00917120,1951900,1981905,2026-06-08,2026-02-25,True,106533.84,0.0,0.0
S6IL00615,C00917120,1951900,1951900,2026-03-05,2026-02-25,False,106533.84,0.0,0.0
S6IL00615,C00917120,1967756,1981906,2026-06-08,2026-03-31,True,60866.49,0.0,0.0
S6IL00615,C00917120,1967756,1967756,2026-04-15,2026-03-31,False,60866.49,0.0,0.0
S6IL00615,C00917120,1997562,1997562,2026-07-15,2026-06-30,True,112231.86,0.0,0.0
S6KS00312,C00948901,1997753,1997753,2026-07-15,2026-06-30,True,3609961.28,50.0,50000.0
S6KY00286,C00467571,1886472,1886472,2025-04-15,2025-03-31,False,525057.61,0.0,0.0
S6KY00286,C00467571,1886472,1897165,2025-06-25,2025-03-31,True,525057.61,0.0,0.0
S6KY00286,C00467571,1901004,1901004,2025-07-14,2025-06-30,False,748173.45,0.0,0.0
S6KY00286,C00467571,1901004,1917723,2025-10-06,2025-06-30,True,748173.45,0.0,0.0
S6KY00286,C00467571,1920742,1920742,2025-10-15,2025-09-30,False,1201560.14,0.0,0.0
S6KY00286,C00467571,1920742,1932364,2026-01-13,2025-09-30,False,1201560.14,0.0,0.0
S6KY00286,C00467571,1920742,1936448,2026-01-28,2025-09-30,True,1198060.14,0.0,0.0
S6KY00286,C00467571,1939410,1939410,2026-01-30,2025-12-31,True,1020308.96,0.0,0.0
S6KY00286,C00467571,1964831,1964831,2026-04-15,2026-03-31,False,975597.75,0.0,0.0
S6KY00286,C00467571,1964831,1971891,2026-04-30,2026-03-31,True,974597.75,0.0,0.0
S6KY00286,C00467571,1973250,1973250,2026-05-07,2026-04-29,True,310545.52,0.0,0.0
S6KY00286,C00467571,1995631,2006115,2026-08-13,2026-06-30,True,815561.44,0.0,0.0
S6KY00286,C00467571,1995631,1995631,2026-07-15,2026-06-30,False,815561.44,0.0,0.0
S6KY00286,C00898403,1991991,1991991,2026-07-14,2026-06-30,True,2200.00,0.0,0.0
S6KY00385,C00929208,1943191,1943191,2026-01-31,2025-12-31,True,77154.77,0.0,0.0
S6KY00385,C00929208,1966571,1966571,2026-04-15,2026-03-31,True,286210.09,0.0,0.0
S6KY00385,C00929208,1973522,1973522,2026-05-08,2026-04-29,True,130318.78,0.0,0.0
S6KY00385,C00929208,1996498,1996498,2026-07-15,2026-06-30,True,581075.16,0.0,0.0
S6LA00615,C00929117,1942826,1942826,2026-01-31,2025-12-31,True,6864.84,0.0,10000.0
S6LA00615,C00929117,1965928,1965928,2026-04-15,2026-03-31,False,309100.32,0.0,0.0
S6LA00615,C00929117,1965928,1983520,2026-06-15,2026-03-31,True,309100.32,0.0,0.0
S6LA00615,C00929117,1973075,1973075,2026-05-06,2026-04-26,False,235571.38,0.0,0.0
S6LA00615,C00929117,1973075,1983521,2026-06-15,2026-04-26,True,236846.64,0.0,0.0
S6LA00615,C00929117,1983523,1983523,2026-06-15,2026-06-07,True,665993.32,0.0,0.0
S6LA00615,C00929117,1996801,1996801,2026-07-15,2026-06-30,True,750332.09,0.0,0.0
S6LA00664,C00935411,1967760,1967760,2026-04-15,2026-03-31,True,480571.28,0.0,0.0
S6LA00664,C00935411,1972621,1972621,2026-05-04,2026-04-26,True,151125.20,0.0,0.0
S6LA00664,C00935411,1983514,1983514,2026-06-15,2026-06-07,True,486516.33,0.0,0.0
S6LA00664,C00935411,1997044,1997044,2026-07-15,2026-06-30,True,260738.10,0.0,0.0
S6MA00304,C00926139,1943077,1943077,2026-01-31,2025-12-31,True,190147.57,53414.0,1000000.0
S6MA00304,C00926139,1967032,1967032,2026-04-15,2026-03-31,True,130627.62,0.0,0.0
S6MA00304,C00926139,1996229,1996229,2026-07-15,2026-06-30,True,95112.23,0.0,0.0
S6ME00159,C00314575,1885589,1895008,2025-06-10,2025-03-31,True,434456.70,0.0,0.0
S6ME00159,C00314575,1885589,1885589,2025-04-13,2025-03-31,False,434456.70,0.0,0.0
S6ME00159,C00314575,1901030,1901030,2025-07-14,2025-06-30,True,1047108.23,0.0,0.0
S6ME00159,C00314575,1920419,1920419,2025-10-15,2025-09-30,True,983929.76,0.0,0.0
S6ME00159,C00314575,1943203,1943203,2026-01-31,2025-12-31,True,1430793.37,0.0,0.0
S6ME00159,C00314575,1965476,1965476,2026-04-15,2026-03-31,True,2062757.63,0.0,0.0
S6ME00159,C00314575,1980084,1980084,2026-05-28,2026-05-20,True,1371062.39,0.0,0.0
S6ME00159,C00314575,1996672,1996672,2026-07-15,2026-06-30,True,3171028.52,0.0,0.0
S6MI00418,C00902668,1903309,1920037,2025-10-15,2025-06-30,False,1789005.79,3500.0,0.0
S6MI00418,C00902668,1903309,2005714,2026-08-11,2025-06-30,True,1789005.79,0.0,0.0
S6MI00418,C00902668,1903309,1903309,2025-07-15,2025-06-30,False,1789005.79,3500.0,0.0
S6MI00418,C00902668,1920081,1920081,2025-10-15,2025-09-30,False,1758914.14,3500.0,0.0
S6MI00418,C00902668,1920081,1942345,2026-01-31,2025-09-30,False,1762464.14,3500.0,0.0
S6MI00418,C00902668,1920081,2005716,2026-08-11,2025-09-30,True,1762464.14,0.0,0.0
S6MI00418,C00902668,1942410,1942410,2026-01-31,2025-12-31,False,1746894.91,3500.0,0.0
S6MI00418,C00902668,1942410,1996800,2026-07-15,2025-12-31,False,1746894.91,3500.0,0.0
S6MI00418,C00902668,1942410,2005717,2026-08-11,2025-12-31,True,1746894.91,0.0,0.0
S6MI00418,C00902668,1942410,1966137,2026-04-15,2025-12-31,False,1746894.91,3500.0,0.0
S6MI00418,C00902668,1966303,1996846,2026-07-15,2026-03-31,False,2274130.93,3500.0,0.0
S6MI00418,C00902668,1966303,1966303,2026-04-15,2026-03-31,False,2274130.93,3500.0,0.0
S6MI00418,C00902668,1966303,2005719,2026-08-11,2026-03-31,True,2274130.93,0.0,0.0
S6MI00418,C00902668,1996938,2001724,2026-07-23,2026-06-30,False,4533633.11,0.0,0.0
S6MI00418,C00902668,1996938,1996938,2026-07-15,2026-06-30,False,4533633.11,0.0,0.0
S6MI00418,C00902668,1996938,2005720,2026-08-11,2026-06-30,True,4533633.11,0.0,0.0
S6MN00440,C00897751,1887483,1887483,2025-04-15,2025-03-31,True,429404.11,0.0,0.0
S6MN00440,C00897751,1903041,1914366,2025-09-10,2025-06-30,True,890349.40,1000.0,0.0
S6MN00440,C00897751,1903041,1903041,2025-07-15,2025-06-30,False,890349.40,1000.0,0.0
S6MN00440,C00897751,1921405,1921405,2025-10-15,2025-09-30,True,883410.50,0.0,0.0
S6MN00440,C00897751,1943534,1943534,2026-01-31,2025-12-31,True,951205.19,2500.0,0.0
S6MN00440,C00897751,1966283,1995109,2026-07-15,2026-03-31,True,1327376.63,0.0,0.0
S6MN00440,C00897751,1966283,1966283,2026-04-15,2026-03-31,False,1327376.63,0.0,0.0
S6MN00440,C00897751,1995192,1995192,2026-07-15,2026-06-30,True,1336779.02,3500.0,0.0
S6MN00556,C00935528,1965946,1965946,2026-04-15,2026-03-31,True,1758376.49,4840.51,0.0
S6MN00556,C00935528,1996699,1996699,2026-07-15,2026-06-30,True,2314799.37,3037.97,0.0
S6MS00133,C00918359,1921446,1921446,2025-10-15,2025-09-30,True,511792.59,0.0,25000.0
S6MS00133,C00918359,1940952,1940952,2026-01-30,2025-12-31,False,408469.56,0.0,0.0
S6MS00133,C00918359,1940952,1980296,2026-05-29,2025-12-31,True,408169.56,50.0,0.0
S6MS00133,C00918359,1950706,1980347,2026-05-29,2026-02-18,True,169398.33,0.0,0.0
S6MS00133,C00918359,1950706,1950706,2026-02-26,2026-02-18,False,169403.33,0.0,0.0
S6MS00133,C00918359,1966644,1966644,2026-04-15,2026-03-31,False,277456.49,0.0,0.0
S6MS00133,C00918359,1966644,1980353,2026-05-29,2026-03-31,True,277456.49,0.0,0.0
S6MS00133,C00918359,1997592,1997592,2026-07-15,2026-06-30,True,576910.29,143.09,0.0
S6MT00253,C00937201,1941312,1941312,2026-01-30,2025-12-31,True,3260.00,2058.08,0.0
S6MT00253,C00937201,1960213,1960213,2026-04-12,2026-03-31,True,7971.00,1950.98,0.0
S6MT00253,C00937201,1977779,1977779,2026-05-20,2026-05-13,True,6131.00,2513.09,0.0
S6MT00253,C00937201,1989689,1989689,2026-07-09,2026-06-30,True,28317.62,0.0,0.0
S6MT00287,C00941708,1963595,1963595,2026-04-15,2026-03-31,True,1332524.95,0.0,0.0
S6MT00287,C00941708,1978774,1997851,2026-07-15,2026-05-13,True,752330.78,0.0,0.0
S6MT00287,C00941708,1978774,1978774,2026-05-21,2026-05-13,False,749448.33,0.0,0.0
S6MT00287,C00941708,1997890,1997890,2026-07-15,2026-06-30,True,1059013.80,0.0,0.0
S6MT00295,C00942060,1966702,1966702,2026-04-15,2026-03-31,True,355576.11,0.0,0.0
S6MT00295,C00942060,1978800,1978800,2026-05-21,2026-05-13,True,229483.88,0.0,0.0
S6MT00295,C00942060,1997218,1997218,2026-07-15,2026-06-30,True,436060.29,0.0,0.0
S6NC00407,C00913566,1921080,1928633,2025-12-16,2025-09-30,False,5800369.69,0.0,0.0
S6NC00407,C00913566,1921080,1921080,2025-10-15,2025-09-30,False,5800369.69,0.0,0.0
S6NC00407,C00913566,1921080,1925133,2025-11-17,2025-09-30,False,5800369.69,0.0,0.0
S6NC00407,C00913566,1921080,1956691,2026-03-30,2025-09-30,True,5800369.69,0.0,0.0
S6NC00407,C00913566,1940316,1940316,2026-01-30,2025-12-31,False,2534015.82,0.0,0.0
S6NC00407,C00913566,1940316,1956696,2026-03-30,2025-12-31,True,2534015.82,0.0,0.0
S6NC00407,C00913566,1948127,1948127,2026-02-19,2026-02-11,False,926784.86,0.0,0.0
S6NC00407,C00913566,1948127,1956703,2026-03-30,2026-02-11,True,926784.86,0.0,0.0
S6NC00407,C00913566,1965660,1970745,2026-04-22,2026-03-31,True,1428807.48,0.0,0.0
S6NC00407,C00913566,1965660,1965660,2026-04-15,2026-03-31,False,1428807.48,0.0,0.0
S6NC00407,C00913566,1995828,1995828,2026-07-15,2026-06-30,True,2425420.17,0.0,0.0
S6NC00415,C00913996,1921287,1940675,2026-01-30,2025-09-30,True,980789.39,0.0,0.0
S6NC00415,C00913996,1921287,1921287,2025-10-15,2025-09-30,False,980789.39,0.0,0.0
S6NC00415,C00913996,1940687,1940687,2026-01-30,2025-12-31,True,1297932.94,0.0,0.0
S6NC00415,C00913996,1948375,1948375,2026-02-19,2026-02-11,True,598040.75,0.0,0.0
S6NC00415,C00913996,1965829,1965829,2026-04-15,2026-03-31,True,874626.03,0.0,0.0
S6NC00415,C00909416,1961789,1961789,2026-04-14,2026-03-31,True,867.57,0.0,0.0
S6NC00415,C00913996,1997758,1997758,2026-07-15,2026-06-30,True,1712558.70,0.0,0.0
S6NC00415,C00909416,1989697,1989697,2026-07-09,2026-06-30,True,0.00,0.0,0.0
S6NE00129,C00832436,1887563,1968506,2026-04-17,2025-03-31,False,81289.95,0.0,0.0
S6NE00129,C00832436,1887563,1887563,2025-04-15,2025-03-31,False,81289.95,0.0,0.0
S6NE00129,C00832436,1887563,1997398,2026-07-15,2025-03-31,True,81289.95,0.0,0.0
S6NE00129,C00832436,1887563,1980863,2026-06-02,2025-03-31,False,81289.95,0.0,0.0
S6NE00129,C00832436,1903335,1912836,2025-08-22,2025-06-30,False,281671.85,0.0,0.0
S6NE00129,C00832436,1903335,1997366,2026-07-15,2025-06-30,True,281671.85,0.0,0.0
S6NE00129,C00832436,1903335,1913073,2025-08-26,2025-06-30,False,281671.85,0.0,0.0
S6NE00129,C00832436,1903335,1924601,2025-11-12,2025-06-30,False,281671.85,0.0,0.0
S6NE00129,C00832436,1903335,1903335,2025-07-15,2025-06-30,False,270964.30,0.0,0.0
S6NE00129,C00832436,1903335,1921369,2025-10-15,2025-06-30,False,281671.85,0.0,0.0
S6NE00129,C00832436,1903335,1905068,2025-07-20,2025-06-30,False,270964.30,0.0,0.0
S6NE00129,C00832436,1903335,1980864,2026-06-02,2025-06-30,False,281671.85,0.0,0.0
S6NE00129,C00832436,1903335,1947562,2026-02-18,2025-06-30,False,281671.85,0.0,0.0
S6NE00129,C00832436,1903335,1968509,2026-04-17,2025-06-30,False,281671.85,0.0,0.0
S6NE00129,C00832436,1921357,1968510,2026-04-17,2025-09-30,False,241389.28,0.0,0.0
S6NE00129,C00832436,1921357,1980865,2026-06-02,2025-09-30,False,241389.28,0.0,0.0
S6NE00129,C00832436,1921357,1997377,2026-07-15,2025-09-30,True,241389.28,0.0,0.0
S6NE00129,C00832436,1921357,1947564,2026-02-18,2025-09-30,False,241389.28,0.0,0.0
S6NE00129,C00832436,1921357,1924881,2025-11-14,2025-09-30,False,243889.28,0.0,0.0
S6NE00129,C00832436,1921357,1921357,2025-10-15,2025-09-30,False,243889.28,0.0,0.0
S6NE00129,C00832436,1942226,1997362,2026-07-15,2025-12-31,True,497702.80,43044.83,0.0
S6NE00129,C00832436,1942226,1980870,2026-06-02,2025-12-31,False,497702.80,43044.83,0.0
S6NE00129,C00832436,1942226,1942226,2026-01-31,2025-12-31,False,497702.80,43044.83,0.0
S6NE00129,C00832436,1942226,1947566,2026-02-18,2025-12-31,False,497702.80,43044.83,0.0
S6NE00129,C00832436,1942226,1968536,2026-04-17,2025-12-31,False,497702.80,43044.83,0.0
S6NE00129,C00832436,1966654,1980871,2026-06-02,2026-03-31,False,522161.05,2842.71,0.0
S6NE00129,C00832436,1966654,1968561,2026-04-17,2026-03-31,False,522161.05,2842.71,0.0
S6NE00129,C00832436,1966654,1966654,2026-04-15,2026-03-31,False,522161.05,2842.71,0.0
S6NE00129,C00832436,1966654,1997470,2026-07-15,2026-03-31,True,522161.05,2842.71,0.0
S6NE00129,C00832436,1971904,1971904,2026-04-30,2026-04-22,False,129237.39,0.0,0.0
S6NE00129,C00832436,1971904,1997476,2026-07-15,2026-04-22,True,129237.39,0.0,0.0
S6NE00129,C00832436,1997485,1997485,2026-07-15,2026-06-30,True,470777.46,5250000.0,0.0
S6NH00141,C00660464,1887783,1887783,2025-04-15,2025-03-31,True,488003.49,0.0,0.0
S6NH00141,C00660464,1902709,1902709,2025-07-15,2025-06-30,True,1504396.82,0.0,0.0
S6NH00141,C00660464,1920660,1920660,2025-10-15,2025-09-30,False,1639140.57,0.0,0.0
S6NH00141,C00660464,1920660,1942256,2026-01-31,2025-09-30,True,1639140.57,0.0,0.0
S6NH00141,C00660464,1942271,1997320,2026-07-15,2025-12-31,True,2130003.53,0.0,0.0
S6NH00141,C00660464,1942271,1942271,2026-01-31,2025-12-31,False,2130003.53,0.0,0.0
S6NH00141,C00660464,1965571,1997325,2026-07-15,2026-03-31,True,2894346.65,0.0,0.0
S6NH00141,C00660464,1965571,1965571,2026-04-15,2026-03-31,False,2894346.65,0.0,0.0
S6NH00141,C00660464,1997343,2001226,2026-07-22,2026-06-30,True,2970211.98,0.0,0.0
S6NH00141,C00660464,1997343,1997343,2026-07-15,2026-06-30,False,2970211.98,0.0,0.0
S6NH00208,C00924092,1940066,1940066,2026-01-30,2025-12-31,True,888478.34,0.0,0.0
S6NH00208,C00924092,1965498,1965498,2026-04-15,2026-03-31,True,593397.04,0.0,0.0
S6NH00208,C00924092,1995894,1995894,2026-07-15,2026-06-30,True,574890.74,0.0,0.0
S6NM01186,C00943738,1980857,1983595,2026-06-16,2026-05-13,True,15625.00,0.0,0.0
S6NM01186,C00943738,1980857,1980857,2026-06-02,2026-06-30,False,16775.00,0.0,0.0
S6NM01186,C00943738,1989303,1989303,2026-07-09,2026-06-30,True,12900.00,0.0,0.0
S6OH00163,C00916288,1921538,1921538,2025-10-15,2025-09-30,True,5263346.08,0.0,0.0
S6OH00163,C00916288,1943525,1943525,2026-01-31,2025-12-31,True,6027010.65,0.0,0.0
S6OH00163,C00916288,1967034,1967034,2026-04-15,2026-03-31,True,8265665.67,0.0,0.0
S6OH00163,C00916288,1971027,1971027,2026-04-23,2026-04-15,True,1497029.62,0.0,0.0
S6OH00163,C00916288,1997409,1997409,2026-07-15,2026-06-30,True,10093081.38,0.0,0.0
S6OH00304,C00896019,1886689,1886689,2025-04-15,2025-03-31,True,398707.77,0.0,0.0
S6OH00304,C00896019,1901020,1901020,2025-07-14,2025-06-30,False,620605.70,0.0,0.0
S6OH00304,C00896019,1901020,1907306,2025-07-30,2025-06-30,True,620605.70,0.0,0.0
S6OH00304,C00896019,1919823,1919823,2025-10-15,2025-09-30,True,723430.98,0.0,0.0
S6OH00304,C00896019,1939560,1939560,2026-01-30,2025-12-31,True,799791.44,0.0,0.0
S6OH00304,C00896019,1964008,1964008,2026-04-15,2026-03-31,False,1536910.90,0.0,0.0
S6OH00304,C00896019,1964008,1987429,2026-07-01,2026-03-31,True,1536910.90,0.0,0.0
S6OH00304,C00896019,1970913,1970913,2026-04-23,2026-04-15,False,208027.52,0.0,0.0
S6OH00304,C00896019,1970913,1987446,2026-07-01,2026-04-15,True,208027.52,0.0,0.0
S6OH00304,C00895276,1990427,1990427,2026-07-11,2026-06-30,True,406.94,0.0,0.0
S6OH00304,C00896019,1993936,1993936,2026-07-15,2026-06-30,True,1983134.67,0.0,0.0
S6OK04163,C00899559,1927655,1927655,2025-12-07,2025-09-30,True,10104.08,0.0,0.0
S6OK04163,C00899559,1933114,1933114,2026-01-15,2025-12-31,True,9273.00,0.0,0.0
S6OK04163,C00899559,1958675,1958675,2026-04-07,2026-03-31,True,19582.14,0.0,0.0
S6OK04163,C00899559,1980992,1980992,2026-06-02,2026-05-27,True,5809.00,0.0,0.0
S6OK04163,C00899559,1992569,1992569,2026-07-14,2026-06-30,True,7248.92,0.0,0.0
S6OK04247,C00943142,1965664,1965664,2026-04-15,2026-03-31,True,592563.64,0.0,5050000.0
S6OK04247,C00943142,1981355,1981355,2026-06-04,2026-05-27,True,330156.28,0.0,0.0
S6OK04247,C00943142,1995750,1995750,2026-07-15,2026-06-30,True,188364.81,0.0,0.0
S6OR05218,C00941559,1966482,1966482,2026-04-15,2026-03-31,True,23083.96,0.0,0.0
S6OR05218,C00941559,1973365,1973365,2026-05-07,2026-04-29,True,20572.07,0.0,0.0
S6OR05218,C00941559,1997750,1997750,2026-07-15,2026-06-30,True,66032.96,0.0,0.0
S6RI00163,C00238907,1886867,1886867,2025-04-15,2025-03-31,True,381161.99,0.0,0.0
S6RI00163,C00238907,1901919,1901919,2025-07-15,2025-06-30,True,391095.65,0.0,0.0
S6RI00163,C00238907,1920501,1920501,2025-10-15,2025-09-30,False,200505.49,0.0,0.0
S6RI00163,C00238907,1920501,1938532,2026-01-30,2025-09-30,True,207505.49,0.0,0.0
S6RI00163,C00238907,1940042,1940042,2026-01-30,2025-12-31,True,348750.46,0.0,0.0
S6RI00163,C00238907,1964002,1964002,2026-04-15,2026-03-31,True,309485.65,0.0,0.0
S6RI00163,C00238907,1994898,1994898,2026-07-15,2026-06-30,False,363059.55,0.0,0.0
S6RI00163,C00238907,1994898,2005024,2026-08-07,2026-06-30,True,363605.55,0.0,0.0
S6SC04239,C00906024,1902360,1902360,2025-07-15,2025-06-30,True,1239232.09,0.0,0.0
S6SC04239,C00906024,1921129,1921129,2025-10-15,2025-09-30,True,1567164.57,0.0,0.0
S6SC04239,C00906024,1942747,1942747,2026-01-31,2025-12-31,True,1442137.53,0.0,0.0
S6SC04239,C00906024,1966203,1966203,2026-04-15,2026-03-31,True,2207889.06,0.0,0.0
S6SC04239,C00906024,1980017,1980017,2026-05-28,2026-05-20,True,1538726.14,0.0,0.0
S6SC04239,C00906024,1995845,1995845,2026-07-15,2026-06-30,True,2682060.54,0.0,0.0
S6SD01117,C00903641,1903033,1903033,2025-07-15,2025-06-30,True,78117.44,0.0,0.0
S6SD01117,C00903641,1921452,1921452,2025-10-15,2025-09-30,True,76768.11,0.0,0.0
S6SD01117,C00903641,1943519,1943519,2026-01-31,2025-12-31,True,172638.37,0.0,0.0
S6SD01117,C00903641,1967128,1967128,2026-04-15,2026-03-31,True,230539.61,0.0,0.0
S6SD01117,C00903641,1978653,1978653,2026-05-21,2026-05-13,True,101301.70,0.0,0.0
S6SD01117,C00903641,1997404,1997404,2026-07-15,2026-06-30,True,116030.54,0.0,0.0
S6TX00388,C00901918,1903081,1947090,2026-02-17,2025-06-30,True,2908567.76,0.0,0.0
S6TX00388,C00901918,1903081,1903081,2025-07-15,2025-06-30,False,2908567.76,0.0,0.0
S6TX00388,C00901918,1921193,1921193,2025-10-15,2025-09-30,False,1279715.18,0.0,0.0
S6TX00388,C00901918,1921193,1947091,2026-02-17,2025-09-30,True,1279715.18,0.0,0.0
S6TX00388,C00901918,1942651,1942651,2026-01-31,2025-12-31,False,1113075.88,0.0,0.0
S6TX00388,C00901918,1942651,1950075,2026-02-23,2025-12-31,True,1113075.88,0.0,0.0
S6TX00388,C00901918,1942651,1947093,2026-02-17,2025-12-31,False,1113075.88,0.0,0.0
S6TX00388,C00901918,1948392,1973263,2026-05-07,2026-02-11,True,532897.25,0.0,0.0
S6TX00388,C00901918,1948392,1948392,2026-02-19,2026-02-11,False,532897.25,0.0,0.0
S6TX00388,C00901918,1966280,1966280,2026-04-15,2026-03-31,False,1150140.33,0.0,0.0
S6TX00388,C00901918,1966280,1973265,2026-05-07,2026-03-31,True,1150140.33,0.0,0.0
S6TX00388,C00901918,1975008,2000910,2026-07-20,2026-05-06,True,589030.84,0.0,0.0
S6TX00388,C00901918,1975008,1975008,2026-05-14,2026-05-06,False,589030.84,0.0,0.0
S6TX00388,C00930446,1992419,1992419,2026-07-14,2026-06-30,True,3423.64,0.0,0.0
S6TX00388,C00901918,1996198,1996198,2026-07-15,2026-06-30,True,1438629.72,0.0,0.0
S6TX00479,C00919084,1921319,1921319,2025-10-15,2025-09-30,True,6268608.81,0.0,0.0
S6TX00479,C00919084,1943809,1943809,2026-01-31,2025-12-31,False,6857637.55,0.0,0.0
S6TX00479,C00919084,1943809,1945128,2026-02-05,2025-12-31,False,6857637.55,0.0,0.0
S6TX00479,C00919084,1943809,2011129,2026-09-08,2025-12-31,True,6857637.55,0.0,0.0
S6TX00479,C00919084,1948414,2011130,2026-09-08,2026-02-11,True,7523162.53,0.0,0.0
S6TX00479,C00919084,1948414,1948414,2026-02-19,2026-02-11,False,7523162.53,0.0,0.0
S6TX00479,C00919084,1967186,2011132,2026-09-08,2026-03-31,True,19439890.98,0.0,0.0
S6TX00479,C00919084,1967186,1967186,2026-04-15,2026-03-31,False,19439890.98,0.0,0.0
S6TX00479,C00919084,1997887,1997887,2026-07-15,2026-06-30,True,25496442.01,0.0,0.0
S6VA00093,C00438713,1887244,1896437,2025-06-20,2025-03-31,False,1381760.10,0.0,0.0
S6VA00093,C00438713,1887244,1902431,2025-07-15,2025-03-31,True,1381760.10,0.0,0.0
S6VA00093,C00438713,1887244,1887244,2025-04-15,2025-03-31,False,1381760.10,0.0,0.0
S6VA00093,C00438713,1902438,1902438,2025-07-15,2025-06-30,True,1392488.04,0.0,0.0
S6VA00093,C00438713,1920271,1920271,2025-10-15,2025-09-30,True,1920836.29,0.0,0.0
S6VA00093,C00438713,1938019,1938019,2026-01-29,2025-12-31,False,1515379.43,0.0,0.0
S6VA00093,C00438713,1938019,1965606,2026-04-15,2025-12-31,True,1515379.43,0.0,0.0
S6VA00093,C00438713,1965708,1965708,2026-04-15,2026-03-31,False,1490627.53,0.0,0.0
S6VA00093,C00438713,1965708,1996359,2026-07-15,2026-03-31,True,1490627.53,0.0,0.0
S6VA00093,C00438713,1996381,1996381,2026-07-15,2026-06-30,True,1368136.23,0.0,0.0
S6WV00188,C00932459,1967757,1967757,2026-04-15,2026-03-31,True,11036.88,7890.4,0.0
S6WV00188,C00932459,1971963,1971963,2026-04-30,2026-04-22,True,3519.25,0.0,0.0
S6WV00188,C00932459,2005618,2005618,2026-08-11,2026-06-30,True,27366.55,0.0,0.0
S6WY00209,C00788943,1887541,1887541,2025-04-15,2025-03-31,True,217078.56,0.0,0.0
S6WY00209,C00788943,1902674,1918352,2025-10-09,2025-06-30,True,181868.52,0.0,0.0
S6WY00209,C00788943,1902674,1902674,2025-07-15,2025-06-30,False,181868.52,0.0,0.0
S6WY00209,C00788943,1921088,1921088,2025-10-15,2025-09-30,True,184196.33,0.0,0.0
S6WY00209,C00788943,1943240,1943240,2026-01-31,2025-12-31,True,175025.08,0.0,0.0
S6WY00209,C00788943,1966312,1966312,2026-04-15,2026-03-31,True,238602.23,0.0,0.0
S6WY00209,C00788943,1996742,1996742,2026-07-15,2026-06-30,True,229908.01,0.0,0.0
S6WY00217,C00938738,1967960,1967960,2026-04-16,2026-03-31,True,9653.00,0.0,0.0
S6WY00217,C00938738,1997032,1997032,2026-07-15,2026-06-30,True,9922.92,0.0,0.0
S8GA00180,C00718866,1887840,1887840,2025-04-15,2025-03-31,False,9990337.46,0.0,0.0
S8GA00180,C00718866,1887840,1893900,2025-05-23,2025-03-31,True,9990337.46,0.0,0.0
S8GA00180,C00718866,1902829,1902829,2025-07-15,2025-06-30,True,8904079.13,0.0,0.0
S8GA00180,C00718866,1921132,1921132,2025-10-15,2025-09-30,True,10530462.71,0.0,0.0
S8GA00180,C00718866,1943025,1943025,2026-01-31,2025-12-31,True,8330029.14,0.0,0.0
S8GA00180,C00718866,1966092,1966092,2026-04-15,2026-03-31,True,12353129.60,0.0,0.0
S8GA00180,C00718866,1973327,1973327,2026-05-07,2026-04-29,True,3135255.40,0.0,0.0
S8GA00180,C00718866,1996824,1996824,2026-07-15,2026-06-30,True,14521431.66,0.0,0.0
S8ID00092,C00440362,1888147,1888147,2025-04-15,2025-03-31,False,173236.17,0.0,0.0
S8ID00092,C00440362,1888147,1913023,2025-08-25,2025-03-31,True,173236.17,0.0,0.0
S8ID00092,C00440362,1903017,1903017,2025-07-15,2025-06-30,False,379139.27,0.0,0.0
S8ID00092,C00440362,1903017,1921746,2025-10-15,2025-06-30,True,384514.27,0.0,0.0
S8ID00092,C00440362,1921782,1967964,2026-04-16,2025-09-30,True,499147.83,0.0,0.0
S8ID00092,C00440362,1921782,1921782,2025-10-15,2025-09-30,False,501660.33,0.0,0.0
S8ID00092,C00440362,1943965,1943965,2026-01-31,2025-12-31,False,467973.23,0.0,0.0
S8ID00092,C00440362,1943965,1967965,2026-04-16,2025-12-31,True,467973.23,0.0,0.0
S8ID00092,C00440362,1966150,1966150,2026-04-15,2026-03-31,False,213729.46,0.0,0.0
S8ID00092,C00440362,1966150,2003853,2026-08-03,2026-03-31,True,213729.46,0.0,0.0
S8ID00092,C00440362,1973422,1973422,2026-05-07,2026-04-29,True,125064.73,0.0,0.0
S8ID00092,C00440362,1998040,1998040,2026-07-15,2026-06-30,True,223717.39,0.0,0.0
S8MS00261,C00675348,1886661,1886661,2025-04-15,2025-03-31,True,117885.36,0.0,0.0
S8MS00261,C00675348,1901837,1901837,2025-07-15,2025-06-30,True,363561.43,0.0,0.0
S8MS00261,C00675348,1919781,1950623,2026-02-26,2025-09-30,True,754098.47,0.0,0.0
S8MS00261,C00675348,1919781,1919781,2025-10-15,2025-09-30,False,754098.47,0.0,0.0
S8MS00261,C00675348,1933872,1933872,2026-01-20,2025-12-31,True,233995.16,0.0,0.0
S8MS00261,C00675348,1950668,1950668,2026-02-26,2026-02-18,True,50241.31,0.0,0.0
S8MS00261,C00675348,1964457,1964457,2026-04-15,2026-03-31,True,183686.14,0.0,0.0
S8MS00261,C00675348,1994167,1994167,2026-07-15,2026-06-30,True,163978.68,0.0,0.0
S8OR00207,C00437277,1887097,1887097,2025-04-15,2025-03-31,True,290290.18,0.0,0.0
S8OR00207,C00437277,1902003,1902003,2025-07-15,2025-06-30,True,137913.44,0.0,0.0
S8OR00207,C00437277,1920370,1920370,2025-10-15,2025-09-30,True,653692.60,0.0,0.0
S8OR00207,C00437277,1939583,1939583,2026-01-30,2025-12-31,True,991946.66,0.0,0.0
S8OR00207,C00437277,1964750,1964750,2026-04-15,2026-03-31,True,859390.55,0.0,0.0
S8OR00207,C00437277,1973136,1973136,2026-05-07,2026-04-29,True,139522.73,0.0,0.0
S8OR00207,C00437277,1994513,1994513,2026-07-15,2026-06-30,True,465765.60,0.0,0.0
S8VA00321,C00934265,1964947,1964947,2026-04-15,2026-03-31,True,58632.36,133330.31,0.0
S8VA00321,C00934265,1997089,1997089,2026-07-15,2026-06-30,False,110656.50,18123.83,20000.0
S8VA00321,C00934265,1997089,2011812,2026-09-14,2026-06-30,True,110656.50,18123.83,20000.0
