year,mode,group,days_out,n,low_prop,prev_none,prev_mail,prev_early_ip,prev_ed,youth,reg_date,reg_n
2022,mail,all,60,17,6,7,7,2,1,3,2022-09-03,7350693.0
2022,mail,all,59,62,11,20,32,9,1,13,2022-09-10,7356633.0
2022,mail,all,58,73,11,20,37,13,3,16,2022-09-10,7356633.0
2022,mail,all,57,194,32,54,97,34,9,30,2022-09-10,7356633.0
2022,mail,all,56,305,65,95,121,79,10,40,2022-09-10,7356633.0
2022,mail,all,55,589,124,177,186,183,43,64,2022-09-10,7356633.0
2022,mail,all,54,983,237,324,282,304,73,93,2022-09-10,7356633.0
2022,mail,all,53,1620,392,544,445,505,126,146,2022-09-10,7356633.0
2022,mail,all,52,1644,402,560,447,511,126,147,2022-09-17,7368557.0
2022,mail,all,51,1648,403,562,447,512,127,148,2022-09-17,7368557.0
2022,mail,all,50,3099,824,1124,749,958,268,298,2022-09-17,7368557.0
2022,mail,all,49,3497,931,1252,849,1104,292,344,2022-09-17,7368557.0
2022,mail,all,48,4721,1235,1668,1108,1534,411,433,2022-09-17,7368557.0
2022,mail,all,47,5799,1509,2048,1319,1926,506,526,2022-09-17,7368557.0
2022,mail,all,46,6896,1823,2455,1521,2297,623,617,2022-09-17,7368557.0
2022,mail,all,45,6938,1833,2473,1524,2316,625,618,2022-09-24,7374566.0
2022,mail,all,44,6944,1836,2476,1525,2318,625,620,2022-09-24,7374566.0
2022,mail,all,43,9079,2408,3231,1942,3046,860,784,2022-09-24,7374566.0
2022,mail,all,42,9698,2575,3465,2057,3244,932,846,2022-09-24,7374566.0
2022,mail,all,41,11669,3088,4141,2406,3987,1135,1002,2022-09-24,7374566.0
2022,mail,all,40,12843,3389,4547,2622,4397,1277,1095,2022-09-24,7374566.0
2022,mail,all,39,13918,3636,4905,2810,4825,1378,1193,2022-09-24,7374566.0
2022,mail,all,38,13996,3659,4931,2817,4859,1389,1197,2022-10-01,7381903.0
2022,mail,all,37,14003,3661,4934,2817,4863,1389,1199,2022-10-01,7381903.0
2022,mail,all,36,16149,4248,5691,3198,5625,1635,1399,2022-10-01,7381903.0
2022,mail,all,35,17064,4479,5989,3359,5992,1724,1476,2022-10-01,7381903.0
2022,mail,all,34,19277,5031,6726,3749,6796,2006,1664,2022-10-01,7381903.0
2022,mail,all,33,20996,5444,7302,4035,7461,2198,1794,2022-10-01,7381903.0
2022,mail,all,32,22818,5940,7952,4329,8130,2407,1952,2022-10-01,7381903.0
2022,mail,all,31,23267,6051,8104,4401,8295,2467,1989,2022-10-08,7389159.0
2022,mail,all,30,23278,6057,8110,4403,8298,2467,1991,2022-10-08,7389159.0
2022,mail,all,29,24502,6392,8540,4656,8723,2583,2099,2022-10-08,7389159.0
2022,mail,all,28,27250,7123,9523,5122,9658,2947,2333,2022-10-08,7389159.0
2022,mail,all,27,28685,7487,10004,5360,10210,3111,2457,2022-10-08,7389159.0
2022,mail,all,26,32340,8408,11222,5970,11563,3585,2779,2022-10-08,7389159.0
2022,mail,all,25,35958,9394,12503,6526,12918,4011,3084,2022-10-08,7389159.0
2022,mail,all,24,36747,9588,12763,6665,13197,4122,3190,2022-10-15,7400077.0
2022,mail,all,23,36763,9595,12773,6667,13200,4123,3194,2022-10-15,7400077.0
2022,mail,all,22,41672,11062,14660,7358,14886,4768,3678,2022-10-15,7400077.0
2022,mail,all,21,43638,11642,15400,7648,15610,4980,3874,2022-10-15,7400077.0
2022,mail,all,20,47513,12688,16777,8245,17055,5436,4224,2022-10-15,7400077.0
2022,mail,all,19,51988,13942,18414,8868,18696,6010,4613,2022-10-15,7400077.0
2022,mail,all,18,56355,15119,19944,9524,20328,6559,5082,2022-10-15,7400077.0
2022,mail,all,17,57723,15486,20432,9701,20827,6763,5247,2022-10-22,7403348.0
2022,mail,all,16,57837,15524,20475,9737,20855,6770,5276,2022-10-22,7403348.0
2022,mail,all,15,65559,17769,23440,10802,23584,7733,6079,2022-10-22,7403348.0
2022,mail,all,14,69105,18800,24761,11320,24886,8138,6520,2022-10-22,7403348.0
2022,mail,all,13,74356,20305,26751,12065,26724,8816,6994,2022-10-22,7403348.0
2022,mail,all,12,82781,22908,30093,13168,29559,9961,7949,2022-10-22,7403348.0
2022,mail,all,11,88977,24879,32629,13970,31595,10783,8710,2022-10-22,7403348.0
2022,mail,all,10,91642,25669,33654,14294,32469,11225,9067,2022-10-29,7404580.0
2022,mail,all,9,91796,25713,33711,14320,32520,11245,9088,2022-10-29,7404580.0
2022,mail,all,8,100704,28634,37526,15453,35326,12399,10311,2022-10-29,7404580.0
2022,mail,all,7,106916,30596,40105,16268,37248,13295,11226,2022-10-29,7404580.0
2022,mail,all,6,113941,32890,43190,17104,39345,14302,12154,2022-10-29,7404580.0
2022,mail,all,5,124292,36342,47668,18318,42362,15944,13724,2022-10-29,7404580.0
2022,mail,all,4,133736,39482,51835,19463,45027,17411,15308,2022-10-29,7404580.0
2022,mail,all,3,141488,42284,55558,20306,46981,18643,16801,2022-11-05,7409792.0
2022,mail,all,2,144569,43417,57009,20600,47699,19261,17424,2022-11-05,7409792.0
2022,mail,all,1,159243,49069,64375,22151,51261,21456,20738,2022-11-05,7409792.0
2022,mail,all,0,176966,56678,74062,23750,54924,24230,25572,2022-11-08,7413909.0
2022,mail,white,60,10,1,2,5,2,1,1,2022-09-03,4793855.0
2022,mail,white,59,42,4,12,21,8,1,8,2022-09-10,4796779.0
2022,mail,white,58,52,4,12,25,12,3,10,2022-09-10,4796779.0
2022,mail,white,57,140,18,34,69,28,9,19,2022-09-10,4796779.0
2022,mail,white,56,211,34,56,87,59,9,26,2022-09-10,4796779.0
2022,mail,white,55,397,70,103,139,121,34,39,2022-09-10,4796779.0
2022,mail,white,54,637,144,196,197,190,54,55,2022-09-10,4796779.0
2022,mail,white,53,1037,240,332,310,311,84,85,2022-09-10,4796779.0
2022,mail,white,52,1057,247,345,311,317,84,86,2022-09-17,4801681.0
2022,mail,white,51,1060,248,347,311,317,85,87,2022-09-17,4801681.0
2022,mail,white,50,2008,512,689,525,609,185,185,2022-09-17,4801681.0
2022,mail,white,49,2300,593,779,602,714,205,219,2022-09-17,4801681.0
2022,mail,white,48,3109,781,1036,793,998,282,271,2022-09-17,4801681.0
2022,mail,white,47,3841,952,1276,950,1268,347,335,2022-09-17,4801681.0
2022,mail,white,46,4572,1152,1539,1091,1512,430,394,2022-09-17,4801681.0
2022,mail,white,45,4606,1160,1553,1093,1529,431,395,2022-09-24,4804851.0
2022,mail,white,44,4611,1162,1555,1094,1531,431,396,2022-09-24,4804851.0
2022,mail,white,43,6062,1543,2045,1381,2057,579,505,2022-09-24,4804851.0
2022,mail,white,42,6495,1647,2195,1464,2204,632,546,2022-09-24,4804851.0
2022,mail,white,41,7902,2000,2657,1721,2740,784,650,2022-09-24,4804851.0
2022,mail,white,40,8764,2209,2939,1884,3039,902,715,2022-09-24,4804851.0
2022,mail,white,39,9564,2377,3184,2039,3358,983,780,2022-09-24,4804851.0
2022,mail,white,38,9623,2391,3201,2045,3384,993,783,2022-10-01,4808771.0
2022,mail,white,37,9629,2392,3203,2045,3388,993,784,2022-10-01,4808771.0
2022,mail,white,36,11198,2799,3724,2335,3961,1178,922,2022-10-01,4808771.0
2022,mail,white,35,11873,2965,3932,2455,4233,1253,977,2022-10-01,4808771.0
2022,mail,white,34,13487,3364,4453,2757,4809,1468,1117,2022-10-01,4808771.0
2022,mail,white,33,14720,3653,4844,2968,5303,1605,1196,2022-10-01,4808771.0
2022,mail,white,32,16016,3981,5281,3189,5778,1768,1300,2022-10-01,4808771.0
2022,mail,white,31,16357,4051,5383,3256,5898,1820,1326,2022-10-08,4812467.0
2022,mail,white,30,16363,4052,5384,3258,5901,1820,1328,2022-10-08,4812467.0
2022,mail,white,29,17249,4275,5675,3446,6221,1907,1401,2022-10-08,4812467.0
2022,mail,white,28,19301,4779,6352,3808,6939,2202,1567,2022-10-08,4812467.0
2022,mail,white,27,20341,5028,6674,3997,7341,2329,1654,2022-10-08,4812467.0
2022,mail,white,26,23043,5660,7516,4465,8361,2701,1888,2022-10-08,4812467.0
2022,mail,white,25,25698,6327,8375,4898,9382,3043,2102,2022-10-08,4812467.0
2022,mail,white,24,26317,6475,8570,5007,9599,3141,2180,2022-10-15,4817825.0
2022,mail,white,23,26326,6478,8575,5009,9600,3142,2183,2022-10-15,4817825.0
2022,mail,white,22,29991,7510,9904,5573,10880,3634,2538,2022-10-15,4817825.0
2022,mail,white,21,31458,7915,10419,5812,11423,3804,2670,2022-10-15,4817825.0
2022,mail,white,20,34371,8650,11395,6281,12533,4162,2928,2022-10-15,4817825.0
2022,mail,white,19,37731,9524,12548,6800,13769,4614,3191,2022-10-15,4817825.0
2022,mail,white,18,40920,10342,13597,7324,14971,5028,3518,2022-10-15,4817825.0
2022,mail,white,17,41930,10595,13930,7461,15337,5202,3642,2022-10-22,4818192.0
2022,mail,white,16,42008,10624,13960,7488,15356,5204,3661,2022-10-22,4818192.0
2022,mail,white,15,47814,12183,16035,8327,17480,5972,4228,2022-10-22,4818192.0
2022,mail,white,14,50403,12870,16928,8726,18466,6283,4535,2022-10-22,4818192.0
2022,mail,white,13,54360,13924,18316,9314,19878,6852,4843,2022-10-22,4818192.0
2022,mail,white,12,60588,15764,20694,10189,21960,7745,5512,2022-10-22,4818192.0
2022,mail,white,11,65233,17149,22474,10836,23519,8404,6048,2022-10-22,4818192.0
2022,mail,white,10,67279,17722,23223,11101,24185,8770,6310,2022-10-29,4818069.0
2022,mail,white,9,67390,17748,23260,11118,24224,8788,6324,2022-10-29,4818069.0
2022,mail,white,8,74055,19802,25975,12014,26363,9703,7214,2022-10-29,4818069.0
2022,mail,white,7,78649,21158,27764,12657,27822,10406,7868,2022-10-29,4818069.0
2022,mail,white,6,83895,22751,29934,13320,29421,11220,8528,2022-10-29,4818069.0
2022,mail,white,5,91491,25057,33003,14286,31662,12540,9606,2022-10-29,4818069.0
2022,mail,white,4,98365,27221,35923,15155,33596,13691,10716,2022-10-29,4818069.0
2022,mail,white,3,103928,29138,38503,15790,34986,14649,11790,2022-11-05,4819256.0
2022,mail,white,2,106103,29883,39473,16010,35478,15142,12210,2022-11-05,4819256.0
2022,mail,white,1,116514,33754,44571,17125,37974,16844,14548,2022-11-05,4819256.0
2022,mail,white,0,128552,38741,50970,18234,40460,18888,17826,2022-11-08,4820458.0
2022,mail,black,60,0,0,0,0,0,0,0,2022-09-03,1498233.0
2022,mail,black,59,0,0,0,0,0,0,0,2022-09-10,1498993.0
2022,mail,black,58,0,0,0,0,0,0,0,2022-09-10,1498993.0
2022,mail,black,57,6,1,3,2,1,0,2,2022-09-10,1498993.0
2022,mail,black,56,22,4,7,4,10,1,2,2022-09-10,1498993.0
2022,mail,black,55,62,6,15,10,33,4,2,2022-09-10,1498993.0
2022,mail,black,54,154,23,38,33,73,10,6,2022-09-10,1498993.0
2022,mail,black,53,312,49,83,68,136,25,14,2022-09-10,1498993.0
2022,mail,black,52,313,49,83,69,136,25,14,2022-09-17,1502100.0
2022,mail,black,51,313,49,83,69,136,25,14,2022-09-17,1502100.0
2022,mail,black,50,604,115,193,120,240,51,37,2022-09-17,1502100.0
2022,mail,black,49,654,121,206,128,266,54,39,2022-09-17,1502100.0
2022,mail,black,48,877,161,272,167,356,82,49,2022-09-17,1502100.0
2022,mail,black,47,1078,196,334,196,442,106,55,2022-09-17,1502100.0
2022,mail,black,46,1287,247,398,235,530,124,60,2022-09-17,1502100.0
2022,mail,black,45,1291,248,401,235,530,125,60,2022-09-24,1502784.0
2022,mail,black,44,1291,248,401,235,530,125,60,2022-09-24,1502784.0
2022,mail,black,43,1680,316,522,316,670,172,82,2022-09-24,1502784.0
2022,mail,black,42,1773,337,553,331,706,183,88,2022-09-24,1502784.0
2022,mail,black,41,2070,390,635,382,844,209,102,2022-09-24,1502784.0
2022,mail,black,40,2237,419,685,413,914,225,104,2022-09-24,1502784.0
2022,mail,black,39,2366,441,723,426,984,233,113,2022-09-24,1502784.0
2022,mail,black,38,2376,443,725,426,991,234,114,2022-10-01,1503720.0
2022,mail,black,37,2376,443,725,426,991,234,114,2022-10-01,1503720.0
2022,mail,black,36,2683,509,828,477,1105,273,127,2022-10-01,1503720.0
2022,mail,black,35,2820,538,875,489,1173,283,133,2022-10-01,1503720.0
2022,mail,black,34,3138,589,962,541,1316,319,145,2022-10-01,1503720.0
2022,mail,black,33,3391,628,1032,577,1428,354,158,2022-10-01,1503720.0
2022,mail,black,32,3685,691,1125,620,1558,382,176,2022-10-01,1503720.0
2022,mail,black,31,3737,705,1142,623,1584,388,176,2022-10-08,1504736.0
2022,mail,black,30,3738,706,1143,623,1584,388,176,2022-10-08,1504736.0
2022,mail,black,29,3919,748,1201,657,1660,401,185,2022-10-08,1504736.0
2022,mail,black,28,4295,831,1336,717,1802,440,203,2022-10-08,1504736.0
2022,mail,black,27,4511,875,1407,741,1908,455,214,2022-10-08,1504736.0
2022,mail,black,26,5003,969,1551,812,2133,507,241,2022-10-08,1504736.0
2022,mail,black,25,5518,1108,1757,881,2331,549,266,2022-10-08,1504736.0
2022,mail,black,24,5569,1118,1776,890,2348,555,270,2022-10-15,1506123.0
2022,mail,black,23,5569,1118,1776,890,2348,555,270,2022-10-15,1506123.0
2022,mail,black,22,6213,1277,2004,966,2603,640,302,2022-10-15,1506123.0
2022,mail,black,21,6474,1343,2105,988,2718,663,318,2022-10-15,1506123.0
2022,mail,black,20,6970,1466,2273,1061,2918,718,345,2022-10-15,1506123.0
2022,mail,black,19,7508,1601,2467,1110,3155,776,381,2022-10-15,1506123.0
2022,mail,black,18,8160,1748,2685,1180,3449,846,432,2022-10-15,1506123.0
2022,mail,black,17,8317,1780,2739,1196,3520,862,445,2022-10-22,1506222.0
2022,mail,black,16,8330,1782,2743,1196,3527,864,448,2022-10-22,1506222.0
2022,mail,black,15,9296,2015,3094,1319,3919,964,512,2022-10-22,1506222.0
2022,mail,black,14,9809,2125,3258,1388,4141,1022,553,2022-10-22,1506222.0
2022,mail,black,13,10420,2271,3481,1470,4382,1087,596,2022-10-22,1506222.0
2022,mail,black,12,11422,2490,3818,1578,4826,1200,674,2022-10-22,1506222.0
2022,mail,black,11,12121,2667,4085,1647,5099,1290,741,2022-10-22,1506222.0
2022,mail,black,10,12316,2710,4151,1671,5186,1308,760,2022-10-29,1506230.0
2022,mail,black,9,12328,2712,4154,1672,5192,1310,760,2022-10-29,1506230.0
2022,mail,black,8,13325,2954,4523,1777,5576,1449,853,2022-10-29,1506230.0
2022,mail,black,7,14080,3142,4819,1865,5850,1546,934,2022-10-29,1506230.0
2022,mail,black,6,14933,3366,5171,1967,6152,1643,1015,2022-10-29,1506230.0
2022,mail,black,5,16038,3667,5605,2079,6568,1786,1123,2022-10-29,1506230.0
2022,mail,black,4,17232,3981,6070,2212,6998,1952,1256,2022-10-29,1506230.0
2022,mail,black,3,18239,4243,6469,2314,7351,2105,1386,2022-11-05,1506645.0
2022,mail,black,2,18522,4323,6587,2342,7454,2139,1438,2022-11-05,1506645.0
2022,mail,black,1,20477,4872,7409,2545,8116,2407,1709,2022-11-05,1506645.0
2022,mail,black,0,22681,5595,8427,2747,8755,2752,2121,2022-11-08,1507268.0
2022,mail,other,60,2,1,1,1,0,0,0,2022-09-03,
2022,mail,other,59,4,2,2,2,0,0,0,2022-09-10,
2022,mail,other,58,4,2,2,2,0,0,0,2022-09-10,
2022,mail,other,57,9,3,3,4,2,0,0,2022-09-10,
2022,mail,other,56,17,8,8,6,3,0,2,2022-09-10,
2022,mail,other,55,48,17,20,9,15,4,7,2022-09-10,
2022,mail,other,54,77,26,32,15,24,6,12,2022-09-10,
2022,mail,other,53,121,45,54,21,35,11,22,2022-09-10,
2022,mail,other,52,123,47,56,21,35,11,22,2022-09-17,
2022,mail,other,51,123,47,56,21,35,11,22,2022-09-17,
2022,mail,other,50,227,83,104,43,58,22,35,2022-09-17,
2022,mail,other,49,244,86,108,49,65,22,38,2022-09-17,
2022,mail,other,48,329,116,142,62,94,31,51,2022-09-17,
2022,mail,other,47,397,142,172,75,116,34,59,2022-09-17,
2022,mail,other,46,490,175,215,91,137,47,75,2022-09-17,
2022,mail,other,45,492,175,215,91,139,47,75,2022-09-24,
2022,mail,other,44,492,175,215,91,139,47,75,2022-09-24,
2022,mail,other,43,626,219,272,116,169,69,92,2022-09-24,
2022,mail,other,42,660,231,287,122,176,75,99,2022-09-24,
2022,mail,other,41,776,269,337,138,213,88,118,2022-09-24,
2022,mail,other,40,838,293,364,148,232,94,129,2022-09-24,
2022,mail,other,39,913,316,395,163,254,101,141,2022-09-24,
2022,mail,other,38,916,317,396,164,255,101,141,2022-10-01,
2022,mail,other,37,916,317,396,164,255,101,141,2022-10-01,
2022,mail,other,36,1020,350,440,181,288,111,160,2022-10-01,
2022,mail,other,35,1068,366,461,192,301,114,170,2022-10-01,
2022,mail,other,34,1189,401,510,211,335,133,187,2022-10-01,
2022,mail,other,33,1290,427,551,230,365,144,203,2022-10-01,
2022,mail,other,32,1392,465,596,244,398,154,221,2022-10-01,
2022,mail,other,31,1422,476,611,245,411,155,229,2022-10-08,
2022,mail,other,30,1422,476,611,245,411,155,229,2022-10-08,
2022,mail,other,29,1469,500,636,253,419,161,236,2022-10-08,
2022,mail,other,28,1601,545,691,277,458,175,259,2022-10-08,
2022,mail,other,27,1684,569,726,286,488,184,276,2022-10-08,
2022,mail,other,26,1895,638,811,327,549,208,309,2022-10-08,
2022,mail,other,25,2103,702,891,354,624,234,337,2022-10-08,
2022,mail,other,24,2157,716,910,364,647,236,352,2022-10-15,
2022,mail,other,23,2159,716,910,364,649,236,352,2022-10-15,
2022,mail,other,22,2385,804,1014,384,711,276,397,2022-10-15,
2022,mail,other,21,2484,847,1062,401,735,286,421,2022-10-15,
2022,mail,other,20,2669,902,1135,421,803,310,448,2022-10-15,
2022,mail,other,19,2930,997,1248,448,890,344,493,2022-10-15,
2022,mail,other,18,3154,1060,1336,475,958,385,536,2022-10-15,
2022,mail,other,17,3249,1095,1383,489,986,391,554,2022-10-22,
2022,mail,other,16,3254,1098,1386,489,987,392,556,2022-10-22,
2022,mail,other,15,3665,1273,1598,546,1091,430,645,2022-10-22,
2022,mail,other,14,3852,1360,1697,565,1141,449,696,2022-10-22,
2022,mail,other,13,4088,1450,1817,583,1218,470,748,2022-10-22,
2022,mail,other,12,4644,1658,2064,644,1381,555,852,2022-10-22,
2022,mail,other,11,4957,1781,2210,687,1473,587,912,2022-10-22,
2022,mail,other,10,5165,1846,2296,708,1541,620,953,2022-10-29,
2022,mail,other,9,5176,1851,2301,711,1544,620,956,2022-10-29,
2022,mail,other,8,5633,2049,2538,755,1677,663,1059,2022-10-29,
2022,mail,other,7,6030,2210,2733,802,1783,712,1158,2022-10-29,
2022,mail,other,6,6347,2344,2903,835,1860,749,1234,2022-10-29,
2022,mail,other,5,7085,2664,3273,903,2065,844,1430,2022-10-29,
2022,mail,other,4,7617,2881,3536,964,2205,912,1575,2022-10-29,
2022,mail,other,3,8121,3096,3813,1007,2323,978,1699,2022-11-05,
2022,mail,other,2,8391,3211,3953,1028,2385,1025,1767,2022-11-05,
2022,mail,other,1,9217,3582,4416,1126,2554,1121,2066,2022-11-05,
2022,mail,other,0,10619,4262,5240,1242,2820,1317,2555,2022-11-08,
2022,mail,undesignated,60,5,4,4,1,0,0,2,2022-09-03,
2022,mail,undesignated,59,16,5,6,9,1,0,5,2022-09-10,
2022,mail,undesignated,58,17,5,6,10,1,0,6,2022-09-10,
2022,mail,undesignated,57,39,10,14,22,3,0,9,2022-09-10,
2022,mail,undesignated,56,55,19,24,24,7,0,10,2022-09-10,
2022,mail,undesignated,55,82,31,39,28,14,1,16,2022-09-10,
2022,mail,undesignated,54,115,44,58,37,17,3,20,2022-09-10,
2022,mail,undesignated,53,150,58,75,46,23,6,25,2022-09-10,
2022,mail,undesignated,52,151,59,76,46,23,6,25,2022-09-17,
2022,mail,undesignated,51,152,59,76,46,24,6,25,2022-09-17,
2022,mail,undesignated,50,260,114,138,61,51,10,41,2022-09-17,
2022,mail,undesignated,49,299,131,159,70,59,11,48,2022-09-17,
2022,mail,undesignated,48,406,177,218,86,86,16,62,2022-09-17,
2022,mail,undesignated,47,483,219,266,98,100,19,77,2022-09-17,
2022,mail,undesignated,46,547,249,303,104,118,22,88,2022-09-17,
2022,mail,undesignated,45,549,250,304,105,118,22,88,2022-09-24,
2022,mail,undesignated,44,550,251,305,105,118,22,89,2022-09-24,
2022,mail,undesignated,43,711,330,392,129,150,40,105,2022-09-24,
2022,mail,undesignated,42,770,360,430,140,158,42,113,2022-09-24,
2022,mail,undesignated,41,921,429,512,165,190,54,132,2022-09-24,
2022,mail,undesignated,40,1004,468,559,177,212,56,147,2022-09-24,
2022,mail,undesignated,39,1075,502,603,182,229,61,159,2022-09-24,
2022,mail,undesignated,38,1081,508,609,182,229,61,159,2022-10-01,
2022,mail,undesignated,37,1082,509,610,182,229,61,160,2022-10-01,
2022,mail,undesignated,36,1248,590,699,205,271,73,190,2022-10-01,
2022,mail,undesignated,35,1303,610,721,223,285,74,196,2022-10-01,
2022,mail,undesignated,34,1463,677,801,240,336,86,215,2022-10-01,
2022,mail,undesignated,33,1595,736,875,260,365,95,237,2022-10-01,
2022,mail,undesignated,32,1725,803,950,276,396,103,255,2022-10-01,
2022,mail,undesignated,31,1751,819,968,277,402,104,258,2022-10-08,
2022,mail,undesignated,30,1755,823,972,277,402,104,258,2022-10-08,
2022,mail,undesignated,29,1865,869,1028,300,423,114,277,2022-10-08,
2022,mail,undesignated,28,2053,968,1144,320,459,130,304,2022-10-08,
2022,mail,undesignated,27,2149,1015,1197,336,473,143,313,2022-10-08,
2022,mail,undesignated,26,2399,1141,1344,366,520,169,341,2022-10-08,
2022,mail,undesignated,25,2639,1257,1480,393,581,185,379,2022-10-08,
2022,mail,undesignated,24,2704,1279,1507,404,603,190,388,2022-10-15,
2022,mail,undesignated,23,2709,1283,1512,404,603,190,389,2022-10-15,
2022,mail,undesignated,22,3083,1471,1738,435,692,218,441,2022-10-15,
2022,mail,undesignated,21,3222,1537,1814,447,734,227,465,2022-10-15,
2022,mail,undesignated,20,3503,1670,1974,482,801,246,503,2022-10-15,
2022,mail,undesignated,19,3819,1820,2151,510,882,276,548,2022-10-15,
2022,mail,undesignated,18,4121,1969,2326,545,950,300,596,2022-10-15,
2022,mail,undesignated,17,4227,2016,2380,555,984,308,606,2022-10-22,
2022,mail,undesignated,16,4245,2020,2386,564,985,310,611,2022-10-22,
2022,mail,undesignated,15,4784,2298,2713,610,1094,367,694,2022-10-22,
2022,mail,undesignated,14,5041,2445,2878,641,1138,384,736,2022-10-22,
2022,mail,undesignated,13,5488,2660,3137,698,1246,407,807,2022-10-22,
2022,mail,undesignated,12,6127,2996,3517,757,1392,461,911,2022-10-22,
2022,mail,undesignated,11,6666,3282,3860,800,1504,502,1009,2022-10-22,
2022,mail,undesignated,10,6882,3391,3984,814,1557,527,1044,2022-10-29,
2022,mail,undesignated,9,6902,3402,3996,819,1560,527,1048,2022-10-29,
2022,mail,undesignated,8,7691,3829,4490,907,1710,584,1185,2022-10-29,
2022,mail,undesignated,7,8157,4086,4789,944,1793,631,1266,2022-10-29,
2022,mail,undesignated,6,8766,4429,5182,982,1912,690,1377,2022-10-29,
2022,mail,undesignated,5,9678,4954,5787,1050,2067,774,1565,2022-10-29,
2022,mail,undesignated,4,10522,5399,6306,1132,2228,856,1761,2022-10-29,
2022,mail,undesignated,3,11200,5807,6773,1195,2321,911,1926,2022-11-05,
2022,mail,undesignated,2,11553,6000,6996,1220,2382,955,2009,2022-11-05,
2022,mail,undesignated,1,13035,6861,7979,1355,2617,1084,2415,2022-11-05,
2022,mail,undesignated,0,15114,8080,9425,1527,2889,1273,3070,2022-11-08,
2022,mail,other_undesig,60,7,5,5,2,0,0,2,2022-09-03,1058605.0
2022,mail,other_undesig,59,20,7,8,11,1,0,5,2022-09-10,1060861.0
2022,mail,other_undesig,58,21,7,8,12,1,0,6,2022-09-10,1060861.0
2022,mail,other_undesig,57,48,13,17,26,5,0,9,2022-09-10,1060861.0
2022,mail,other_undesig,56,72,27,32,30,10,0,12,2022-09-10,1060861.0
2022,mail,other_undesig,55,130,48,59,37,29,5,23,2022-09-10,1060861.0
2022,mail,other_undesig,54,192,70,90,52,41,9,32,2022-09-10,1060861.0
2022,mail,other_undesig,53,271,103,129,67,58,17,47,2022-09-10,1060861.0
2022,mail,other_undesig,52,274,106,132,67,58,17,47,2022-09-17,1064776.0
2022,mail,other_undesig,51,275,106,132,67,59,17,47,2022-09-17,1064776.0
2022,mail,other_undesig,50,487,197,242,104,109,32,76,2022-09-17,1064776.0
2022,mail,other_undesig,49,543,217,267,119,124,33,86,2022-09-17,1064776.0
2022,mail,other_undesig,48,735,293,360,148,180,47,113,2022-09-17,1064776.0
2022,mail,other_undesig,47,880,361,438,173,216,53,136,2022-09-17,1064776.0
2022,mail,other_undesig,46,1037,424,518,195,255,69,163,2022-09-17,1064776.0
2022,mail,other_undesig,45,1041,425,519,196,257,69,163,2022-09-24,1066931.0
2022,mail,other_undesig,44,1042,426,520,196,257,69,164,2022-09-24,1066931.0
2022,mail,other_undesig,43,1337,549,664,245,319,109,197,2022-09-24,1066931.0
2022,mail,other_undesig,42,1430,591,717,262,334,117,212,2022-09-24,1066931.0
2022,mail,other_undesig,41,1697,698,849,303,403,142,250,2022-09-24,1066931.0
2022,mail,other_undesig,40,1842,761,923,325,444,150,276,2022-09-24,1066931.0
2022,mail,other_undesig,39,1988,818,998,345,483,162,300,2022-09-24,1066931.0
2022,mail,other_undesig,38,1997,825,1005,346,484,162,300,2022-10-01,1069412.0
2022,mail,other_undesig,37,1998,826,1006,346,484,162,301,2022-10-01,1069412.0
2022,mail,other_undesig,36,2268,940,1139,386,559,184,350,2022-10-01,1069412.0
2022,mail,other_undesig,35,2371,976,1182,415,586,188,366,2022-10-01,1069412.0
2022,mail,other_undesig,34,2652,1078,1311,451,671,219,402,2022-10-01,1069412.0
2022,mail,other_undesig,33,2885,1163,1426,490,730,239,440,2022-10-01,1069412.0
2022,mail,other_undesig,32,3117,1268,1546,520,794,257,476,2022-10-01,1069412.0
2022,mail,other_undesig,31,3173,1295,1579,522,813,259,487,2022-10-08,1071956.0
2022,mail,other_undesig,30,3177,1299,1583,522,813,259,487,2022-10-08,1071956.0
2022,mail,other_undesig,29,3334,1369,1664,553,842,275,513,2022-10-08,1071956.0
2022,mail,other_undesig,28,3654,1513,1835,597,917,305,563,2022-10-08,1071956.0
2022,mail,other_undesig,27,3833,1584,1923,622,961,327,589,2022-10-08,1071956.0
2022,mail,other_undesig,26,4294,1779,2155,693,1069,377,650,2022-10-08,1071956.0
2022,mail,other_undesig,25,4742,1959,2371,747,1205,419,716,2022-10-08,1071956.0
2022,mail,other_undesig,24,4861,1995,2417,768,1250,426,740,2022-10-15,1076129.0
2022,mail,other_undesig,23,4868,1999,2422,768,1252,426,741,2022-10-15,1076129.0
2022,mail,other_undesig,22,5468,2275,2752,819,1403,494,838,2022-10-15,1076129.0
2022,mail,other_undesig,21,5706,2384,2876,848,1469,513,886,2022-10-15,1076129.0
2022,mail,other_undesig,20,6172,2572,3109,903,1604,556,951,2022-10-15,1076129.0
2022,mail,other_undesig,19,6749,2817,3399,958,1772,620,1041,2022-10-15,1076129.0
2022,mail,other_undesig,18,7275,3029,3662,1020,1908,685,1132,2022-10-15,1076129.0
2022,mail,other_undesig,17,7476,3111,3763,1044,1970,699,1160,2022-10-22,1078934.0
2022,mail,other_undesig,16,7499,3118,3772,1053,1972,702,1167,2022-10-22,1078934.0
2022,mail,other_undesig,15,8449,3571,4311,1156,2185,797,1339,2022-10-22,1078934.0
2022,mail,other_undesig,14,8893,3805,4575,1206,2279,833,1432,2022-10-22,1078934.0
2022,mail,other_undesig,13,9576,4110,4954,1281,2464,877,1555,2022-10-22,1078934.0
2022,mail,other_undesig,12,10771,4654,5581,1401,2773,1016,1763,2022-10-22,1078934.0
2022,mail,other_undesig,11,11623,5063,6070,1487,2977,1089,1921,2022-10-22,1078934.0
2022,mail,other_undesig,10,12047,5237,6280,1522,3098,1147,1997,2022-10-29,1080281.0
2022,mail,other_undesig,9,12078,5253,6297,1530,3104,1147,2004,2022-10-29,1080281.0
2022,mail,other_undesig,8,13324,5878,7028,1662,3387,1247,2244,2022-10-29,1080281.0
2022,mail,other_undesig,7,14187,6296,7522,1746,3576,1343,2424,2022-10-29,1080281.0
2022,mail,other_undesig,6,15113,6773,8085,1817,3772,1439,2611,2022-10-29,1080281.0
2022,mail,other_undesig,5,16763,7618,9060,1953,4132,1618,2995,2022-10-29,1080281.0
2022,mail,other_undesig,4,18139,8280,9842,2096,4433,1768,3336,2022-10-29,1080281.0
2022,mail,other_undesig,3,19321,8903,10586,2202,4644,1889,3625,2022-11-05,1083891.0
2022,mail,other_undesig,2,19944,9211,10949,2248,4767,1980,3776,2022-11-05,1083891.0
2022,mail,other_undesig,1,22252,10443,12395,2481,5171,2205,4481,2022-11-05,1083891.0
2022,mail,other_undesig,0,25733,12342,14665,2769,5709,2590,5625,2022-11-08,1086183.0
2022,mail,hispanic,60,0,0,0,0,0,0,0,2022-09-03,258797.0
2022,mail,hispanic,59,0,0,0,0,0,0,0,2022-09-10,259270.0
2022,mail,hispanic,58,1,0,0,1,0,0,1,2022-09-10,259270.0
2022,mail,hispanic,57,2,0,0,2,0,0,1,2022-09-10,259270.0
2022,mail,hispanic,56,2,0,0,2,0,0,1,2022-09-10,259270.0
2022,mail,hispanic,55,10,2,3,2,3,2,3,2022-09-10,259270.0
2022,mail,hispanic,54,18,7,8,4,4,2,3,2022-09-10,259270.0
2022,mail,hispanic,53,30,13,16,4,5,5,7,2022-09-10,259270.0
2022,mail,hispanic,52,30,13,16,4,5,5,7,2022-09-17,260488.0
2022,mail,hispanic,51,30,13,16,4,5,5,7,2022-09-17,260488.0
2022,mail,hispanic,50,64,23,30,9,16,9,15,2022-09-17,260488.0
2022,mail,hispanic,49,72,24,31,12,20,9,15,2022-09-17,260488.0
2022,mail,hispanic,48,100,30,40,16,32,12,21,2022-09-17,260488.0
2022,mail,hispanic,47,135,42,54,21,44,16,27,2022-09-17,260488.0
2022,mail,hispanic,46,159,45,60,23,57,19,31,2022-09-17,260488.0
2022,mail,hispanic,45,159,45,60,23,57,19,31,2022-09-24,261043.0
2022,mail,hispanic,44,159,45,60,23,57,19,31,2022-09-24,261043.0
2022,mail,hispanic,43,213,67,85,33,69,26,42,2022-09-24,261043.0
2022,mail,hispanic,42,228,73,93,34,73,28,43,2022-09-24,261043.0
2022,mail,hispanic,41,270,88,114,39,87,30,51,2022-09-24,261043.0
2022,mail,hispanic,40,292,97,123,42,94,33,56,2022-09-24,261043.0
2022,mail,hispanic,39,316,104,134,45,102,35,59,2022-09-24,261043.0
2022,mail,hispanic,38,317,105,135,45,102,35,59,2022-10-01,261668.0
2022,mail,hispanic,37,317,105,135,45,102,35,59,2022-10-01,261668.0
2022,mail,hispanic,36,358,124,156,50,116,36,70,2022-10-01,261668.0
2022,mail,hispanic,35,368,128,160,53,118,37,72,2022-10-01,261668.0
2022,mail,hispanic,34,425,158,190,55,138,42,90,2022-10-01,261668.0
2022,mail,hispanic,33,454,168,204,60,145,45,94,2022-10-01,261668.0
2022,mail,hispanic,32,495,183,223,71,149,52,104,2022-10-01,261668.0
2022,mail,hispanic,31,504,187,229,72,151,52,106,2022-10-08,262328.0
2022,mail,hispanic,30,504,187,229,72,151,52,106,2022-10-08,262328.0
2022,mail,hispanic,29,525,193,236,75,160,54,109,2022-10-08,262328.0
2022,mail,hispanic,28,584,218,263,82,176,63,121,2022-10-08,262328.0
2022,mail,hispanic,27,612,226,274,85,183,70,127,2022-10-08,262328.0
2022,mail,hispanic,26,676,258,309,91,199,77,137,2022-10-08,262328.0
2022,mail,hispanic,25,748,283,335,107,221,85,147,2022-10-08,262328.0
2022,mail,hispanic,24,757,285,337,110,224,86,149,2022-10-15,263154.0
2022,mail,hispanic,23,757,285,337,110,224,86,149,2022-10-15,263154.0
2022,mail,hispanic,22,851,327,386,117,254,94,166,2022-10-15,263154.0
2022,mail,hispanic,21,897,346,406,121,267,103,174,2022-10-15,263154.0
2022,mail,hispanic,20,993,381,453,134,299,107,186,2022-10-15,263154.0
2022,mail,hispanic,19,1094,423,503,144,333,114,201,2022-10-15,263154.0
2022,mail,hispanic,18,1172,451,536,160,350,126,214,2022-10-15,263154.0
2022,mail,hispanic,17,1197,463,550,160,357,130,223,2022-10-22,263527.0
2022,mail,hispanic,16,1198,463,550,160,358,130,223,2022-10-22,263527.0
2022,mail,hispanic,15,1336,534,628,169,397,142,255,2022-10-22,263527.0
2022,mail,hispanic,14,1405,574,670,176,411,148,272,2022-10-22,263527.0
2022,mail,hispanic,13,1486,602,706,188,437,155,284,2022-10-22,263527.0
2022,mail,hispanic,12,1670,690,807,204,485,174,325,2022-10-22,263527.0
2022,mail,hispanic,11,1794,746,875,218,517,184,357,2022-10-22,263527.0
2022,mail,hispanic,10,1849,772,905,223,531,190,372,2022-10-29,263661.0
2022,mail,hispanic,9,1857,775,908,225,533,191,374,2022-10-29,263661.0
2022,mail,hispanic,8,2022,850,998,248,568,208,420,2022-10-29,263661.0
2022,mail,hispanic,7,2164,906,1065,265,610,224,453,2022-10-29,263661.0
2022,mail,hispanic,6,2314,985,1156,278,637,243,485,2022-10-29,263661.0
2022,mail,hispanic,5,2556,1105,1293,301,689,273,563,2022-10-29,263661.0
2022,mail,hispanic,4,2759,1199,1403,325,728,303,603,2022-10-29,263661.0
2022,mail,hispanic,3,2952,1298,1525,343,759,325,656,2022-11-05,263963.0
2022,mail,hispanic,2,3034,1339,1573,350,771,340,671,2022-11-05,263963.0
2022,mail,hispanic,1,3358,1499,1773,379,833,373,778,2022-11-05,263963.0
2022,mail,hispanic,0,3905,1790,2113,411,932,449,1001,2022-11-08,264218.0
2022,mail,eth_designated,60,9,2,3,3,2,1,0,2022-09-03,
2022,mail,eth_designated,59,35,5,10,17,7,1,5,2022-09-10,
2022,mail,eth_designated,58,44,5,10,21,10,3,7,2022-09-10,
2022,mail,eth_designated,57,120,17,28,57,28,7,17,2022-09-10,
2022,mail,eth_designated,56,197,35,51,77,62,7,24,2022-09-10,
2022,mail,eth_designated,55,399,72,103,120,144,32,39,2022-09-10,
2022,mail,eth_designated,54,679,143,197,189,239,54,55,2022-09-10,
2022,mail,eth_designated,53,1154,245,349,316,394,95,92,2022-09-10,
2022,mail,eth_designated,52,1174,253,363,318,398,95,93,2022-09-17,
2022,mail,eth_designated,51,1175,253,364,318,398,95,93,2022-09-17,
2022,mail,eth_designated,50,2236,518,731,562,742,201,202,2022-09-17,
2022,mail,eth_designated,49,2522,586,811,633,858,220,235,2022-09-17,
2022,mail,eth_designated,48,3396,763,1064,837,1177,318,293,2022-09-17,
2022,mail,eth_designated,47,4155,919,1291,987,1484,393,350,2022-09-17,
2022,mail,eth_designated,46,5000,1135,1576,1146,1784,494,417,2022-09-17,
2022,mail,eth_designated,45,5034,1141,1589,1148,1801,496,418,2022-09-24,
2022,mail,eth_designated,44,5039,1143,1591,1149,1803,496,419,2022-09-24,
2022,mail,eth_designated,43,6626,1496,2085,1484,2379,678,530,2022-09-24,
2022,mail,eth_designated,42,7076,1593,2227,1572,2540,737,574,2022-09-24,
2022,mail,eth_designated,41,8561,1930,2685,1850,3127,899,686,2022-09-24,
2022,mail,eth_designated,40,9448,2113,2951,2025,3452,1020,743,2022-09-24,
2022,mail,eth_designated,39,10254,2267,3182,2175,3795,1102,815,2022-09-24,
2022,mail,eth_designated,38,10303,2278,3194,2179,3821,1109,819,2022-10-01,
2022,mail,eth_designated,37,10308,2278,3195,2179,3825,1109,820,2022-10-01,
2022,mail,eth_designated,36,11928,2658,3700,2499,4419,1310,965,2022-10-01,
2022,mail,eth_designated,35,12593,2797,3890,2614,4708,1381,1021,2022-10-01,
2022,mail,eth_designated,34,14259,3155,4390,2918,5347,1604,1164,2022-10-01,
2022,mail,eth_designated,33,15521,3402,4754,3135,5875,1757,1249,2022-10-01,
2022,mail,eth_designated,32,16872,3692,5164,3378,6400,1930,1358,2022-10-01,
2022,mail,eth_designated,31,17200,3760,5256,3440,6521,1983,1386,2022-10-08,
2022,mail,eth_designated,30,17205,3762,5258,3440,6524,1983,1388,2022-10-08,
2022,mail,eth_designated,29,18110,3959,5531,3640,6865,2074,1461,2022-10-08,
2022,mail,eth_designated,28,20164,4410,6158,4006,7631,2369,1619,2022-10-08,
2022,mail,eth_designated,27,21216,4609,6443,4192,8086,2495,1705,2022-10-08,
2022,mail,eth_designated,26,24000,5206,7261,4672,9185,2882,1935,2022-10-08,
2022,mail,eth_designated,25,26745,5824,8103,5102,10301,3239,2127,2022-10-08,
2022,mail,eth_designated,24,27340,5949,8276,5208,10517,3339,2198,2022-10-15,
2022,mail,eth_designated,23,27349,5950,8279,5210,10520,3340,2200,2022-10-15,
2022,mail,eth_designated,22,30952,6820,9455,5777,11854,3866,2511,2022-10-15,
2022,mail,eth_designated,21,32419,7192,9950,6011,12425,4033,2648,2022-10-15,
2022,mail,eth_designated,20,35315,7831,10841,6476,13596,4402,2894,2022-10-15,
2022,mail,eth_designated,19,38650,8618,11922,6974,14899,4855,3155,2022-10-15,
2022,mail,eth_designated,18,41953,9360,12926,7513,16209,5305,3471,2022-10-15,
2022,mail,eth_designated,17,42967,9590,13251,7657,16598,5461,3587,2022-10-22,
2022,mail,eth_designated,16,43036,9609,13272,7680,16618,5466,3603,2022-10-22,
2022,mail,eth_designated,15,48738,10987,15189,8500,18816,6233,4151,2022-10-22,
2022,mail,eth_designated,14,51384,11595,16023,8916,19891,6554,4454,2022-10-22,
2022,mail,eth_designated,13,55232,12477,17261,9497,21359,7115,4762,2022-10-22,
2022,mail,eth_designated,12,61402,14078,19423,10381,23578,8020,5404,2022-10-22,
2022,mail,eth_designated,11,65867,15231,20996,11015,25211,8645,5892,2022-10-22,
2022,mail,eth_designated,10,67831,15725,21666,11274,25892,8999,6140,2022-10-29,
2022,mail,eth_designated,9,67941,15750,21700,11292,25931,9018,6156,2022-10-29,
2022,mail,eth_designated,8,74409,17535,24150,12153,28177,9929,6994,2022-10-29,
2022,mail,eth_designated,7,79001,18730,25810,12807,29718,10666,7642,2022-10-29,
2022,mail,eth_designated,6,84145,20138,27818,13484,31374,11469,8265,2022-10-29,
2022,mail,eth_designated,5,91749,22262,30730,14445,33792,12782,9333,2022-10-29,
2022,mail,eth_designated,4,98599,24174,33409,15318,35895,13977,10368,2022-10-29,
2022,mail,eth_designated,3,104183,25863,35794,15958,37460,14971,11358,2022-11-05,
2022,mail,eth_designated,2,106377,26562,36729,16192,37986,15470,11767,2022-11-05,
2022,mail,eth_designated,1,116844,30020,41483,17379,40747,17235,13952,2022-11-05,
2022,mail,eth_designated,0,129181,34717,47675,18536,43566,19404,17156,2022-11-08,
2022,in_person,all,60,0,0,0,0,0,0,0,2022-09-03,7350693.0
2022,in_person,all,59,0,0,0,0,0,0,0,2022-09-10,7356633.0
2022,in_person,all,58,0,0,0,0,0,0,0,2022-09-10,7356633.0
2022,in_person,all,57,0,0,0,0,0,0,0,2022-09-10,7356633.0
2022,in_person,all,56,0,0,0,0,0,0,0,2022-09-10,7356633.0
2022,in_person,all,55,0,0,0,0,0,0,0,2022-09-10,7356633.0
2022,in_person,all,54,0,0,0,0,0,0,0,2022-09-10,7356633.0
2022,in_person,all,53,0,0,0,0,0,0,0,2022-09-10,7356633.0
2022,in_person,all,52,0,0,0,0,0,0,0,2022-09-17,7368557.0
2022,in_person,all,51,0,0,0,0,0,0,0,2022-09-17,7368557.0
2022,in_person,all,50,0,0,0,0,0,0,0,2022-09-17,7368557.0
2022,in_person,all,49,0,0,0,0,0,0,0,2022-09-17,7368557.0
2022,in_person,all,48,0,0,0,0,0,0,0,2022-09-17,7368557.0
2022,in_person,all,47,0,0,0,0,0,0,0,2022-09-17,7368557.0
2022,in_person,all,46,0,0,0,0,0,0,0,2022-09-17,7368557.0
2022,in_person,all,45,0,0,0,0,0,0,0,2022-09-24,7374566.0
2022,in_person,all,44,0,0,0,0,0,0,0,2022-09-24,7374566.0
2022,in_person,all,43,0,0,0,0,0,0,0,2022-09-24,7374566.0
2022,in_person,all,42,0,0,0,0,0,0,0,2022-09-24,7374566.0
2022,in_person,all,41,0,0,0,0,0,0,0,2022-09-24,7374566.0
2022,in_person,all,40,0,0,0,0,0,0,0,2022-09-24,7374566.0
2022,in_person,all,39,0,0,0,0,0,0,0,2022-09-24,7374566.0
2022,in_person,all,38,0,0,0,0,0,0,0,2022-10-01,7381903.0
2022,in_person,all,37,0,0,0,0,0,0,0,2022-10-01,7381903.0
2022,in_person,all,36,0,0,0,0,0,0,0,2022-10-01,7381903.0
2022,in_person,all,35,0,0,0,0,0,0,0,2022-10-01,7381903.0
2022,in_person,all,34,0,0,0,0,0,0,0,2022-10-01,7381903.0
2022,in_person,all,33,0,0,0,0,0,0,0,2022-10-01,7381903.0
2022,in_person,all,32,0,0,0,0,0,0,0,2022-10-01,7381903.0
2022,in_person,all,31,0,0,0,0,0,0,0,2022-10-08,7389159.0
2022,in_person,all,30,0,0,0,0,0,0,0,2022-10-08,7389159.0
2022,in_person,all,29,0,0,0,0,0,0,0,2022-10-08,7389159.0
2022,in_person,all,28,0,0,0,0,0,0,0,2022-10-08,7389159.0
2022,in_person,all,27,0,0,0,0,0,0,0,2022-10-08,7389159.0
2022,in_person,all,26,0,0,0,0,0,0,0,2022-10-08,7389159.0
2022,in_person,all,25,0,0,0,0,0,0,0,2022-10-08,7389159.0
2022,in_person,all,24,0,0,0,0,0,0,0,2022-10-15,7400077.0
2022,in_person,all,23,0,0,0,0,0,0,0,2022-10-15,7400077.0
2022,in_person,all,22,0,0,0,0,0,0,0,2022-10-15,7400077.0
2022,in_person,all,21,0,0,0,0,0,0,0,2022-10-15,7400077.0
2022,in_person,all,20,0,0,0,0,0,0,0,2022-10-15,7400077.0
2022,in_person,all,19,137387,15983,21761,1865,98389,15372,4946,2022-10-15,7400077.0
2022,in_person,all,18,269893,32813,44605,3589,190307,31392,10987,2022-10-15,7400077.0
2022,in_person,all,17,304920,38447,52062,4084,212731,36043,13868,2022-10-22,7403348.0
2022,in_person,all,16,325192,41901,56453,4364,225442,38933,15999,2022-10-22,7403348.0
2022,in_person,all,15,466680,58809,80272,6126,322461,57821,21587,2022-10-22,7403348.0
2022,in_person,all,14,599807,74746,102990,7783,411648,77386,27000,2022-10-22,7403348.0
2022,in_person,all,13,724421,91040,126152,9263,491635,97371,32808,2022-10-22,7403348.0
2022,in_person,all,12,844926,107480,149656,10668,566248,118354,39050,2022-10-22,7403348.0
2022,in_person,all,11,978615,128332,179285,12128,644294,142908,47995,2022-10-22,7403348.0
2022,in_person,all,10,1039222,139052,194039,12763,678443,153977,53672,2022-10-29,7404580.0
2022,in_person,all,9,1071987,145154,202174,13175,696456,160182,57327,2022-10-29,7404580.0
2022,in_person,all,8,1197973,165099,230987,14525,766308,186153,65077,2022-10-29,7404580.0
2022,in_person,all,7,1333181,186892,262425,15923,838665,216168,74314,2022-10-29,7404580.0
2022,in_person,all,6,1472044,211620,298090,17282,907907,248765,85673,2022-10-29,7404580.0
2022,in_person,all,5,1629189,242376,342155,18886,981086,287062,101015,2022-10-29,7404580.0
2022,in_person,all,4,1841867,288197,407659,20765,1071378,342065,126641,2022-10-29,7404580.0
2022,in_person,all,3,2010885,329288,465910,22157,1136399,386419,152182,2022-11-05,7409792.0
2022,in_person,all,2,2010885,329288,465910,22157,1136399,386419,152182,2022-11-05,7409792.0
2022,in_person,all,1,2010885,329288,465910,22157,1136399,386419,152182,2022-11-05,7409792.0
2022,in_person,all,0,2010885,329288,465910,22157,1136399,386419,152182,2022-11-08,7413909.0
2022,in_person,white,60,0,0,0,0,0,0,0,2022-09-03,4793855.0
2022,in_person,white,59,0,0,0,0,0,0,0,2022-09-10,4796779.0
2022,in_person,white,58,0,0,0,0,0,0,0,2022-09-10,4796779.0
2022,in_person,white,57,0,0,0,0,0,0,0,2022-09-10,4796779.0
2022,in_person,white,56,0,0,0,0,0,0,0,2022-09-10,4796779.0
2022,in_person,white,55,0,0,0,0,0,0,0,2022-09-10,4796779.0
2022,in_person,white,54,0,0,0,0,0,0,0,2022-09-10,4796779.0
2022,in_person,white,53,0,0,0,0,0,0,0,2022-09-10,4796779.0
2022,in_person,white,52,0,0,0,0,0,0,0,2022-09-17,4801681.0
2022,in_person,white,51,0,0,0,0,0,0,0,2022-09-17,4801681.0
2022,in_person,white,50,0,0,0,0,0,0,0,2022-09-17,4801681.0
2022,in_person,white,49,0,0,0,0,0,0,0,2022-09-17,4801681.0
2022,in_person,white,48,0,0,0,0,0,0,0,2022-09-17,4801681.0
2022,in_person,white,47,0,0,0,0,0,0,0,2022-09-17,4801681.0
2022,in_person,white,46,0,0,0,0,0,0,0,2022-09-17,4801681.0
2022,in_person,white,45,0,0,0,0,0,0,0,2022-09-24,4804851.0
2022,in_person,white,44,0,0,0,0,0,0,0,2022-09-24,4804851.0
2022,in_person,white,43,0,0,0,0,0,0,0,2022-09-24,4804851.0
2022,in_person,white,42,0,0,0,0,0,0,0,2022-09-24,4804851.0
2022,in_person,white,41,0,0,0,0,0,0,0,2022-09-24,4804851.0
2022,in_person,white,40,0,0,0,0,0,0,0,2022-09-24,4804851.0
2022,in_person,white,39,0,0,0,0,0,0,0,2022-09-24,4804851.0
2022,in_person,white,38,0,0,0,0,0,0,0,2022-10-01,4808771.0
2022,in_person,white,37,0,0,0,0,0,0,0,2022-10-01,4808771.0
2022,in_person,white,36,0,0,0,0,0,0,0,2022-10-01,4808771.0
2022,in_person,white,35,0,0,0,0,0,0,0,2022-10-01,4808771.0
2022,in_person,white,34,0,0,0,0,0,0,0,2022-10-01,4808771.0
2022,in_person,white,33,0,0,0,0,0,0,0,2022-10-01,4808771.0
2022,in_person,white,32,0,0,0,0,0,0,0,2022-10-01,4808771.0
2022,in_person,white,31,0,0,0,0,0,0,0,2022-10-08,4812467.0
2022,in_person,white,30,0,0,0,0,0,0,0,2022-10-08,4812467.0
2022,in_person,white,29,0,0,0,0,0,0,0,2022-10-08,4812467.0
2022,in_person,white,28,0,0,0,0,0,0,0,2022-10-08,4812467.0
2022,in_person,white,27,0,0,0,0,0,0,0,2022-10-08,4812467.0
2022,in_person,white,26,0,0,0,0,0,0,0,2022-10-08,4812467.0
2022,in_person,white,25,0,0,0,0,0,0,0,2022-10-08,4812467.0
2022,in_person,white,24,0,0,0,0,0,0,0,2022-10-15,4817825.0
2022,in_person,white,23,0,0,0,0,0,0,0,2022-10-15,4817825.0
2022,in_person,white,22,0,0,0,0,0,0,0,2022-10-15,4817825.0
2022,in_person,white,21,0,0,0,0,0,0,0,2022-10-15,4817825.0
2022,in_person,white,20,0,0,0,0,0,0,0,2022-10-15,4817825.0
2022,in_person,white,19,102120,11118,15624,1483,72889,12124,3346,2022-10-15,4817825.0
2022,in_person,white,18,202252,23048,32305,2852,141998,25097,7476,2022-10-15,4817825.0
2022,in_person,white,17,226100,26624,37242,3210,157062,28586,9315,2022-10-22,4818192.0
2022,in_person,white,16,238798,28652,39902,3403,164899,30594,10576,2022-10-22,4818192.0
2022,in_person,white,15,344294,40424,57062,4830,236870,45532,14250,2022-10-22,4818192.0
2022,in_person,white,14,444642,51548,73506,6190,303893,61053,17738,2022-10-22,4818192.0
2022,in_person,white,13,538320,62744,90061,7364,364003,76892,21469,2022-10-22,4818192.0
2022,in_person,white,12,627026,73804,106557,8487,418794,93188,25483,2022-10-22,4818192.0
2022,in_person,white,11,726512,88133,127748,9613,476648,112503,31395,2022-10-22,4818192.0
2022,in_person,white,10,768042,94992,137608,10078,499510,120846,35041,2022-10-29,4818069.0
2022,in_person,white,9,789065,98638,142669,10367,510802,125227,37195,2022-10-29,4818069.0
2022,in_person,white,8,880668,111989,162783,11433,561168,145284,42190,2022-10-29,4818069.0
2022,in_person,white,7,980519,126680,184894,12521,614366,168738,48204,2022-10-29,4818069.0
2022,in_person,white,6,1082101,143071,209618,13553,664830,194100,55524,2022-10-29,4818069.0
2022,in_person,white,5,1195298,163122,239682,14748,717328,223540,65328,2022-10-29,4818069.0
2022,in_person,white,4,1345336,192467,283879,16165,780357,264935,81589,2022-10-29,4818069.0
2022,in_person,white,3,1455153,217098,320585,17071,821653,295844,96927,2022-11-05,4819256.0
2022,in_person,white,2,1455153,217098,320585,17071,821653,295844,96927,2022-11-05,4819256.0
2022,in_person,white,1,1455153,217098,320585,17071,821653,295844,96927,2022-11-05,4819256.0
2022,in_person,white,0,1455153,217098,320585,17071,821653,295844,96927,2022-11-08,4820458.0
2022,in_person,black,60,0,0,0,0,0,0,0,2022-09-03,1498233.0
2022,in_person,black,59,0,0,0,0,0,0,0,2022-09-10,1498993.0
2022,in_person,black,58,0,0,0,0,0,0,0,2022-09-10,1498993.0
2022,in_person,black,57,0,0,0,0,0,0,0,2022-09-10,1498993.0
2022,in_person,black,56,0,0,0,0,0,0,0,2022-09-10,1498993.0
2022,in_person,black,55,0,0,0,0,0,0,0,2022-09-10,1498993.0
2022,in_person,black,54,0,0,0,0,0,0,0,2022-09-10,1498993.0
2022,in_person,black,53,0,0,0,0,0,0,0,2022-09-10,1498993.0
2022,in_person,black,52,0,0,0,0,0,0,0,2022-09-17,1502100.0
2022,in_person,black,51,0,0,0,0,0,0,0,2022-09-17,1502100.0
2022,in_person,black,50,0,0,0,0,0,0,0,2022-09-17,1502100.0
2022,in_person,black,49,0,0,0,0,0,0,0,2022-09-17,1502100.0
2022,in_person,black,48,0,0,0,0,0,0,0,2022-09-17,1502100.0
2022,in_person,black,47,0,0,0,0,0,0,0,2022-09-17,1502100.0
2022,in_person,black,46,0,0,0,0,0,0,0,2022-09-17,1502100.0
2022,in_person,black,45,0,0,0,0,0,0,0,2022-09-24,1502784.0
2022,in_person,black,44,0,0,0,0,0,0,0,2022-09-24,1502784.0
2022,in_person,black,43,0,0,0,0,0,0,0,2022-09-24,1502784.0
2022,in_person,black,42,0,0,0,0,0,0,0,2022-09-24,1502784.0
2022,in_person,black,41,0,0,0,0,0,0,0,2022-09-24,1502784.0
2022,in_person,black,40,0,0,0,0,0,0,0,2022-09-24,1502784.0
2022,in_person,black,39,0,0,0,0,0,0,0,2022-09-24,1502784.0
2022,in_person,black,38,0,0,0,0,0,0,0,2022-10-01,1503720.0
2022,in_person,black,37,0,0,0,0,0,0,0,2022-10-01,1503720.0
2022,in_person,black,36,0,0,0,0,0,0,0,2022-10-01,1503720.0
2022,in_person,black,35,0,0,0,0,0,0,0,2022-10-01,1503720.0
2022,in_person,black,34,0,0,0,0,0,0,0,2022-10-01,1503720.0
2022,in_person,black,33,0,0,0,0,0,0,0,2022-10-01,1503720.0
2022,in_person,black,32,0,0,0,0,0,0,0,2022-10-01,1503720.0
2022,in_person,black,31,0,0,0,0,0,0,0,2022-10-08,1504736.0
2022,in_person,black,30,0,0,0,0,0,0,0,2022-10-08,1504736.0
2022,in_person,black,29,0,0,0,0,0,0,0,2022-10-08,1504736.0
2022,in_person,black,28,0,0,0,0,0,0,0,2022-10-08,1504736.0
2022,in_person,black,27,0,0,0,0,0,0,0,2022-10-08,1504736.0
2022,in_person,black,26,0,0,0,0,0,0,0,2022-10-08,1504736.0
2022,in_person,black,25,0,0,0,0,0,0,0,2022-10-08,1504736.0
2022,in_person,black,24,0,0,0,0,0,0,0,2022-10-15,1506123.0
2022,in_person,black,23,0,0,0,0,0,0,0,2022-10-15,1506123.0
2022,in_person,black,22,0,0,0,0,0,0,0,2022-10-15,1506123.0
2022,in_person,black,21,0,0,0,0,0,0,0,2022-10-15,1506123.0
2022,in_person,black,20,0,0,0,0,0,0,0,2022-10-15,1506123.0
2022,in_person,black,19,26620,2171,3024,243,20978,2375,670,2022-10-15,1506123.0
2022,in_person,black,18,50099,4168,5782,451,39352,4514,1478,2022-10-15,1506123.0
2022,in_person,black,17,57782,5027,6919,521,45068,5274,1945,2022-10-22,1506222.0
2022,in_person,black,16,63006,5608,7695,576,48826,5909,2360,2022-10-22,1506222.0
2022,in_person,black,15,90051,7863,10935,780,69516,8820,3222,2022-10-22,1506222.0
2022,in_person,black,14,114245,9931,13969,959,87566,11751,4042,2022-10-22,1506222.0
2022,in_person,black,13,136908,12180,17173,1136,103782,14817,5077,2022-10-22,1506222.0
2022,in_person,black,12,160054,14544,20629,1298,119934,18193,6119,2022-10-22,1506222.0
2022,in_person,black,11,183684,17200,24489,1482,135816,21897,7434,2022-10-22,1506222.0
2022,in_person,black,10,196528,18739,26681,1575,144533,23739,8375,2022-10-29,1506230.0
2022,in_person,black,9,204288,19721,28026,1630,149663,24969,9094,2022-10-29,1506230.0
2022,in_person,black,8,228478,22507,32201,1801,165190,29286,10367,2022-10-29,1506230.0
2022,in_person,black,7,252738,25380,36510,1972,180231,34025,11790,2022-10-29,1506230.0
2022,in_person,black,6,277743,28801,41580,2155,194766,39242,13569,2022-10-29,1506230.0
2022,in_person,black,5,306509,33052,47969,2373,210566,45601,15978,2022-10-29,1506230.0
2022,in_person,black,4,346475,39342,57339,2604,231202,55330,19870,2022-10-29,1506230.0
2022,in_person,black,3,384865,46002,67321,2865,249363,65316,24673,2022-11-05,1506645.0
2022,in_person,black,2,384865,46002,67321,2865,249363,65316,24673,2022-11-05,1506645.0
2022,in_person,black,1,384865,46002,67321,2865,249363,65316,24673,2022-11-05,1506645.0
2022,in_person,black,0,384865,46002,67321,2865,249363,65316,24673,2022-11-08,1507268.0
2022,in_person,other,60,0,0,0,0,0,0,0,2022-09-03,
2022,in_person,other,59,0,0,0,0,0,0,0,2022-09-10,
2022,in_person,other,58,0,0,0,0,0,0,0,2022-09-10,
2022,in_person,other,57,0,0,0,0,0,0,0,2022-09-10,
2022,in_person,other,56,0,0,0,0,0,0,0,2022-09-10,
2022,in_person,other,55,0,0,0,0,0,0,0,2022-09-10,
2022,in_person,other,54,0,0,0,0,0,0,0,2022-09-10,
2022,in_person,other,53,0,0,0,0,0,0,0,2022-09-10,
2022,in_person,other,52,0,0,0,0,0,0,0,2022-09-17,
2022,in_person,other,51,0,0,0,0,0,0,0,2022-09-17,
2022,in_person,other,50,0,0,0,0,0,0,0,2022-09-17,
2022,in_person,other,49,0,0,0,0,0,0,0,2022-09-17,
2022,in_person,other,48,0,0,0,0,0,0,0,2022-09-17,
2022,in_person,other,47,0,0,0,0,0,0,0,2022-09-17,
2022,in_person,other,46,0,0,0,0,0,0,0,2022-09-17,
2022,in_person,other,45,0,0,0,0,0,0,0,2022-09-24,
2022,in_person,other,44,0,0,0,0,0,0,0,2022-09-24,
2022,in_person,other,43,0,0,0,0,0,0,0,2022-09-24,
2022,in_person,other,42,0,0,0,0,0,0,0,2022-09-24,
2022,in_person,other,41,0,0,0,0,0,0,0,2022-09-24,
2022,in_person,other,40,0,0,0,0,0,0,0,2022-09-24,
2022,in_person,other,39,0,0,0,0,0,0,0,2022-09-24,
2022,in_person,other,38,0,0,0,0,0,0,0,2022-10-01,
2022,in_person,other,37,0,0,0,0,0,0,0,2022-10-01,
2022,in_person,other,36,0,0,0,0,0,0,0,2022-10-01,
2022,in_person,other,35,0,0,0,0,0,0,0,2022-10-01,
2022,in_person,other,34,0,0,0,0,0,0,0,2022-10-01,
2022,in_person,other,33,0,0,0,0,0,0,0,2022-10-01,
2022,in_person,other,32,0,0,0,0,0,0,0,2022-10-01,
2022,in_person,other,31,0,0,0,0,0,0,0,2022-10-08,
2022,in_person,other,30,0,0,0,0,0,0,0,2022-10-08,
2022,in_person,other,29,0,0,0,0,0,0,0,2022-10-08,
2022,in_person,other,28,0,0,0,0,0,0,0,2022-10-08,
2022,in_person,other,27,0,0,0,0,0,0,0,2022-10-08,
2022,in_person,other,26,0,0,0,0,0,0,0,2022-10-08,
2022,in_person,other,25,0,0,0,0,0,0,0,2022-10-08,
2022,in_person,other,24,0,0,0,0,0,0,0,2022-10-15,
2022,in_person,other,23,0,0,0,0,0,0,0,2022-10-15,
2022,in_person,other,22,0,0,0,0,0,0,0,2022-10-15,
2022,in_person,other,21,0,0,0,0,0,0,0,2022-10-15,
2022,in_person,other,20,0,0,0,0,0,0,0,2022-10-15,
2022,in_person,other,19,3781,845,1033,66,2244,438,383,2022-10-15,
2022,in_person,other,18,7615,1774,2157,144,4457,857,869,2022-10-15,
2022,in_person,other,17,9296,2228,2703,182,5351,1060,1138,2022-10-22,
2022,in_person,other,16,10491,2591,3113,201,5981,1196,1372,2022-10-22,
2022,in_person,other,15,14187,3464,4208,270,8022,1687,1782,2022-10-22,
2022,in_person,other,14,17640,4256,5201,318,9907,2214,2195,2022-10-22,
2022,in_person,other,13,20924,5092,6280,380,11544,2720,2562,2022-10-22,
2022,in_person,other,12,24445,5993,7386,430,13284,3345,3002,2022-10-22,
2022,in_person,other,11,28774,7142,8821,501,15395,4057,3601,2022-10-22,
2022,in_person,other,10,31636,7975,9820,542,16765,4509,4056,2022-10-29,
2022,in_person,other,9,33520,8537,10511,582,17628,4799,4368,2022-10-29,
2022,in_person,other,8,37708,9668,11961,627,19546,5574,4909,2022-10-29,
2022,in_person,other,7,42080,10896,13497,688,21451,6444,5526,2022-10-29,
2022,in_person,other,6,46868,12375,15383,747,23370,7368,6292,2022-10-29,
2022,in_person,other,5,52746,14268,17747,829,25677,8493,7353,2022-10-29,
2022,in_person,other,4,61517,17331,21509,919,28746,10343,9269,2022-10-29,
2022,in_person,other,3,69871,20508,25412,1029,31396,12034,11276,2022-11-05,
2022,in_person,other,2,69871,20508,25412,1029,31396,12034,11276,2022-11-05,
2022,in_person,other,1,69871,20508,25412,1029,31396,12034,11276,2022-11-05,
2022,in_person,other,0,69871,20508,25412,1029,31396,12034,11276,2022-11-08,
2022,in_person,undesignated,60,0,0,0,0,0,0,0,2022-09-03,
2022,in_person,undesignated,59,0,0,0,0,0,0,0,2022-09-10,
2022,in_person,undesignated,58,0,0,0,0,0,0,0,2022-09-10,
2022,in_person,undesignated,57,0,0,0,0,0,0,0,2022-09-10,
2022,in_person,undesignated,56,0,0,0,0,0,0,0,2022-09-10,
2022,in_person,undesignated,55,0,0,0,0,0,0,0,2022-09-10,
2022,in_person,undesignated,54,0,0,0,0,0,0,0,2022-09-10,
2022,in_person,undesignated,53,0,0,0,0,0,0,0,2022-09-10,
2022,in_person,undesignated,52,0,0,0,0,0,0,0,2022-09-17,
2022,in_person,undesignated,51,0,0,0,0,0,0,0,2022-09-17,
2022,in_person,undesignated,50,0,0,0,0,0,0,0,2022-09-17,
2022,in_person,undesignated,49,0,0,0,0,0,0,0,2022-09-17,
2022,in_person,undesignated,48,0,0,0,0,0,0,0,2022-09-17,
2022,in_person,undesignated,47,0,0,0,0,0,0,0,2022-09-17,
2022,in_person,undesignated,46,0,0,0,0,0,0,0,2022-09-17,
2022,in_person,undesignated,45,0,0,0,0,0,0,0,2022-09-24,
2022,in_person,undesignated,44,0,0,0,0,0,0,0,2022-09-24,
2022,in_person,undesignated,43,0,0,0,0,0,0,0,2022-09-24,
2022,in_person,undesignated,42,0,0,0,0,0,0,0,2022-09-24,
2022,in_person,undesignated,41,0,0,0,0,0,0,0,2022-09-24,
2022,in_person,undesignated,40,0,0,0,0,0,0,0,2022-09-24,
2022,in_person,undesignated,39,0,0,0,0,0,0,0,2022-09-24,
2022,in_person,undesignated,38,0,0,0,0,0,0,0,2022-10-01,
2022,in_person,undesignated,37,0,0,0,0,0,0,0,2022-10-01,
2022,in_person,undesignated,36,0,0,0,0,0,0,0,2022-10-01,
2022,in_person,undesignated,35,0,0,0,0,0,0,0,2022-10-01,
2022,in_person,undesignated,34,0,0,0,0,0,0,0,2022-10-01,
2022,in_person,undesignated,33,0,0,0,0,0,0,0,2022-10-01,
2022,in_person,undesignated,32,0,0,0,0,0,0,0,2022-10-01,
2022,in_person,undesignated,31,0,0,0,0,0,0,0,2022-10-08,
2022,in_person,undesignated,30,0,0,0,0,0,0,0,2022-10-08,
2022,in_person,undesignated,29,0,0,0,0,0,0,0,2022-10-08,
2022,in_person,undesignated,28,0,0,0,0,0,0,0,2022-10-08,
2022,in_person,undesignated,27,0,0,0,0,0,0,0,2022-10-08,
2022,in_person,undesignated,26,0,0,0,0,0,0,0,2022-10-08,
2022,in_person,undesignated,25,0,0,0,0,0,0,0,2022-10-08,
2022,in_person,undesignated,24,0,0,0,0,0,0,0,2022-10-15,
2022,in_person,undesignated,23,0,0,0,0,0,0,0,2022-10-15,
2022,in_person,undesignated,22,0,0,0,0,0,0,0,2022-10-15,
2022,in_person,undesignated,21,0,0,0,0,0,0,0,2022-10-15,
2022,in_person,undesignated,20,0,0,0,0,0,0,0,2022-10-15,
2022,in_person,undesignated,19,4866,1849,2080,73,2278,435,547,2022-10-15,
2022,in_person,undesignated,18,9927,3823,4361,142,4500,924,1164,2022-10-15,
2022,in_person,undesignated,17,11742,4568,5198,171,5250,1123,1470,2022-10-22,
2022,in_person,undesignated,16,12897,5050,5743,184,5736,1234,1691,2022-10-22,
2022,in_person,undesignated,15,18148,7058,8067,246,8053,1782,2333,2022-10-22,
2022,in_person,undesignated,14,23280,9011,10314,316,10282,2368,3025,2022-10-22,
2022,in_person,undesignated,13,28269,11024,12638,383,12306,2942,3700,2022-10-22,
2022,in_person,undesignated,12,33401,13139,15084,453,14236,3628,4446,2022-10-22,
2022,in_person,undesignated,11,39645,15857,18227,532,16435,4451,5565,2022-10-22,
2022,in_person,undesignated,10,43016,17346,19930,568,17635,4883,6200,2022-10-29,
2022,in_person,undesignated,9,45114,18258,20968,596,18363,5187,6670,2022-10-29,
2022,in_person,undesignated,8,51119,20935,24042,664,20404,6009,7611,2022-10-29,
2022,in_person,undesignated,7,57844,23936,27524,742,22617,6961,8794,2022-10-29,
2022,in_person,undesignated,6,65332,27373,31509,827,24941,8055,10288,2022-10-29,
2022,in_person,undesignated,5,74636,31934,36757,936,27515,9428,12356,2022-10-29,
2022,in_person,undesignated,4,88539,39057,44932,1077,31073,11457,15913,2022-10-29,
2022,in_person,undesignated,3,100996,45680,52592,1192,33987,13225,19306,2022-11-05,
2022,in_person,undesignated,2,100996,45680,52592,1192,33987,13225,19306,2022-11-05,
2022,in_person,undesignated,1,100996,45680,52592,1192,33987,13225,19306,2022-11-05,
2022,in_person,undesignated,0,100996,45680,52592,1192,33987,13225,19306,2022-11-08,
2022,in_person,other_undesig,60,0,0,0,0,0,0,0,2022-09-03,1058605.0
2022,in_person,other_undesig,59,0,0,0,0,0,0,0,2022-09-10,1060861.0
2022,in_person,other_undesig,58,0,0,0,0,0,0,0,2022-09-10,1060861.0
2022,in_person,other_undesig,57,0,0,0,0,0,0,0,2022-09-10,1060861.0
2022,in_person,other_undesig,56,0,0,0,0,0,0,0,2022-09-10,1060861.0
2022,in_person,other_undesig,55,0,0,0,0,0,0,0,2022-09-10,1060861.0
2022,in_person,other_undesig,54,0,0,0,0,0,0,0,2022-09-10,1060861.0
2022,in_person,other_undesig,53,0,0,0,0,0,0,0,2022-09-10,1060861.0
2022,in_person,other_undesig,52,0,0,0,0,0,0,0,2022-09-17,1064776.0
2022,in_person,other_undesig,51,0,0,0,0,0,0,0,2022-09-17,1064776.0
2022,in_person,other_undesig,50,0,0,0,0,0,0,0,2022-09-17,1064776.0
2022,in_person,other_undesig,49,0,0,0,0,0,0,0,2022-09-17,1064776.0
2022,in_person,other_undesig,48,0,0,0,0,0,0,0,2022-09-17,1064776.0
2022,in_person,other_undesig,47,0,0,0,0,0,0,0,2022-09-17,1064776.0
2022,in_person,other_undesig,46,0,0,0,0,0,0,0,2022-09-17,1064776.0
2022,in_person,other_undesig,45,0,0,0,0,0,0,0,2022-09-24,1066931.0
2022,in_person,other_undesig,44,0,0,0,0,0,0,0,2022-09-24,1066931.0
2022,in_person,other_undesig,43,0,0,0,0,0,0,0,2022-09-24,1066931.0
2022,in_person,other_undesig,42,0,0,0,0,0,0,0,2022-09-24,1066931.0
2022,in_person,other_undesig,41,0,0,0,0,0,0,0,2022-09-24,1066931.0
2022,in_person,other_undesig,40,0,0,0,0,0,0,0,2022-09-24,1066931.0
2022,in_person,other_undesig,39,0,0,0,0,0,0,0,2022-09-24,1066931.0
2022,in_person,other_undesig,38,0,0,0,0,0,0,0,2022-10-01,1069412.0
2022,in_person,other_undesig,37,0,0,0,0,0,0,0,2022-10-01,1069412.0
2022,in_person,other_undesig,36,0,0,0,0,0,0,0,2022-10-01,1069412.0
2022,in_person,other_undesig,35,0,0,0,0,0,0,0,2022-10-01,1069412.0
2022,in_person,other_undesig,34,0,0,0,0,0,0,0,2022-10-01,1069412.0
2022,in_person,other_undesig,33,0,0,0,0,0,0,0,2022-10-01,1069412.0
2022,in_person,other_undesig,32,0,0,0,0,0,0,0,2022-10-01,1069412.0
2022,in_person,other_undesig,31,0,0,0,0,0,0,0,2022-10-08,1071956.0
2022,in_person,other_undesig,30,0,0,0,0,0,0,0,2022-10-08,1071956.0
2022,in_person,other_undesig,29,0,0,0,0,0,0,0,2022-10-08,1071956.0
2022,in_person,other_undesig,28,0,0,0,0,0,0,0,2022-10-08,1071956.0
2022,in_person,other_undesig,27,0,0,0,0,0,0,0,2022-10-08,1071956.0
2022,in_person,other_undesig,26,0,0,0,0,0,0,0,2022-10-08,1071956.0
2022,in_person,other_undesig,25,0,0,0,0,0,0,0,2022-10-08,1071956.0
2022,in_person,other_undesig,24,0,0,0,0,0,0,0,2022-10-15,1076129.0
2022,in_person,other_undesig,23,0,0,0,0,0,0,0,2022-10-15,1076129.0
2022,in_person,other_undesig,22,0,0,0,0,0,0,0,2022-10-15,1076129.0
2022,in_person,other_undesig,21,0,0,0,0,0,0,0,2022-10-15,1076129.0
2022,in_person,other_undesig,20,0,0,0,0,0,0,0,2022-10-15,1076129.0
2022,in_person,other_undesig,19,8647,2694,3113,139,4522,873,930,2022-10-15,1076129.0
2022,in_person,other_undesig,18,17542,5597,6518,286,8957,1781,2033,2022-10-15,1076129.0
2022,in_person,other_undesig,17,21038,6796,7901,353,10601,2183,2608,2022-10-22,1078934.0
2022,in_person,other_undesig,16,23388,7641,8856,385,11717,2430,3063,2022-10-22,1078934.0
2022,in_person,other_undesig,15,32335,10522,12275,516,16075,3469,4115,2022-10-22,1078934.0
2022,in_person,other_undesig,14,40920,13267,15515,634,20189,4582,5220,2022-10-22,1078934.0
2022,in_person,other_undesig,13,49193,16116,18918,763,23850,5662,6262,2022-10-22,1078934.0
2022,in_person,other_undesig,12,57846,19132,22470,883,27520,6973,7448,2022-10-22,1078934.0
2022,in_person,other_undesig,11,68419,22999,27048,1033,31830,8508,9166,2022-10-22,1078934.0
2022,in_person,other_undesig,10,74652,25321,29750,1110,34400,9392,10256,2022-10-29,1080281.0
2022,in_person,other_undesig,9,78634,26795,31479,1178,35991,9986,11038,2022-10-29,1080281.0
2022,in_person,other_undesig,8,88827,30603,36003,1291,39950,11583,12520,2022-10-29,1080281.0
2022,in_person,other_undesig,7,99924,34832,41021,1430,44068,13405,14320,2022-10-29,1080281.0
2022,in_person,other_undesig,6,112200,39748,46892,1574,48311,15423,16580,2022-10-29,1080281.0
2022,in_person,other_undesig,5,127382,46202,54504,1765,53192,17921,19709,2022-10-29,1080281.0
2022,in_person,other_undesig,4,150056,56388,66441,1996,59819,21800,25182,2022-10-29,1080281.0
2022,in_person,other_undesig,3,170867,66188,78004,2221,65383,25259,30582,2022-11-05,1083891.0
2022,in_person,other_undesig,2,170867,66188,78004,2221,65383,25259,30582,2022-11-05,1083891.0
2022,in_person,other_undesig,1,170867,66188,78004,2221,65383,25259,30582,2022-11-05,1083891.0
2022,in_person,other_undesig,0,170867,66188,78004,2221,65383,25259,30582,2022-11-08,1086183.0
2022,in_person,hispanic,60,0,0,0,0,0,0,0,2022-09-03,258797.0
2022,in_person,hispanic,59,0,0,0,0,0,0,0,2022-09-10,259270.0
2022,in_person,hispanic,58,0,0,0,0,0,0,0,2022-09-10,259270.0
2022,in_person,hispanic,57,0,0,0,0,0,0,0,2022-09-10,259270.0
2022,in_person,hispanic,56,0,0,0,0,0,0,0,2022-09-10,259270.0
2022,in_person,hispanic,55,0,0,0,0,0,0,0,2022-09-10,259270.0
2022,in_person,hispanic,54,0,0,0,0,0,0,0,2022-09-10,259270.0
2022,in_person,hispanic,53,0,0,0,0,0,0,0,2022-09-10,259270.0
2022,in_person,hispanic,52,0,0,0,0,0,0,0,2022-09-17,260488.0
2022,in_person,hispanic,51,0,0,0,0,0,0,0,2022-09-17,260488.0
2022,in_person,hispanic,50,0,0,0,0,0,0,0,2022-09-17,260488.0
2022,in_person,hispanic,49,0,0,0,0,0,0,0,2022-09-17,260488.0
2022,in_person,hispanic,48,0,0,0,0,0,0,0,2022-09-17,260488.0
2022,in_person,hispanic,47,0,0,0,0,0,0,0,2022-09-17,260488.0
2022,in_person,hispanic,46,0,0,0,0,0,0,0,2022-09-17,260488.0
2022,in_person,hispanic,45,0,0,0,0,0,0,0,2022-09-24,261043.0
2022,in_person,hispanic,44,0,0,0,0,0,0,0,2022-09-24,261043.0
2022,in_person,hispanic,43,0,0,0,0,0,0,0,2022-09-24,261043.0
2022,in_person,hispanic,42,0,0,0,0,0,0,0,2022-09-24,261043.0
2022,in_person,hispanic,41,0,0,0,0,0,0,0,2022-09-24,261043.0
2022,in_person,hispanic,40,0,0,0,0,0,0,0,2022-09-24,261043.0
2022,in_person,hispanic,39,0,0,0,0,0,0,0,2022-09-24,261043.0
2022,in_person,hispanic,38,0,0,0,0,0,0,0,2022-10-01,261668.0
2022,in_person,hispanic,37,0,0,0,0,0,0,0,2022-10-01,261668.0
2022,in_person,hispanic,36,0,0,0,0,0,0,0,2022-10-01,261668.0
2022,in_person,hispanic,35,0,0,0,0,0,0,0,2022-10-01,261668.0
2022,in_person,hispanic,34,0,0,0,0,0,0,0,2022-10-01,261668.0
2022,in_person,hispanic,33,0,0,0,0,0,0,0,2022-10-01,261668.0
2022,in_person,hispanic,32,0,0,0,0,0,0,0,2022-10-01,261668.0
2022,in_person,hispanic,31,0,0,0,0,0,0,0,2022-10-08,262328.0
2022,in_person,hispanic,30,0,0,0,0,0,0,0,2022-10-08,262328.0
2022,in_person,hispanic,29,0,0,0,0,0,0,0,2022-10-08,262328.0
2022,in_person,hispanic,28,0,0,0,0,0,0,0,2022-10-08,262328.0
2022,in_person,hispanic,27,0,0,0,0,0,0,0,2022-10-08,262328.0
2022,in_person,hispanic,26,0,0,0,0,0,0,0,2022-10-08,262328.0
2022,in_person,hispanic,25,0,0,0,0,0,0,0,2022-10-08,262328.0
2022,in_person,hispanic,24,0,0,0,0,0,0,0,2022-10-15,263154.0
2022,in_person,hispanic,23,0,0,0,0,0,0,0,2022-10-15,263154.0
2022,in_person,hispanic,22,0,0,0,0,0,0,0,2022-10-15,263154.0
2022,in_person,hispanic,21,0,0,0,0,0,0,0,2022-10-15,263154.0
2022,in_person,hispanic,20,0,0,0,0,0,0,0,2022-10-15,263154.0
2022,in_person,hispanic,19,1475,461,534,26,751,164,185,2022-10-15,263154.0
2022,in_person,hispanic,18,3026,942,1082,58,1543,343,414,2022-10-15,263154.0
2022,in_person,hispanic,17,3742,1176,1354,71,1883,434,542,2022-10-22,263527.0
2022,in_person,hispanic,16,4206,1329,1528,74,2117,487,629,2022-10-22,263527.0
2022,in_person,hispanic,15,5654,1801,2069,103,2825,657,843,2022-10-22,263527.0
2022,in_person,hispanic,14,7054,2239,2586,127,3479,862,1073,2022-10-22,263527.0
2022,in_person,hispanic,13,8429,2711,3132,155,4096,1046,1302,2022-10-22,263527.0
2022,in_person,hispanic,12,9901,3191,3691,175,4719,1316,1568,2022-10-22,263527.0
2022,in_person,hispanic,11,11705,3790,4379,198,5516,1612,1881,2022-10-22,263527.0
2022,in_person,hispanic,10,13016,4224,4890,210,6102,1814,2108,2022-10-29,263661.0
2022,in_person,hispanic,9,13806,4495,5224,218,6429,1935,2257,2022-10-29,263661.0
2022,in_person,hispanic,8,15432,5078,5923,242,7065,2202,2563,2022-10-29,263661.0
2022,in_person,hispanic,7,17296,5775,6744,267,7778,2507,2941,2022-10-29,263661.0
2022,in_person,hispanic,6,19396,6557,7690,288,8547,2871,3390,2022-10-29,263661.0
2022,in_person,hispanic,5,22060,7573,8913,323,9468,3356,4046,2022-10-29,263661.0
2022,in_person,hispanic,4,26070,9216,10888,375,10706,4101,5128,2022-10-29,263661.0
2022,in_person,hispanic,3,30258,10997,12987,418,11988,4865,6349,2022-11-05,263963.0
2022,in_person,hispanic,2,30258,10997,12987,418,11988,4865,6349,2022-11-05,263963.0
2022,in_person,hispanic,1,30258,10997,12987,418,11988,4865,6349,2022-11-05,263963.0
2022,in_person,hispanic,0,30258,10997,12987,418,11988,4865,6349,2022-11-08,264218.0
2022,in_person,eth_designated,60,0,0,0,0,0,0,0,2022-09-03,
2022,in_person,eth_designated,59,0,0,0,0,0,0,0,2022-09-10,
2022,in_person,eth_designated,58,0,0,0,0,0,0,0,2022-09-10,
2022,in_person,eth_designated,57,0,0,0,0,0,0,0,2022-09-10,
2022,in_person,eth_designated,56,0,0,0,0,0,0,0,2022-09-10,
2022,in_person,eth_designated,55,0,0,0,0,0,0,0,2022-09-10,
2022,in_person,eth_designated,54,0,0,0,0,0,0,0,2022-09-10,
2022,in_person,eth_designated,53,0,0,0,0,0,0,0,2022-09-10,
2022,in_person,eth_designated,52,0,0,0,0,0,0,0,2022-09-17,
2022,in_person,eth_designated,51,0,0,0,0,0,0,0,2022-09-17,
2022,in_person,eth_designated,50,0,0,0,0,0,0,0,2022-09-17,
2022,in_person,eth_designated,49,0,0,0,0,0,0,0,2022-09-17,
2022,in_person,eth_designated,48,0,0,0,0,0,0,0,2022-09-17,
2022,in_person,eth_designated,47,0,0,0,0,0,0,0,2022-09-17,
2022,in_person,eth_designated,46,0,0,0,0,0,0,0,2022-09-17,
2022,in_person,eth_designated,45,0,0,0,0,0,0,0,2022-09-24,
2022,in_person,eth_designated,44,0,0,0,0,0,0,0,2022-09-24,
2022,in_person,eth_designated,43,0,0,0,0,0,0,0,2022-09-24,
2022,in_person,eth_designated,42,0,0,0,0,0,0,0,2022-09-24,
2022,in_person,eth_designated,41,0,0,0,0,0,0,0,2022-09-24,
2022,in_person,eth_designated,40,0,0,0,0,0,0,0,2022-09-24,
2022,in_person,eth_designated,39,0,0,0,0,0,0,0,2022-09-24,
2022,in_person,eth_designated,38,0,0,0,0,0,0,0,2022-10-01,
2022,in_person,eth_designated,37,0,0,0,0,0,0,0,2022-10-01,
2022,in_person,eth_designated,36,0,0,0,0,0,0,0,2022-10-01,
2022,in_person,eth_designated,35,0,0,0,0,0,0,0,2022-10-01,
2022,in_person,eth_designated,34,0,0,0,0,0,0,0,2022-10-01,
2022,in_person,eth_designated,33,0,0,0,0,0,0,0,2022-10-01,
2022,in_person,eth_designated,32,0,0,0,0,0,0,0,2022-10-01,
2022,in_person,eth_designated,31,0,0,0,0,0,0,0,2022-10-08,
2022,in_person,eth_designated,30,0,0,0,0,0,0,0,2022-10-08,
2022,in_person,eth_designated,29,0,0,0,0,0,0,0,2022-10-08,
2022,in_person,eth_designated,28,0,0,0,0,0,0,0,2022-10-08,
2022,in_person,eth_designated,27,0,0,0,0,0,0,0,2022-10-08,
2022,in_person,eth_designated,26,0,0,0,0,0,0,0,2022-10-08,
2022,in_person,eth_designated,25,0,0,0,0,0,0,0,2022-10-08,
2022,in_person,eth_designated,24,0,0,0,0,0,0,0,2022-10-15,
2022,in_person,eth_designated,23,0,0,0,0,0,0,0,2022-10-15,
2022,in_person,eth_designated,22,0,0,0,0,0,0,0,2022-10-15,
2022,in_person,eth_designated,21,0,0,0,0,0,0,0,2022-10-15,
2022,in_person,eth_designated,20,0,0,0,0,0,0,0,2022-10-15,
2022,in_person,eth_designated,19,111145,9912,14405,1507,82534,12699,3439,2022-10-15,
2022,in_person,eth_designated,18,217946,20414,29569,2889,159590,25898,7643,2022-10-15,
2022,in_person,eth_designated,17,245318,24018,34556,3282,177813,29667,9657,2022-10-22,
2022,in_person,eth_designated,16,261177,26242,37486,3512,188147,32032,11161,2022-10-22,
2022,in_person,eth_designated,15,375767,36753,53350,4939,269762,47716,15019,2022-10-22,
2022,in_person,eth_designated,14,483403,46589,68479,6242,344676,64006,18699,2022-10-22,
2022,in_person,eth_designated,13,583492,56643,83897,7399,411644,80552,22754,2022-10-22,
2022,in_person,eth_designated,12,680115,66841,99530,8520,474036,98029,27020,2022-10-22,
2022,in_person,eth_designated,11,785880,79936,119353,9632,538592,118303,33119,2022-10-22,
2022,in_person,eth_designated,10,832954,86708,129258,10140,566245,127311,37066,2022-10-29,
2022,in_person,eth_designated,9,858011,90565,134639,10446,580634,132292,39514,2022-10-29,
2022,in_person,eth_designated,8,957212,102765,153643,11504,638270,153795,44814,2022-10-29,
2022,in_person,eth_designated,7,1063780,116267,174504,12607,698050,178619,51057,2022-10-29,
2022,in_person,eth_designated,6,1172329,131580,198302,13657,754897,205473,58723,2022-10-29,
2022,in_person,eth_designated,5,1293871,150704,227658,14884,814507,236822,69115,2022-10-29,
2022,in_person,eth_designated,4,1456635,179237,271339,16329,887475,281492,86433,2022-10-29,
2022,in_person,eth_designated,3,1583811,204977,310127,17370,939227,317087,103741,2022-11-05,
2022,in_person,eth_designated,2,1583811,204977,310127,17370,939227,317087,103741,2022-11-05,
2022,in_person,eth_designated,1,1583811,204977,310127,17370,939227,317087,103741,2022-11-05,
2022,in_person,eth_designated,0,1583811,204977,310127,17370,939227,317087,103741,2022-11-08,
2022,all,all,60,17,6,7,7,2,1,3,2022-09-03,7350693.0
2022,all,all,59,62,11,20,32,9,1,13,2022-09-10,7356633.0
2022,all,all,58,73,11,20,37,13,3,16,2022-09-10,7356633.0
2022,all,all,57,194,32,54,97,34,9,30,2022-09-10,7356633.0
2022,all,all,56,305,65,95,121,79,10,40,2022-09-10,7356633.0
2022,all,all,55,589,124,177,186,183,43,64,2022-09-10,7356633.0
2022,all,all,54,983,237,324,282,304,73,93,2022-09-10,7356633.0
2022,all,all,53,1620,392,544,445,505,126,146,2022-09-10,7356633.0
2022,all,all,52,1644,402,560,447,511,126,147,2022-09-17,7368557.0
2022,all,all,51,1648,403,562,447,512,127,148,2022-09-17,7368557.0
2022,all,all,50,3099,824,1124,749,958,268,298,2022-09-17,7368557.0
2022,all,all,49,3497,931,1252,849,1104,292,344,2022-09-17,7368557.0
2022,all,all,48,4721,1235,1668,1108,1534,411,433,2022-09-17,7368557.0
2022,all,all,47,5799,1509,2048,1319,1926,506,526,2022-09-17,7368557.0
2022,all,all,46,6896,1823,2455,1521,2297,623,617,2022-09-17,7368557.0
2022,all,all,45,6938,1833,2473,1524,2316,625,618,2022-09-24,7374566.0
2022,all,all,44,6944,1836,2476,1525,2318,625,620,2022-09-24,7374566.0
2022,all,all,43,9079,2408,3231,1942,3046,860,784,2022-09-24,7374566.0
2022,all,all,42,9698,2575,3465,2057,3244,932,846,2022-09-24,7374566.0
2022,all,all,41,11669,3088,4141,2406,3987,1135,1002,2022-09-24,7374566.0
2022,all,all,40,12843,3389,4547,2622,4397,1277,1095,2022-09-24,7374566.0
2022,all,all,39,13918,3636,4905,2810,4825,1378,1193,2022-09-24,7374566.0
2022,all,all,38,13996,3659,4931,2817,4859,1389,1197,2022-10-01,7381903.0
2022,all,all,37,14003,3661,4934,2817,4863,1389,1199,2022-10-01,7381903.0
2022,all,all,36,16149,4248,5691,3198,5625,1635,1399,2022-10-01,7381903.0
2022,all,all,35,17064,4479,5989,3359,5992,1724,1476,2022-10-01,7381903.0
2022,all,all,34,19277,5031,6726,3749,6796,2006,1664,2022-10-01,7381903.0
2022,all,all,33,20996,5444,7302,4035,7461,2198,1794,2022-10-01,7381903.0
2022,all,all,32,22818,5940,7952,4329,8130,2407,1952,2022-10-01,7381903.0
2022,all,all,31,23267,6051,8104,4401,8295,2467,1989,2022-10-08,7389159.0
2022,all,all,30,23278,6057,8110,4403,8298,2467,1991,2022-10-08,7389159.0
2022,all,all,29,24502,6392,8540,4656,8723,2583,2099,2022-10-08,7389159.0
2022,all,all,28,27250,7123,9523,5122,9658,2947,2333,2022-10-08,7389159.0
2022,all,all,27,28685,7487,10004,5360,10210,3111,2457,2022-10-08,7389159.0
2022,all,all,26,32340,8408,11222,5970,11563,3585,2779,2022-10-08,7389159.0
2022,all,all,25,35958,9394,12503,6526,12918,4011,3084,2022-10-08,7389159.0
2022,all,all,24,36747,9588,12763,6665,13197,4122,3190,2022-10-15,7400077.0
2022,all,all,23,36763,9595,12773,6667,13200,4123,3194,2022-10-15,7400077.0
2022,all,all,22,41672,11062,14660,7358,14886,4768,3678,2022-10-15,7400077.0
2022,all,all,21,43638,11642,15400,7648,15610,4980,3874,2022-10-15,7400077.0
2022,all,all,20,47513,12688,16777,8245,17055,5436,4224,2022-10-15,7400077.0
2022,all,all,19,189375,29925,40175,10733,117085,21382,9559,2022-10-15,7400077.0
2022,all,all,18,326248,47932,64549,13113,210635,37951,16069,2022-10-15,7400077.0
2022,all,all,17,362643,53933,72494,13785,233558,42806,19115,2022-10-22,7403348.0
2022,all,all,16,383029,57425,76928,14101,246297,45703,21275,2022-10-22,7403348.0
2022,all,all,15,532239,76578,103712,16928,346045,65554,27666,2022-10-22,7403348.0
2022,all,all,14,668912,93546,127751,19103,436534,85524,33520,2022-10-22,7403348.0
2022,all,all,13,798777,111345,152903,21328,518359,106187,39802,2022-10-22,7403348.0
2022,all,all,12,927707,130388,179749,23836,595807,128315,46999,2022-10-22,7403348.0
2022,all,all,11,1067592,153211,211914,26098,675889,153691,56705,2022-10-22,7403348.0
2022,all,all,10,1130864,164721,227693,27057,710912,165202,62739,2022-10-29,7404580.0
2022,all,all,9,1163783,170867,235885,27495,728976,171427,66415,2022-10-29,7404580.0
2022,all,all,8,1298677,193733,268513,29978,801634,198552,75388,2022-10-29,7404580.0
2022,all,all,7,1440097,217488,302530,32191,875913,229463,85540,2022-10-29,7404580.0
2022,all,all,6,1585985,244510,341280,34386,947252,263067,97827,2022-10-29,7404580.0
2022,all,all,5,1753481,278718,389823,37204,1023448,303006,114739,2022-10-29,7404580.0
2022,all,all,4,1975603,327679,459494,40228,1116405,359476,141949,2022-10-29,7404580.0
2022,all,all,3,2152373,371572,521468,42463,1183380,405062,168983,2022-11-05,7409792.0
2022,all,all,2,2155454,372705,522919,42757,1184098,405680,169606,2022-11-05,7409792.0
2022,all,all,1,2170128,378357,530285,44308,1187660,407875,172920,2022-11-05,7409792.0
2022,all,all,0,2187851,385966,539972,45907,1191323,410649,177754,2022-11-08,7413909.0
2022,all,white,60,10,1,2,5,2,1,1,2022-09-03,4793855.0
2022,all,white,59,42,4,12,21,8,1,8,2022-09-10,4796779.0
2022,all,white,58,52,4,12,25,12,3,10,2022-09-10,4796779.0
2022,all,white,57,140,18,34,69,28,9,19,2022-09-10,4796779.0
2022,all,white,56,211,34,56,87,59,9,26,2022-09-10,4796779.0
2022,all,white,55,397,70,103,139,121,34,39,2022-09-10,4796779.0
2022,all,white,54,637,144,196,197,190,54,55,2022-09-10,4796779.0
2022,all,white,53,1037,240,332,310,311,84,85,2022-09-10,4796779.0
2022,all,white,52,1057,247,345,311,317,84,86,2022-09-17,4801681.0
2022,all,white,51,1060,248,347,311,317,85,87,2022-09-17,4801681.0
2022,all,white,50,2008,512,689,525,609,185,185,2022-09-17,4801681.0
2022,all,white,49,2300,593,779,602,714,205,219,2022-09-17,4801681.0
2022,all,white,48,3109,781,1036,793,998,282,271,2022-09-17,4801681.0
2022,all,white,47,3841,952,1276,950,1268,347,335,2022-09-17,4801681.0
2022,all,white,46,4572,1152,1539,1091,1512,430,394,2022-09-17,4801681.0
2022,all,white,45,4606,1160,1553,1093,1529,431,395,2022-09-24,4804851.0
2022,all,white,44,4611,1162,1555,1094,1531,431,396,2022-09-24,4804851.0
2022,all,white,43,6062,1543,2045,1381,2057,579,505,2022-09-24,4804851.0
2022,all,white,42,6495,1647,2195,1464,2204,632,546,2022-09-24,4804851.0
2022,all,white,41,7902,2000,2657,1721,2740,784,650,2022-09-24,4804851.0
2022,all,white,40,8764,2209,2939,1884,3039,902,715,2022-09-24,4804851.0
2022,all,white,39,9564,2377,3184,2039,3358,983,780,2022-09-24,4804851.0
2022,all,white,38,9623,2391,3201,2045,3384,993,783,2022-10-01,4808771.0
2022,all,white,37,9629,2392,3203,2045,3388,993,784,2022-10-01,4808771.0
2022,all,white,36,11198,2799,3724,2335,3961,1178,922,2022-10-01,4808771.0
2022,all,white,35,11873,2965,3932,2455,4233,1253,977,2022-10-01,4808771.0
2022,all,white,34,13487,3364,4453,2757,4809,1468,1117,2022-10-01,4808771.0
2022,all,white,33,14720,3653,4844,2968,5303,1605,1196,2022-10-01,4808771.0
2022,all,white,32,16016,3981,5281,3189,5778,1768,1300,2022-10-01,4808771.0
2022,all,white,31,16357,4051,5383,3256,5898,1820,1326,2022-10-08,4812467.0
2022,all,white,30,16363,4052,5384,3258,5901,1820,1328,2022-10-08,4812467.0
2022,all,white,29,17249,4275,5675,3446,6221,1907,1401,2022-10-08,4812467.0
2022,all,white,28,19301,4779,6352,3808,6939,2202,1567,2022-10-08,4812467.0
2022,all,white,27,20341,5028,6674,3997,7341,2329,1654,2022-10-08,4812467.0
2022,all,white,26,23043,5660,7516,4465,8361,2701,1888,2022-10-08,4812467.0
2022,all,white,25,25698,6327,8375,4898,9382,3043,2102,2022-10-08,4812467.0
2022,all,white,24,26317,6475,8570,5007,9599,3141,2180,2022-10-15,4817825.0
2022,all,white,23,26326,6478,8575,5009,9600,3142,2183,2022-10-15,4817825.0
2022,all,white,22,29991,7510,9904,5573,10880,3634,2538,2022-10-15,4817825.0
2022,all,white,21,31458,7915,10419,5812,11423,3804,2670,2022-10-15,4817825.0
2022,all,white,20,34371,8650,11395,6281,12533,4162,2928,2022-10-15,4817825.0
2022,all,white,19,139851,20642,28172,8283,86658,16738,6537,2022-10-15,4817825.0
2022,all,white,18,243172,33390,45902,10176,156969,30125,10994,2022-10-15,4817825.0
2022,all,white,17,268030,37219,51172,10671,172399,33788,12957,2022-10-22,4818192.0
2022,all,white,16,280806,39276,53862,10891,180255,35798,14237,2022-10-22,4818192.0
2022,all,white,15,392108,52607,73097,13157,254350,51504,18478,2022-10-22,4818192.0
2022,all,white,14,495045,64418,90434,14916,322359,67336,22273,2022-10-22,4818192.0
2022,all,white,13,592680,76668,108377,16678,383881,83744,26312,2022-10-22,4818192.0
2022,all,white,12,687614,89568,127251,18676,440754,100933,30995,2022-10-22,4818192.0
2022,all,white,11,791745,105282,150222,20449,500167,120907,37443,2022-10-22,4818192.0
2022,all,white,10,835321,112714,160831,21179,523695,129616,41351,2022-10-29,4818069.0
2022,all,white,9,856455,116386,165929,21485,535026,134015,43519,2022-10-29,4818069.0
2022,all,white,8,954723,131791,188758,23447,587531,154987,49404,2022-10-29,4818069.0
2022,all,white,7,1059168,147838,212658,25178,642188,179144,56072,2022-10-29,4818069.0
2022,all,white,6,1165996,165822,239552,26873,694251,205320,64052,2022-10-29,4818069.0
2022,all,white,5,1286789,188179,272685,29034,748990,236080,74934,2022-10-29,4818069.0
2022,all,white,4,1443701,219688,319802,31320,813953,278626,92305,2022-10-29,4818069.0
2022,all,white,3,1559081,246236,359088,32861,856639,310493,108717,2022-11-05,4819256.0
2022,all,white,2,1561256,246981,360058,33081,857131,310986,109137,2022-11-05,4819256.0
2022,all,white,1,1571667,250852,365156,34196,859627,312688,111475,2022-11-05,4819256.0
2022,all,white,0,1583705,255839,371555,35305,862113,314732,114753,2022-11-08,4820458.0
2022,all,black,60,0,0,0,0,0,0,0,2022-09-03,1498233.0
2022,all,black,59,0,0,0,0,0,0,0,2022-09-10,1498993.0
2022,all,black,58,0,0,0,0,0,0,0,2022-09-10,1498993.0
2022,all,black,57,6,1,3,2,1,0,2,2022-09-10,1498993.0
2022,all,black,56,22,4,7,4,10,1,2,2022-09-10,1498993.0
2022,all,black,55,62,6,15,10,33,4,2,2022-09-10,1498993.0
2022,all,black,54,154,23,38,33,73,10,6,2022-09-10,1498993.0
2022,all,black,53,312,49,83,68,136,25,14,2022-09-10,1498993.0
2022,all,black,52,313,49,83,69,136,25,14,2022-09-17,1502100.0
2022,all,black,51,313,49,83,69,136,25,14,2022-09-17,1502100.0
2022,all,black,50,604,115,193,120,240,51,37,2022-09-17,1502100.0
2022,all,black,49,654,121,206,128,266,54,39,2022-09-17,1502100.0
2022,all,black,48,877,161,272,167,356,82,49,2022-09-17,1502100.0
2022,all,black,47,1078,196,334,196,442,106,55,2022-09-17,1502100.0
2022,all,black,46,1287,247,398,235,530,124,60,2022-09-17,1502100.0
2022,all,black,45,1291,248,401,235,530,125,60,2022-09-24,1502784.0
2022,all,black,44,1291,248,401,235,530,125,60,2022-09-24,1502784.0
2022,all,black,43,1680,316,522,316,670,172,82,2022-09-24,1502784.0
2022,all,black,42,1773,337,553,331,706,183,88,2022-09-24,1502784.0
2022,all,black,41,2070,390,635,382,844,209,102,2022-09-24,1502784.0
2022,all,black,40,2237,419,685,413,914,225,104,2022-09-24,1502784.0
2022,all,black,39,2366,441,723,426,984,233,113,2022-09-24,1502784.0
2022,all,black,38,2376,443,725,426,991,234,114,2022-10-01,1503720.0
2022,all,black,37,2376,443,725,426,991,234,114,2022-10-01,1503720.0
2022,all,black,36,2683,509,828,477,1105,273,127,2022-10-01,1503720.0
2022,all,black,35,2820,538,875,489,1173,283,133,2022-10-01,1503720.0
2022,all,black,34,3138,589,962,541,1316,319,145,2022-10-01,1503720.0
2022,all,black,33,3391,628,1032,577,1428,354,158,2022-10-01,1503720.0
2022,all,black,32,3685,691,1125,620,1558,382,176,2022-10-01,1503720.0
2022,all,black,31,3737,705,1142,623,1584,388,176,2022-10-08,1504736.0
2022,all,black,30,3738,706,1143,623,1584,388,176,2022-10-08,1504736.0
2022,all,black,29,3919,748,1201,657,1660,401,185,2022-10-08,1504736.0
2022,all,black,28,4295,831,1336,717,1802,440,203,2022-10-08,1504736.0
2022,all,black,27,4511,875,1407,741,1908,455,214,2022-10-08,1504736.0
2022,all,black,26,5003,969,1551,812,2133,507,241,2022-10-08,1504736.0
2022,all,black,25,5518,1108,1757,881,2331,549,266,2022-10-08,1504736.0
2022,all,black,24,5569,1118,1776,890,2348,555,270,2022-10-15,1506123.0
2022,all,black,23,5569,1118,1776,890,2348,555,270,2022-10-15,1506123.0
2022,all,black,22,6213,1277,2004,966,2603,640,302,2022-10-15,1506123.0
2022,all,black,21,6474,1343,2105,988,2718,663,318,2022-10-15,1506123.0
2022,all,black,20,6970,1466,2273,1061,2918,718,345,2022-10-15,1506123.0
2022,all,black,19,34128,3772,5491,1353,24133,3151,1051,2022-10-15,1506123.0
2022,all,black,18,58259,5916,8467,1631,42801,5360,1910,2022-10-15,1506123.0
2022,all,black,17,66099,6807,9658,1717,48588,6136,2390,2022-10-22,1506222.0
2022,all,black,16,71336,7390,10438,1772,52353,6773,2808,2022-10-22,1506222.0
2022,all,black,15,99347,9878,14029,2099,73435,9784,3734,2022-10-22,1506222.0
2022,all,black,14,124054,12056,17227,2347,91707,12773,4595,2022-10-22,1506222.0
2022,all,black,13,147328,14451,20654,2606,108164,15904,5673,2022-10-22,1506222.0
2022,all,black,12,171476,17034,24447,2876,124760,19393,6793,2022-10-22,1506222.0
2022,all,black,11,195805,19867,28574,3129,140915,23187,8175,2022-10-22,1506222.0
2022,all,black,10,208844,21449,30832,3246,149719,25047,9135,2022-10-29,1506230.0
2022,all,black,9,216616,22433,32180,3302,154855,26279,9854,2022-10-29,1506230.0
2022,all,black,8,241803,25461,36724,3578,170766,30735,11220,2022-10-29,1506230.0
2022,all,black,7,266818,28522,41329,3837,186081,35571,12724,2022-10-29,1506230.0
2022,all,black,6,292676,32167,46751,4122,200918,40885,14584,2022-10-29,1506230.0
2022,all,black,5,322547,36719,53574,4452,217134,47387,17101,2022-10-29,1506230.0
2022,all,black,4,363707,43323,63409,4816,238200,57282,21126,2022-10-29,1506230.0
2022,all,black,3,403104,50245,73790,5179,256714,67421,26059,2022-11-05,1506645.0
2022,all,black,2,403387,50325,73908,5207,256817,67455,26111,2022-11-05,1506645.0
2022,all,black,1,405342,50874,74730,5410,257479,67723,26382,2022-11-05,1506645.0
2022,all,black,0,407546,51597,75748,5612,258118,68068,26794,2022-11-08,1507268.0
2022,all,other,60,2,1,1,1,0,0,0,2022-09-03,
2022,all,other,59,4,2,2,2,0,0,0,2022-09-10,
2022,all,other,58,4,2,2,2,0,0,0,2022-09-10,
2022,all,other,57,9,3,3,4,2,0,0,2022-09-10,
2022,all,other,56,17,8,8,6,3,0,2,2022-09-10,
2022,all,other,55,48,17,20,9,15,4,7,2022-09-10,
2022,all,other,54,77,26,32,15,24,6,12,2022-09-10,
2022,all,other,53,121,45,54,21,35,11,22,2022-09-10,
2022,all,other,52,123,47,56,21,35,11,22,2022-09-17,
2022,all,other,51,123,47,56,21,35,11,22,2022-09-17,
2022,all,other,50,227,83,104,43,58,22,35,2022-09-17,
2022,all,other,49,244,86,108,49,65,22,38,2022-09-17,
2022,all,other,48,329,116,142,62,94,31,51,2022-09-17,
2022,all,other,47,397,142,172,75,116,34,59,2022-09-17,
2022,all,other,46,490,175,215,91,137,47,75,2022-09-17,
2022,all,other,45,492,175,215,91,139,47,75,2022-09-24,
2022,all,other,44,492,175,215,91,139,47,75,2022-09-24,
2022,all,other,43,626,219,272,116,169,69,92,2022-09-24,
2022,all,other,42,660,231,287,122,176,75,99,2022-09-24,
2022,all,other,41,776,269,337,138,213,88,118,2022-09-24,
2022,all,other,40,838,293,364,148,232,94,129,2022-09-24,
2022,all,other,39,913,316,395,163,254,101,141,2022-09-24,
2022,all,other,38,916,317,396,164,255,101,141,2022-10-01,
2022,all,other,37,916,317,396,164,255,101,141,2022-10-01,
2022,all,other,36,1020,350,440,181,288,111,160,2022-10-01,
2022,all,other,35,1068,366,461,192,301,114,170,2022-10-01,
2022,all,other,34,1189,401,510,211,335,133,187,2022-10-01,
2022,all,other,33,1290,427,551,230,365,144,203,2022-10-01,
2022,all,other,32,1392,465,596,244,398,154,221,2022-10-01,
2022,all,other,31,1422,476,611,245,411,155,229,2022-10-08,
2022,all,other,30,1422,476,611,245,411,155,229,2022-10-08,
2022,all,other,29,1469,500,636,253,419,161,236,2022-10-08,
2022,all,other,28,1601,545,691,277,458,175,259,2022-10-08,
2022,all,other,27,1684,569,726,286,488,184,276,2022-10-08,
2022,all,other,26,1895,638,811,327,549,208,309,2022-10-08,
2022,all,other,25,2103,702,891,354,624,234,337,2022-10-08,
2022,all,other,24,2157,716,910,364,647,236,352,2022-10-15,
2022,all,other,23,2159,716,910,364,649,236,352,2022-10-15,
2022,all,other,22,2385,804,1014,384,711,276,397,2022-10-15,
2022,all,other,21,2484,847,1062,401,735,286,421,2022-10-15,
2022,all,other,20,2669,902,1135,421,803,310,448,2022-10-15,
2022,all,other,19,6711,1842,2281,514,3134,782,876,2022-10-15,
2022,all,other,18,10769,2834,3493,619,5415,1242,1405,2022-10-15,
2022,all,other,17,12545,3323,4086,671,6337,1451,1692,2022-10-22,
2022,all,other,16,13745,3689,4499,690,6968,1588,1928,2022-10-22,
2022,all,other,15,17852,4737,5806,816,9113,2117,2427,2022-10-22,
2022,all,other,14,21492,5616,6898,883,11048,2663,2891,2022-10-22,
2022,all,other,13,25012,6542,8097,963,12762,3190,3310,2022-10-22,
2022,all,other,12,29089,7651,9450,1074,14665,3900,3854,2022-10-22,
2022,all,other,11,33731,8923,11031,1188,16868,4644,4513,2022-10-22,
2022,all,other,10,36801,9821,12116,1250,18306,5129,5009,2022-10-29,
2022,all,other,9,38696,10388,12812,1293,19172,5419,5324,2022-10-29,
2022,all,other,8,43341,11717,14499,1382,21223,6237,5968,2022-10-29,
2022,all,other,7,48110,13106,16230,1490,23234,7156,6684,2022-10-29,
2022,all,other,6,53215,14719,18286,1582,25230,8117,7526,2022-10-29,
2022,all,other,5,59831,16932,21020,1732,27742,9337,8783,2022-10-29,
2022,all,other,4,69134,20212,25045,1883,30951,11255,10844,2022-10-29,
2022,all,other,3,77992,23604,29225,2036,33719,13012,12975,2022-11-05,
2022,all,other,2,78262,23719,29365,2057,33781,13059,13043,2022-11-05,
2022,all,other,1,79088,24090,29828,2155,33950,13155,13342,2022-11-05,
2022,all,other,0,80490,24770,30652,2271,34216,13351,13831,2022-11-08,
2022,all,undesignated,60,5,4,4,1,0,0,2,2022-09-03,
2022,all,undesignated,59,16,5,6,9,1,0,5,2022-09-10,
2022,all,undesignated,58,17,5,6,10,1,0,6,2022-09-10,
2022,all,undesignated,57,39,10,14,22,3,0,9,2022-09-10,
2022,all,undesignated,56,55,19,24,24,7,0,10,2022-09-10,
2022,all,undesignated,55,82,31,39,28,14,1,16,2022-09-10,
2022,all,undesignated,54,115,44,58,37,17,3,20,2022-09-10,
2022,all,undesignated,53,150,58,75,46,23,6,25,2022-09-10,
2022,all,undesignated,52,151,59,76,46,23,6,25,2022-09-17,
2022,all,undesignated,51,152,59,76,46,24,6,25,2022-09-17,
2022,all,undesignated,50,260,114,138,61,51,10,41,2022-09-17,
2022,all,undesignated,49,299,131,159,70,59,11,48,2022-09-17,
2022,all,undesignated,48,406,177,218,86,86,16,62,2022-09-17,
2022,all,undesignated,47,483,219,266,98,100,19,77,2022-09-17,
2022,all,undesignated,46,547,249,303,104,118,22,88,2022-09-17,
2022,all,undesignated,45,549,250,304,105,118,22,88,2022-09-24,
2022,all,undesignated,44,550,251,305,105,118,22,89,2022-09-24,
2022,all,undesignated,43,711,330,392,129,150,40,105,2022-09-24,
2022,all,undesignated,42,770,360,430,140,158,42,113,2022-09-24,
2022,all,undesignated,41,921,429,512,165,190,54,132,2022-09-24,
2022,all,undesignated,40,1004,468,559,177,212,56,147,2022-09-24,
2022,all,undesignated,39,1075,502,603,182,229,61,159,2022-09-24,
2022,all,undesignated,38,1081,508,609,182,229,61,159,2022-10-01,
2022,all,undesignated,37,1082,509,610,182,229,61,160,2022-10-01,
2022,all,undesignated,36,1248,590,699,205,271,73,190,2022-10-01,
2022,all,undesignated,35,1303,610,721,223,285,74,196,2022-10-01,
2022,all,undesignated,34,1463,677,801,240,336,86,215,2022-10-01,
2022,all,undesignated,33,1595,736,875,260,365,95,237,2022-10-01,
2022,all,undesignated,32,1725,803,950,276,396,103,255,2022-10-01,
2022,all,undesignated,31,1751,819,968,277,402,104,258,2022-10-08,
2022,all,undesignated,30,1755,823,972,277,402,104,258,2022-10-08,
2022,all,undesignated,29,1865,869,1028,300,423,114,277,2022-10-08,
2022,all,undesignated,28,2053,968,1144,320,459,130,304,2022-10-08,
2022,all,undesignated,27,2149,1015,1197,336,473,143,313,2022-10-08,
2022,all,undesignated,26,2399,1141,1344,366,520,169,341,2022-10-08,
2022,all,undesignated,25,2639,1257,1480,393,581,185,379,2022-10-08,
2022,all,undesignated,24,2704,1279,1507,404,603,190,388,2022-10-15,
2022,all,undesignated,23,2709,1283,1512,404,603,190,389,2022-10-15,
2022,all,undesignated,22,3083,1471,1738,435,692,218,441,2022-10-15,
2022,all,undesignated,21,3222,1537,1814,447,734,227,465,2022-10-15,
2022,all,undesignated,20,3503,1670,1974,482,801,246,503,2022-10-15,
2022,all,undesignated,19,8685,3669,4231,583,3160,711,1095,2022-10-15,
2022,all,undesignated,18,14048,5792,6687,687,5450,1224,1760,2022-10-15,
2022,all,undesignated,17,15969,6584,7578,726,6234,1431,2076,2022-10-22,
2022,all,undesignated,16,17142,7070,8129,748,6721,1544,2302,2022-10-22,
2022,all,undesignated,15,22932,9356,10780,856,9147,2149,3027,2022-10-22,
2022,all,undesignated,14,28321,11456,13192,957,11420,2752,3761,2022-10-22,
2022,all,undesignated,13,33757,13684,15775,1081,13552,3349,4507,2022-10-22,
2022,all,undesignated,12,39528,16135,18601,1210,15628,4089,5357,2022-10-22,
2022,all,undesignated,11,46311,19139,22087,1332,17939,4953,6574,2022-10-22,
2022,all,undesignated,10,49898,20737,23914,1382,19192,5410,7244,2022-10-29,
2022,all,undesignated,9,52016,21660,24964,1415,19923,5714,7718,2022-10-29,
2022,all,undesignated,8,58810,24764,28532,1571,22114,6593,8796,2022-10-29,
2022,all,undesignated,7,66001,28022,32313,1686,24410,7592,10060,2022-10-29,
2022,all,undesignated,6,74098,31802,36691,1809,26853,8745,11665,2022-10-29,
2022,all,undesignated,5,84314,36888,42544,1986,29582,10202,13921,2022-10-29,
2022,all,undesignated,4,99061,44456,51238,2209,33301,12313,17674,2022-10-29,
2022,all,undesignated,3,112196,51487,59365,2387,36308,14136,21232,2022-11-05,
2022,all,undesignated,2,112549,51680,59588,2412,36369,14180,21315,2022-11-05,
2022,all,undesignated,1,114031,52541,60571,2547,36604,14309,21721,2022-11-05,
2022,all,undesignated,0,116110,53760,62017,2719,36876,14498,22376,2022-11-08,
2022,all,other_undesig,60,7,5,5,2,0,0,2,2022-09-03,1058605.0
2022,all,other_undesig,59,20,7,8,11,1,0,5,2022-09-10,1060861.0
2022,all,other_undesig,58,21,7,8,12,1,0,6,2022-09-10,1060861.0
2022,all,other_undesig,57,48,13,17,26,5,0,9,2022-09-10,1060861.0
2022,all,other_undesig,56,72,27,32,30,10,0,12,2022-09-10,1060861.0
2022,all,other_undesig,55,130,48,59,37,29,5,23,2022-09-10,1060861.0
2022,all,other_undesig,54,192,70,90,52,41,9,32,2022-09-10,1060861.0
2022,all,other_undesig,53,271,103,129,67,58,17,47,2022-09-10,1060861.0
2022,all,other_undesig,52,274,106,132,67,58,17,47,2022-09-17,1064776.0
2022,all,other_undesig,51,275,106,132,67,59,17,47,2022-09-17,1064776.0
2022,all,other_undesig,50,487,197,242,104,109,32,76,2022-09-17,1064776.0
2022,all,other_undesig,49,543,217,267,119,124,33,86,2022-09-17,1064776.0
2022,all,other_undesig,48,735,293,360,148,180,47,113,2022-09-17,1064776.0
2022,all,other_undesig,47,880,361,438,173,216,53,136,2022-09-17,1064776.0
2022,all,other_undesig,46,1037,424,518,195,255,69,163,2022-09-17,1064776.0
2022,all,other_undesig,45,1041,425,519,196,257,69,163,2022-09-24,1066931.0
2022,all,other_undesig,44,1042,426,520,196,257,69,164,2022-09-24,1066931.0
2022,all,other_undesig,43,1337,549,664,245,319,109,197,2022-09-24,1066931.0
2022,all,other_undesig,42,1430,591,717,262,334,117,212,2022-09-24,1066931.0
2022,all,other_undesig,41,1697,698,849,303,403,142,250,2022-09-24,1066931.0
2022,all,other_undesig,40,1842,761,923,325,444,150,276,2022-09-24,1066931.0
2022,all,other_undesig,39,1988,818,998,345,483,162,300,2022-09-24,1066931.0
2022,all,other_undesig,38,1997,825,1005,346,484,162,300,2022-10-01,1069412.0
2022,all,other_undesig,37,1998,826,1006,346,484,162,301,2022-10-01,1069412.0
2022,all,other_undesig,36,2268,940,1139,386,559,184,350,2022-10-01,1069412.0
2022,all,other_undesig,35,2371,976,1182,415,586,188,366,2022-10-01,1069412.0
2022,all,other_undesig,34,2652,1078,1311,451,671,219,402,2022-10-01,1069412.0
2022,all,other_undesig,33,2885,1163,1426,490,730,239,440,2022-10-01,1069412.0
2022,all,other_undesig,32,3117,1268,1546,520,794,257,476,2022-10-01,1069412.0
2022,all,other_undesig,31,3173,1295,1579,522,813,259,487,2022-10-08,1071956.0
2022,all,other_undesig,30,3177,1299,1583,522,813,259,487,2022-10-08,1071956.0
2022,all,other_undesig,29,3334,1369,1664,553,842,275,513,2022-10-08,1071956.0
2022,all,other_undesig,28,3654,1513,1835,597,917,305,563,2022-10-08,1071956.0
2022,all,other_undesig,27,3833,1584,1923,622,961,327,589,2022-10-08,1071956.0
2022,all,other_undesig,26,4294,1779,2155,693,1069,377,650,2022-10-08,1071956.0
2022,all,other_undesig,25,4742,1959,2371,747,1205,419,716,2022-10-08,1071956.0
2022,all,other_undesig,24,4861,1995,2417,768,1250,426,740,2022-10-15,1076129.0
2022,all,other_undesig,23,4868,1999,2422,768,1252,426,741,2022-10-15,1076129.0
2022,all,other_undesig,22,5468,2275,2752,819,1403,494,838,2022-10-15,1076129.0
2022,all,other_undesig,21,5706,2384,2876,848,1469,513,886,2022-10-15,1076129.0
2022,all,other_undesig,20,6172,2572,3109,903,1604,556,951,2022-10-15,1076129.0
2022,all,other_undesig,19,15396,5511,6512,1097,6294,1493,1971,2022-10-15,1076129.0
2022,all,other_undesig,18,24817,8626,10180,1306,10865,2466,3165,2022-10-15,1076129.0
2022,all,other_undesig,17,28514,9907,11664,1397,12571,2882,3768,2022-10-22,1078934.0
2022,all,other_undesig,16,30887,10759,12628,1438,13689,3132,4230,2022-10-22,1078934.0
2022,all,other_undesig,15,40784,14093,16586,1672,18260,4266,5454,2022-10-22,1078934.0
2022,all,other_undesig,14,49813,17072,20090,1840,22468,5415,6652,2022-10-22,1078934.0
2022,all,other_undesig,13,58769,20226,23872,2044,26314,6539,7817,2022-10-22,1078934.0
2022,all,other_undesig,12,68617,23786,28051,2284,30293,7989,9211,2022-10-22,1078934.0
2022,all,other_undesig,11,80042,28062,33118,2520,34807,9597,11087,2022-10-22,1078934.0
2022,all,other_undesig,10,86699,30558,36030,2632,37498,10539,12253,2022-10-29,1080281.0
2022,all,other_undesig,9,90712,32048,37776,2708,39095,11133,13042,2022-10-29,1080281.0
2022,all,other_undesig,8,102151,36481,43031,2953,43337,12830,14764,2022-10-29,1080281.0
2022,all,other_undesig,7,114111,41128,48543,3176,47644,14748,16744,2022-10-29,1080281.0
2022,all,other_undesig,6,127313,46521,54977,3391,52083,16862,19191,2022-10-29,1080281.0
2022,all,other_undesig,5,144145,53820,63564,3718,57324,19539,22704,2022-10-29,1080281.0
2022,all,other_undesig,4,168195,64668,76283,4092,64252,23568,28518,2022-10-29,1080281.0
2022,all,other_undesig,3,190188,75091,88590,4423,70027,27148,34207,2022-11-05,1083891.0
2022,all,other_undesig,2,190811,75399,88953,4469,70150,27239,34358,2022-11-05,1083891.0
2022,all,other_undesig,1,193119,76631,90399,4702,70554,27464,35063,2022-11-05,1083891.0
2022,all,other_undesig,0,196600,78530,92669,4990,71092,27849,36207,2022-11-08,1086183.0
2022,all,hispanic,60,0,0,0,0,0,0,0,2022-09-03,258797.0
2022,all,hispanic,59,0,0,0,0,0,0,0,2022-09-10,259270.0
2022,all,hispanic,58,1,0,0,1,0,0,1,2022-09-10,259270.0
2022,all,hispanic,57,2,0,0,2,0,0,1,2022-09-10,259270.0
2022,all,hispanic,56,2,0,0,2,0,0,1,2022-09-10,259270.0
2022,all,hispanic,55,10,2,3,2,3,2,3,2022-09-10,259270.0
2022,all,hispanic,54,18,7,8,4,4,2,3,2022-09-10,259270.0
2022,all,hispanic,53,30,13,16,4,5,5,7,2022-09-10,259270.0
2022,all,hispanic,52,30,13,16,4,5,5,7,2022-09-17,260488.0
2022,all,hispanic,51,30,13,16,4,5,5,7,2022-09-17,260488.0
2022,all,hispanic,50,64,23,30,9,16,9,15,2022-09-17,260488.0
2022,all,hispanic,49,72,24,31,12,20,9,15,2022-09-17,260488.0
2022,all,hispanic,48,100,30,40,16,32,12,21,2022-09-17,260488.0
2022,all,hispanic,47,135,42,54,21,44,16,27,2022-09-17,260488.0
2022,all,hispanic,46,159,45,60,23,57,19,31,2022-09-17,260488.0
2022,all,hispanic,45,159,45,60,23,57,19,31,2022-09-24,261043.0
2022,all,hispanic,44,159,45,60,23,57,19,31,2022-09-24,261043.0
2022,all,hispanic,43,213,67,85,33,69,26,42,2022-09-24,261043.0
2022,all,hispanic,42,228,73,93,34,73,28,43,2022-09-24,261043.0
2022,all,hispanic,41,270,88,114,39,87,30,51,2022-09-24,261043.0
2022,all,hispanic,40,292,97,123,42,94,33,56,2022-09-24,261043.0
2022,all,hispanic,39,316,104,134,45,102,35,59,2022-09-24,261043.0
2022,all,hispanic,38,317,105,135,45,102,35,59,2022-10-01,261668.0
2022,all,hispanic,37,317,105,135,45,102,35,59,2022-10-01,261668.0
2022,all,hispanic,36,358,124,156,50,116,36,70,2022-10-01,261668.0
2022,all,hispanic,35,368,128,160,53,118,37,72,2022-10-01,261668.0
2022,all,hispanic,34,425,158,190,55,138,42,90,2022-10-01,261668.0
2022,all,hispanic,33,454,168,204,60,145,45,94,2022-10-01,261668.0
2022,all,hispanic,32,495,183,223,71,149,52,104,2022-10-01,261668.0
2022,all,hispanic,31,504,187,229,72,151,52,106,2022-10-08,262328.0
2022,all,hispanic,30,504,187,229,72,151,52,106,2022-10-08,262328.0
2022,all,hispanic,29,525,193,236,75,160,54,109,2022-10-08,262328.0
2022,all,hispanic,28,584,218,263,82,176,63,121,2022-10-08,262328.0
2022,all,hispanic,27,612,226,274,85,183,70,127,2022-10-08,262328.0
2022,all,hispanic,26,676,258,309,91,199,77,137,2022-10-08,262328.0
2022,all,hispanic,25,748,283,335,107,221,85,147,2022-10-08,262328.0
2022,all,hispanic,24,757,285,337,110,224,86,149,2022-10-15,263154.0
2022,all,hispanic,23,757,285,337,110,224,86,149,2022-10-15,263154.0
2022,all,hispanic,22,851,327,386,117,254,94,166,2022-10-15,263154.0
2022,all,hispanic,21,897,346,406,121,267,103,174,2022-10-15,263154.0
2022,all,hispanic,20,993,381,453,134,299,107,186,2022-10-15,263154.0
2022,all,hispanic,19,2569,884,1037,170,1084,278,386,2022-10-15,263154.0
2022,all,hispanic,18,4198,1393,1618,218,1893,469,628,2022-10-15,263154.0
2022,all,hispanic,17,4939,1639,1904,231,2240,564,765,2022-10-22,263527.0
2022,all,hispanic,16,5404,1792,2078,234,2475,617,852,2022-10-22,263527.0
2022,all,hispanic,15,6990,2335,2697,272,3222,799,1098,2022-10-22,263527.0
2022,all,hispanic,14,8459,2813,3256,303,3890,1010,1345,2022-10-22,263527.0
2022,all,hispanic,13,9915,3313,3838,343,4533,1201,1586,2022-10-22,263527.0
2022,all,hispanic,12,11571,3881,4498,379,5204,1490,1893,2022-10-22,263527.0
2022,all,hispanic,11,13499,4536,5254,416,6033,1796,2238,2022-10-22,263527.0
2022,all,hispanic,10,14865,4996,5795,433,6633,2004,2480,2022-10-29,263661.0
2022,all,hispanic,9,15663,5270,6132,443,6962,2126,2631,2022-10-29,263661.0
2022,all,hispanic,8,17454,5928,6921,490,7633,2410,2983,2022-10-29,263661.0
2022,all,hispanic,7,19460,6681,7809,532,8388,2731,3394,2022-10-29,263661.0
2022,all,hispanic,6,21710,7542,8846,566,9184,3114,3875,2022-10-29,263661.0
2022,all,hispanic,5,24616,8678,10206,624,10157,3629,4609,2022-10-29,263661.0
2022,all,hispanic,4,28829,10415,12291,700,11434,4404,5731,2022-10-29,263661.0
2022,all,hispanic,3,33210,12295,14512,761,12747,5190,7005,2022-11-05,263963.0
2022,all,hispanic,2,33292,12336,14560,768,12759,5205,7020,2022-11-05,263963.0
2022,all,hispanic,1,33616,12496,14760,797,12821,5238,7127,2022-11-05,263963.0
2022,all,hispanic,0,34163,12787,15100,829,12920,5314,7350,2022-11-08,264218.0
2022,all,eth_designated,60,9,2,3,3,2,1,0,2022-09-03,
2022,all,eth_designated,59,35,5,10,17,7,1,5,2022-09-10,
2022,all,eth_designated,58,44,5,10,21,10,3,7,2022-09-10,
2022,all,eth_designated,57,120,17,28,57,28,7,17,2022-09-10,
2022,all,eth_designated,56,197,35,51,77,62,7,24,2022-09-10,
2022,all,eth_designated,55,399,72,103,120,144,32,39,2022-09-10,
2022,all,eth_designated,54,679,143,197,189,239,54,55,2022-09-10,
2022,all,eth_designated,53,1154,245,349,316,394,95,92,2022-09-10,
2022,all,eth_designated,52,1174,253,363,318,398,95,93,2022-09-17,
2022,all,eth_designated,51,1175,253,364,318,398,95,93,2022-09-17,
2022,all,eth_designated,50,2236,518,731,562,742,201,202,2022-09-17,
2022,all,eth_designated,49,2522,586,811,633,858,220,235,2022-09-17,
2022,all,eth_designated,48,3396,763,1064,837,1177,318,293,2022-09-17,
2022,all,eth_designated,47,4155,919,1291,987,1484,393,350,2022-09-17,
2022,all,eth_designated,46,5000,1135,1576,1146,1784,494,417,2022-09-17,
2022,all,eth_designated,45,5034,1141,1589,1148,1801,496,418,2022-09-24,
2022,all,eth_designated,44,5039,1143,1591,1149,1803,496,419,2022-09-24,
2022,all,eth_designated,43,6626,1496,2085,1484,2379,678,530,2022-09-24,
2022,all,eth_designated,42,7076,1593,2227,1572,2540,737,574,2022-09-24,
2022,all,eth_designated,41,8561,1930,2685,1850,3127,899,686,2022-09-24,
2022,all,eth_designated,40,9448,2113,2951,2025,3452,1020,743,2022-09-24,
2022,all,eth_designated,39,10254,2267,3182,2175,3795,1102,815,2022-09-24,
2022,all,eth_designated,38,10303,2278,3194,2179,3821,1109,819,2022-10-01,
2022,all,eth_designated,37,10308,2278,3195,2179,3825,1109,820,2022-10-01,
2022,all,eth_designated,36,11928,2658,3700,2499,4419,1310,965,2022-10-01,
2022,all,eth_designated,35,12593,2797,3890,2614,4708,1381,1021,2022-10-01,
2022,all,eth_designated,34,14259,3155,4390,2918,5347,1604,1164,2022-10-01,
2022,all,eth_designated,33,15521,3402,4754,3135,5875,1757,1249,2022-10-01,
2022,all,eth_designated,32,16872,3692,5164,3378,6400,1930,1358,2022-10-01,
2022,all,eth_designated,31,17200,3760,5256,3440,6521,1983,1386,2022-10-08,
2022,all,eth_designated,30,17205,3762,5258,3440,6524,1983,1388,2022-10-08,
2022,all,eth_designated,29,18110,3959,5531,3640,6865,2074,1461,2022-10-08,
2022,all,eth_designated,28,20164,4410,6158,4006,7631,2369,1619,2022-10-08,
2022,all,eth_designated,27,21216,4609,6443,4192,8086,2495,1705,2022-10-08,
2022,all,eth_designated,26,24000,5206,7261,4672,9185,2882,1935,2022-10-08,
2022,all,eth_designated,25,26745,5824,8103,5102,10301,3239,2127,2022-10-08,
2022,all,eth_designated,24,27340,5949,8276,5208,10517,3339,2198,2022-10-15,
2022,all,eth_designated,23,27349,5950,8279,5210,10520,3340,2200,2022-10-15,
2022,all,eth_designated,22,30952,6820,9455,5777,11854,3866,2511,2022-10-15,
2022,all,eth_designated,21,32419,7192,9950,6011,12425,4033,2648,2022-10-15,
2022,all,eth_designated,20,35315,7831,10841,6476,13596,4402,2894,2022-10-15,
2022,all,eth_designated,19,149795,18530,26327,8481,97433,17554,6594,2022-10-15,
2022,all,eth_designated,18,259899,29774,42495,10402,175799,31203,11114,2022-10-15,
2022,all,eth_designated,17,288285,33608,47807,10939,194411,35128,13244,2022-10-22,
2022,all,eth_designated,16,304213,35851,50758,11192,204765,37498,14764,2022-10-22,
2022,all,eth_designated,15,424505,47740,68539,13439,288578,53949,19170,2022-10-22,
2022,all,eth_designated,14,534787,58184,84502,15158,364567,70560,23153,2022-10-22,
2022,all,eth_designated,13,638724,69120,101158,16896,433003,87667,27516,2022-10-22,
2022,all,eth_designated,12,741517,80919,118953,18901,497614,106049,32424,2022-10-22,
2022,all,eth_designated,11,851747,95167,140349,20647,563803,126948,39011,2022-10-22,
2022,all,eth_designated,10,900785,102433,150924,21414,592137,136310,43206,2022-10-29,
2022,all,eth_designated,9,925952,106315,156339,21738,606565,141310,45670,2022-10-29,
2022,all,eth_designated,8,1031621,120300,177793,23657,666447,163724,51808,2022-10-29,
2022,all,eth_designated,7,1142781,134997,200314,25414,727768,189285,58699,2022-10-29,
2022,all,eth_designated,6,1256474,151718,226120,27141,786271,216942,66988,2022-10-29,
2022,all,eth_designated,5,1385620,172966,258388,29329,848299,249604,78448,2022-10-29,
2022,all,eth_designated,4,1555234,203411,304748,31647,923370,295469,96801,2022-10-29,
2022,all,eth_designated,3,1687994,230840,345921,33328,976687,332058,115099,2022-11-05,
2022,all,eth_designated,2,1690188,231539,346856,33562,977213,332557,115508,2022-11-05,
2022,all,eth_designated,1,1700655,234997,351610,34749,979974,334322,117693,2022-11-05,
2022,all,eth_designated,0,1712992,239694,357802,35906,982793,336491,120897,2022-11-08,
2024,mail,all,60,0,0,0,0,0,0,0,2024-08-31,7617888.0
2024,mail,all,59,0,0,0,0,0,0,0,2024-09-07,7628002.0
2024,mail,all,58,0,0,0,0,0,0,0,2024-09-07,7628002.0
2024,mail,all,57,0,0,0,0,0,0,0,2024-09-07,7628002.0
2024,mail,all,56,0,0,0,0,0,0,0,2024-09-07,7628002.0
2024,mail,all,55,0,0,0,0,0,0,0,2024-09-07,7628002.0
2024,mail,all,54,0,0,0,0,0,0,0,2024-09-07,7628002.0
2024,mail,all,53,0,0,0,0,0,0,0,2024-09-07,7628002.0
2024,mail,all,52,0,0,0,0,0,0,0,2024-09-14,7647355.0
2024,mail,all,51,0,0,0,0,0,0,0,2024-09-14,7647355.0
2024,mail,all,50,0,0,0,0,0,0,0,2024-09-14,7647355.0
2024,mail,all,49,0,0,0,0,0,0,0,2024-09-14,7647355.0
2024,mail,all,48,0,0,0,0,0,0,0,2024-09-14,7647355.0
2024,mail,all,47,0,0,0,0,0,0,0,2024-09-14,7647355.0
2024,mail,all,46,152,78,50,82,17,3,33,2024-09-14,7647355.0
2024,mail,all,45,355,156,93,218,40,4,70,2024-09-21,7666436.0
2024,mail,all,44,572,258,162,340,65,5,128,2024-09-21,7666436.0
2024,mail,all,43,1466,680,430,833,182,21,299,2024-09-21,7666436.0
2024,mail,all,42,2252,1054,669,1259,293,31,461,2024-09-21,7666436.0
2024,mail,all,41,3393,1597,1003,1884,467,39,690,2024-09-21,7666436.0
2024,mail,all,40,3837,1764,1106,2146,537,48,747,2024-09-21,7666436.0
2024,mail,all,39,4485,2042,1295,2486,645,59,842,2024-09-21,7666436.0
2024,mail,all,38,5028,2309,1464,2781,715,68,977,2024-09-28,7683724.0
2024,mail,all,37,5188,2397,1520,2860,739,69,1025,2024-09-28,7683724.0
2024,mail,all,36,7793,3262,2117,4442,1119,115,1274,2024-09-28,7683724.0
2024,mail,all,35,9987,3917,2541,5857,1435,154,1428,2024-09-28,7683724.0
2024,mail,all,34,13557,5024,3295,8108,1931,223,1741,2024-09-28,7683724.0
2024,mail,all,33,18335,6488,4241,11175,2604,315,2086,2024-09-28,7683724.0
2024,mail,all,32,22642,7942,5174,13812,3261,395,2445,2024-09-28,7683724.0
2024,mail,all,31,23914,8368,5459,14610,3429,416,2575,2024-10-05,7704452.0
2024,mail,all,30,24137,8461,5521,14733,3463,420,2617,2024-10-05,7704452.0
2024,mail,all,29,31387,10876,7106,19038,4655,588,3295,2024-10-05,7704452.0
2024,mail,all,28,36202,12517,8195,21927,5382,698,3779,2024-10-05,7704452.0
2024,mail,all,27,41655,14363,9396,25257,6182,820,4259,2024-10-05,7704452.0
2024,mail,all,26,46843,16251,10660,28267,6974,942,4754,2024-10-05,7704452.0
2024,mail,all,25,53984,18808,12374,32472,8058,1080,5515,2024-10-05,7704452.0
2024,mail,all,24,56999,19893,13087,34208,8566,1138,5956,2024-10-12,7736114.0
2024,mail,all,23,57354,20068,13184,34410,8615,1145,6021,2024-10-12,7736114.0
2024,mail,all,22,61840,21830,14373,36793,9432,1242,6656,2024-10-12,7736114.0
2024,mail,all,21,67224,24031,15845,39624,10371,1384,7503,2024-10-12,7736114.0
2024,mail,all,20,71898,25979,17142,42059,11184,1513,8179,2024-10-12,7736114.0
2024,mail,all,19,81040,29428,19422,47336,12576,1706,9480,2024-10-12,7736114.0
2024,mail,all,18,91957,33693,22297,53417,14289,1954,11035,2024-10-12,7736114.0
2024,mail,all,17,97948,36141,23991,56716,15173,2068,12176,2024-10-19,7770728.0
2024,mail,all,16,100587,37214,24742,58125,15594,2126,12763,2024-10-19,7770728.0
2024,mail,all,15,112152,42242,28016,64021,17675,2440,14742,2024-10-19,7770728.0
2024,mail,all,14,119694,45500,30212,67824,19018,2640,16078,2024-10-19,7770728.0
2024,mail,all,13,129995,50095,33222,73082,20761,2930,17784,2024-10-19,7770728.0
2024,mail,all,12,143965,56083,37101,80450,23106,3308,20398,2024-10-19,7770728.0
2024,mail,all,11,154949,60935,40318,85920,25093,3618,22473,2024-10-19,7770728.0
2024,mail,all,10,162140,64175,42350,89776,26224,3790,24006,2024-10-26,7793041.0
2024,mail,all,9,166204,66130,43664,91768,26885,3887,25187,2024-10-26,7793041.0
2024,mail,all,8,180225,73237,48217,97888,29761,4359,28687,2024-10-26,7793041.0
2024,mail,all,7,190190,78176,51359,102421,31690,4720,30855,2024-10-26,7793041.0
2024,mail,all,6,204138,85436,55879,108826,34207,5226,34370,2024-10-26,7793041.0
2024,mail,all,5,219600,93823,61166,115566,37091,5777,38614,2024-10-26,7793041.0
2024,mail,all,4,235270,102496,66531,122063,40268,6408,43248,2024-10-26,7793041.0
2024,mail,all,3,253942,113154,73200,129681,43902,7159,49609,2024-11-02,7822024.0
2024,mail,all,2,257366,115317,74574,130941,44569,7282,50850,2024-11-02,7822024.0
2024,mail,all,1,272810,124646,80434,136536,47826,8014,56466,2024-11-02,7822024.0
2024,mail,all,0,297032,140680,90464,144477,52869,9222,66363,2024-11-05,7839911.0
2024,mail,white,60,0,0,0,0,0,0,0,2024-08-31,4909688.0
2024,mail,white,59,0,0,0,0,0,0,0,2024-09-07,4913921.0
2024,mail,white,58,0,0,0,0,0,0,0,2024-09-07,4913921.0
2024,mail,white,57,0,0,0,0,0,0,0,2024-09-07,4913921.0
2024,mail,white,56,0,0,0,0,0,0,0,2024-09-07,4913921.0
2024,mail,white,55,0,0,0,0,0,0,0,2024-09-07,4913921.0
2024,mail,white,54,0,0,0,0,0,0,0,2024-09-07,4913921.0
2024,mail,white,53,0,0,0,0,0,0,0,2024-09-07,4913921.0
2024,mail,white,52,0,0,0,0,0,0,0,2024-09-14,4921654.0
2024,mail,white,51,0,0,0,0,0,0,0,2024-09-14,4921654.0
2024,mail,white,50,0,0,0,0,0,0,0,2024-09-14,4921654.0
2024,mail,white,49,0,0,0,0,0,0,0,2024-09-14,4921654.0
2024,mail,white,48,0,0,0,0,0,0,0,2024-09-14,4921654.0
2024,mail,white,47,0,0,0,0,0,0,0,2024-09-14,4921654.0
2024,mail,white,46,83,32,18,51,13,1,12,2024-09-14,4921654.0
2024,mail,white,45,206,66,38,135,31,2,35,2024-09-21,4929188.0
2024,mail,white,44,323,112,70,200,50,3,69,2024-09-21,4929188.0
2024,mail,white,43,836,306,190,504,128,14,163,2024-09-21,4929188.0
2024,mail,white,42,1297,486,306,765,204,22,258,2024-09-21,4929188.0
2024,mail,white,41,1945,728,437,1148,333,27,373,2024-09-21,4929188.0
2024,mail,white,40,2247,819,493,1334,386,34,402,2024-09-21,4929188.0
2024,mail,white,39,2625,963,593,1531,459,42,451,2024-09-21,4929188.0
2024,mail,white,38,2927,1073,666,1700,511,50,526,2024-09-28,4936577.0
2024,mail,white,37,3009,1106,685,1743,530,51,546,2024-09-28,4936577.0
2024,mail,white,36,4896,1670,1085,2900,826,85,690,2024-09-28,4936577.0
2024,mail,white,35,6539,2107,1380,3958,1084,117,793,2024-09-28,4936577.0
2024,mail,white,34,9181,2849,1889,5657,1459,176,1002,2024-09-28,4936577.0
2024,mail,white,33,12824,3875,2580,7998,1994,252,1246,2024-09-28,4936577.0
2024,mail,white,32,16074,4867,3214,10027,2512,321,1475,2024-09-28,4936577.0
2024,mail,white,31,17034,5147,3404,10645,2645,340,1554,2024-10-05,4945333.0
2024,mail,white,30,17177,5196,3432,10730,2672,343,1580,2024-10-05,4945333.0
2024,mail,white,29,22739,6908,4587,14039,3629,484,2044,2024-10-05,4945333.0
2024,mail,white,28,26399,8079,5384,16229,4207,579,2378,2024-10-05,4945333.0
2024,mail,white,27,30641,9457,6291,18817,4850,683,2736,2024-10-05,4945333.0
2024,mail,white,26,34643,10871,7244,21147,5467,785,3087,2024-10-05,4945333.0
2024,mail,white,25,40108,12726,8503,24369,6334,902,3646,2024-10-05,4945333.0
2024,mail,white,24,42349,13472,9012,25664,6726,947,3951,2024-10-12,4960951.0
2024,mail,white,23,42568,13566,9058,25796,6761,953,3985,2024-10-12,4960951.0
2024,mail,white,22,45938,14773,9891,27592,7425,1030,4413,2024-10-12,4960951.0
2024,mail,white,21,49979,16309,10945,29722,8160,1152,5021,2024-10-12,4960951.0
2024,mail,white,20,53490,17694,11880,31530,8816,1264,5468,2024-10-12,4960951.0
2024,mail,white,19,60396,20188,13576,35520,9884,1416,6405,2024-10-12,4960951.0
2024,mail,white,18,68683,23274,15695,40144,11227,1617,7504,2024-10-12,4960951.0
2024,mail,white,17,73241,25042,16941,42675,11911,1714,8328,2024-10-19,4973339.0
2024,mail,white,16,75143,25759,17466,43695,12219,1763,8749,2024-10-19,4973339.0
2024,mail,white,15,83818,29358,19874,48060,13858,2026,10149,2024-10-19,4973339.0
2024,mail,white,14,89451,31711,21490,50854,14913,2194,11127,2024-10-19,4973339.0
2024,mail,white,13,96930,34927,23638,54620,16241,2431,12328,2024-10-19,4973339.0
2024,mail,white,12,107222,39150,26450,60010,18032,2730,14147,2024-10-19,4973339.0
2024,mail,white,11,115501,42658,28857,64080,19592,2972,15676,2024-10-19,4973339.0
2024,mail,white,10,120700,44885,30303,66844,20447,3106,16755,2024-10-26,4980453.0
2024,mail,white,9,123540,46182,31196,68235,20923,3186,17568,2024-10-26,4980453.0
2024,mail,white,8,133576,51133,34477,72510,23020,3569,20043,2024-10-26,4980453.0
2024,mail,white,7,140684,54537,36705,75667,24445,3867,21565,2024-10-26,4980453.0
2024,mail,white,6,150335,59328,39781,79996,26283,4275,23958,2024-10-26,4980453.0
2024,mail,white,5,161152,64973,43475,84654,28335,4688,26914,2024-10-26,4980453.0
2024,mail,white,4,171893,70729,47219,88924,30570,5180,30096,2024-10-26,4980453.0
2024,mail,white,3,184417,77700,51733,93943,32989,5752,34425,2024-11-02,4989620.0
2024,mail,white,2,186553,79029,52622,94695,33392,5844,35225,2024-11-02,4989620.0
2024,mail,white,1,196809,85055,56581,98235,35597,6396,39009,2024-11-02,4989620.0
2024,mail,white,0,210984,94254,62559,102636,38567,7222,45109,2024-11-05,4995631.0
2024,mail,black,60,0,0,0,0,0,0,0,2024-08-31,1512410.0
2024,mail,black,59,0,0,0,0,0,0,0,2024-09-07,1513559.0
2024,mail,black,58,0,0,0,0,0,0,0,2024-09-07,1513559.0
2024,mail,black,57,0,0,0,0,0,0,0,2024-09-07,1513559.0
2024,mail,black,56,0,0,0,0,0,0,0,2024-09-07,1513559.0
2024,mail,black,55,0,0,0,0,0,0,0,2024-09-07,1513559.0
2024,mail,black,54,0,0,0,0,0,0,0,2024-09-07,1513559.0
2024,mail,black,53,0,0,0,0,0,0,0,2024-09-07,1513559.0
2024,mail,black,52,0,0,0,0,0,0,0,2024-09-14,1515965.0
2024,mail,black,51,0,0,0,0,0,0,0,2024-09-14,1515965.0
2024,mail,black,50,0,0,0,0,0,0,0,2024-09-14,1515965.0
2024,mail,black,49,0,0,0,0,0,0,0,2024-09-14,1515965.0
2024,mail,black,48,0,0,0,0,0,0,0,2024-09-14,1515965.0
2024,mail,black,47,0,0,0,0,0,0,0,2024-09-14,1515965.0
2024,mail,black,46,4,1,1,3,0,0,0,2024-09-14,1515965.0
2024,mail,black,45,10,3,1,9,0,0,1,2024-09-21,1518442.0
2024,mail,black,44,16,6,3,13,0,0,3,2024-09-21,1518442.0
2024,mail,black,43,55,24,18,27,9,1,8,2024-09-21,1518442.0
2024,mail,black,42,76,31,22,37,16,1,10,2024-09-21,1518442.0
2024,mail,black,41,108,41,29,57,21,1,15,2024-09-21,1518442.0
2024,mail,black,40,130,47,32,72,25,1,15,2024-09-21,1518442.0
2024,mail,black,39,197,71,49,113,34,1,21,2024-09-21,1518442.0
2024,mail,black,38,229,80,56,133,39,1,24,2024-09-28,1520409.0
2024,mail,black,37,239,83,58,137,43,1,28,2024-09-28,1520409.0
2024,mail,black,36,516,142,106,323,85,2,51,2024-09-28,1520409.0
2024,mail,black,35,716,194,136,466,111,3,58,2024-09-28,1520409.0
2024,mail,black,34,1069,283,194,705,164,6,70,2024-09-28,1520409.0
2024,mail,black,33,1495,390,255,998,228,14,93,2024-09-28,1520409.0
2024,mail,black,32,1875,505,324,1250,285,16,121,2024-09-28,1520409.0
2024,mail,black,31,1964,540,350,1300,297,17,134,2024-10-05,1522897.0
2024,mail,black,30,1979,545,353,1311,298,17,134,2024-10-05,1522897.0
2024,mail,black,29,2581,732,470,1687,396,28,178,2024-10-05,1522897.0
2024,mail,black,28,3071,873,558,2014,466,33,212,2024-10-05,1522897.0
2024,mail,black,27,3491,991,633,2288,533,37,243,2024-10-05,1522897.0
2024,mail,black,26,4001,1145,725,2606,623,47,279,2024-10-05,1522897.0
2024,mail,black,25,4635,1363,856,3005,720,54,323,2024-10-05,1522897.0
2024,mail,black,24,4940,1479,922,3192,769,57,353,2024-10-12,1527324.0
2024,mail,black,23,4975,1500,939,3204,775,57,355,2024-10-12,1527324.0
2024,mail,black,22,5372,1640,1034,3425,850,63,400,2024-10-12,1527324.0
2024,mail,black,21,5902,1822,1139,3746,945,72,467,2024-10-12,1527324.0
2024,mail,black,20,6349,1997,1249,4009,1014,77,528,2024-10-12,1527324.0
2024,mail,black,19,7246,2285,1418,4578,1156,94,622,2024-10-12,1527324.0
2024,mail,black,18,8285,2641,1649,5192,1339,105,746,2024-10-12,1527324.0
2024,mail,black,17,8758,2818,1771,5456,1420,111,811,2024-10-19,1532398.0
2024,mail,black,16,9011,2923,1839,5584,1475,113,867,2024-10-19,1532398.0
2024,mail,black,15,10121,3307,2070,6220,1694,137,1005,2024-10-19,1532398.0
2024,mail,black,14,10906,3596,2262,6648,1847,149,1109,2024-10-19,1532398.0
2024,mail,black,13,12031,4017,2515,7310,2036,170,1261,2024-10-19,1532398.0
2024,mail,black,12,13325,4528,2810,8016,2298,201,1459,2024-10-19,1532398.0
2024,mail,black,11,14294,4899,3022,8562,2488,222,1598,2024-10-19,1532398.0
2024,mail,black,10,14982,5179,3177,8939,2624,242,1709,2024-10-26,1535702.0
2024,mail,black,9,15375,5371,3302,9123,2702,248,1791,2024-10-26,1535702.0
2024,mail,black,8,16940,6059,3682,9871,3105,282,2074,2024-10-26,1535702.0
2024,mail,black,7,18103,6552,3980,10456,3358,309,2256,2024-10-26,1535702.0
2024,mail,black,6,19829,7366,4426,11321,3727,355,2587,2024-10-26,1535702.0
2024,mail,black,5,21664,8268,4950,12162,4151,401,3010,2024-10-26,1535702.0
2024,mail,black,4,23662,9268,5521,13034,4640,467,3470,2024-10-26,1535702.0
2024,mail,black,3,25945,10451,6205,13944,5260,536,4112,2024-11-02,1539724.0
2024,mail,black,2,26435,10719,6348,14134,5402,551,4245,2024-11-02,1539724.0
2024,mail,black,1,28328,11695,6889,14895,5926,618,4764,2024-11-02,1539724.0
2024,mail,black,0,32355,14114,8245,16258,7040,812,6050,2024-11-05,1542472.0
2024,mail,other,60,0,0,0,0,0,0,0,2024-08-31,
2024,mail,other,59,0,0,0,0,0,0,0,2024-09-07,
2024,mail,other,58,0,0,0,0,0,0,0,2024-09-07,
2024,mail,other,57,0,0,0,0,0,0,0,2024-09-07,
2024,mail,other,56,0,0,0,0,0,0,0,2024-09-07,
2024,mail,other,55,0,0,0,0,0,0,0,2024-09-07,
2024,mail,other,54,0,0,0,0,0,0,0,2024-09-07,
2024,mail,other,53,0,0,0,0,0,0,0,2024-09-07,
2024,mail,other,52,0,0,0,0,0,0,0,2024-09-14,
2024,mail,other,51,0,0,0,0,0,0,0,2024-09-14,
2024,mail,other,50,0,0,0,0,0,0,0,2024-09-14,
2024,mail,other,49,0,0,0,0,0,0,0,2024-09-14,
2024,mail,other,48,0,0,0,0,0,0,0,2024-09-14,
2024,mail,other,47,0,0,0,0,0,0,0,2024-09-14,
2024,mail,other,46,6,3,0,3,2,1,0,2024-09-14,
2024,mail,other,45,18,13,7,7,3,1,3,2024-09-21,
2024,mail,other,44,31,19,10,17,3,1,6,2024-09-21,
2024,mail,other,43,89,54,35,32,19,3,25,2024-09-21,
2024,mail,other,42,141,79,50,59,29,3,39,2024-09-21,
2024,mail,other,41,228,114,73,104,46,5,55,2024-09-21,
2024,mail,other,40,250,122,77,117,51,5,59,2024-09-21,
2024,mail,other,39,302,138,87,146,62,7,69,2024-09-21,
2024,mail,other,38,335,157,99,164,65,7,78,2024-09-28,
2024,mail,other,37,349,166,104,172,66,7,84,2024-09-28,
2024,mail,other,36,480,223,144,237,85,14,108,2024-09-28,
2024,mail,other,35,613,271,176,318,103,16,124,2024-09-28,
2024,mail,other,34,798,344,234,417,129,18,158,2024-09-28,
2024,mail,other,33,1067,447,299,579,165,24,194,2024-09-28,
2024,mail,other,32,1284,549,374,689,193,28,227,2024-09-28,
2024,mail,other,31,1372,586,394,747,203,28,241,2024-10-05,
2024,mail,other,30,1380,587,395,751,205,29,245,2024-10-05,
2024,mail,other,29,1760,750,505,955,268,32,320,2024-10-05,
2024,mail,other,28,2006,863,585,1081,306,34,366,2024-10-05,
2024,mail,other,27,2278,966,661,1239,338,40,410,2024-10-05,
2024,mail,other,26,2498,1073,742,1341,372,43,450,2024-10-05,
2024,mail,other,25,2908,1249,857,1575,427,49,523,2024-10-05,
2024,mail,other,24,3097,1329,910,1676,457,54,569,2024-10-12,
2024,mail,other,23,3116,1337,915,1685,462,54,575,2024-10-12,
2024,mail,other,22,3320,1443,995,1772,494,59,628,2024-10-12,
2024,mail,other,21,3565,1591,1107,1869,527,62,693,2024-10-12,
2024,mail,other,20,3759,1689,1180,1960,555,64,756,2024-10-12,
2024,mail,other,19,4312,1949,1373,2247,622,70,899,2024-10-12,
2024,mail,other,18,4943,2276,1610,2560,692,81,1061,2024-10-12,
2024,mail,other,17,5369,2483,1767,2781,737,84,1182,2024-10-19,
2024,mail,other,16,5596,2594,1840,2904,765,87,1239,2024-10-19,
2024,mail,other,15,6166,2927,2076,3164,834,92,1427,2024-10-19,
2024,mail,other,14,6561,3137,2223,3351,886,101,1544,2024-10-19,
2024,mail,other,13,7123,3445,2438,3611,964,110,1681,2024-10-19,
2024,mail,other,12,8138,3936,2772,4153,1085,128,1985,2024-10-19,
2024,mail,other,11,8839,4309,3031,4488,1175,145,2196,2024-10-19,
2024,mail,other,10,9473,4641,3256,4819,1243,155,2387,2024-10-26,
2024,mail,other,9,9883,4862,3417,5027,1281,158,2536,2024-10-26,
2024,mail,other,8,10757,5390,3790,5376,1414,177,2876,2024-10-26,
2024,mail,other,7,11382,5769,4037,5654,1508,183,3072,2024-10-26,
2024,mail,other,6,12364,6398,4476,6071,1622,195,3451,2024-10-26,
2024,mail,other,5,13441,7116,4937,6507,1768,229,3881,2024-10-26,
2024,mail,other,4,14583,7833,5400,6993,1935,255,4335,2024-10-26,
2024,mail,other,3,16311,8898,6110,7719,2188,294,5042,2024-11-02,
2024,mail,other,2,16587,9091,6229,7817,2240,301,5160,2024-11-02,
2024,mail,other,1,17893,10007,6841,8287,2430,335,5780,2024-11-02,
2024,mail,other,0,20201,11602,7870,9104,2830,397,6904,2024-11-05,
2024,mail,undesignated,60,0,0,0,0,0,0,0,2024-08-31,
2024,mail,undesignated,59,0,0,0,0,0,0,0,2024-09-07,
2024,mail,undesignated,58,0,0,0,0,0,0,0,2024-09-07,
2024,mail,undesignated,57,0,0,0,0,0,0,0,2024-09-07,
2024,mail,undesignated,56,0,0,0,0,0,0,0,2024-09-07,
2024,mail,undesignated,55,0,0,0,0,0,0,0,2024-09-07,
2024,mail,undesignated,54,0,0,0,0,0,0,0,2024-09-07,
2024,mail,undesignated,53,0,0,0,0,0,0,0,2024-09-07,
2024,mail,undesignated,52,0,0,0,0,0,0,0,2024-09-14,
2024,mail,undesignated,51,0,0,0,0,0,0,0,2024-09-14,
2024,mail,undesignated,50,0,0,0,0,0,0,0,2024-09-14,
2024,mail,undesignated,49,0,0,0,0,0,0,0,2024-09-14,
2024,mail,undesignated,48,0,0,0,0,0,0,0,2024-09-14,
2024,mail,undesignated,47,0,0,0,0,0,0,0,2024-09-14,
2024,mail,undesignated,46,59,42,31,25,2,1,21,2024-09-14,
2024,mail,undesignated,45,121,74,47,67,6,1,31,2024-09-21,
2024,mail,undesignated,44,202,121,79,110,12,1,50,2024-09-21,
2024,mail,undesignated,43,486,296,187,270,26,3,103,2024-09-21,
2024,mail,undesignated,42,738,458,291,398,44,5,154,2024-09-21,
2024,mail,undesignated,41,1112,714,464,575,67,6,247,2024-09-21,
2024,mail,undesignated,40,1210,776,504,623,75,8,271,2024-09-21,
2024,mail,undesignated,39,1361,870,566,696,90,9,301,2024-09-21,
2024,mail,undesignated,38,1537,999,643,784,100,10,349,2024-09-28,
2024,mail,undesignated,37,1591,1042,673,808,100,10,367,2024-09-28,
2024,mail,undesignated,36,1901,1227,782,982,123,14,425,2024-09-28,
2024,mail,undesignated,35,2119,1345,849,1115,137,18,453,2024-09-28,
2024,mail,undesignated,34,2509,1548,978,1329,179,23,511,2024-09-28,
2024,mail,undesignated,33,2949,1776,1107,1600,217,25,553,2024-09-28,
2024,mail,undesignated,32,3409,2021,1262,1846,271,30,622,2024-09-28,
2024,mail,undesignated,31,3544,2095,1311,1918,284,31,646,2024-10-05,
2024,mail,undesignated,30,3601,2133,1341,1941,288,31,658,2024-10-05,
2024,mail,undesignated,29,4307,2486,1544,2357,362,44,753,2024-10-05,
2024,mail,undesignated,28,4726,2702,1668,2603,403,52,823,2024-10-05,
2024,mail,undesignated,27,5245,2949,1811,2913,461,60,870,2024-10-05,
2024,mail,undesignated,26,5701,3162,1949,3173,512,67,938,2024-10-05,
2024,mail,undesignated,25,6333,3470,2158,3523,577,75,1023,2024-10-05,
2024,mail,undesignated,24,6613,3613,2243,3676,614,80,1083,2024-10-12,
2024,mail,undesignated,23,6695,3665,2272,3725,617,81,1106,2024-10-12,
2024,mail,undesignated,22,7210,3974,2453,4004,663,90,1215,2024-10-12,
2024,mail,undesignated,21,7778,4309,2654,4287,739,98,1322,2024-10-12,
2024,mail,undesignated,20,8300,4599,2833,4560,799,108,1427,2024-10-12,
2024,mail,undesignated,19,9086,5006,3055,4991,914,126,1554,2024-10-12,
2024,mail,undesignated,18,10046,5502,3343,5521,1031,151,1724,2024-10-12,
2024,mail,undesignated,17,10580,5798,3512,5804,1105,159,1855,2024-10-19,
2024,mail,undesignated,16,10837,5938,3597,5942,1135,163,1908,2024-10-19,
2024,mail,undesignated,15,12047,6650,3996,6577,1289,185,2161,2024-10-19,
2024,mail,undesignated,14,12776,7056,4237,6971,1372,196,2298,2024-10-19,
2024,mail,undesignated,13,13911,7706,4631,7541,1520,219,2514,2024-10-19,
2024,mail,undesignated,12,15280,8469,5069,8271,1691,249,2807,2024-10-19,
2024,mail,undesignated,11,16315,9069,5408,8790,1838,279,3003,2024-10-19,
2024,mail,undesignated,10,16985,9470,5614,9174,1910,287,3155,2024-10-26,
2024,mail,undesignated,9,17406,9715,5749,9383,1979,295,3292,2024-10-26,
2024,mail,undesignated,8,18952,10655,6268,10131,2222,331,3694,2024-10-26,
2024,mail,undesignated,7,20021,11318,6637,10644,2379,361,3962,2024-10-26,
2024,mail,undesignated,6,21610,12344,7196,11438,2575,401,4374,2024-10-26,
2024,mail,undesignated,5,23343,13466,7804,12243,2837,459,4809,2024-10-26,
2024,mail,undesignated,4,25132,14666,8391,13112,3123,506,5347,2024-10-26,
2024,mail,undesignated,3,27269,16105,9152,14075,3465,577,6030,2024-11-02,
2024,mail,undesignated,2,27791,16478,9375,14295,3535,586,6220,2024-11-02,
2024,mail,undesignated,1,29780,17889,10123,15119,3873,665,6913,2024-11-02,
2024,mail,undesignated,0,33492,20710,11790,16479,4432,791,8300,2024-11-05,
2024,mail,other_undesig,60,0,0,0,0,0,0,0,2024-08-31,1195790.0
2024,mail,other_undesig,59,0,0,0,0,0,0,0,2024-09-07,1200522.0
2024,mail,other_undesig,58,0,0,0,0,0,0,0,2024-09-07,1200522.0
2024,mail,other_undesig,57,0,0,0,0,0,0,0,2024-09-07,1200522.0
2024,mail,other_undesig,56,0,0,0,0,0,0,0,2024-09-07,1200522.0
2024,mail,other_undesig,55,0,0,0,0,0,0,0,2024-09-07,1200522.0
2024,mail,other_undesig,54,0,0,0,0,0,0,0,2024-09-07,1200522.0
2024,mail,other_undesig,53,0,0,0,0,0,0,0,2024-09-07,1200522.0
2024,mail,other_undesig,52,0,0,0,0,0,0,0,2024-09-14,1209736.0
2024,mail,other_undesig,51,0,0,0,0,0,0,0,2024-09-14,1209736.0
2024,mail,other_undesig,50,0,0,0,0,0,0,0,2024-09-14,1209736.0
2024,mail,other_undesig,49,0,0,0,0,0,0,0,2024-09-14,1209736.0
2024,mail,other_undesig,48,0,0,0,0,0,0,0,2024-09-14,1209736.0
2024,mail,other_undesig,47,0,0,0,0,0,0,0,2024-09-14,1209736.0
2024,mail,other_undesig,46,65,45,31,28,4,2,21,2024-09-14,1209736.0
2024,mail,other_undesig,45,139,87,54,74,9,2,34,2024-09-21,1218806.0
2024,mail,other_undesig,44,233,140,89,127,15,2,56,2024-09-21,1218806.0
2024,mail,other_undesig,43,575,350,222,302,45,6,128,2024-09-21,1218806.0
2024,mail,other_undesig,42,879,537,341,457,73,8,193,2024-09-21,1218806.0
2024,mail,other_undesig,41,1340,828,537,679,113,11,302,2024-09-21,1218806.0
2024,mail,other_undesig,40,1460,898,581,740,126,13,330,2024-09-21,1218806.0
2024,mail,other_undesig,39,1663,1008,653,842,152,16,370,2024-09-21,1218806.0
2024,mail,other_undesig,38,1872,1156,742,948,165,17,427,2024-09-28,1226738.0
2024,mail,other_undesig,37,1940,1208,777,980,166,17,451,2024-09-28,1226738.0
2024,mail,other_undesig,36,2381,1450,926,1219,208,28,533,2024-09-28,1226738.0
2024,mail,other_undesig,35,2732,1616,1025,1433,240,34,577,2024-09-28,1226738.0
2024,mail,other_undesig,34,3307,1892,1212,1746,308,41,669,2024-09-28,1226738.0
2024,mail,other_undesig,33,4016,2223,1406,2179,382,49,747,2024-09-28,1226738.0
2024,mail,other_undesig,32,4693,2570,1636,2535,464,58,849,2024-09-28,1226738.0
2024,mail,other_undesig,31,4916,2681,1705,2665,487,59,887,2024-10-05,1236222.0
2024,mail,other_undesig,30,4981,2720,1736,2692,493,60,903,2024-10-05,1236222.0
2024,mail,other_undesig,29,6067,3236,2049,3312,630,76,1073,2024-10-05,1236222.0
2024,mail,other_undesig,28,6732,3565,2253,3684,709,86,1189,2024-10-05,1236222.0
2024,mail,other_undesig,27,7523,3915,2472,4152,799,100,1280,2024-10-05,1236222.0
2024,mail,other_undesig,26,8199,4235,2691,4514,884,110,1388,2024-10-05,1236222.0
2024,mail,other_undesig,25,9241,4719,3015,5098,1004,124,1546,2024-10-05,1236222.0
2024,mail,other_undesig,24,9710,4942,3153,5352,1071,134,1652,2024-10-12,1247839.0
2024,mail,other_undesig,23,9811,5002,3187,5410,1079,135,1681,2024-10-12,1247839.0
2024,mail,other_undesig,22,10530,5417,3448,5776,1157,149,1843,2024-10-12,1247839.0
2024,mail,other_undesig,21,11343,5900,3761,6156,1266,160,2015,2024-10-12,1247839.0
2024,mail,other_undesig,20,12059,6288,4013,6520,1354,172,2183,2024-10-12,1247839.0
2024,mail,other_undesig,19,13398,6955,4428,7238,1536,196,2453,2024-10-12,1247839.0
2024,mail,other_undesig,18,14989,7778,4953,8081,1723,232,2785,2024-10-12,1247839.0
2024,mail,other_undesig,17,15949,8281,5279,8585,1842,243,3037,2024-10-19,1264991.0
2024,mail,other_undesig,16,16433,8532,5437,8846,1900,250,3147,2024-10-19,1264991.0
2024,mail,other_undesig,15,18213,9577,6072,9741,2123,277,3588,2024-10-19,1264991.0
2024,mail,other_undesig,14,19337,10193,6460,10322,2258,297,3842,2024-10-19,1264991.0
2024,mail,other_undesig,13,21034,11151,7069,11152,2484,329,4195,2024-10-19,1264991.0
2024,mail,other_undesig,12,23418,12405,7841,12424,2776,377,4792,2024-10-19,1264991.0
2024,mail,other_undesig,11,25154,13378,8439,13278,3013,424,5199,2024-10-19,1264991.0
2024,mail,other_undesig,10,26458,14111,8870,13993,3153,442,5542,2024-10-26,1276886.0
2024,mail,other_undesig,9,27289,14577,9166,14410,3260,453,5828,2024-10-26,1276886.0
2024,mail,other_undesig,8,29709,16045,10058,15507,3636,508,6570,2024-10-26,1276886.0
2024,mail,other_undesig,7,31403,17087,10674,16298,3887,544,7034,2024-10-26,1276886.0
2024,mail,other_undesig,6,33974,18742,11672,17509,4197,596,7825,2024-10-26,1276886.0
2024,mail,other_undesig,5,36784,20582,12741,18750,4605,688,8690,2024-10-26,1276886.0
2024,mail,other_undesig,4,39715,22499,13791,20105,5058,761,9682,2024-10-26,1276886.0
2024,mail,other_undesig,3,43580,25003,15262,21794,5653,871,11072,2024-11-02,1292680.0
2024,mail,other_undesig,2,44378,25569,15604,22112,5775,887,11380,2024-11-02,1292680.0
2024,mail,other_undesig,1,47673,27896,16964,23406,6303,1000,12693,2024-11-02,1292680.0
2024,mail,other_undesig,0,53693,32312,19660,25583,7262,1188,15204,2024-11-05,1301808.0
2024,mail,hispanic,60,0,0,0,0,0,0,0,2024-08-31,310679.0
2024,mail,hispanic,59,0,0,0,0,0,0,0,2024-09-07,311586.0
2024,mail,hispanic,58,0,0,0,0,0,0,0,2024-09-07,311586.0
2024,mail,hispanic,57,0,0,0,0,0,0,0,2024-09-07,311586.0
2024,mail,hispanic,56,0,0,0,0,0,0,0,2024-09-07,311586.0
2024,mail,hispanic,55,0,0,0,0,0,0,0,2024-09-07,311586.0
2024,mail,hispanic,54,0,0,0,0,0,0,0,2024-09-07,311586.0
2024,mail,hispanic,53,0,0,0,0,0,0,0,2024-09-07,311586.0
2024,mail,hispanic,52,0,0,0,0,0,0,0,2024-09-14,313117.0
2024,mail,hispanic,51,0,0,0,0,0,0,0,2024-09-14,313117.0
2024,mail,hispanic,50,0,0,0,0,0,0,0,2024-09-14,313117.0
2024,mail,hispanic,49,0,0,0,0,0,0,0,2024-09-14,313117.0
2024,mail,hispanic,48,0,0,0,0,0,0,0,2024-09-14,313117.0
2024,mail,hispanic,47,0,0,0,0,0,0,0,2024-09-14,313117.0
2024,mail,hispanic,46,5,3,1,1,2,1,0,2024-09-14,313117.0
2024,mail,hispanic,45,10,8,4,2,3,1,2,2024-09-21,314537.0
2024,mail,hispanic,44,16,12,7,4,4,1,5,2024-09-21,314537.0
2024,mail,hispanic,43,46,31,22,11,12,1,15,2024-09-21,314537.0
2024,mail,hispanic,42,66,37,26,20,19,1,23,2024-09-21,314537.0
2024,mail,hispanic,41,92,52,35,31,24,2,28,2024-09-21,314537.0
2024,mail,hispanic,40,100,53,36,35,27,2,28,2024-09-21,314537.0
2024,mail,hispanic,39,117,62,42,42,30,3,28,2024-09-21,314537.0
2024,mail,hispanic,38,133,73,48,49,33,3,33,2024-09-28,315854.0
2024,mail,hispanic,37,136,75,49,51,33,3,35,2024-09-28,315854.0
2024,mail,hispanic,36,193,109,73,72,43,5,42,2024-09-28,315854.0
2024,mail,hispanic,35,235,127,86,96,46,7,46,2024-09-28,315854.0
2024,mail,hispanic,34,304,165,116,127,53,8,59,2024-09-28,315854.0
2024,mail,hispanic,33,401,209,150,178,63,10,71,2024-09-28,315854.0
2024,mail,hispanic,32,505,258,188,228,76,13,80,2024-09-28,315854.0
2024,mail,hispanic,31,539,272,198,248,79,14,87,2024-10-05,317439.0
2024,mail,hispanic,30,543,274,200,250,79,14,89,2024-10-05,317439.0
2024,mail,hispanic,29,674,326,239,324,96,15,116,2024-10-05,317439.0
2024,mail,hispanic,28,755,368,270,362,104,19,128,2024-10-05,317439.0
2024,mail,hispanic,27,849,407,301,408,121,19,145,2024-10-05,317439.0
2024,mail,hispanic,26,950,454,341,455,133,21,160,2024-10-05,317439.0
2024,mail,hispanic,25,1080,524,401,507,146,26,185,2024-10-05,317439.0
2024,mail,hispanic,24,1153,559,420,543,163,27,198,2024-10-12,319557.0
2024,mail,hispanic,23,1159,564,423,545,164,27,200,2024-10-12,319557.0
2024,mail,hispanic,22,1262,623,466,590,178,28,233,2024-10-12,319557.0
2024,mail,hispanic,21,1376,687,512,643,193,28,265,2024-10-12,319557.0
2024,mail,hispanic,20,1468,736,541,689,207,31,289,2024-10-12,319557.0
2024,mail,hispanic,19,1663,823,607,785,239,32,350,2024-10-12,319557.0
2024,mail,hispanic,18,1900,943,689,910,266,35,405,2024-10-12,319557.0
2024,mail,hispanic,17,2023,1002,739,974,274,36,441,2024-10-19,322250.0
2024,mail,hispanic,16,2097,1049,772,1004,285,36,464,2024-10-19,322250.0
2024,mail,hispanic,15,2327,1179,868,1104,317,38,534,2024-10-19,322250.0
2024,mail,hispanic,14,2493,1262,925,1185,341,42,581,2024-10-19,322250.0
2024,mail,hispanic,13,2732,1408,1038,1277,371,46,638,2024-10-19,322250.0
2024,mail,hispanic,12,3043,1600,1169,1416,407,51,712,2024-10-19,322250.0
2024,mail,hispanic,11,3336,1761,1286,1547,446,57,813,2024-10-19,322250.0
2024,mail,hispanic,10,3524,1854,1353,1638,474,59,865,2024-10-26,323678.0
2024,mail,hispanic,9,3640,1917,1401,1683,493,63,906,2024-10-26,323678.0
2024,mail,hispanic,8,3977,2130,1558,1804,546,69,1036,2024-10-26,323678.0
2024,mail,hispanic,7,4231,2286,1661,1902,593,75,1133,2024-10-26,323678.0
2024,mail,hispanic,6,4589,2530,1846,2023,640,80,1279,2024-10-26,323678.0
2024,mail,hispanic,5,5074,2861,2076,2191,710,97,1467,2024-10-26,323678.0
2024,mail,hispanic,4,5565,3199,2318,2343,790,114,1688,2024-10-26,323678.0
2024,mail,hispanic,3,6201,3603,2600,2570,900,131,1950,2024-11-02,325949.0
2024,mail,hispanic,2,6307,3676,2653,2597,923,134,1996,2024-11-02,325949.0
2024,mail,hispanic,1,6813,4043,2909,2746,1012,146,2270,2024-11-02,325949.0
2024,mail,hispanic,0,7756,4740,3386,3000,1178,192,2740,2024-11-05,327297.0
2024,mail,eth_designated,60,0,0,0,0,0,0,0,2024-08-31,
2024,mail,eth_designated,59,0,0,0,0,0,0,0,2024-09-07,
2024,mail,eth_designated,58,0,0,0,0,0,0,0,2024-09-07,
2024,mail,eth_designated,57,0,0,0,0,0,0,0,2024-09-07,
2024,mail,eth_designated,56,0,0,0,0,0,0,0,2024-09-07,
2024,mail,eth_designated,55,0,0,0,0,0,0,0,2024-09-07,
2024,mail,eth_designated,54,0,0,0,0,0,0,0,2024-09-07,
2024,mail,eth_designated,53,0,0,0,0,0,0,0,2024-09-07,
2024,mail,eth_designated,52,0,0,0,0,0,0,0,2024-09-14,
2024,mail,eth_designated,51,0,0,0,0,0,0,0,2024-09-14,
2024,mail,eth_designated,50,0,0,0,0,0,0,0,2024-09-14,
2024,mail,eth_designated,49,0,0,0,0,0,0,0,2024-09-14,
2024,mail,eth_designated,48,0,0,0,0,0,0,0,2024-09-14,
2024,mail,eth_designated,47,0,0,0,0,0,0,0,2024-09-14,
2024,mail,eth_designated,46,64,23,9,40,13,2,7,2024-09-14,
2024,mail,eth_designated,45,175,59,29,118,25,3,28,2024-09-21,
2024,mail,eth_designated,44,286,105,58,182,42,4,62,2024-09-21,
2024,mail,eth_designated,43,762,301,175,450,119,18,154,2024-09-21,
2024,mail,eth_designated,42,1161,447,262,689,186,24,239,2024-09-21,
2024,mail,eth_designated,41,1739,654,376,1029,304,30,341,2024-09-21,
2024,mail,eth_designated,40,2006,724,417,1198,354,37,366,2024-09-21,
2024,mail,eth_designated,39,2392,859,510,1412,428,42,415,2024-09-21,
2024,mail,eth_designated,38,2676,959,574,1578,477,47,475,2024-09-28,
2024,mail,eth_designated,37,2760,993,592,1621,499,48,499,2024-09-28,
2024,mail,eth_designated,36,4546,1445,910,2755,800,81,642,2024-09-28,
2024,mail,eth_designated,35,6084,1779,1112,3816,1048,108,729,2024-09-28,
2024,mail,eth_designated,34,8557,2408,1534,5456,1409,158,919,2024-09-28,
2024,mail,eth_designated,33,11952,3270,2076,7710,1936,230,1143,2024-09-28,
2024,mail,eth_designated,32,14914,4075,2551,9632,2435,296,1355,2024-09-28,
2024,mail,eth_designated,31,15806,4311,2705,10221,2566,314,1431,2024-10-05,
2024,mail,eth_designated,30,15930,4349,2726,10295,2592,317,1451,2024-10-05,
2024,mail,eth_designated,29,20920,5701,3593,13402,3481,444,1860,2024-10-05,
2024,mail,eth_designated,28,24342,6638,4186,15579,4052,525,2147,2024-10-05,
2024,mail,eth_designated,27,28185,7721,4846,18058,4658,623,2455,2024-10-05,
2024,mail,eth_designated,26,31777,8844,5548,20264,5248,717,2739,2024-10-05,
2024,mail,eth_designated,25,36724,10368,6502,23332,6070,820,3208,2024-10-05,
2024,mail,eth_designated,24,38824,11025,6908,24602,6457,857,3472,2024-10-12,
2024,mail,eth_designated,23,39026,11114,6952,24724,6489,861,3503,2024-10-12,
2024,mail,eth_designated,22,42040,12095,7601,26414,7099,926,3884,2024-10-12,
2024,mail,eth_designated,21,45677,13342,8396,28456,7795,1030,4388,2024-10-12,
2024,mail,eth_designated,20,48857,14453,9105,30200,8423,1129,4790,2024-10-12,
2024,mail,eth_designated,19,55288,16522,10426,34132,9459,1271,5639,2024-10-12,
2024,mail,eth_designated,18,62804,19065,12090,38546,10720,1448,6606,2024-10-12,
2024,mail,eth_designated,17,67013,20558,13086,41024,11371,1532,7321,2024-10-19,
2024,mail,eth_designated,16,68816,21197,13519,42033,11691,1573,7695,2024-10-19,
2024,mail,eth_designated,15,76505,24017,15268,46193,13238,1806,8855,2024-10-19,
2024,mail,eth_designated,14,81632,25925,16492,48921,14266,1953,9691,2024-10-19,
2024,mail,eth_designated,13,88517,28561,18133,52705,15512,2167,10698,2024-10-19,
2024,mail,eth_designated,12,97955,32049,20289,57988,17222,2456,12249,2024-10-19,
2024,mail,eth_designated,11,105450,34916,22136,61956,18681,2677,13575,2024-10-19,
2024,mail,eth_designated,10,110379,36867,23318,64727,19525,2809,14527,2024-10-26,
2024,mail,eth_designated,9,113102,38038,24078,66151,19990,2883,15281,2024-10-26,
2024,mail,eth_designated,8,122260,42125,26563,70424,22051,3222,17386,2024-10-26,
2024,mail,eth_designated,7,128880,45014,28318,73598,23476,3488,18709,2024-10-26,
2024,mail,eth_designated,6,137979,49205,30842,78006,25258,3873,20823,2024-10-26,
2024,mail,eth_designated,5,148046,54134,33815,82662,27308,4261,23386,2024-10-26,
2024,mail,eth_designated,4,158233,59194,36848,87106,29566,4713,26185,2024-10-26,
2024,mail,eth_designated,3,170436,65537,40662,92399,32120,5255,30125,2024-11-02,
2024,mail,eth_designated,2,172581,66796,41411,93232,32588,5350,30863,2024-11-02,
2024,mail,eth_designated,1,182518,72320,44811,96968,34885,5854,34369,2024-11-02,
2024,mail,eth_designated,0,197439,81467,50253,102109,38356,6721,40257,2024-11-05,
2024,in_person,all,60,0,0,0,0,0,0,0,2024-08-31,7617888.0
2024,in_person,all,59,0,0,0,0,0,0,0,2024-09-07,7628002.0
2024,in_person,all,58,0,0,0,0,0,0,0,2024-09-07,7628002.0
2024,in_person,all,57,0,0,0,0,0,0,0,2024-09-07,7628002.0
2024,in_person,all,56,0,0,0,0,0,0,0,2024-09-07,7628002.0
2024,in_person,all,55,0,0,0,0,0,0,0,2024-09-07,7628002.0
2024,in_person,all,54,0,0,0,0,0,0,0,2024-09-07,7628002.0
2024,in_person,all,53,0,0,0,0,0,0,0,2024-09-07,7628002.0
2024,in_person,all,52,0,0,0,0,0,0,0,2024-09-14,7647355.0
2024,in_person,all,51,0,0,0,0,0,0,0,2024-09-14,7647355.0
2024,in_person,all,50,0,0,0,0,0,0,0,2024-09-14,7647355.0
2024,in_person,all,49,0,0,0,0,0,0,0,2024-09-14,7647355.0
2024,in_person,all,48,0,0,0,0,0,0,0,2024-09-14,7647355.0
2024,in_person,all,47,0,0,0,0,0,0,0,2024-09-14,7647355.0
2024,in_person,all,46,0,0,0,0,0,0,0,2024-09-14,7647355.0
2024,in_person,all,45,0,0,0,0,0,0,0,2024-09-21,7666436.0
2024,in_person,all,44,0,0,0,0,0,0,0,2024-09-21,7666436.0
2024,in_person,all,43,0,0,0,0,0,0,0,2024-09-21,7666436.0
2024,in_person,all,42,0,0,0,0,0,0,0,2024-09-21,7666436.0
2024,in_person,all,41,0,0,0,0,0,0,0,2024-09-21,7666436.0
2024,in_person,all,40,0,0,0,0,0,0,0,2024-09-21,7666436.0
2024,in_person,all,39,0,0,0,0,0,0,0,2024-09-21,7666436.0
2024,in_person,all,38,0,0,0,0,0,0,0,2024-09-28,7683724.0
2024,in_person,all,37,0,0,0,0,0,0,0,2024-09-28,7683724.0
2024,in_person,all,36,0,0,0,0,0,0,0,2024-09-28,7683724.0
2024,in_person,all,35,0,0,0,0,0,0,0,2024-09-28,7683724.0
2024,in_person,all,34,0,0,0,0,0,0,0,2024-09-28,7683724.0
2024,in_person,all,33,0,0,0,0,0,0,0,2024-09-28,7683724.0
2024,in_person,all,32,0,0,0,0,0,0,0,2024-09-28,7683724.0
2024,in_person,all,31,0,0,0,0,0,0,0,2024-10-05,7704452.0
2024,in_person,all,30,0,0,0,0,0,0,0,2024-10-05,7704452.0
2024,in_person,all,29,0,0,0,0,0,0,0,2024-10-05,7704452.0
2024,in_person,all,28,0,0,0,0,0,0,0,2024-10-05,7704452.0
2024,in_person,all,27,0,0,0,0,0,0,0,2024-10-05,7704452.0
2024,in_person,all,26,0,0,0,0,0,0,0,2024-10-05,7704452.0
2024,in_person,all,25,0,0,0,0,0,0,0,2024-10-05,7704452.0
2024,in_person,all,24,0,0,0,0,0,0,0,2024-10-12,7736114.0
2024,in_person,all,23,0,0,0,0,0,0,0,2024-10-12,7736114.0
2024,in_person,all,22,0,0,0,0,0,0,0,2024-10-12,7736114.0
2024,in_person,all,21,0,0,0,0,0,0,0,2024-10-12,7736114.0
2024,in_person,all,20,0,0,0,0,0,0,0,2024-10-12,7736114.0
2024,in_person,all,19,360191,70287,52414,55633,238418,13726,24623,2024-10-12,7736114.0
2024,in_person,all,18,700054,142931,105532,104737,461849,27936,54852,2024-10-12,7736114.0
2024,in_person,all,17,868672,185087,135444,127346,570991,34891,76136,2024-10-19,7770728.0
2024,in_person,all,16,944228,205176,150174,138977,617668,37409,86708,2024-10-19,7770728.0
2024,in_person,all,15,1285553,280182,202584,186932,842446,53591,116616,2024-10-19,7770728.0
2024,in_person,all,14,1603270,353327,252989,231262,1048613,70406,145987,2024-10-19,7770728.0
2024,in_person,all,13,1895319,427965,302742,269732,1234567,88278,176341,2024-10-19,7770728.0
2024,in_person,all,12,2171002,504751,353413,304406,1406068,107115,208940,2024-10-19,7770728.0
2024,in_person,all,11,2458490,596152,413292,336548,1580128,128522,251171,2024-10-19,7770728.0
2024,in_person,all,10,2596734,645008,445228,350857,1662726,137923,276875,2024-10-26,7793041.0
2024,in_person,all,9,2673667,672779,463804,359685,1707406,142772,292601,2024-10-26,7793041.0
2024,in_person,all,8,2948040,767061,524433,388825,1867972,166810,334325,2024-10-26,7793041.0
2024,in_person,all,7,3203438,860877,584672,415590,2012002,191174,376584,2024-10-26,7793041.0
2024,in_person,all,6,3446879,958800,646778,439870,2144111,216120,421548,2024-10-26,7793041.0
2024,in_person,all,5,3672244,1054866,707355,461273,2262923,240693,464955,2024-10-26,7793041.0
2024,in_person,all,4,3980020,1199069,797071,487961,2418266,276722,531707,2024-10-26,7793041.0
2024,in_person,all,3,4223720,1328232,876021,505236,2534345,308118,595273,2024-11-02,7822024.0
2024,in_person,all,2,4223720,1328232,876021,505236,2534345,308118,595273,2024-11-02,7822024.0
2024,in_person,all,1,4223720,1328232,876021,505236,2534345,308118,595273,2024-11-02,7822024.0
2024,in_person,all,0,4223720,1328232,876021,505236,2534345,308118,595273,2024-11-05,7839911.0
2024,in_person,white,60,0,0,0,0,0,0,0,2024-08-31,4909688.0
2024,in_person,white,59,0,0,0,0,0,0,0,2024-09-07,4913921.0
2024,in_person,white,58,0,0,0,0,0,0,0,2024-09-07,4913921.0
2024,in_person,white,57,0,0,0,0,0,0,0,2024-09-07,4913921.0
2024,in_person,white,56,0,0,0,0,0,0,0,2024-09-07,4913921.0
2024,in_person,white,55,0,0,0,0,0,0,0,2024-09-07,4913921.0
2024,in_person,white,54,0,0,0,0,0,0,0,2024-09-07,4913921.0
2024,in_person,white,53,0,0,0,0,0,0,0,2024-09-07,4913921.0
2024,in_person,white,52,0,0,0,0,0,0,0,2024-09-14,4921654.0
2024,in_person,white,51,0,0,0,0,0,0,0,2024-09-14,4921654.0
2024,in_person,white,50,0,0,0,0,0,0,0,2024-09-14,4921654.0
2024,in_person,white,49,0,0,0,0,0,0,0,2024-09-14,4921654.0
2024,in_person,white,48,0,0,0,0,0,0,0,2024-09-14,4921654.0
2024,in_person,white,47,0,0,0,0,0,0,0,2024-09-14,4921654.0
2024,in_person,white,46,0,0,0,0,0,0,0,2024-09-14,4921654.0
2024,in_person,white,45,0,0,0,0,0,0,0,2024-09-21,4929188.0
2024,in_person,white,44,0,0,0,0,0,0,0,2024-09-21,4929188.0
2024,in_person,white,43,0,0,0,0,0,0,0,2024-09-21,4929188.0
2024,in_person,white,42,0,0,0,0,0,0,0,2024-09-21,4929188.0
2024,in_person,white,41,0,0,0,0,0,0,0,2024-09-21,4929188.0
2024,in_person,white,40,0,0,0,0,0,0,0,2024-09-21,4929188.0
2024,in_person,white,39,0,0,0,0,0,0,0,2024-09-21,4929188.0
2024,in_person,white,38,0,0,0,0,0,0,0,2024-09-28,4936577.0
2024,in_person,white,37,0,0,0,0,0,0,0,2024-09-28,4936577.0
2024,in_person,white,36,0,0,0,0,0,0,0,2024-09-28,4936577.0
2024,in_person,white,35,0,0,0,0,0,0,0,2024-09-28,4936577.0
2024,in_person,white,34,0,0,0,0,0,0,0,2024-09-28,4936577.0
2024,in_person,white,33,0,0,0,0,0,0,0,2024-09-28,4936577.0
2024,in_person,white,32,0,0,0,0,0,0,0,2024-09-28,4936577.0
2024,in_person,white,31,0,0,0,0,0,0,0,2024-10-05,4945333.0
2024,in_person,white,30,0,0,0,0,0,0,0,2024-10-05,4945333.0
2024,in_person,white,29,0,0,0,0,0,0,0,2024-10-05,4945333.0
2024,in_person,white,28,0,0,0,0,0,0,0,2024-10-05,4945333.0
2024,in_person,white,27,0,0,0,0,0,0,0,2024-10-05,4945333.0
2024,in_person,white,26,0,0,0,0,0,0,0,2024-10-05,4945333.0
2024,in_person,white,25,0,0,0,0,0,0,0,2024-10-05,4945333.0
2024,in_person,white,24,0,0,0,0,0,0,0,2024-10-12,4960951.0
2024,in_person,white,23,0,0,0,0,0,0,0,2024-10-12,4960951.0
2024,in_person,white,22,0,0,0,0,0,0,0,2024-10-12,4960951.0
2024,in_person,white,21,0,0,0,0,0,0,0,2024-10-12,4960951.0
2024,in_person,white,20,0,0,0,0,0,0,0,2024-10-12,4960951.0
2024,in_person,white,19,249475,46744,35306,37015,165863,11291,15979,2024-10-12,4960951.0
2024,in_person,white,18,495529,95881,71700,71962,328825,23042,36288,2024-10-12,4960951.0
2024,in_person,white,17,611815,123012,91310,87046,404813,28646,50250,2024-10-19,4973339.0
2024,in_person,white,16,661361,135311,100530,95057,435248,30526,56706,2024-10-19,4973339.0
2024,in_person,white,15,905436,184438,135349,129573,596862,43652,75718,2024-10-19,4973339.0
2024,in_person,white,14,1137627,232603,168875,162438,748926,57388,94393,2024-10-19,4973339.0
2024,in_person,white,13,1351506,281618,201982,191106,886472,71946,113868,2024-10-19,4973339.0
2024,in_person,white,12,1551231,331152,234977,216623,1012462,87169,134318,2024-10-19,4973339.0
2024,in_person,white,11,1756251,390197,273851,239653,1138304,104443,161380,2024-10-19,4973339.0
2024,in_person,white,10,1847286,419829,293442,248943,1193194,111707,177461,2024-10-26,4980453.0
2024,in_person,white,9,1896215,435687,304159,254815,1221926,115315,186761,2024-10-26,4980453.0
2024,in_person,white,8,2085507,493390,341742,275576,1334116,134073,212210,2024-10-26,4980453.0
2024,in_person,white,7,2262107,550531,378746,294704,1435702,152955,237643,2024-10-26,4980453.0
2024,in_person,white,6,2426229,609267,416113,311724,1526404,171988,264108,2024-10-26,4980453.0
2024,in_person,white,5,2574657,665815,451768,326475,1606016,190398,288888,2024-10-26,4980453.0
2024,in_person,white,4,2771935,749780,503943,344062,1706905,217025,327349,2024-10-26,4980453.0
2024,in_person,white,3,2911229,817868,545778,354154,1773288,238009,360832,2024-11-02,4989620.0
2024,in_person,white,2,2911229,817868,545778,354154,1773288,238009,360832,2024-11-02,4989620.0
2024,in_person,white,1,2911229,817868,545778,354154,1773288,238009,360832,2024-11-02,4989620.0
2024,in_person,white,0,2911229,817868,545778,354154,1773288,238009,360832,2024-11-05,4995631.0
2024,in_person,black,60,0,0,0,0,0,0,0,2024-08-31,1512410.0
2024,in_person,black,59,0,0,0,0,0,0,0,2024-09-07,1513559.0
2024,in_person,black,58,0,0,0,0,0,0,0,2024-09-07,1513559.0
2024,in_person,black,57,0,0,0,0,0,0,0,2024-09-07,1513559.0
2024,in_person,black,56,0,0,0,0,0,0,0,2024-09-07,1513559.0
2024,in_person,black,55,0,0,0,0,0,0,0,2024-09-07,1513559.0
2024,in_person,black,54,0,0,0,0,0,0,0,2024-09-07,1513559.0
2024,in_person,black,53,0,0,0,0,0,0,0,2024-09-07,1513559.0
2024,in_person,black,52,0,0,0,0,0,0,0,2024-09-14,1515965.0
2024,in_person,black,51,0,0,0,0,0,0,0,2024-09-14,1515965.0
2024,in_person,black,50,0,0,0,0,0,0,0,2024-09-14,1515965.0
2024,in_person,black,49,0,0,0,0,0,0,0,2024-09-14,1515965.0
2024,in_person,black,48,0,0,0,0,0,0,0,2024-09-14,1515965.0
2024,in_person,black,47,0,0,0,0,0,0,0,2024-09-14,1515965.0
2024,in_person,black,46,0,0,0,0,0,0,0,2024-09-14,1515965.0
2024,in_person,black,45,0,0,0,0,0,0,0,2024-09-21,1518442.0
2024,in_person,black,44,0,0,0,0,0,0,0,2024-09-21,1518442.0
2024,in_person,black,43,0,0,0,0,0,0,0,2024-09-21,1518442.0
2024,in_person,black,42,0,0,0,0,0,0,0,2024-09-21,1518442.0
2024,in_person,black,41,0,0,0,0,0,0,0,2024-09-21,1518442.0
2024,in_person,black,40,0,0,0,0,0,0,0,2024-09-21,1518442.0
2024,in_person,black,39,0,0,0,0,0,0,0,2024-09-21,1518442.0
2024,in_person,black,38,0,0,0,0,0,0,0,2024-09-28,1520409.0
2024,in_person,black,37,0,0,0,0,0,0,0,2024-09-28,1520409.0
2024,in_person,black,36,0,0,0,0,0,0,0,2024-09-28,1520409.0
2024,in_person,black,35,0,0,0,0,0,0,0,2024-09-28,1520409.0
2024,in_person,black,34,0,0,0,0,0,0,0,2024-09-28,1520409.0
2024,in_person,black,33,0,0,0,0,0,0,0,2024-09-28,1520409.0
2024,in_person,black,32,0,0,0,0,0,0,0,2024-09-28,1520409.0
2024,in_person,black,31,0,0,0,0,0,0,0,2024-10-05,1522897.0
2024,in_person,black,30,0,0,0,0,0,0,0,2024-10-05,1522897.0
2024,in_person,black,29,0,0,0,0,0,0,0,2024-10-05,1522897.0
2024,in_person,black,28,0,0,0,0,0,0,0,2024-10-05,1522897.0
2024,in_person,black,27,0,0,0,0,0,0,0,2024-10-05,1522897.0
2024,in_person,black,26,0,0,0,0,0,0,0,2024-10-05,1522897.0
2024,in_person,black,25,0,0,0,0,0,0,0,2024-10-05,1522897.0
2024,in_person,black,24,0,0,0,0,0,0,0,2024-10-12,1527324.0
2024,in_person,black,23,0,0,0,0,0,0,0,2024-10-12,1527324.0
2024,in_person,black,22,0,0,0,0,0,0,0,2024-10-12,1527324.0
2024,in_person,black,21,0,0,0,0,0,0,0,2024-10-12,1527324.0
2024,in_person,black,20,0,0,0,0,0,0,0,2024-10-12,1527324.0
2024,in_person,black,19,76805,11166,7841,13105,54686,1173,3673,2024-10-12,1527324.0
2024,in_person,black,18,137256,21392,14738,22125,98060,2333,7649,2024-10-12,1527324.0
2024,in_person,black,17,169486,27858,18949,26391,121196,2950,10845,2024-10-19,1532398.0
2024,in_person,black,16,185081,31056,21086,28309,132404,3282,12595,2024-10-19,1532398.0
2024,in_person,black,15,248925,43099,28869,36670,178511,4875,17506,2024-10-19,1532398.0
2024,in_person,black,14,302920,54508,36142,43504,216840,6434,22217,2024-10-19,1532398.0
2024,in_person,black,13,349873,65561,42895,49039,249887,8052,26868,2024-10-19,1532398.0
2024,in_person,black,12,394434,77479,50066,53956,280588,9824,31972,2024-10-19,1532398.0
2024,in_person,black,11,440395,91027,58307,58614,311670,11804,38317,2024-10-19,1532398.0
2024,in_person,black,10,467472,99353,63255,61082,330223,12912,42596,2024-10-26,1535702.0
2024,in_person,black,9,482667,104186,66248,62382,340489,13548,45383,2024-10-26,1535702.0
2024,in_person,black,8,531047,120424,75752,66715,372314,16266,52485,2024-10-26,1535702.0
2024,in_person,black,7,574019,136252,85016,70475,399477,19051,59421,2024-10-26,1535702.0
2024,in_person,black,6,616846,153406,95090,73915,425790,22051,67120,2024-10-26,1535702.0
2024,in_person,black,5,658584,170903,105355,77024,450928,25277,74879,2024-10-26,1535702.0
2024,in_person,black,4,716492,196838,120159,81063,485133,30137,86470,2024-10-26,1535702.0
2024,in_person,black,3,774098,225585,136049,84372,517564,36113,100075,2024-11-02,1539724.0
2024,in_person,black,2,774098,225585,136049,84372,517564,36113,100075,2024-11-02,1539724.0
2024,in_person,black,1,774098,225585,136049,84372,517564,36113,100075,2024-11-02,1539724.0
2024,in_person,black,0,774098,225585,136049,84372,517564,36113,100075,2024-11-05,1542472.0
2024,in_person,other,60,0,0,0,0,0,0,0,2024-08-31,
2024,in_person,other,59,0,0,0,0,0,0,0,2024-09-07,
2024,in_person,other,58,0,0,0,0,0,0,0,2024-09-07,
2024,in_person,other,57,0,0,0,0,0,0,0,2024-09-07,
2024,in_person,other,56,0,0,0,0,0,0,0,2024-09-07,
2024,in_person,other,55,0,0,0,0,0,0,0,2024-09-07,
2024,in_person,other,54,0,0,0,0,0,0,0,2024-09-07,
2024,in_person,other,53,0,0,0,0,0,0,0,2024-09-07,
2024,in_person,other,52,0,0,0,0,0,0,0,2024-09-14,
2024,in_person,other,51,0,0,0,0,0,0,0,2024-09-14,
2024,in_person,other,50,0,0,0,0,0,0,0,2024-09-14,
2024,in_person,other,49,0,0,0,0,0,0,0,2024-09-14,
2024,in_person,other,48,0,0,0,0,0,0,0,2024-09-14,
2024,in_person,other,47,0,0,0,0,0,0,0,2024-09-14,
2024,in_person,other,46,0,0,0,0,0,0,0,2024-09-14,
2024,in_person,other,45,0,0,0,0,0,0,0,2024-09-21,
2024,in_person,other,44,0,0,0,0,0,0,0,2024-09-21,
2024,in_person,other,43,0,0,0,0,0,0,0,2024-09-21,
2024,in_person,other,42,0,0,0,0,0,0,0,2024-09-21,
2024,in_person,other,41,0,0,0,0,0,0,0,2024-09-21,
2024,in_person,other,40,0,0,0,0,0,0,0,2024-09-21,
2024,in_person,other,39,0,0,0,0,0,0,0,2024-09-21,
2024,in_person,other,38,0,0,0,0,0,0,0,2024-09-28,
2024,in_person,other,37,0,0,0,0,0,0,0,2024-09-28,
2024,in_person,other,36,0,0,0,0,0,0,0,2024-09-28,
2024,in_person,other,35,0,0,0,0,0,0,0,2024-09-28,
2024,in_person,other,34,0,0,0,0,0,0,0,2024-09-28,
2024,in_person,other,33,0,0,0,0,0,0,0,2024-09-28,
2024,in_person,other,32,0,0,0,0,0,0,0,2024-09-28,
2024,in_person,other,31,0,0,0,0,0,0,0,2024-10-05,
2024,in_person,other,30,0,0,0,0,0,0,0,2024-10-05,
2024,in_person,other,29,0,0,0,0,0,0,0,2024-10-05,
2024,in_person,other,28,0,0,0,0,0,0,0,2024-10-05,
2024,in_person,other,27,0,0,0,0,0,0,0,2024-10-05,
2024,in_person,other,26,0,0,0,0,0,0,0,2024-10-05,
2024,in_person,other,25,0,0,0,0,0,0,0,2024-10-05,
2024,in_person,other,24,0,0,0,0,0,0,0,2024-10-12,
2024,in_person,other,23,0,0,0,0,0,0,0,2024-10-12,
2024,in_person,other,22,0,0,0,0,0,0,0,2024-10-12,
2024,in_person,other,21,0,0,0,0,0,0,0,2024-10-12,
2024,in_person,other,20,0,0,0,0,0,0,0,2024-10-12,
2024,in_person,other,19,15034,5288,4108,2518,7869,539,2302,2024-10-12,
2024,in_person,other,18,29622,11012,8550,4852,15148,1072,5074,2024-10-12,
2024,in_person,other,17,38891,14920,11552,6495,19489,1355,7086,2024-10-19,
2024,in_person,other,16,43903,17057,13186,7364,21852,1501,8216,2024-10-19,
2024,in_person,other,15,57910,22805,17400,9570,28853,2087,10727,2024-10-19,
2024,in_person,other,14,70596,28153,21310,11575,35047,2664,13203,2024-10-19,
2024,in_person,other,13,83320,33909,25338,13518,41125,3339,15800,2024-10-19,
2024,in_person,other,12,96153,40024,29694,15416,46954,4089,18746,2024-10-19,
2024,in_person,other,11,111434,47704,35178,17482,53838,4936,22531,2024-10-19,
2024,in_person,other,10,120525,52599,38693,18793,57701,5338,25004,2024-10-26,
2024,in_person,other,9,126534,55925,41088,19626,60226,5594,26675,2024-10-26,
2024,in_person,other,8,141923,64417,46934,21433,66936,6620,30539,2024-10-26,
2024,in_person,other,7,157172,73247,53138,23203,73072,7759,34882,2024-10-26,
2024,in_person,other,6,172153,82087,59213,24917,79079,8944,39304,2024-10-26,
2024,in_person,other,5,186310,90784,65228,26465,84516,10101,43839,2024-10-26,
2024,in_person,other,4,208242,104735,74986,28782,92531,11943,51077,2024-10-26,
2024,in_person,other,3,227984,118101,84231,30642,99453,13658,58416,2024-11-02,
2024,in_person,other,2,227984,118101,84231,30642,99453,13658,58416,2024-11-02,
2024,in_person,other,1,227984,118101,84231,30642,99453,13658,58416,2024-11-02,
2024,in_person,other,0,227984,118101,84231,30642,99453,13658,58416,2024-11-05,
2024,in_person,undesignated,60,0,0,0,0,0,0,0,2024-08-31,
2024,in_person,undesignated,59,0,0,0,0,0,0,0,2024-09-07,
2024,in_person,undesignated,58,0,0,0,0,0,0,0,2024-09-07,
2024,in_person,undesignated,57,0,0,0,0,0,0,0,2024-09-07,
2024,in_person,undesignated,56,0,0,0,0,0,0,0,2024-09-07,
2024,in_person,undesignated,55,0,0,0,0,0,0,0,2024-09-07,
2024,in_person,undesignated,54,0,0,0,0,0,0,0,2024-09-07,
2024,in_person,undesignated,53,0,0,0,0,0,0,0,2024-09-07,
2024,in_person,undesignated,52,0,0,0,0,0,0,0,2024-09-14,
2024,in_person,undesignated,51,0,0,0,0,0,0,0,2024-09-14,
2024,in_person,undesignated,50,0,0,0,0,0,0,0,2024-09-14,
2024,in_person,undesignated,49,0,0,0,0,0,0,0,2024-09-14,
2024,in_person,undesignated,48,0,0,0,0,0,0,0,2024-09-14,
2024,in_person,undesignated,47,0,0,0,0,0,0,0,2024-09-14,
2024,in_person,undesignated,46,0,0,0,0,0,0,0,2024-09-14,
2024,in_person,undesignated,45,0,0,0,0,0,0,0,2024-09-21,
2024,in_person,undesignated,44,0,0,0,0,0,0,0,2024-09-21,
2024,in_person,undesignated,43,0,0,0,0,0,0,0,2024-09-21,
2024,in_person,undesignated,42,0,0,0,0,0,0,0,2024-09-21,
2024,in_person,undesignated,41,0,0,0,0,0,0,0,2024-09-21,
2024,in_person,undesignated,40,0,0,0,0,0,0,0,2024-09-21,
2024,in_person,undesignated,39,0,0,0,0,0,0,0,2024-09-21,
2024,in_person,undesignated,38,0,0,0,0,0,0,0,2024-09-28,
2024,in_person,undesignated,37,0,0,0,0,0,0,0,2024-09-28,
2024,in_person,undesignated,36,0,0,0,0,0,0,0,2024-09-28,
2024,in_person,undesignated,35,0,0,0,0,0,0,0,2024-09-28,
2024,in_person,undesignated,34,0,0,0,0,0,0,0,2024-09-28,
2024,in_person,undesignated,33,0,0,0,0,0,0,0,2024-09-28,
2024,in_person,undesignated,32,0,0,0,0,0,0,0,2024-09-28,
2024,in_person,undesignated,31,0,0,0,0,0,0,0,2024-10-05,
2024,in_person,undesignated,30,0,0,0,0,0,0,0,2024-10-05,
2024,in_person,undesignated,29,0,0,0,0,0,0,0,2024-10-05,
2024,in_person,undesignated,28,0,0,0,0,0,0,0,2024-10-05,
2024,in_person,undesignated,27,0,0,0,0,0,0,0,2024-10-05,
2024,in_person,undesignated,26,0,0,0,0,0,0,0,2024-10-05,
2024,in_person,undesignated,25,0,0,0,0,0,0,0,2024-10-05,
2024,in_person,undesignated,24,0,0,0,0,0,0,0,2024-10-12,
2024,in_person,undesignated,23,0,0,0,0,0,0,0,2024-10-12,
2024,in_person,undesignated,22,0,0,0,0,0,0,0,2024-10-12,
2024,in_person,undesignated,21,0,0,0,0,0,0,0,2024-10-12,
2024,in_person,undesignated,20,0,0,0,0,0,0,0,2024-10-12,
2024,in_person,undesignated,19,18877,7089,5159,2995,10000,723,2669,2024-10-12,
2024,in_person,undesignated,18,37647,14646,10544,5798,19816,1489,5841,2024-10-12,
2024,in_person,undesignated,17,48480,19297,13633,7414,25493,1940,7955,2024-10-19,
2024,in_person,undesignated,16,53883,21752,15372,8247,28164,2100,9191,2024-10-19,
2024,in_person,undesignated,15,73282,29840,20966,11119,38220,2977,12665,2024-10-19,
2024,in_person,undesignated,14,92127,38063,26662,13745,47800,3920,16174,2024-10-19,
2024,in_person,undesignated,13,110620,46877,32527,16069,57083,4941,19805,2024-10-19,
2024,in_person,undesignated,12,129184,56096,38676,18411,66064,6033,23904,2024-10-19,
2024,in_person,undesignated,11,150410,67224,45956,20799,76316,7339,28943,2024-10-19,
2024,in_person,undesignated,10,161451,73227,49838,22039,81608,7966,31814,2024-10-26,
2024,in_person,undesignated,9,168251,76981,52309,22862,84765,8315,33782,2024-10-26,
2024,in_person,undesignated,8,189563,88830,60005,25101,94606,9851,39091,2024-10-26,
2024,in_person,undesignated,7,210140,100847,67772,27208,103751,11409,44638,2024-10-26,
2024,in_person,undesignated,6,231651,114040,76362,29314,112838,13137,51016,2024-10-26,
2024,in_person,undesignated,5,252693,127364,85004,31309,121463,14917,57349,2024-10-26,
2024,in_person,undesignated,4,283351,147716,97983,34054,133697,17617,66811,2024-10-26,
2024,in_person,undesignated,3,310409,166678,109963,36068,144040,20338,75950,2024-11-02,
2024,in_person,undesignated,2,310409,166678,109963,36068,144040,20338,75950,2024-11-02,
2024,in_person,undesignated,1,310409,166678,109963,36068,144040,20338,75950,2024-11-02,
2024,in_person,undesignated,0,310409,166678,109963,36068,144040,20338,75950,2024-11-05,
2024,in_person,other_undesig,60,0,0,0,0,0,0,0,2024-08-31,1195790.0
2024,in_person,other_undesig,59,0,0,0,0,0,0,0,2024-09-07,1200522.0
2024,in_person,other_undesig,58,0,0,0,0,0,0,0,2024-09-07,1200522.0
2024,in_person,other_undesig,57,0,0,0,0,0,0,0,2024-09-07,1200522.0
2024,in_person,other_undesig,56,0,0,0,0,0,0,0,2024-09-07,1200522.0
2024,in_person,other_undesig,55,0,0,0,0,0,0,0,2024-09-07,1200522.0
2024,in_person,other_undesig,54,0,0,0,0,0,0,0,2024-09-07,1200522.0
2024,in_person,other_undesig,53,0,0,0,0,0,0,0,2024-09-07,1200522.0
2024,in_person,other_undesig,52,0,0,0,0,0,0,0,2024-09-14,1209736.0
2024,in_person,other_undesig,51,0,0,0,0,0,0,0,2024-09-14,1209736.0
2024,in_person,other_undesig,50,0,0,0,0,0,0,0,2024-09-14,1209736.0
2024,in_person,other_undesig,49,0,0,0,0,0,0,0,2024-09-14,1209736.0
2024,in_person,other_undesig,48,0,0,0,0,0,0,0,2024-09-14,1209736.0
2024,in_person,other_undesig,47,0,0,0,0,0,0,0,2024-09-14,1209736.0
2024,in_person,other_undesig,46,0,0,0,0,0,0,0,2024-09-14,1209736.0
2024,in_person,other_undesig,45,0,0,0,0,0,0,0,2024-09-21,1218806.0
2024,in_person,other_undesig,44,0,0,0,0,0,0,0,2024-09-21,1218806.0
2024,in_person,other_undesig,43,0,0,0,0,0,0,0,2024-09-21,1218806.0
2024,in_person,other_undesig,42,0,0,0,0,0,0,0,2024-09-21,1218806.0
2024,in_person,other_undesig,41,0,0,0,0,0,0,0,2024-09-21,1218806.0
2024,in_person,other_undesig,40,0,0,0,0,0,0,0,2024-09-21,1218806.0
2024,in_person,other_undesig,39,0,0,0,0,0,0,0,2024-09-21,1218806.0
2024,in_person,other_undesig,38,0,0,0,0,0,0,0,2024-09-28,1226738.0
2024,in_person,other_undesig,37,0,0,0,0,0,0,0,2024-09-28,1226738.0
2024,in_person,other_undesig,36,0,0,0,0,0,0,0,2024-09-28,1226738.0
2024,in_person,other_undesig,35,0,0,0,0,0,0,0,2024-09-28,1226738.0
2024,in_person,other_undesig,34,0,0,0,0,0,0,0,2024-09-28,1226738.0
2024,in_person,other_undesig,33,0,0,0,0,0,0,0,2024-09-28,1226738.0
2024,in_person,other_undesig,32,0,0,0,0,0,0,0,2024-09-28,1226738.0
2024,in_person,other_undesig,31,0,0,0,0,0,0,0,2024-10-05,1236222.0
2024,in_person,other_undesig,30,0,0,0,0,0,0,0,2024-10-05,1236222.0
2024,in_person,other_undesig,29,0,0,0,0,0,0,0,2024-10-05,1236222.0
2024,in_person,other_undesig,28,0,0,0,0,0,0,0,2024-10-05,1236222.0
2024,in_person,other_undesig,27,0,0,0,0,0,0,0,2024-10-05,1236222.0
2024,in_person,other_undesig,26,0,0,0,0,0,0,0,2024-10-05,1236222.0
2024,in_person,other_undesig,25,0,0,0,0,0,0,0,2024-10-05,1236222.0
2024,in_person,other_undesig,24,0,0,0,0,0,0,0,2024-10-12,1247839.0
2024,in_person,other_undesig,23,0,0,0,0,0,0,0,2024-10-12,1247839.0
2024,in_person,other_undesig,22,0,0,0,0,0,0,0,2024-10-12,1247839.0
2024,in_person,other_undesig,21,0,0,0,0,0,0,0,2024-10-12,1247839.0
2024,in_person,other_undesig,20,0,0,0,0,0,0,0,2024-10-12,1247839.0
2024,in_person,other_undesig,19,33911,12377,9267,5513,17869,1262,4971,2024-10-12,1247839.0
2024,in_person,other_undesig,18,67269,25658,19094,10650,34964,2561,10915,2024-10-12,1247839.0
2024,in_person,other_undesig,17,87371,34217,25185,13909,44982,3295,15041,2024-10-19,1264991.0
2024,in_person,other_undesig,16,97786,38809,28558,15611,50016,3601,17407,2024-10-19,1264991.0
2024,in_person,other_undesig,15,131192,52645,38366,20689,67073,5064,23392,2024-10-19,1264991.0
2024,in_person,other_undesig,14,162723,66216,47972,25320,82847,6584,29377,2024-10-19,1264991.0
2024,in_person,other_undesig,13,193940,80786,57865,29587,98208,8280,35605,2024-10-19,1264991.0
2024,in_person,other_undesig,12,225337,96120,68370,33827,113018,10122,42650,2024-10-19,1264991.0
2024,in_person,other_undesig,11,261844,114928,81134,38281,130154,12275,51474,2024-10-19,1264991.0
2024,in_person,other_undesig,10,281976,125826,88531,40832,139309,13304,56818,2024-10-26,1276886.0
2024,in_person,other_undesig,9,294785,132906,93397,42488,144991,13909,60457,2024-10-26,1276886.0
2024,in_person,other_undesig,8,331486,153247,106939,46534,161542,16471,69630,2024-10-26,1276886.0
2024,in_person,other_undesig,7,367312,174094,120910,50411,176823,19168,79520,2024-10-26,1276886.0
2024,in_person,other_undesig,6,403804,196127,135575,54231,191917,22081,90320,2024-10-26,1276886.0
2024,in_person,other_undesig,5,439003,218148,150232,57774,205979,25018,101188,2024-10-26,1276886.0
2024,in_person,other_undesig,4,491593,252451,172969,62836,226228,29560,117888,2024-10-26,1276886.0
2024,in_person,other_undesig,3,538393,284779,194194,66710,243493,33996,134366,2024-11-02,1292680.0
2024,in_person,other_undesig,2,538393,284779,194194,66710,243493,33996,134366,2024-11-02,1292680.0
2024,in_person,other_undesig,1,538393,284779,194194,66710,243493,33996,134366,2024-11-02,1292680.0
2024,in_person,other_undesig,0,538393,284779,194194,66710,243493,33996,134366,2024-11-05,1301808.0
2024,in_person,hispanic,60,0,0,0,0,0,0,0,2024-08-31,310679.0
2024,in_person,hispanic,59,0,0,0,0,0,0,0,2024-09-07,311586.0
2024,in_person,hispanic,58,0,0,0,0,0,0,0,2024-09-07,311586.0
2024,in_person,hispanic,57,0,0,0,0,0,0,0,2024-09-07,311586.0
2024,in_person,hispanic,56,0,0,0,0,0,0,0,2024-09-07,311586.0
2024,in_person,hispanic,55,0,0,0,0,0,0,0,2024-09-07,311586.0
2024,in_person,hispanic,54,0,0,0,0,0,0,0,2024-09-07,311586.0
2024,in_person,hispanic,53,0,0,0,0,0,0,0,2024-09-07,311586.0
2024,in_person,hispanic,52,0,0,0,0,0,0,0,2024-09-14,313117.0
2024,in_person,hispanic,51,0,0,0,0,0,0,0,2024-09-14,313117.0
2024,in_person,hispanic,50,0,0,0,0,0,0,0,2024-09-14,313117.0
2024,in_person,hispanic,49,0,0,0,0,0,0,0,2024-09-14,313117.0
2024,in_person,hispanic,48,0,0,0,0,0,0,0,2024-09-14,313117.0
2024,in_person,hispanic,47,0,0,0,0,0,0,0,2024-09-14,313117.0
2024,in_person,hispanic,46,0,0,0,0,0,0,0,2024-09-14,313117.0
2024,in_person,hispanic,45,0,0,0,0,0,0,0,2024-09-21,314537.0
2024,in_person,hispanic,44,0,0,0,0,0,0,0,2024-09-21,314537.0
2024,in_person,hispanic,43,0,0,0,0,0,0,0,2024-09-21,314537.0
2024,in_person,hispanic,42,0,0,0,0,0,0,0,2024-09-21,314537.0
2024,in_person,hispanic,41,0,0,0,0,0,0,0,2024-09-21,314537.0
2024,in_person,hispanic,40,0,0,0,0,0,0,0,2024-09-21,314537.0
2024,in_person,hispanic,39,0,0,0,0,0,0,0,2024-09-21,314537.0
2024,in_person,hispanic,38,0,0,0,0,0,0,0,2024-09-28,315854.0
2024,in_person,hispanic,37,0,0,0,0,0,0,0,2024-09-28,315854.0
2024,in_person,hispanic,36,0,0,0,0,0,0,0,2024-09-28,315854.0
2024,in_person,hispanic,35,0,0,0,0,0,0,0,2024-09-28,315854.0
2024,in_person,hispanic,34,0,0,0,0,0,0,0,2024-09-28,315854.0
2024,in_person,hispanic,33,0,0,0,0,0,0,0,2024-09-28,315854.0
2024,in_person,hispanic,32,0,0,0,0,0,0,0,2024-09-28,315854.0
2024,in_person,hispanic,31,0,0,0,0,0,0,0,2024-10-05,317439.0
2024,in_person,hispanic,30,0,0,0,0,0,0,0,2024-10-05,317439.0
2024,in_person,hispanic,29,0,0,0,0,0,0,0,2024-10-05,317439.0
2024,in_person,hispanic,28,0,0,0,0,0,0,0,2024-10-05,317439.0
2024,in_person,hispanic,27,0,0,0,0,0,0,0,2024-10-05,317439.0
2024,in_person,hispanic,26,0,0,0,0,0,0,0,2024-10-05,317439.0
2024,in_person,hispanic,25,0,0,0,0,0,0,0,2024-10-05,317439.0
2024,in_person,hispanic,24,0,0,0,0,0,0,0,2024-10-12,319557.0
2024,in_person,hispanic,23,0,0,0,0,0,0,0,2024-10-12,319557.0
2024,in_person,hispanic,22,0,0,0,0,0,0,0,2024-10-12,319557.0
2024,in_person,hispanic,21,0,0,0,0,0,0,0,2024-10-12,319557.0
2024,in_person,hispanic,20,0,0,0,0,0,0,0,2024-10-12,319557.0
2024,in_person,hispanic,19,7080,3086,2459,958,3416,247,1447,2024-10-12,319557.0
2024,in_person,hispanic,18,14110,6248,4972,1869,6768,501,3097,2024-10-12,319557.0
2024,in_person,hispanic,17,18917,8478,6676,2471,9106,664,4226,2024-10-19,322250.0
2024,in_person,hispanic,16,21345,9613,7566,2777,10262,740,4814,2024-10-19,322250.0
2024,in_person,hispanic,15,27939,12805,10034,3631,13275,999,6434,2024-10-19,322250.0
2024,in_person,hispanic,14,34113,15823,12356,4365,16124,1268,8040,2024-10-19,322250.0
2024,in_person,hispanic,13,40444,19105,14807,5102,18946,1589,9782,2024-10-19,322250.0
2024,in_person,hispanic,12,47067,22804,17550,5738,21807,1972,11800,2024-10-19,322250.0
2024,in_person,hispanic,11,55096,27440,20986,6509,25216,2385,14332,2024-10-19,322250.0
2024,in_person,hispanic,10,60072,30267,23081,7001,27339,2651,15876,2024-10-26,323678.0
2024,in_person,hispanic,9,63070,32052,24423,7292,28553,2802,16844,2024-10-26,323678.0
2024,in_person,hispanic,8,71236,37109,28033,8024,31818,3361,19611,2024-10-26,323678.0
2024,in_person,hispanic,7,79691,42583,32029,8723,34934,4005,22780,2024-10-26,323678.0
2024,in_person,hispanic,6,88259,48249,36040,9417,38105,4697,26118,2024-10-26,323678.0
2024,in_person,hispanic,5,96407,53819,40039,10021,41012,5335,29535,2024-10-26,323678.0
2024,in_person,hispanic,4,109470,62966,46580,10930,45555,6405,34951,2024-10-26,323678.0
2024,in_person,hispanic,3,122036,71939,52780,11787,49905,7564,40511,2024-11-02,325949.0
2024,in_person,hispanic,2,122036,71939,52780,11787,49905,7564,40511,2024-11-02,325949.0
2024,in_person,hispanic,1,122036,71939,52780,11787,49905,7564,40511,2024-11-02,325949.0
2024,in_person,hispanic,0,122036,71939,52780,11787,49905,7564,40511,2024-11-05,327297.0
2024,in_person,eth_designated,60,0,0,0,0,0,0,0,2024-08-31,
2024,in_person,eth_designated,59,0,0,0,0,0,0,0,2024-09-07,
2024,in_person,eth_designated,58,0,0,0,0,0,0,0,2024-09-07,
2024,in_person,eth_designated,57,0,0,0,0,0,0,0,2024-09-07,
2024,in_person,eth_designated,56,0,0,0,0,0,0,0,2024-09-07,
2024,in_person,eth_designated,55,0,0,0,0,0,0,0,2024-09-07,
2024,in_person,eth_designated,54,0,0,0,0,0,0,0,2024-09-07,
2024,in_person,eth_designated,53,0,0,0,0,0,0,0,2024-09-07,
2024,in_person,eth_designated,52,0,0,0,0,0,0,0,2024-09-14,
2024,in_person,eth_designated,51,0,0,0,0,0,0,0,2024-09-14,
2024,in_person,eth_designated,50,0,0,0,0,0,0,0,2024-09-14,
2024,in_person,eth_designated,49,0,0,0,0,0,0,0,2024-09-14,
2024,in_person,eth_designated,48,0,0,0,0,0,0,0,2024-09-14,
2024,in_person,eth_designated,47,0,0,0,0,0,0,0,2024-09-14,
2024,in_person,eth_designated,46,0,0,0,0,0,0,0,2024-09-14,
2024,in_person,eth_designated,45,0,0,0,0,0,0,0,2024-09-21,
2024,in_person,eth_designated,44,0,0,0,0,0,0,0,2024-09-21,
2024,in_person,eth_designated,43,0,0,0,0,0,0,0,2024-09-21,
2024,in_person,eth_designated,42,0,0,0,0,0,0,0,2024-09-21,
2024,in_person,eth_designated,41,0,0,0,0,0,0,0,2024-09-21,
2024,in_person,eth_designated,40,0,0,0,0,0,0,0,2024-09-21,
2024,in_person,eth_designated,39,0,0,0,0,0,0,0,2024-09-21,
2024,in_person,eth_designated,38,0,0,0,0,0,0,0,2024-09-28,
2024,in_person,eth_designated,37,0,0,0,0,0,0,0,2024-09-28,
2024,in_person,eth_designated,36,0,0,0,0,0,0,0,2024-09-28,
2024,in_person,eth_designated,35,0,0,0,0,0,0,0,2024-09-28,
2024,in_person,eth_designated,34,0,0,0,0,0,0,0,2024-09-28,
2024,in_person,eth_designated,33,0,0,0,0,0,0,0,2024-09-28,
2024,in_person,eth_designated,32,0,0,0,0,0,0,0,2024-09-28,
2024,in_person,eth_designated,31,0,0,0,0,0,0,0,2024-10-05,
2024,in_person,eth_designated,30,0,0,0,0,0,0,0,2024-10-05,
2024,in_person,eth_designated,29,0,0,0,0,0,0,0,2024-10-05,
2024,in_person,eth_designated,28,0,0,0,0,0,0,0,2024-10-05,
2024,in_person,eth_designated,27,0,0,0,0,0,0,0,2024-10-05,
2024,in_person,eth_designated,26,0,0,0,0,0,0,0,2024-10-05,
2024,in_person,eth_designated,25,0,0,0,0,0,0,0,2024-10-05,
2024,in_person,eth_designated,24,0,0,0,0,0,0,0,2024-10-12,
2024,in_person,eth_designated,23,0,0,0,0,0,0,0,2024-10-12,
2024,in_person,eth_designated,22,0,0,0,0,0,0,0,2024-10-12,
2024,in_person,eth_designated,21,0,0,0,0,0,0,0,2024-10-12,
2024,in_person,eth_designated,20,0,0,0,0,0,0,0,2024-10-12,
2024,in_person,eth_designated,19,272383,41691,29800,43138,188878,10567,15282,2024-10-12,
2024,in_person,eth_designated,18,528298,84747,59798,81162,365673,21665,34153,2024-10-12,
2024,in_person,eth_designated,17,652479,110094,77142,98010,450381,26946,47497,2024-10-19,
2024,in_person,eth_designated,16,707312,122077,85607,106713,486141,28851,54078,2024-10-19,
2024,in_person,eth_designated,15,964040,166566,115013,143644,663930,41453,72614,2024-10-19,
2024,in_person,eth_designated,14,1202534,209814,143016,178029,826929,54560,90721,2024-10-19,
2024,in_person,eth_designated,13,1419636,254180,170844,207593,972812,68387,109346,2024-10-19,
2024,in_person,eth_designated,12,1622870,300089,199283,233976,1106581,83030,129416,2024-10-19,
2024,in_person,eth_designated,11,1830991,354884,232888,257961,1240725,99417,155404,2024-10-19,
2024,in_person,eth_designated,10,1929629,384684,251354,268416,1303354,106505,171468,2024-10-26,
2024,in_person,eth_designated,9,1983711,401249,261929,274776,1336848,110158,181125,2024-10-26,
2024,in_person,eth_designated,8,2179961,457244,295742,296342,1459300,128577,206419,2024-10-26,
2024,in_person,eth_designated,7,2362375,513659,329914,316252,1569002,147207,232290,2024-10-26,
2024,in_person,eth_designated,6,2533690,572513,365028,334013,1668605,166044,259513,2024-10-26,
2024,in_person,eth_designated,5,2690593,630196,399067,349458,1757444,184624,285836,2024-10-26,
2024,in_person,eth_designated,4,2902315,717320,450004,368454,1872143,211714,326535,2024-10-26,
2024,in_person,eth_designated,3,3065599,795030,494589,380418,1955827,234765,365256,2024-11-02,
2024,in_person,eth_designated,2,3065599,795030,494589,380418,1955827,234765,365256,2024-11-02,
2024,in_person,eth_designated,1,3065599,795030,494589,380418,1955827,234765,365256,2024-11-02,
2024,in_person,eth_designated,0,3065599,795030,494589,380418,1955827,234765,365256,2024-11-05,
2024,all,all,60,0,0,0,0,0,0,0,2024-08-31,7617888.0
2024,all,all,59,0,0,0,0,0,0,0,2024-09-07,7628002.0
2024,all,all,58,0,0,0,0,0,0,0,2024-09-07,7628002.0
2024,all,all,57,0,0,0,0,0,0,0,2024-09-07,7628002.0
2024,all,all,56,0,0,0,0,0,0,0,2024-09-07,7628002.0
2024,all,all,55,0,0,0,0,0,0,0,2024-09-07,7628002.0
2024,all,all,54,0,0,0,0,0,0,0,2024-09-07,7628002.0
2024,all,all,53,0,0,0,0,0,0,0,2024-09-07,7628002.0
2024,all,all,52,0,0,0,0,0,0,0,2024-09-14,7647355.0
2024,all,all,51,0,0,0,0,0,0,0,2024-09-14,7647355.0
2024,all,all,50,0,0,0,0,0,0,0,2024-09-14,7647355.0
2024,all,all,49,0,0,0,0,0,0,0,2024-09-14,7647355.0
2024,all,all,48,0,0,0,0,0,0,0,2024-09-14,7647355.0
2024,all,all,47,0,0,0,0,0,0,0,2024-09-14,7647355.0
2024,all,all,46,152,78,50,82,17,3,33,2024-09-14,7647355.0
2024,all,all,45,355,156,93,218,40,4,70,2024-09-21,7666436.0
2024,all,all,44,572,258,162,340,65,5,128,2024-09-21,7666436.0
2024,all,all,43,1466,680,430,833,182,21,299,2024-09-21,7666436.0
2024,all,all,42,2252,1054,669,1259,293,31,461,2024-09-21,7666436.0
2024,all,all,41,3393,1597,1003,1884,467,39,690,2024-09-21,7666436.0
2024,all,all,40,3837,1764,1106,2146,537,48,747,2024-09-21,7666436.0
2024,all,all,39,4485,2042,1295,2486,645,59,842,2024-09-21,7666436.0
2024,all,all,38,5028,2309,1464,2781,715,68,977,2024-09-28,7683724.0
2024,all,all,37,5188,2397,1520,2860,739,69,1025,2024-09-28,7683724.0
2024,all,all,36,7793,3262,2117,4442,1119,115,1274,2024-09-28,7683724.0
2024,all,all,35,9987,3917,2541,5857,1435,154,1428,2024-09-28,7683724.0
2024,all,all,34,13557,5024,3295,8108,1931,223,1741,2024-09-28,7683724.0
2024,all,all,33,18335,6488,4241,11175,2604,315,2086,2024-09-28,7683724.0
2024,all,all,32,22642,7942,5174,13812,3261,395,2445,2024-09-28,7683724.0
2024,all,all,31,23914,8368,5459,14610,3429,416,2575,2024-10-05,7704452.0
2024,all,all,30,24137,8461,5521,14733,3463,420,2617,2024-10-05,7704452.0
2024,all,all,29,31387,10876,7106,19038,4655,588,3295,2024-10-05,7704452.0
2024,all,all,28,36202,12517,8195,21927,5382,698,3779,2024-10-05,7704452.0
2024,all,all,27,41655,14363,9396,25257,6182,820,4259,2024-10-05,7704452.0
2024,all,all,26,46843,16251,10660,28267,6974,942,4754,2024-10-05,7704452.0
2024,all,all,25,53984,18808,12374,32472,8058,1080,5515,2024-10-05,7704452.0
2024,all,all,24,56999,19893,13087,34208,8566,1138,5956,2024-10-12,7736114.0
2024,all,all,23,57354,20068,13184,34410,8615,1145,6021,2024-10-12,7736114.0
2024,all,all,22,61840,21830,14373,36793,9432,1242,6656,2024-10-12,7736114.0
2024,all,all,21,67224,24031,15845,39624,10371,1384,7503,2024-10-12,7736114.0
2024,all,all,20,71898,25979,17142,42059,11184,1513,8179,2024-10-12,7736114.0
2024,all,all,19,441231,99715,71836,102969,250994,15432,34103,2024-10-12,7736114.0
2024,all,all,18,792011,176624,127829,158154,476138,29890,65887,2024-10-12,7736114.0
2024,all,all,17,966620,221228,159435,184062,586164,36959,88312,2024-10-19,7770728.0
2024,all,all,16,1044815,242390,174916,197102,633262,39535,99471,2024-10-19,7770728.0
2024,all,all,15,1397705,322424,230600,250953,860121,56031,131358,2024-10-19,7770728.0
2024,all,all,14,1722964,398827,283201,299086,1067631,73046,162065,2024-10-19,7770728.0
2024,all,all,13,2025314,478060,335964,342814,1255328,91208,194125,2024-10-19,7770728.0
2024,all,all,12,2314967,560834,390514,384856,1429174,110423,229338,2024-10-19,7770728.0
2024,all,all,11,2613439,657087,453610,422468,1605221,132140,273644,2024-10-19,7770728.0
2024,all,all,10,2758874,709183,487578,440633,1688950,141713,300881,2024-10-26,7793041.0
2024,all,all,9,2839871,738909,507468,451453,1734291,146659,317788,2024-10-26,7793041.0
2024,all,all,8,3128265,840298,572650,486713,1897733,171169,363012,2024-10-26,7793041.0
2024,all,all,7,3393628,939053,636031,518011,2043692,195894,407439,2024-10-26,7793041.0
2024,all,all,6,3651017,1044236,702657,548696,2178318,221346,455918,2024-10-26,7793041.0
2024,all,all,5,3891844,1148689,768521,576839,2300014,246470,503569,2024-10-26,7793041.0
2024,all,all,4,4215290,1301565,863602,610024,2458534,283130,574955,2024-10-26,7793041.0
2024,all,all,3,4477662,1441386,949221,634917,2578247,315277,644882,2024-11-02,7822024.0
2024,all,all,2,4481086,1443549,950595,636177,2578914,315400,646123,2024-11-02,7822024.0
2024,all,all,1,4496530,1452878,956455,641772,2582171,316132,651739,2024-11-02,7822024.0
2024,all,all,0,4520752,1468912,966485,649713,2587214,317340,661636,2024-11-05,7839911.0
2024,all,white,60,0,0,0,0,0,0,0,2024-08-31,4909688.0
2024,all,white,59,0,0,0,0,0,0,0,2024-09-07,4913921.0
2024,all,white,58,0,0,0,0,0,0,0,2024-09-07,4913921.0
2024,all,white,57,0,0,0,0,0,0,0,2024-09-07,4913921.0
2024,all,white,56,0,0,0,0,0,0,0,2024-09-07,4913921.0
2024,all,white,55,0,0,0,0,0,0,0,2024-09-07,4913921.0
2024,all,white,54,0,0,0,0,0,0,0,2024-09-07,4913921.0
2024,all,white,53,0,0,0,0,0,0,0,2024-09-07,4913921.0
2024,all,white,52,0,0,0,0,0,0,0,2024-09-14,4921654.0
2024,all,white,51,0,0,0,0,0,0,0,2024-09-14,4921654.0
2024,all,white,50,0,0,0,0,0,0,0,2024-09-14,4921654.0
2024,all,white,49,0,0,0,0,0,0,0,2024-09-14,4921654.0
2024,all,white,48,0,0,0,0,0,0,0,2024-09-14,4921654.0
2024,all,white,47,0,0,0,0,0,0,0,2024-09-14,4921654.0
2024,all,white,46,83,32,18,51,13,1,12,2024-09-14,4921654.0
2024,all,white,45,206,66,38,135,31,2,35,2024-09-21,4929188.0
2024,all,white,44,323,112,70,200,50,3,69,2024-09-21,4929188.0
2024,all,white,43,836,306,190,504,128,14,163,2024-09-21,4929188.0
2024,all,white,42,1297,486,306,765,204,22,258,2024-09-21,4929188.0
2024,all,white,41,1945,728,437,1148,333,27,373,2024-09-21,4929188.0
2024,all,white,40,2247,819,493,1334,386,34,402,2024-09-21,4929188.0
2024,all,white,39,2625,963,593,1531,459,42,451,2024-09-21,4929188.0
2024,all,white,38,2927,1073,666,1700,511,50,526,2024-09-28,4936577.0
2024,all,white,37,3009,1106,685,1743,530,51,546,2024-09-28,4936577.0
2024,all,white,36,4896,1670,1085,2900,826,85,690,2024-09-28,4936577.0
2024,all,white,35,6539,2107,1380,3958,1084,117,793,2024-09-28,4936577.0
2024,all,white,34,9181,2849,1889,5657,1459,176,1002,2024-09-28,4936577.0
2024,all,white,33,12824,3875,2580,7998,1994,252,1246,2024-09-28,4936577.0
2024,all,white,32,16074,4867,3214,10027,2512,321,1475,2024-09-28,4936577.0
2024,all,white,31,17034,5147,3404,10645,2645,340,1554,2024-10-05,4945333.0
2024,all,white,30,17177,5196,3432,10730,2672,343,1580,2024-10-05,4945333.0
2024,all,white,29,22739,6908,4587,14039,3629,484,2044,2024-10-05,4945333.0
2024,all,white,28,26399,8079,5384,16229,4207,579,2378,2024-10-05,4945333.0
2024,all,white,27,30641,9457,6291,18817,4850,683,2736,2024-10-05,4945333.0
2024,all,white,26,34643,10871,7244,21147,5467,785,3087,2024-10-05,4945333.0
2024,all,white,25,40108,12726,8503,24369,6334,902,3646,2024-10-05,4945333.0
2024,all,white,24,42349,13472,9012,25664,6726,947,3951,2024-10-12,4960951.0
2024,all,white,23,42568,13566,9058,25796,6761,953,3985,2024-10-12,4960951.0
2024,all,white,22,45938,14773,9891,27592,7425,1030,4413,2024-10-12,4960951.0
2024,all,white,21,49979,16309,10945,29722,8160,1152,5021,2024-10-12,4960951.0
2024,all,white,20,53490,17694,11880,31530,8816,1264,5468,2024-10-12,4960951.0
2024,all,white,19,309871,66932,48882,72535,175747,12707,22384,2024-10-12,4960951.0
2024,all,white,18,564212,119155,87395,112106,340052,24659,43792,2024-10-12,4960951.0
2024,all,white,17,685056,148054,108251,129721,416724,30360,58578,2024-10-19,4973339.0
2024,all,white,16,736504,161070,117996,138752,447467,32289,65455,2024-10-19,4973339.0
2024,all,white,15,989254,213796,155223,177633,610720,45678,85867,2024-10-19,4973339.0
2024,all,white,14,1227078,264314,190365,213292,763839,59582,105520,2024-10-19,4973339.0
2024,all,white,13,1448436,316545,225620,245726,902713,74377,126196,2024-10-19,4973339.0
2024,all,white,12,1658453,370302,261427,276633,1030494,89899,148465,2024-10-19,4973339.0
2024,all,white,11,1871752,432855,302708,303733,1157896,107415,177056,2024-10-19,4973339.0
2024,all,white,10,1967986,464714,323745,315787,1213641,114813,194216,2024-10-26,4980453.0
2024,all,white,9,2019755,481869,335355,323050,1242849,118501,204329,2024-10-26,4980453.0
2024,all,white,8,2219083,544523,376219,348086,1357136,137642,232253,2024-10-26,4980453.0
2024,all,white,7,2402791,605068,415451,370371,1460147,156822,259208,2024-10-26,4980453.0
2024,all,white,6,2576564,668595,455894,391720,1552687,176263,288066,2024-10-26,4980453.0
2024,all,white,5,2735809,730788,495243,411129,1634351,195086,315802,2024-10-26,4980453.0
2024,all,white,4,2943828,820509,551162,432986,1737475,222205,357445,2024-10-26,4980453.0
2024,all,white,3,3095646,895568,597511,448097,1806277,243761,395257,2024-11-02,4989620.0
2024,all,white,2,3097782,896897,598400,448849,1806680,243853,396057,2024-11-02,4989620.0
2024,all,white,1,3108038,902923,602359,452389,1808885,244405,399841,2024-11-02,4989620.0
2024,all,white,0,3122213,912122,608337,456790,1811855,245231,405941,2024-11-05,4995631.0
2024,all,black,60,0,0,0,0,0,0,0,2024-08-31,1512410.0
2024,all,black,59,0,0,0,0,0,0,0,2024-09-07,1513559.0
2024,all,black,58,0,0,0,0,0,0,0,2024-09-07,1513559.0
2024,all,black,57,0,0,0,0,0,0,0,2024-09-07,1513559.0
2024,all,black,56,0,0,0,0,0,0,0,2024-09-07,1513559.0
2024,all,black,55,0,0,0,0,0,0,0,2024-09-07,1513559.0
2024,all,black,54,0,0,0,0,0,0,0,2024-09-07,1513559.0
2024,all,black,53,0,0,0,0,0,0,0,2024-09-07,1513559.0
2024,all,black,52,0,0,0,0,0,0,0,2024-09-14,1515965.0
2024,all,black,51,0,0,0,0,0,0,0,2024-09-14,1515965.0
2024,all,black,50,0,0,0,0,0,0,0,2024-09-14,1515965.0
2024,all,black,49,0,0,0,0,0,0,0,2024-09-14,1515965.0
2024,all,black,48,0,0,0,0,0,0,0,2024-09-14,1515965.0
2024,all,black,47,0,0,0,0,0,0,0,2024-09-14,1515965.0
2024,all,black,46,4,1,1,3,0,0,0,2024-09-14,1515965.0
2024,all,black,45,10,3,1,9,0,0,1,2024-09-21,1518442.0
2024,all,black,44,16,6,3,13,0,0,3,2024-09-21,1518442.0
2024,all,black,43,55,24,18,27,9,1,8,2024-09-21,1518442.0
2024,all,black,42,76,31,22,37,16,1,10,2024-09-21,1518442.0
2024,all,black,41,108,41,29,57,21,1,15,2024-09-21,1518442.0
2024,all,black,40,130,47,32,72,25,1,15,2024-09-21,1518442.0
2024,all,black,39,197,71,49,113,34,1,21,2024-09-21,1518442.0
2024,all,black,38,229,80,56,133,39,1,24,2024-09-28,1520409.0
2024,all,black,37,239,83,58,137,43,1,28,2024-09-28,1520409.0
2024,all,black,36,516,142,106,323,85,2,51,2024-09-28,1520409.0
2024,all,black,35,716,194,136,466,111,3,58,2024-09-28,1520409.0
2024,all,black,34,1069,283,194,705,164,6,70,2024-09-28,1520409.0
2024,all,black,33,1495,390,255,998,228,14,93,2024-09-28,1520409.0
2024,all,black,32,1875,505,324,1250,285,16,121,2024-09-28,1520409.0
2024,all,black,31,1964,540,350,1300,297,17,134,2024-10-05,1522897.0
2024,all,black,30,1979,545,353,1311,298,17,134,2024-10-05,1522897.0
2024,all,black,29,2581,732,470,1687,396,28,178,2024-10-05,1522897.0
2024,all,black,28,3071,873,558,2014,466,33,212,2024-10-05,1522897.0
2024,all,black,27,3491,991,633,2288,533,37,243,2024-10-05,1522897.0
2024,all,black,26,4001,1145,725,2606,623,47,279,2024-10-05,1522897.0
2024,all,black,25,4635,1363,856,3005,720,54,323,2024-10-05,1522897.0
2024,all,black,24,4940,1479,922,3192,769,57,353,2024-10-12,1527324.0
2024,all,black,23,4975,1500,939,3204,775,57,355,2024-10-12,1527324.0
2024,all,black,22,5372,1640,1034,3425,850,63,400,2024-10-12,1527324.0
2024,all,black,21,5902,1822,1139,3746,945,72,467,2024-10-12,1527324.0
2024,all,black,20,6349,1997,1249,4009,1014,77,528,2024-10-12,1527324.0
2024,all,black,19,84051,13451,9259,17683,55842,1267,4295,2024-10-12,1527324.0
2024,all,black,18,145541,24033,16387,27317,99399,2438,8395,2024-10-12,1527324.0
2024,all,black,17,178244,30676,20720,31847,122616,3061,11656,2024-10-19,1532398.0
2024,all,black,16,194092,33979,22925,33893,133879,3395,13462,2024-10-19,1532398.0
2024,all,black,15,259046,46406,30939,42890,180205,5012,18511,2024-10-19,1532398.0
2024,all,black,14,313826,58104,38404,50152,218687,6583,23326,2024-10-19,1532398.0
2024,all,black,13,361904,69578,45410,56349,251923,8222,28129,2024-10-19,1532398.0
2024,all,black,12,407759,82007,52876,61972,282886,10025,33431,2024-10-19,1532398.0
2024,all,black,11,454689,95926,61329,67176,314158,12026,39915,2024-10-19,1532398.0
2024,all,black,10,482454,104532,66432,70021,332847,13154,44305,2024-10-26,1535702.0
2024,all,black,9,498042,109557,69550,71505,343191,13796,47174,2024-10-26,1535702.0
2024,all,black,8,547987,126483,79434,76586,375419,16548,54559,2024-10-26,1535702.0
2024,all,black,7,592122,142804,88996,80931,402835,19360,61677,2024-10-26,1535702.0
2024,all,black,6,636675,160772,99516,85236,429517,22406,69707,2024-10-26,1535702.0
2024,all,black,5,680248,179171,110305,89186,455079,25678,77889,2024-10-26,1535702.0
2024,all,black,4,740154,206106,125680,94097,489773,30604,89940,2024-10-26,1535702.0
2024,all,black,3,800043,236036,142254,98316,522824,36649,104187,2024-11-02,1539724.0
2024,all,black,2,800533,236304,142397,98506,522966,36664,104320,2024-11-02,1539724.0
2024,all,black,1,802426,237280,142938,99267,523490,36731,104839,2024-11-02,1539724.0
2024,all,black,0,806453,239699,144294,100630,524604,36925,106125,2024-11-05,1542472.0
2024,all,other,60,0,0,0,0,0,0,0,2024-08-31,
2024,all,other,59,0,0,0,0,0,0,0,2024-09-07,
2024,all,other,58,0,0,0,0,0,0,0,2024-09-07,
2024,all,other,57,0,0,0,0,0,0,0,2024-09-07,
2024,all,other,56,0,0,0,0,0,0,0,2024-09-07,
2024,all,other,55,0,0,0,0,0,0,0,2024-09-07,
2024,all,other,54,0,0,0,0,0,0,0,2024-09-07,
2024,all,other,53,0,0,0,0,0,0,0,2024-09-07,
2024,all,other,52,0,0,0,0,0,0,0,2024-09-14,
2024,all,other,51,0,0,0,0,0,0,0,2024-09-14,
2024,all,other,50,0,0,0,0,0,0,0,2024-09-14,
2024,all,other,49,0,0,0,0,0,0,0,2024-09-14,
2024,all,other,48,0,0,0,0,0,0,0,2024-09-14,
2024,all,other,47,0,0,0,0,0,0,0,2024-09-14,
2024,all,other,46,6,3,0,3,2,1,0,2024-09-14,
2024,all,other,45,18,13,7,7,3,1,3,2024-09-21,
2024,all,other,44,31,19,10,17,3,1,6,2024-09-21,
2024,all,other,43,89,54,35,32,19,3,25,2024-09-21,
2024,all,other,42,141,79,50,59,29,3,39,2024-09-21,
2024,all,other,41,228,114,73,104,46,5,55,2024-09-21,
2024,all,other,40,250,122,77,117,51,5,59,2024-09-21,
2024,all,other,39,302,138,87,146,62,7,69,2024-09-21,
2024,all,other,38,335,157,99,164,65,7,78,2024-09-28,
2024,all,other,37,349,166,104,172,66,7,84,2024-09-28,
2024,all,other,36,480,223,144,237,85,14,108,2024-09-28,
2024,all,other,35,613,271,176,318,103,16,124,2024-09-28,
2024,all,other,34,798,344,234,417,129,18,158,2024-09-28,
2024,all,other,33,1067,447,299,579,165,24,194,2024-09-28,
2024,all,other,32,1284,549,374,689,193,28,227,2024-09-28,
2024,all,other,31,1372,586,394,747,203,28,241,2024-10-05,
2024,all,other,30,1380,587,395,751,205,29,245,2024-10-05,
2024,all,other,29,1760,750,505,955,268,32,320,2024-10-05,
2024,all,other,28,2006,863,585,1081,306,34,366,2024-10-05,
2024,all,other,27,2278,966,661,1239,338,40,410,2024-10-05,
2024,all,other,26,2498,1073,742,1341,372,43,450,2024-10-05,
2024,all,other,25,2908,1249,857,1575,427,49,523,2024-10-05,
2024,all,other,24,3097,1329,910,1676,457,54,569,2024-10-12,
2024,all,other,23,3116,1337,915,1685,462,54,575,2024-10-12,
2024,all,other,22,3320,1443,995,1772,494,59,628,2024-10-12,
2024,all,other,21,3565,1591,1107,1869,527,62,693,2024-10-12,
2024,all,other,20,3759,1689,1180,1960,555,64,756,2024-10-12,
2024,all,other,19,19346,7237,5481,4765,8491,609,3201,2024-10-12,
2024,all,other,18,34565,13288,10160,7412,15840,1153,6135,2024-10-12,
2024,all,other,17,44260,17403,13319,9276,20226,1439,8268,2024-10-19,
2024,all,other,16,49499,19651,15026,10268,22617,1588,9455,2024-10-19,
2024,all,other,15,64076,25732,19476,12734,29687,2179,12154,2024-10-19,
2024,all,other,14,77157,31290,23533,14926,35933,2765,14747,2024-10-19,
2024,all,other,13,90443,37354,27776,17129,42089,3449,17481,2024-10-19,
2024,all,other,12,104291,43960,32466,19569,48039,4217,20731,2024-10-19,
2024,all,other,11,120273,52013,38209,21970,55013,5081,24727,2024-10-19,
2024,all,other,10,129998,57240,41949,23612,58944,5493,27391,2024-10-26,
2024,all,other,9,136417,60787,44505,24653,61507,5752,29211,2024-10-26,
2024,all,other,8,152680,69807,50724,26809,68350,6797,33415,2024-10-26,
2024,all,other,7,168554,79016,57175,28857,74580,7942,37954,2024-10-26,
2024,all,other,6,184517,88485,63689,30988,80701,9139,42755,2024-10-26,
2024,all,other,5,199751,97900,70165,32972,86284,10330,47720,2024-10-26,
2024,all,other,4,222825,112568,80386,35775,94466,12198,55412,2024-10-26,
2024,all,other,3,244295,126999,90341,38361,101641,13952,63458,2024-11-02,
2024,all,other,2,244571,127192,90460,38459,101693,13959,63576,2024-11-02,
2024,all,other,1,245877,128108,91072,38929,101883,13993,64196,2024-11-02,
2024,all,other,0,248185,129703,92101,39746,102283,14055,65320,2024-11-05,
2024,all,undesignated,60,0,0,0,0,0,0,0,2024-08-31,
2024,all,undesignated,59,0,0,0,0,0,0,0,2024-09-07,
2024,all,undesignated,58,0,0,0,0,0,0,0,2024-09-07,
2024,all,undesignated,57,0,0,0,0,0,0,0,2024-09-07,
2024,all,undesignated,56,0,0,0,0,0,0,0,2024-09-07,
2024,all,undesignated,55,0,0,0,0,0,0,0,2024-09-07,
2024,all,undesignated,54,0,0,0,0,0,0,0,2024-09-07,
2024,all,undesignated,53,0,0,0,0,0,0,0,2024-09-07,
2024,all,undesignated,52,0,0,0,0,0,0,0,2024-09-14,
2024,all,undesignated,51,0,0,0,0,0,0,0,2024-09-14,
2024,all,undesignated,50,0,0,0,0,0,0,0,2024-09-14,
2024,all,undesignated,49,0,0,0,0,0,0,0,2024-09-14,
2024,all,undesignated,48,0,0,0,0,0,0,0,2024-09-14,
2024,all,undesignated,47,0,0,0,0,0,0,0,2024-09-14,
2024,all,undesignated,46,59,42,31,25,2,1,21,2024-09-14,
2024,all,undesignated,45,121,74,47,67,6,1,31,2024-09-21,
2024,all,undesignated,44,202,121,79,110,12,1,50,2024-09-21,
2024,all,undesignated,43,486,296,187,270,26,3,103,2024-09-21,
2024,all,undesignated,42,738,458,291,398,44,5,154,2024-09-21,
2024,all,undesignated,41,1112,714,464,575,67,6,247,2024-09-21,
2024,all,undesignated,40,1210,776,504,623,75,8,271,2024-09-21,
2024,all,undesignated,39,1361,870,566,696,90,9,301,2024-09-21,
2024,all,undesignated,38,1537,999,643,784,100,10,349,2024-09-28,
2024,all,undesignated,37,1591,1042,673,808,100,10,367,2024-09-28,
2024,all,undesignated,36,1901,1227,782,982,123,14,425,2024-09-28,
2024,all,undesignated,35,2119,1345,849,1115,137,18,453,2024-09-28,
2024,all,undesignated,34,2509,1548,978,1329,179,23,511,2024-09-28,
2024,all,undesignated,33,2949,1776,1107,1600,217,25,553,2024-09-28,
2024,all,undesignated,32,3409,2021,1262,1846,271,30,622,2024-09-28,
2024,all,undesignated,31,3544,2095,1311,1918,284,31,646,2024-10-05,
2024,all,undesignated,30,3601,2133,1341,1941,288,31,658,2024-10-05,
2024,all,undesignated,29,4307,2486,1544,2357,362,44,753,2024-10-05,
2024,all,undesignated,28,4726,2702,1668,2603,403,52,823,2024-10-05,
2024,all,undesignated,27,5245,2949,1811,2913,461,60,870,2024-10-05,
2024,all,undesignated,26,5701,3162,1949,3173,512,67,938,2024-10-05,
2024,all,undesignated,25,6333,3470,2158,3523,577,75,1023,2024-10-05,
2024,all,undesignated,24,6613,3613,2243,3676,614,80,1083,2024-10-12,
2024,all,undesignated,23,6695,3665,2272,3725,617,81,1106,2024-10-12,
2024,all,undesignated,22,7210,3974,2453,4004,663,90,1215,2024-10-12,
2024,all,undesignated,21,7778,4309,2654,4287,739,98,1322,2024-10-12,
2024,all,undesignated,20,8300,4599,2833,4560,799,108,1427,2024-10-12,
2024,all,undesignated,19,27963,12095,8214,7986,10914,849,4223,2024-10-12,
2024,all,undesignated,18,47693,20148,13887,11319,20847,1640,7565,2024-10-12,
2024,all,undesignated,17,59060,25095,17145,13218,26598,2099,9810,2024-10-19,
2024,all,undesignated,16,64720,27690,18969,14189,29299,2263,11099,2024-10-19,
2024,all,undesignated,15,85329,36490,24962,17696,39509,3162,14826,2024-10-19,
2024,all,undesignated,14,104903,45119,30899,20716,49172,4116,18472,2024-10-19,
2024,all,undesignated,13,124531,54583,37158,23610,58603,5160,22319,2024-10-19,
2024,all,undesignated,12,144464,64565,43745,26682,67755,6282,26711,2024-10-19,
2024,all,undesignated,11,166725,76293,51364,29589,78154,7618,31946,2024-10-19,
2024,all,undesignated,10,178436,82697,55452,31213,83518,8253,34969,2024-10-26,
2024,all,undesignated,9,185657,86696,58058,32245,86744,8610,37074,2024-10-26,
2024,all,undesignated,8,208515,99485,66273,35232,96828,10182,42785,2024-10-26,
2024,all,undesignated,7,230161,112165,74409,37852,106130,11770,48600,2024-10-26,
2024,all,undesignated,6,253261,126384,83558,40752,115413,13538,55390,2024-10-26,
2024,all,undesignated,5,276036,140830,92808,43552,124300,15376,62158,2024-10-26,
2024,all,undesignated,4,308483,162382,106374,47166,136820,18123,72158,2024-10-26,
2024,all,undesignated,3,337678,182783,119115,50143,147505,20915,81980,2024-11-02,
2024,all,undesignated,2,338200,183156,119338,50363,147575,20924,82170,2024-11-02,
2024,all,undesignated,1,340189,184567,120086,51187,147913,21003,82863,2024-11-02,
2024,all,undesignated,0,343901,187388,121753,52547,148472,21129,84250,2024-11-05,
2024,all,other_undesig,60,0,0,0,0,0,0,0,2024-08-31,1195790.0
2024,all,other_undesig,59,0,0,0,0,0,0,0,2024-09-07,1200522.0
2024,all,other_undesig,58,0,0,0,0,0,0,0,2024-09-07,1200522.0
2024,all,other_undesig,57,0,0,0,0,0,0,0,2024-09-07,1200522.0
2024,all,other_undesig,56,0,0,0,0,0,0,0,2024-09-07,1200522.0
2024,all,other_undesig,55,0,0,0,0,0,0,0,2024-09-07,1200522.0
2024,all,other_undesig,54,0,0,0,0,0,0,0,2024-09-07,1200522.0
2024,all,other_undesig,53,0,0,0,0,0,0,0,2024-09-07,1200522.0
2024,all,other_undesig,52,0,0,0,0,0,0,0,2024-09-14,1209736.0
2024,all,other_undesig,51,0,0,0,0,0,0,0,2024-09-14,1209736.0
2024,all,other_undesig,50,0,0,0,0,0,0,0,2024-09-14,1209736.0
2024,all,other_undesig,49,0,0,0,0,0,0,0,2024-09-14,1209736.0
2024,all,other_undesig,48,0,0,0,0,0,0,0,2024-09-14,1209736.0
2024,all,other_undesig,47,0,0,0,0,0,0,0,2024-09-14,1209736.0
2024,all,other_undesig,46,65,45,31,28,4,2,21,2024-09-14,1209736.0
2024,all,other_undesig,45,139,87,54,74,9,2,34,2024-09-21,1218806.0
2024,all,other_undesig,44,233,140,89,127,15,2,56,2024-09-21,1218806.0
2024,all,other_undesig,43,575,350,222,302,45,6,128,2024-09-21,1218806.0
2024,all,other_undesig,42,879,537,341,457,73,8,193,2024-09-21,1218806.0
2024,all,other_undesig,41,1340,828,537,679,113,11,302,2024-09-21,1218806.0
2024,all,other_undesig,40,1460,898,581,740,126,13,330,2024-09-21,1218806.0
2024,all,other_undesig,39,1663,1008,653,842,152,16,370,2024-09-21,1218806.0
2024,all,other_undesig,38,1872,1156,742,948,165,17,427,2024-09-28,1226738.0
2024,all,other_undesig,37,1940,1208,777,980,166,17,451,2024-09-28,1226738.0
2024,all,other_undesig,36,2381,1450,926,1219,208,28,533,2024-09-28,1226738.0
2024,all,other_undesig,35,2732,1616,1025,1433,240,34,577,2024-09-28,1226738.0
2024,all,other_undesig,34,3307,1892,1212,1746,308,41,669,2024-09-28,1226738.0
2024,all,other_undesig,33,4016,2223,1406,2179,382,49,747,2024-09-28,1226738.0
2024,all,other_undesig,32,4693,2570,1636,2535,464,58,849,2024-09-28,1226738.0
2024,all,other_undesig,31,4916,2681,1705,2665,487,59,887,2024-10-05,1236222.0
2024,all,other_undesig,30,4981,2720,1736,2692,493,60,903,2024-10-05,1236222.0
2024,all,other_undesig,29,6067,3236,2049,3312,630,76,1073,2024-10-05,1236222.0
2024,all,other_undesig,28,6732,3565,2253,3684,709,86,1189,2024-10-05,1236222.0
2024,all,other_undesig,27,7523,3915,2472,4152,799,100,1280,2024-10-05,1236222.0
2024,all,other_undesig,26,8199,4235,2691,4514,884,110,1388,2024-10-05,1236222.0
2024,all,other_undesig,25,9241,4719,3015,5098,1004,124,1546,2024-10-05,1236222.0
2024,all,other_undesig,24,9710,4942,3153,5352,1071,134,1652,2024-10-12,1247839.0
2024,all,other_undesig,23,9811,5002,3187,5410,1079,135,1681,2024-10-12,1247839.0
2024,all,other_undesig,22,10530,5417,3448,5776,1157,149,1843,2024-10-12,1247839.0
2024,all,other_undesig,21,11343,5900,3761,6156,1266,160,2015,2024-10-12,1247839.0
2024,all,other_undesig,20,12059,6288,4013,6520,1354,172,2183,2024-10-12,1247839.0
2024,all,other_undesig,19,47309,19332,13695,12751,19405,1458,7424,2024-10-12,1247839.0
2024,all,other_undesig,18,82258,33436,24047,18731,36687,2793,13700,2024-10-12,1247839.0
2024,all,other_undesig,17,103320,42498,30464,22494,46824,3538,18078,2024-10-19,1264991.0
2024,all,other_undesig,16,114219,47341,33995,24457,51916,3851,20554,2024-10-19,1264991.0
2024,all,other_undesig,15,149405,62222,44438,30430,69196,5341,26980,2024-10-19,1264991.0
2024,all,other_undesig,14,182060,76409,54432,35642,85105,6881,33219,2024-10-19,1264991.0
2024,all,other_undesig,13,214974,91937,64934,40739,100692,8609,39800,2024-10-19,1264991.0
2024,all,other_undesig,12,248755,108525,76211,46251,115794,10499,47442,2024-10-19,1264991.0
2024,all,other_undesig,11,286998,128306,89573,51559,133167,12699,56673,2024-10-19,1264991.0
2024,all,other_undesig,10,308434,139937,97401,54825,142462,13746,62360,2024-10-26,1276886.0
2024,all,other_undesig,9,322074,147483,102563,56898,148251,14362,66285,2024-10-26,1276886.0
2024,all,other_undesig,8,361195,169292,116997,62041,165178,16979,76200,2024-10-26,1276886.0
2024,all,other_undesig,7,398715,191181,131584,66709,180710,19712,86554,2024-10-26,1276886.0
2024,all,other_undesig,6,437778,214869,147247,71740,196114,22677,98145,2024-10-26,1276886.0
2024,all,other_undesig,5,475787,238730,162973,76524,210584,25706,109878,2024-10-26,1276886.0
2024,all,other_undesig,4,531308,274950,186760,82941,231286,30321,127570,2024-10-26,1276886.0
2024,all,other_undesig,3,581973,309782,209456,88504,249146,34867,145438,2024-11-02,1292680.0
2024,all,other_undesig,2,582771,310348,209798,88822,249268,34883,145746,2024-11-02,1292680.0
2024,all,other_undesig,1,586066,312675,211158,90116,249796,34996,147059,2024-11-02,1292680.0
2024,all,other_undesig,0,592086,317091,213854,92293,250755,35184,149570,2024-11-05,1301808.0
2024,all,hispanic,60,0,0,0,0,0,0,0,2024-08-31,310679.0
2024,all,hispanic,59,0,0,0,0,0,0,0,2024-09-07,311586.0
2024,all,hispanic,58,0,0,0,0,0,0,0,2024-09-07,311586.0
2024,all,hispanic,57,0,0,0,0,0,0,0,2024-09-07,311586.0
2024,all,hispanic,56,0,0,0,0,0,0,0,2024-09-07,311586.0
2024,all,hispanic,55,0,0,0,0,0,0,0,2024-09-07,311586.0
2024,all,hispanic,54,0,0,0,0,0,0,0,2024-09-07,311586.0
2024,all,hispanic,53,0,0,0,0,0,0,0,2024-09-07,311586.0
2024,all,hispanic,52,0,0,0,0,0,0,0,2024-09-14,313117.0
2024,all,hispanic,51,0,0,0,0,0,0,0,2024-09-14,313117.0
2024,all,hispanic,50,0,0,0,0,0,0,0,2024-09-14,313117.0
2024,all,hispanic,49,0,0,0,0,0,0,0,2024-09-14,313117.0
2024,all,hispanic,48,0,0,0,0,0,0,0,2024-09-14,313117.0
2024,all,hispanic,47,0,0,0,0,0,0,0,2024-09-14,313117.0
2024,all,hispanic,46,5,3,1,1,2,1,0,2024-09-14,313117.0
2024,all,hispanic,45,10,8,4,2,3,1,2,2024-09-21,314537.0
2024,all,hispanic,44,16,12,7,4,4,1,5,2024-09-21,314537.0
2024,all,hispanic,43,46,31,22,11,12,1,15,2024-09-21,314537.0
2024,all,hispanic,42,66,37,26,20,19,1,23,2024-09-21,314537.0
2024,all,hispanic,41,92,52,35,31,24,2,28,2024-09-21,314537.0
2024,all,hispanic,40,100,53,36,35,27,2,28,2024-09-21,314537.0
2024,all,hispanic,39,117,62,42,42,30,3,28,2024-09-21,314537.0
2024,all,hispanic,38,133,73,48,49,33,3,33,2024-09-28,315854.0
2024,all,hispanic,37,136,75,49,51,33,3,35,2024-09-28,315854.0
2024,all,hispanic,36,193,109,73,72,43,5,42,2024-09-28,315854.0
2024,all,hispanic,35,235,127,86,96,46,7,46,2024-09-28,315854.0
2024,all,hispanic,34,304,165,116,127,53,8,59,2024-09-28,315854.0
2024,all,hispanic,33,401,209,150,178,63,10,71,2024-09-28,315854.0
2024,all,hispanic,32,505,258,188,228,76,13,80,2024-09-28,315854.0
2024,all,hispanic,31,539,272,198,248,79,14,87,2024-10-05,317439.0
2024,all,hispanic,30,543,274,200,250,79,14,89,2024-10-05,317439.0
2024,all,hispanic,29,674,326,239,324,96,15,116,2024-10-05,317439.0
2024,all,hispanic,28,755,368,270,362,104,19,128,2024-10-05,317439.0
2024,all,hispanic,27,849,407,301,408,121,19,145,2024-10-05,317439.0
2024,all,hispanic,26,950,454,341,455,133,21,160,2024-10-05,317439.0
2024,all,hispanic,25,1080,524,401,507,146,26,185,2024-10-05,317439.0
2024,all,hispanic,24,1153,559,420,543,163,27,198,2024-10-12,319557.0
2024,all,hispanic,23,1159,564,423,545,164,27,200,2024-10-12,319557.0
2024,all,hispanic,22,1262,623,466,590,178,28,233,2024-10-12,319557.0
2024,all,hispanic,21,1376,687,512,643,193,28,265,2024-10-12,319557.0
2024,all,hispanic,20,1468,736,541,689,207,31,289,2024-10-12,319557.0
2024,all,hispanic,19,8743,3909,3066,1743,3655,279,1797,2024-10-12,319557.0
2024,all,hispanic,18,16010,7191,5661,2779,7034,536,3502,2024-10-12,319557.0
2024,all,hispanic,17,20940,9480,7415,3445,9380,700,4667,2024-10-19,322250.0
2024,all,hispanic,16,23442,10662,8338,3781,10547,776,5278,2024-10-19,322250.0
2024,all,hispanic,15,30266,13984,10902,4735,13592,1037,6968,2024-10-19,322250.0
2024,all,hispanic,14,36606,17085,13281,5550,16465,1310,8621,2024-10-19,322250.0
2024,all,hispanic,13,43176,20513,15845,6379,19317,1635,10420,2024-10-19,322250.0
2024,all,hispanic,12,50110,24404,18719,7154,22214,2023,12512,2024-10-19,322250.0
2024,all,hispanic,11,58432,29201,22272,8056,25662,2442,15145,2024-10-19,322250.0
2024,all,hispanic,10,63596,32121,24434,8639,27813,2710,16741,2024-10-26,323678.0
2024,all,hispanic,9,66710,33969,25824,8975,29046,2865,17750,2024-10-26,323678.0
2024,all,hispanic,8,75213,39239,29591,9828,32364,3430,20647,2024-10-26,323678.0
2024,all,hispanic,7,83922,44869,33690,10625,35527,4080,23913,2024-10-26,323678.0
2024,all,hispanic,6,92848,50779,37886,11440,38745,4777,27397,2024-10-26,323678.0
2024,all,hispanic,5,101481,56680,42115,12212,41722,5432,31002,2024-10-26,323678.0
2024,all,hispanic,4,115035,66165,48898,13273,46345,6519,36639,2024-10-26,323678.0
2024,all,hispanic,3,128237,75542,55380,14357,50805,7695,42461,2024-11-02,325949.0
2024,all,hispanic,2,128343,75615,55433,14384,50828,7698,42507,2024-11-02,325949.0
2024,all,hispanic,1,128849,75982,55689,14533,50917,7710,42781,2024-11-02,325949.0
2024,all,hispanic,0,129792,76679,56166,14787,51083,7756,43251,2024-11-05,327297.0
2024,all,eth_designated,60,0,0,0,0,0,0,0,2024-08-31,
2024,all,eth_designated,59,0,0,0,0,0,0,0,2024-09-07,
2024,all,eth_designated,58,0,0,0,0,0,0,0,2024-09-07,
2024,all,eth_designated,57,0,0,0,0,0,0,0,2024-09-07,
2024,all,eth_designated,56,0,0,0,0,0,0,0,2024-09-07,
2024,all,eth_designated,55,0,0,0,0,0,0,0,2024-09-07,
2024,all,eth_designated,54,0,0,0,0,0,0,0,2024-09-07,
2024,all,eth_designated,53,0,0,0,0,0,0,0,2024-09-07,
2024,all,eth_designated,52,0,0,0,0,0,0,0,2024-09-14,
2024,all,eth_designated,51,0,0,0,0,0,0,0,2024-09-14,
2024,all,eth_designated,50,0,0,0,0,0,0,0,2024-09-14,
2024,all,eth_designated,49,0,0,0,0,0,0,0,2024-09-14,
2024,all,eth_designated,48,0,0,0,0,0,0,0,2024-09-14,
2024,all,eth_designated,47,0,0,0,0,0,0,0,2024-09-14,
2024,all,eth_designated,46,64,23,9,40,13,2,7,2024-09-14,
2024,all,eth_designated,45,175,59,29,118,25,3,28,2024-09-21,
2024,all,eth_designated,44,286,105,58,182,42,4,62,2024-09-21,
2024,all,eth_designated,43,762,301,175,450,119,18,154,2024-09-21,
2024,all,eth_designated,42,1161,447,262,689,186,24,239,2024-09-21,
2024,all,eth_designated,41,1739,654,376,1029,304,30,341,2024-09-21,
2024,all,eth_designated,40,2006,724,417,1198,354,37,366,2024-09-21,
2024,all,eth_designated,39,2392,859,510,1412,428,42,415,2024-09-21,
2024,all,eth_designated,38,2676,959,574,1578,477,47,475,2024-09-28,
2024,all,eth_designated,37,2760,993,592,1621,499,48,499,2024-09-28,
2024,all,eth_designated,36,4546,1445,910,2755,800,81,642,2024-09-28,
2024,all,eth_designated,35,6084,1779,1112,3816,1048,108,729,2024-09-28,
2024,all,eth_designated,34,8557,2408,1534,5456,1409,158,919,2024-09-28,
2024,all,eth_designated,33,11952,3270,2076,7710,1936,230,1143,2024-09-28,
2024,all,eth_designated,32,14914,4075,2551,9632,2435,296,1355,2024-09-28,
2024,all,eth_designated,31,15806,4311,2705,10221,2566,314,1431,2024-10-05,
2024,all,eth_designated,30,15930,4349,2726,10295,2592,317,1451,2024-10-05,
2024,all,eth_designated,29,20920,5701,3593,13402,3481,444,1860,2024-10-05,
2024,all,eth_designated,28,24342,6638,4186,15579,4052,525,2147,2024-10-05,
2024,all,eth_designated,27,28185,7721,4846,18058,4658,623,2455,2024-10-05,
2024,all,eth_designated,26,31777,8844,5548,20264,5248,717,2739,2024-10-05,
2024,all,eth_designated,25,36724,10368,6502,23332,6070,820,3208,2024-10-05,
2024,all,eth_designated,24,38824,11025,6908,24602,6457,857,3472,2024-10-12,
2024,all,eth_designated,23,39026,11114,6952,24724,6489,861,3503,2024-10-12,
2024,all,eth_designated,22,42040,12095,7601,26414,7099,926,3884,2024-10-12,
2024,all,eth_designated,21,45677,13342,8396,28456,7795,1030,4388,2024-10-12,
2024,all,eth_designated,20,48857,14453,9105,30200,8423,1129,4790,2024-10-12,
2024,all,eth_designated,19,327671,58213,40226,77270,198337,11838,20921,2024-10-12,
2024,all,eth_designated,18,591102,103812,71888,119708,376393,23113,40759,2024-10-12,
2024,all,eth_designated,17,719492,130652,90228,139034,461752,28478,54818,2024-10-19,
2024,all,eth_designated,16,776128,143274,99126,148746,497832,30424,61773,2024-10-19,
2024,all,eth_designated,15,1040545,190583,130281,189837,677168,43259,81469,2024-10-19,
2024,all,eth_designated,14,1284166,235739,159508,226950,841195,56513,100412,2024-10-19,
2024,all,eth_designated,13,1508153,282741,188977,260298,988324,70554,120044,2024-10-19,
2024,all,eth_designated,12,1720825,332138,219572,291964,1123803,85486,141665,2024-10-19,
2024,all,eth_designated,11,1936441,389800,255024,319917,1259406,102094,168979,2024-10-19,
2024,all,eth_designated,10,2040008,421551,274672,333143,1322879,109314,185995,2024-10-26,
2024,all,eth_designated,9,2096813,439287,286007,340927,1356838,113041,196406,2024-10-26,
2024,all,eth_designated,8,2302221,499369,322305,366766,1481351,131799,223805,2024-10-26,
2024,all,eth_designated,7,2491255,558673,358232,389850,1592478,150695,250999,2024-10-26,
2024,all,eth_designated,6,2671669,621718,395870,412019,1693863,169917,280336,2024-10-26,
2024,all,eth_designated,5,2838639,684330,432882,432120,1784752,188885,309222,2024-10-26,
2024,all,eth_designated,4,3060548,776514,486852,455560,1901709,216427,352720,2024-10-26,
2024,all,eth_designated,3,3236035,860567,535251,472817,1987947,240020,395381,2024-11-02,
2024,all,eth_designated,2,3238180,861826,536000,473650,1988415,240115,396119,2024-11-02,
2024,all,eth_designated,1,3248117,867350,539400,477386,1990712,240619,399625,2024-11-02,
2024,all,eth_designated,0,3263038,876497,544842,482527,1994183,241486,405513,2024-11-05,
